71 80 65 71 67 75 70 69 71 85 76 71 80 71 68 62 76 76 80 67 71 70 59 76 67 73 66 83 78 73 78 77 68 77 67 68 59 68 71 61 76 65 71 72 76 81 59 72 72 70 73 70 64 70 71 68 75 67 69 68 75 73 72 78 70 69 69 71 73 83 68 67 69 73 77 80 74 75 78 83 78 72 77 61 64 65 74 68 64 60 70 73 75 64 76 71 74 68 76 67 70 71 76 67 75 69 78 70 71 79 73 75 73 68 72 83 80 77 68 77 72 76 64 69 73 65 71 67 73 70 79 72 75 76 80 75 60 69 81 70 73 73 64 71 69 73 74 65 75 63 78 74 57 82 63 73 69 75 80 61 75 75 79 70 70 70 71 61 64 64 75 64 69 72 68 69 69 72 60 69 77 63 75 60 68 66 63 72 72 53 78 78 55 74 75 82 72 76 70 74 61 65 74 65 63 64 63 74 74 64 69 66 66 62 80 78 64 66 72 75 61 82 76 77 74 73 71 60 73 75 68 67 78 70 60 63 72 77 73 71 76 60 79 73 72 71 69 71 64 78 69 70 69 84 75 68 
71 76 70 65 65 67 57 69 72 79 71 78 76 68 66 64 63 71 82 70 67 75 54 68 67 78 69 73 75 72 70 59 70 75 68 72 64 73 75 63 74 64 70 74 75 71 65 73 70 84 70 58 74 63 75 72 74 68 70 68 81 78 67 70 61 73 72 71 68 74 62 79 70 70 76 82 68 74 68 70 81 73 73 60 69 68 66 73 62 56 74 70 63 70 70 64 80 65 78 63 80 68 78 68 68 61 70 75 66 75 70 63 75 70 62 78 79 71 64 67 68 65 70 71 70 60 75 78 70 73 79 66 68 74 64 66 66 69 77 71 65 69 69 65 68 73 69 70 68 70 68 76 69 75 68 70 70 69 71 70 70 73 72 63 66 72 76 63 69 64 74 65 67 61 79 74 63 69 71 71 76 65 71 69 69 67 65 65 62 59 72 70 66 75 66 78 71 74 66 64 63 68 73 72 58 63 73 72 68 71 69 70 74 74 70 64 68 60 62 70 64 75 72 72 74 66 70 60 69 70 69 71 72 63 57 66 63 74 64 66 68 65 67 72 83 63 72 64 69 70 64 78 70 82 68 73 
58 66 63 59 64 61 49 59 62 67 60 54 64 64 58 54 56 65 71 66 60 53 53 62 60 75 60 66 63 62 52 66 60 64 60 63 58 56 62 47 69 62 70 64 65 69 53 53 51 65 59 58 52 66 64 56 71 64 57 53 70 66 63 59 56 62 51 59 60 66 58 53 57 61 64 66 67 64 58 67 62 56 68 57 63 56 65 65 58 44 59 67 54 52 68 49 68 60 62 62 65 62 56 61 55 52 70 60 70 66 65 60 64 61 59 66 68 63 54 69 54 55 57 61 67 54 67 57 62 61 67 65 63 71 61 64 55 60 70 61 64 63 50 69 63 62 66 57 55 54 63 63 54 62 57 53 55 65 63 58 62 68 67 55 55 51 61 55 58 58 57 49 63 61 58 56 51 59 55 54 66 52 60 55 62 60 53 61 59 55 66 63 56 67 58 68 65 56 55 60 53 57 68 61 54 54 62 54 57 59 60 54 61 59 56 65 52 54 56 55 53 71 63 55 56 61 61 48 65 63 62 66 61 59 56 60 60 60 63 66 65 49 62 59 63 53 58 48 53 66 65 61 58 70 61 61 
76 80 63 72 66 74 66 77 75 80 76 82 74 74 69 72 71 69 83 71 73 71 68 76 68 77 57 78 71 71 68 73 71 74 77 76 58 66 69 66 77 67 73 78 72 75 66 61 64 81 64 63 69 71 65 71 75 71 61 62 80 80 62 66 63 67 72 67 72 82 59 74 67 71 75 77 74 77 71 76 75 69 75 65 74 68 77 70 68 61 82 74 68 60 71 62 77 66 79 69 73 65 68 69 73 58 74 71 72 66 71 70 72 80 67 79 77 69 70 75 80 69 62 77 80 61 68 72 77 73 69 66 69 71 67 69 66 70 72 70 62 65 60 75 69 75 67 66 73 59 71 76 66 78 72 70 66 66 73 61 67 69 79 73 61 73 67 59 62 69 79 63 72 75 70 74 62 74 56 63 69 68 69 62 70 66 63 74 73 62 72 71 61 74 67 83 68 67 69 70 67 65 76 73 61 67 67 72 69 68 73 66 77 62 74 67 68 59 65 71 66 76 71 79 71 71 62 65 79 68 75 70 76 65 59 65 75 76 69 77 71 58 86 70 76 55 68 70 65 76 69 70 75 83 69 84 
68 68 56 68 64 68 52 70 66 73 72 64 61 67 59 61 61 71 75 66 66 73 48 66 61 66 53 72 75 67 62 62 67 72 66 67 58 60 62 60 69 59 64 71 65 75 61 65 61 66 57 68 62 67 66 68 63 55 59 65 60 71 57 66 55 65 55 66 66 72 57 68 62 68 71 70 67 70 68 66 67 71 68 65 59 65 69 70 64 62 63 67 66 55 69 60 68 61 73 61 68 65 66 61 68 59 65 72 64 71 68 58 62 72 71 76 73 60 59 69 61 62 66 62 70 58 73 60 63 63 67 69 64 67 64 71 65 60 74 69 64 64 59 70 66 73 65 60 72 68 65 71 56 73 63 66 63 64 65 58 70 72 69 66 63 57 61 58 57 59 81 58 62 65 73 65 57 72 51 62 72 57 60 52 63 56 58 68 70 53 69 62 67 60 68 70 69 60 63 65 56 53 61 63 63 58 67 57 67 65 59 57 76 61 65 68 61 52 68 71 61 71 68 65 67 64 60 56 74 63 64 69 67 56 56 66 64 69 66 69 66 56 68 68 60 60 69 64 62 66 65 64 60 78 65 70 
66 68 64 76 60 58 62 71 63 70 74 71 62 58 66 63 68 60 68 67 67 74 54 61 63 66 59 70 68 70 63 56 71 66 65 65 52 67 68 62 70 60 63 62 67 66 66 62 68 75 59 55 64 64 62 65 70 63 56 62 75 68 67 62 54 65 64 73 66 68 53 63 64 62 68 70 70 74 63 76 73 60 68 65 66 61 69 67 60 51 75 70 63 63 67 67 59 61 67 60 75 71 64 66 57 61 72 73 59 64 64 67 68 68 67 71 64 63 62 71 64 60 64 67 66 66 72 70 60 62 66 66 66 57 64 57 63 68 77 67 55 62 60 70 60 68 59 61 72 64 66 72 61 63 65 67 60 60 70 51 68 67 67 65 70 69 62 54 63 61 70 62 62 66 70 68 67 70 54 60 70 63 70 60 62 66 63 75 67 59 66 65 58 64 63 69 67 67 57 58 57 69 71 64 61 61 64 59 68 63 63 68 64 65 68 59 56 55 66 67 67 68 73 70 64 61 62 55 65 69 63 74 59 73 58 66 57 74 62 64 64 62 70 67 71 59 69 61 68 72 71 66 62 73 62 70 
69 56 58 59 63 66 60 61 69 68 66 66 56 59 54 53 62 68 68 62 62 62 61 63 55 66 61 67 66 63 59 65 60 59 64 64 54 66 66 55 67 61 69 60 70 64 59 63 58 65 56 56 46 66 63 56 68 58 60 56 59 64 63 66 51 59 53 61 58 64 57 61 65 61 66 64 59 61 51 69 59 66 65 57 59 57 68 64 58 48 65 63 63 57 69 51 62 67 69 58 67 58 62 59 64 54 72 60 58 61 64 64 61 65 56 74 70 62 59 63 66 57 53 56 67 64 69 61 67 63 67 68 66 63 62 68 59 54 69 58 57 59 54 65 56 65 65 57 61 70 56 66 49 61 56 60 60 62 62 57 59 63 69 59 54 60 67 57 69 59 64 55 59 65 66 55 60 71 56 51 68 58 63 58 62 64 50 57 63 50 61 64 53 67 59 69 69 62 58 62 54 61 66 67 53 49 59 59 65 64 63 58 60 57 56 57 58 52 63 74 62 72 70 57 61 54 61 46 71 62 66 58 62 56 51 64 58 67 63 59 67 49 60 74 61 59 62 52 53 64 59 56 62 72 63 62 
64 66 61 64 60 62 52 63 67 72 59 68 64 58 62 62 56 63 69 65 59 58 55 64 59 66 60 71 67 64 60 59 63 67 61 70 53 59 61 55 68 63 66 68 69 69 61 62 57 69 60 64 63 67 66 69 67 63 65 58 68 65 56 66 53 62 65 66 66 68 59 70 57 63 67 62 58 66 61 74 69 69 61 60 55 58 67 68 62 48 63 68 59 51 61 65 66 65 69 63 65 62 60 61 62 54 71 66 66 62 60 63 54 54 62 69 77 59 57 69 62 65 61 59 66 61 62 62 72 57 64 66 62 62 62 61 62 64 64 60 58 61 53 61 60 65 61 65 61 59 60 68 56 64 55 52 58 64 58 57 56 60 74 59 60 55 71 60 56 59 62 59 62 59 66 61 60 64 49 60 70 54 65 59 65 60 60 63 71 52 60 64 54 66 62 70 64 58 60 57 51 57 63 68 59 49 59 57 74 57 64 58 74 60 66 58 57 56 59 67 63 67 70 65 67 63 65 58 73 67 57 67 64 55 56 60 54 66 64 61 61 61 62 70 64 54 57 61 58 67 58 65 63 76 70 60 
66 67 53 68 69 70 60 62 66 66 61 69 58 58 61 66 55 65 64 57 68 67 61 66 57 62 57 69 70 62 65 64 70 72 58 66 51 58 60 56 69 65 66 70 67 73 70 66 65 67 61 62 58 65 65 61 67 66 59 62 64 73 65 67 53 66 61 64 61 67 66 66 59 58 66 63 62 67 56 70 62 65 62 55 63 58 68 72 57 54 58 71 62 55 64 61 65 66 71 69 63 61 63 56 60 66 69 68 65 67 70 65 63 59 56 73 66 62 60 68 68 61 61 54 65 54 70 54 66 61 65 61 61 55 59 65 58 65 66 62 61 62 54 60 58 67 63 65 68 64 66 62 54 65 52 64 58 73 70 54 67 67 70 70 61 68 63 54 58 58 66 59 64 61 56 57 58 72 54 59 67 53 63 54 64 58 62 69 64 56 63 66 59 72 64 69 64 70 65 68 57 57 59 64 52 59 64 57 69 61 70 57 64 57 65 54 55 52 56 71 63 65 62 67 60 59 62 56 68 64 64 64 63 67 64 62 61 73 56 64 62 57 69 67 67 63 66 60 51 61 60 68 72 68 59 70 
63 58 58 55 54 71 52 58 58 63 69 62 57 52 56 54 54 62 63 60 57 52 51 71 56 61 53 61 67 58 53 56 61 60 57 63 50 59 57 52 59 53 58 61 63 68 56 58 58 63 57 61 54 59 56 53 70 55 54 56 61 61 58 71 52 59 56 58 61 67 53 67 51 54 57 60 58 61 48 63 61 66 62 59 51 60 61 64 55 45 63 64 55 52 66 57 58 58 62 54 64 56 64 58 64 49 64 57 56 61 55 56 60 60 61 66 61 54 50 59 62 57 55 58 61 52 59 57 58 54 59 68 59 64 59 57 52 53 65 61 49 57 51 61 56 64 56 51 63 53 56 56 53 66 61 50 56 60 61 54 61 54 60 52 59 53 63 58 51 55 61 53 58 66 62 62 59 64 50 47 65 57 63 47 54 56 49 61 58 46 67 62 51 59 64 62 51 68 56 51 54 64 60 60 55 56 57 52 64 55 58 53 58 56 63 57 53 53 55 58 51 61 56 60 63 60 62 49 57 62 58 53 66 57 54 50 56 60 56 56 60 55 56 60 69 51 59 51 53 66 58 56 55 67 57 56 
61 69 57 62 56 71 52 60 65 74 63 64 51 62 59 58 61 62 61 62 64 57 58 64 67 66 48 67 70 50 58 69 58 63 65 63 55 57 55 55 71 64 67 66 61 61 62 58 59 70 59 54 55 64 58 62 66 57 65 59 69 67 59 62 57 53 59 58 69 71 56 59 62 60 71 65 53 66 52 69 70 58 72 59 55 57 73 67 58 52 62 64 59 49 65 54 68 54 71 59 55 60 62 61 67 53 70 58 61 65 65 63 69 69 59 80 69 59 63 67 65 60 63 61 62 58 71 60 66 64 58 59 63 58 58 58 60 57 62 69 62 64 56 61 62 71 65 57 62 54 58 74 49 65 55 55 58 64 63 63 65 66 65 65 52 68 67 52 57 60 60 52 67 62 57 62 55 66 48 56 63 57 60 62 59 59 61 61 65 49 68 64 54 64 63 62 62 56 56 59 52 55 58 66 56 57 68 66 64 55 62 59 63 54 61 56 53 58 60 61 59 67 64 69 53 58 57 56 65 55 58 55 57 64 56 58 59 67 66 64 60 50 65 62 61 60 72 53 63 65 63 66 61 72 56 63 
71 71 77 76 63 71 65 76 70 80 68 65 65 69 71 69 63 75 77 73 72 68 55 68 70 77 60 73 73 73 70 62 68 70 70 66 61 64 69 64 76 68 71 70 83 76 65 66 64 75 63 68 67 80 69 68 75 71 76 64 75 76 65 76 61 65 72 69 66 77 64 73 65 67 69 68 70 65 67 70 78 69 72 63 64 69 73 69 61 61 65 69 69 64 73 62 71 69 72 66 76 73 77 70 62 65 71 69 65 76 76 71 72 72 68 81 74 72 63 71 66 67 58 75 70 66 74 69 71 68 73 66 66 77 73 73 61 58 83 76 65 68 60 69 70 82 70 75 78 66 70 69 56 68 76 70 65 59 64 61 68 75 74 69 72 67 71 65 67 62 70 61 69 66 66 64 60 67 65 65 80 69 71 62 69 77 69 66 64 66 68 66 64 83 65 73 71 76 68 67 60 62 71 72 58 65 74 68 73 58 69 66 69 55 67 76 67 65 64 65 67 75 78 74 75 63 59 59 71 68 66 77 65 67 58 68 71 73 67 74 69 64 73 78 68 62 73 62 72 74 75 74 68 75 69 69 
55 66 59 62 58 63 51 62 69 64 68 64 62 66 56 52 58 64 61 61 66 57 59 69 56 71 52 67 73 67 62 68 59 64 64 61 56 64 60 61 64 54 69 62 72 60 55 64 60 62 64 56 61 66 69 57 67 60 60 60 65 68 59 57 55 58 56 65 61 69 53 62 57 63 66 70 63 60 54 69 62 68 60 60 63 56 62 64 49 48 68 69 54 56 70 60 64 60 64 52 65 60 67 62 62 59 71 64 57 65 72 53 63 66 52 76 61 66 63 67 67 62 57 65 64 48 66 64 67 58 67 66 66 66 55 69 59 62 71 61 54 60 57 67 57 64 67 50 62 62 63 68 56 73 57 69 59 60 70 54 65 69 64 60 67 68 62 53 66 58 63 58 59 59 63 61 62 65 49 58 69 51 57 59 68 66 48 63 57 52 67 66 60 67 66 67 64 63 57 64 55 54 61 60 48 54 60 49 72 55 63 51 55 55 59 57 50 53 53 66 51 65 66 68 62 56 60 50 71 61 60 61 69 61 59 63 59 67 55 62 64 54 67 65 72 52 63 53 58 63 69 67 61 65 65 67 
64 66 63 69 61 69 57 65 63 70 69 67 63 66 63 57 63 61 69 62 66 58 57 58 58 76 45 64 77 63 59 59 61 76 60 60 56 51 59 60 69 55 63 69 71 69 64 64 59 69 63 55 54 64 67 59 72 60 61 57 70 66 59 72 62 55 64 66 68 70 54 67 58 68 66 69 59 67 59 69 71 60 69 63 61 60 61 61 66 45 62 65 59 55 65 58 66 58 60 60 67 64 59 62 61 54 62 61 69 60 68 58 66 67 54 65 69 63 59 69 67 57 62 68 69 52 66 67 60 56 67 70 62 62 65 63 58 56 66 63 63 59 53 66 50 65 62 59 64 61 58 58 60 68 60 60 60 57 67 59 64 63 60 68 63 53 72 53 61 59 64 58 68 63 65 59 54 53 55 58 66 56 64 57 57 60 67 63 55 54 67 69 56 65 62 72 60 67 59 61 48 55 71 63 56 55 61 62 65 63 61 52 59 59 65 57 57 54 63 62 55 73 61 64 55 66 59 57 60 64 57 63 61 65 59 64 60 65 51 63 63 48 67 62 69 57 61 50 60 67 64 64 61 71 58 67 
56 61 51 57 52 58 47 68 59 63 63 71 57 60 52 56 57 58 59 57 57 55 51 57 64 68 49 68 65 55 64 59 55 68 55 60 46 58 49 50 56 50 62 54 63 54 54 57 55 61 56 53 54 61 51 54 68 54 50 54 59 51 46 55 48 56 58 58 67 59 44 54 50 58 55 57 59 54 55 68 61 59 54 49 60 49 66 66 58 53 54 55 50 49 54 57 59 53 59 53 58 62 59 52 50 52 64 56 58 59 65 51 58 55 53 69 66 56 55 68 64 52 49 60 55 43 55 61 53 49 55 57 45 62 58 60 56 64 63 59 46 51 43 58 52 61 58 56 62 61 61 60 52 62 53 58 56 54 58 52 59 60 57 65 58 58 55 46 58 57 58 54 56 58 60 56 53 66 45 47 62 52 58 50 58 53 50 63 61 49 58 58 47 67 50 59 56 57 50 61 46 49 60 63 46 51 63 51 64 52 59 52 63 53 55 51 56 50 58 57 54 65 57 59 57 58 48 50 59 51 51 58 56 45 49 52 59 65 53 59 57 41 63 62 66 49 59 54 47 60 59 50 56 65 56 59 
59 51 46 55 51 57 45 55 56 63 52 55 47 54 51 49 57 53 60 57 53 54 47 53 48 54 50 54 52 57 45 58 59 50 54 52 43 44 53 47 59 48 55 48 60 58 55 57 50 58 49 49 52 62 48 54 62 50 46 45 55 55 48 54 50 42 52 58 56 58 45 50 48 49 55 60 50 49 49 58 64 55 51 52 49 44 57 53 50 47 52 59 55 48 56 51 56 50 52 48 56 54 46 51 49 46 54 50 52 54 59 53 50 48 50 57 58 54 46 61 49 48 46 53 53 44 59 53 49 48 61 53 53 57 53 55 50 52 51 49 48 50 48 61 48 55 57 47 51 49 46 60 45 51 55 45 43 53 56 51 48 50 51 53 44 44 56 50 54 52 46 50 52 49 54 49 48 55 50 50 55 45 52 48 51 61 51 54 56 41 54 52 53 55 52 54 50 53 46 54 41 47 56 61 50 40 57 52 58 44 50 45 46 54 51 49 44 42 49 54 45 61 62 57 50 56 52 44 49 52 43 60 47 45 51 57 52 58 56 46 53 44 56 58 55 45 60 51 50 56 51 55 48 62 51 57 
70 70 58 62 61 61 59 68 66 63 66 68 59 65 58 61 65 64 65 62 68 64 48 64 56 68 54 64 71 65 61 52 71 72 55 70 53 62 68 63 68 61 67 64 64 64 54 58 56 68 58 55 60 59 70 58 67 67 64 59 72 70 55 68 58 68 61 67 66 70 54 68 63 69 63 71 71 64 66 70 68 61 67 56 69 62 67 63 64 51 63 65 58 57 63 59 60 68 67 50 66 63 68 63 70 61 66 69 74 71 64 51 62 68 65 75 72 55 58 71 68 59 65 65 70 58 69 67 64 71 59 64 59 65 60 66 60 61 78 65 54 61 51 62 57 73 76 58 63 59 65 63 56 70 63 67 55 53 69 50 65 60 72 65 63 65 69 57 58 60 62 55 60 61 64 59 59 64 50 55 68 60 66 55 59 65 62 65 58 57 69 67 54 65 61 65 66 72 52 66 47 61 64 64 59 56 59 56 71 64 61 58 69 62 69 72 55 55 58 59 63 62 61 71 62 60 65 56 64 64 57 61 62 69 57 60 57 69 55 62 73 64 59 67 64 56 66 58 59 65 58 69 65 78 62 67 
69 71 68 61 68 67 59 69 68 69 63 68 67 60 60 60 70 56 72 71 65 69 56 70 60 70 52 71 72 69 66 59 70 73 67 68 54 67 61 50 68 68 65 63 66 73 65 65 68 59 61 59 60 60 67 65 66 59 57 68 78 62 56 64 60 61 67 62 71 71 57 67 62 66 65 68 65 77 64 77 74 65 68 63 68 53 70 71 64 55 74 66 72 55 67 58 67 64 67 63 70 75 71 66 59 62 72 65 71 72 65 70 69 70 55 76 67 60 66 66 71 62 65 64 72 60 76 68 67 67 67 60 63 71 65 60 69 61 72 71 60 62 69 64 70 72 66 66 67 63 65 69 64 65 67 70 61 65 70 54 60 69 72 63 63 65 62 63 61 64 69 63 61 62 63 72 60 66 55 52 74 67 67 55 62 65 67 68 60 55 75 66 51 60 63 71 69 69 61 52 63 67 68 64 61 61 60 58 65 66 64 68 71 65 69 64 61 57 66 62 63 71 69 68 70 63 66 56 66 65 63 68 65 56 56 71 62 76 60 58 69 58 67 62 73 67 70 59 67 62 74 67 61 79 63 68 
76 81 60 66 69 72 61 72 69 78 79 77 71 77 65 71 74 70 73 66 70 73 58 63 71 74 68 86 80 69 69 69 69 72 70 70 55 65 80 62 78 60 82 75 81 69 69 74 68 79 72 60 64 80 77 78 75 71 67 65 70 80 62 66 62 68 63 79 63 78 66 65 68 77 74 75 65 71 59 81 80 73 79 67 69 73 81 76 66 57 79 78 69 68 71 63 75 62 79 57 81 66 73 69 68 62 73 74 67 75 72 68 68 74 70 75 73 67 62 78 78 66 74 76 75 62 74 73 70 71 66 67 72 72 66 66 68 74 78 68 62 66 63 75 68 80 81 63 71 71 66 69 63 69 63 69 72 69 74 70 69 66 71 69 69 59 63 58 62 66 66 71 64 74 77 59 62 72 65 65 72 58 70 66 72 73 61 71 65 58 82 66 67 73 65 80 76 74 67 67 60 60 72 72 62 63 64 74 68 64 71 69 71 65 75 63 73 61 68 70 75 83 69 74 69 66 73 55 78 66 68 78 75 68 66 67 73 70 68 68 73 57 74 77 72 64 72 59 61 74 71 65 67 75 70 71 
70 70 56 63 61 66 54 68 62 74 67 68 64 60 52 53 57 67 68 59 61 56 58 64 56 69 55 64 71 65 60 65 52 64 56 60 54 63 68 56 62 57 66 68 72 66 65 56 61 60 68 62 59 64 64 52 73 65 61 65 67 66 57 66 58 66 59 61 65 71 64 70 56 56 64 65 61 64 61 65 68 65 61 55 60 56 63 66 56 52 59 66 57 57 71 61 64 56 75 63 62 59 62 61 67 61 66 62 65 62 63 66 60 59 56 73 62 61 58 64 62 62 62 62 65 44 66 62 60 58 64 64 61 62 65 64 55 64 73 68 58 63 53 75 65 68 65 55 62 64 55 65 66 57 66 55 66 58 57 53 57 58 64 59 55 52 68 44 61 60 66 61 60 64 68 61 67 73 54 64 64 58 74 58 59 58 60 59 64 54 69 64 55 64 60 74 61 68 55 63 61 59 65 69 60 61 66 55 67 58 60 54 65 57 70 58 61 49 57 62 62 62 64 60 67 57 56 58 64 62 55 61 69 52 56 61 59 68 57 61 64 51 62 60 61 54 66 52 60 70 65 60 67 75 69 71 
58 68 66 62 63 63 64 68 70 77 69 68 65 65 61 60 69 70 68 64 73 58 66 69 64 62 59 69 70 67 59 67 68 64 66 63 60 67 68 49 79 52 78 71 69 63 65 67 62 67 64 59 65 70 64 62 64 59 62 63 68 70 62 64 63 62 67 60 67 70 54 62 64 66 63 76 67 71 59 72 64 59 67 60 72 60 67 70 64 50 75 68 65 54 69 58 77 58 70 63 63 72 70 67 65 60 64 70 62 71 65 67 69 67 65 79 68 56 64 74 69 64 58 65 66 52 69 57 68 60 66 66 67 66 65 66 55 64 77 67 58 63 59 68 67 68 72 66 68 64 62 65 58 60 66 61 61 61 61 61 64 66 64 66 61 65 69 52 65 63 67 57 67 66 65 62 63 69 52 53 67 62 62 56 66 64 59 62 64 54 71 65 54 74 64 73 67 70 58 60 57 62 63 69 68 59 65 56 73 62 66 56 66 58 69 65 49 56 69 69 60 69 69 69 59 62 58 59 64 69 62 64 70 61 59 62 65 63 60 64 53 65 68 66 68 54 60 53 57 73 66 67 66 67 70 63 
64 62 62 58 58 64 53 57 63 64 63 54 65 59 60 58 58 69 67 49 59 61 51 66 63 61 54 70 69 64 61 58 60 64 56 63 57 63 60 53 62 54 63 58 61 71 53 65 56 55 60 53 57 60 57 58 65 56 56 52 68 61 52 65 55 61 53 60 61 65 60 58 55 62 63 67 62 62 61 77 72 63 62 48 63 60 61 60 54 48 59 54 61 51 75 54 60 53 69 60 64 68 65 58 54 56 61 58 59 62 62 59 62 65 61 68 61 55 55 63 62 60 59 59 59 48 67 60 62 60 62 56 60 60 61 60 56 57 63 69 66 53 58 63 61 71 60 54 67 63 67 61 53 68 52 61 50 53 62 57 61 62 64 62 52 62 65 48 46 57 64 48 62 53 64 63 59 66 55 58 66 54 56 51 56 55 54 61 64 56 63 61 44 67 59 63 59 64 54 60 56 60 58 60 51 56 53 56 58 53 63 56 59 58 55 56 44 50 57 67 60 70 68 68 64 63 54 48 60 55 60 60 63 60 52 62 64 62 62 61 60 57 55 56 64 68 56 58 57 66 59 59 61 61 56 65 
67 74 67 68 69 75 63 74 81 78 65 75 67 68 64 61 70 69 79 72 76 69 63 72 69 78 68 75 75 69 72 59 75 80 70 74 52 72 68 71 81 68 68 76 72 77 59 74 71 77 60 65 66 74 74 65 74 70 64 67 77 68 53 81 63 77 71 72 65 83 63 77 66 62 69 67 72 72 64 77 75 76 71 68 67 67 72 76 61 62 70 74 64 65 64 69 74 66 74 67 80 66 64 76 74 63 66 83 72 79 70 71 73 72 70 75 77 73 63 70 76 69 67 68 73 54 76 72 72 69 69 77 71 72 66 74 65 65 83 65 62 64 68 72 61 78 73 68 68 72 60 74 67 78 70 67 67 71 69 67 68 60 74 68 72 66 71 57 68 65 76 59 63 72 72 67 61 68 60 61 75 66 72 65 71 64 60 80 69 59 78 69 65 76 67 78 70 69 57 67 56 71 71 72 68 67 71 64 68 62 67 66 79 69 72 77 63 65 63 70 66 71 74 69 70 62 74 60 76 67 74 81 70 61 68 63 70 81 63 74 74 66 77 70 73 58 70 64 66 78 68 73 65 82 73 76 
70 66 68 67 65 65 57 64 68 71 71 67 59 62 54 66 63 67 72 61 60 64 57 71 70 57 64 71 75 73 66 66 69 71 61 61 55 63 61 60 71 60 73 61 69 68 63 64 62 69 59 54 65 73 73 73 67 67 62 62 77 70 66 64 57 63 58 73 71 70 55 64 61 64 69 71 65 66 56 75 70 71 77 61 62 65 66 74 56 51 67 67 63 60 68 56 67 72 82 72 70 68 74 63 56 55 66 62 62 64 62 66 70 69 63 74 73 59 61 72 63 62 62 59 57 60 69 65 65 64 67 65 65 64 66 68 67 68 77 68 59 61 62 68 66 71 75 65 65 63 58 68 59 71 66 68 58 59 64 52 61 60 70 62 55 58 66 59 63 62 68 63 65 64 63 70 61 69 56 59 75 63 60 65 56 59 58 68 63 65 65 72 52 62 66 64 72 65 60 66 69 59 67 72 58 64 64 66 74 62 61 63 68 63 75 63 60 59 71 63 65 76 72 61 66 59 65 52 78 66 53 76 66 62 58 66 64 65 66 67 56 59 72 73 67 68 66 65 67 73 64 64 69 71 68 74 
66 69 59 57 60 62 49 69 73 65 58 68 67 60 63 57 60 61 68 66 65 63 57 64 53 63 54 63 66 72 60 64 69 62 66 61 51 56 61 58 64 60 63 65 73 69 60 65 63 66 64 54 65 62 67 68 69 60 51 59 64 67 54 62 49 65 67 72 58 73 60 67 54 64 69 68 60 66 52 67 70 62 61 56 66 62 69 62 61 53 71 65 62 49 70 60 64 60 71 56 76 64 62 64 57 48 67 63 67 64 61 67 67 63 60 73 69 54 56 59 59 60 59 67 67 53 63 68 66 65 67 56 52 68 57 58 58 61 68 57 52 51 57 63 66 66 62 58 62 63 60 62 57 71 65 64 57 61 64 59 52 63 60 63 51 54 64 58 61 70 60 53 61 63 67 60 57 56 56 62 70 56 66 53 63 60 57 68 68 53 69 66 58 68 61 72 63 64 55 56 59 62 61 69 56 48 58 58 55 55 60 66 65 58 65 63 54 44 52 58 57 66 56 69 61 61 60 56 65 58 63 56 54 59 58 62 61 62 62 56 64 54 65 57 69 56 61 62 58 72 64 67 64 67 64 65 
69 66 59 58 55 62 51 62 62 64 65 70 59 68 50 54 67 58 63 66 60 63 52 61 55 64 56 63 63 67 59 58 55 59 56 64 48 61 65 59 64 59 69 58 73 65 57 58 60 70 63 52 56 61 72 62 69 69 55 64 60 62 56 63 51 58 62 66 66 67 62 57 64 60 71 67 56 59 55 67 61 61 56 57 59 56 72 68 58 48 62 63 62 50 66 65 67 57 58 54 65 57 66 65 63 53 66 60 63 61 63 58 54 68 55 74 74 64 49 68 68 54 56 66 64 51 63 60 66 66 62 62 54 63 60 66 60 67 72 66 56 56 50 62 64 69 71 55 64 67 64 59 56 67 58 61 52 60 58 58 62 65 66 59 54 56 74 59 56 62 60 58 57 61 66 53 61 66 52 53 71 53 62 55 58 63 58 56 62 51 69 74 54 69 62 58 59 59 50 66 48 57 57 67 53 56 55 55 60 60 64 62 63 55 63 62 56 52 57 59 57 66 73 56 66 63 61 52 70 65 61 62 65 56 52 61 56 66 56 59 69 52 64 65 60 55 61 60 54 75 59 69 62 74 60 65 
61 75 61 59 68 63 57 54 63 78 65 63 63 66 61 62 69 61 66 66 70 58 61 58 59 61 64 74 76 66 65 65 66 67 64 66 58 64 65 49 65 58 69 61 71 68 63 69 62 64 66 61 63 65 60 57 71 60 63 59 67 66 66 65 46 57 65 60 69 64 55 52 65 67 67 69 65 72 57 73 67 66 67 59 65 53 66 64 55 51 64 65 58 57 62 60 67 54 63 58 58 63 67 63 64 62 73 58 62 72 60 65 65 62 62 74 71 60 66 75 62 60 58 66 63 58 70 57 68 66 71 64 56 66 56 71 59 64 72 65 64 65 55 65 68 69 63 61 72 58 59 73 55 65 67 58 59 61 73 55 58 72 73 65 56 64 61 55 69 57 63 56 62 58 59 62 59 69 48 62 61 58 60 63 59 63 54 59 60 52 60 66 60 63 62 61 69 59 63 61 57 61 67 64 60 58 61 64 65 55 59 59 59 61 68 66 53 55 63 67 48 69 73 60 62 57 57 62 75 67 59 64 57 58 57 58 63 68 58 59 61 55 68 65 65 59 59 56 56 70 64 60 64 68 56 60 
67 61 63 58 65 61 53 63 65 67 62 69 55 60 52 65 60 67 62 65 67 64 57 63 59 73 50 68 62 60 54 66 62 62 58 66 52 60 65 54 68 60 69 62 65 67 63 62 64 67 54 55 52 60 65 65 69 65 59 57 71 68 53 62 54 60 65 67 59 71 53 62 63 60 71 62 61 64 56 70 69 62 69 52 62 64 65 58 59 50 68 58 57 57 62 52 60 55 70 54 60 65 65 54 64 54 63 55 60 68 63 55 55 66 63 75 74 55 57 66 65 56 60 62 65 60 63 66 65 66 57 63 69 63 53 63 58 53 74 65 55 62 57 62 65 65 68 57 58 62 65 64 51 61 63 59 54 61 69 61 65 65 65 56 61 63 67 61 57 62 57 47 67 62 60 57 64 63 51 59 59 47 59 54 60 58 57 61 59 50 66 62 55 65 61 62 61 62 64 63 53 61 71 64 62 58 58 57 62 51 65 54 65 62 57 58 59 57 62 60 64 66 65 68 60 67 65 51 68 61 59 60 58 66 49 50 64 59 52 63 67 55 58 66 63 60 64 55 52 58 65 64 60 72 58 54 
68 76 70 66 74 70 54 65 68 78 71 68 63 63 62 72 61 63 72 67 76 64 60 66 67 71 57 74 74 75 74 66 71 70 74 76 63 62 61 60 76 65 75 71 77 79 65 62 65 71 68 65 60 68 70 71 71 76 66 67 67 70 64 68 68 66 61 71 65 70 62 74 66 61 76 72 60 66 67 76 74 69 76 54 67 57 76 80 68 57 75 76 69 65 68 69 69 76 68 60 74 71 69 67 69 59 66 66 72 69 69 66 72 71 67 74 82 61 61 74 74 66 63 62 62 62 69 66 68 61 67 69 69 68 63 65 64 65 72 66 58 61 62 72 58 77 69 62 68 67 63 70 60 74 70 72 64 72 74 59 63 72 71 69 69 66 70 62 68 69 70 62 70 79 73 68 70 63 54 65 73 60 67 66 67 70 68 75 68 61 67 73 62 75 70 76 72 73 63 65 60 63 77 68 65 62 71 55 72 67 69 61 71 64 74 63 62 53 60 67 70 70 70 72 73 54 66 62 67 65 70 66 71 64 62 65 62 74 69 62 68 68 68 69 65 69 69 56 64 67 74 74 70 76 72 74 
81 79 71 76 67 65 65 78 74 83 70 78 75 64 72 73 79 63 76 65 71 71 56 70 67 74 62 77 74 68 70 66 70 71 66 71 55 72 75 67 78 71 74 72 74 72 64 67 65 79 68 66 72 74 75 71 79 75 67 68 81 76 66 72 60 62 74 77 73 81 62 68 68 72 75 76 68 72 66 76 85 72 67 57 74 73 73 69 63 64 74 73 75 67 72 65 75 69 84 62 76 65 75 67 73 67 77 76 68 76 71 71 69 73 70 82 81 66 65 74 70 70 62 76 75 64 77 63 75 74 69 75 69 74 70 75 67 78 84 83 60 60 58 77 69 80 88 75 78 69 70 75 66 67 80 64 68 67 74 62 69 67 76 72 66 68 82 69 68 69 76 66 78 70 75 68 67 70 65 67 74 64 71 72 73 69 72 78 75 62 73 78 68 78 66 79 69 68 64 70 66 71 68 75 67 68 69 69 73 69 74 64 76 69 74 73 68 57 70 71 67 83 70 70 77 66 63 65 77 69 67 77 73 64 65 66 71 66 72 69 66 67 75 73 70 70 70 64 70 79 70 71 78 84 68 75 
63 69 66 58 55 65 59 65 72 71 68 70 67 65 60 58 59 64 60 64 72 62 59 62 54 66 53 72 74 56 63 58 64 66 61 63 60 55 58 43 68 63 59 64 66 64 61 60 57 64 59 61 60 60 66 64 65 60 56 58 65 64 53 67 49 63 63 62 63 63 57 64 57 63 65 62 64 73 62 68 63 63 61 54 61 52 68 59 57 49 60 65 53 57 62 58 63 62 62 52 63 66 62 60 56 54 67 65 62 67 63 63 67 63 54 74 64 66 56 73 62 58 60 68 71 55 66 67 66 66 63 61 58 59 54 62 56 63 66 63 66 59 52 61 63 68 59 63 69 59 59 69 54 75 58 59 61 60 59 55 61 68 66 65 59 67 64 52 55 60 63 53 60 61 57 52 57 59 54 54 71 55 62 49 68 57 53 61 58 58 63 63 54 63 65 69 61 62 64 65 58 63 66 59 58 56 60 59 60 54 58 60 59 57 62 62 53 58 61 62 56 63 63 62 67 54 54 58 70 69 60 59 56 59 51 56 61 62 58 69 66 55 68 60 75 55 64 58 55 61 66 72 62 66 58 72 
55 59 53 50 47 43 50 51 54 60 47 48 56 56 50 45 58 50 53 58 52 48 43 53 49 55 44 54 60 51 48 49 47 49 49 47 46 42 49 47 58 48 54 55 54 52 51 50 43 51 52 49 47 55 55 50 55 54 52 50 55 60 53 54 43 42 54 49 46 50 48 53 39 58 48 52 50 56 50 61 56 50 51 46 48 46 54 49 52 37 51 55 54 45 57 54 62 55 54 46 55 53 53 51 48 49 55 48 51 56 51 49 50 57 48 59 50 42 46 59 57 49 48 46 54 54 48 48 60 48 53 52 53 49 47 45 44 47 51 52 45 42 47 53 47 45 53 54 53 46 46 57 41 53 53 46 46 47 56 51 40 42 50 49 45 49 52 52 49 46 55 47 51 53 57 45 41 51 38 38 60 44 54 46 51 53 49 55 51 46 49 45 48 62 47 56 58 50 51 48 47 49 44 57 43 52 49 52 56 44 49 45 49 49 54 49 39 40 53 49 44 59 51 52 52 53 37 41 50 54 49 53 47 51 43 52 49 48 52 54 50 45 43 63 54 41 53 43 55 57 55 57 53 56 45 56 
61 61 63 58 61 63 55 62 62 75 61 68 59 64 67 57 67 66 67 51 66 60 59 60 54 65 59 71 67 62 66 65 59 58 56 58 60 64 62 61 73 63 62 65 66 67 53 66 56 57 68 51 65 67 65 67 65 58 65 54 65 60 60 64 54 58 65 69 61 69 59 58 60 65 60 63 66 69 61 66 68 66 69 52 58 59 75 65 56 54 63 62 58 56 61 61 64 55 74 63 68 58 65 55 61 67 66 67 54 70 68 68 67 62 63 79 69 59 52 59 59 62 59 55 66 55 71 61 61 58 60 66 66 67 63 66 56 60 67 68 56 57 50 66 60 70 60 64 67 62 59 67 58 64 67 54 66 58 61 56 58 65 65 66 53 59 62 56 60 55 63 54 69 58 72 60 59 63 56 55 67 54 58 59 53 58 61 69 59 47 62 62 54 60 60 69 65 64 65 61 47 54 63 63 56 60 62 60 61 59 62 58 67 57 58 65 55 58 58 65 60 68 69 66 67 56 59 59 75 63 52 69 63 58 55 58 64 60 65 69 59 53 71 73 66 61 68 56 57 66 57 59 67 68 62 65 
55 61 55 60 57 57 57 68 61 64 62 61 54 59 57 53 56 67 58 54 60 61 51 62 62 61 49 63 65 58 57 58 55 55 56 53 54 58 54 53 65 56 59 60 64 61 60 56 59 63 58 61 50 59 60 58 61 57 57 51 62 65 56 58 44 60 60 53 61 60 52 59 51 57 57 50 59 61 50 63 59 63 63 52 63 61 65 60 59 55 62 66 55 51 62 53 58 54 63 61 64 57 54 56 51 55 60 62 58 63 62 51 59 60 53 68 62 57 54 67 56 59 49 54 62 52 64 57 53 54 61 63 59 61 56 67 50 62 64 57 52 49 47 58 52 68 60 62 63 62 61 61 52 56 62 54 55 51 62 57 60 54 53 69 53 55 64 51 56 59 61 53 59 66 57 50 56 55 47 53 58 53 58 55 59 56 53 62 58 46 61 57 49 55 58 59 57 61 54 60 57 51 59 60 53 55 60 55 56 62 55 47 62 58 48 54 58 43 62 54 55 66 58 58 54 57 51 51 60 54 54 59 45 52 50 56 61 62 59 62 62 46 59 58 61 54 57 51 56 59 62 59 54 62 57 69 
63 66 58 62 59 66 56 65 69 77 69 67 65 55 58 63 59 64 68 61 68 63 52 64 61 66 59 74 75 65 55 60 53 59 65 62 57 62 51 50 60 62 54 64 66 66 58 58 60 63 53 62 65 60 72 65 57 63 56 54 69 68 50 66 54 57 62 57 67 57 53 66 56 66 65 60 60 69 65 64 70 58 61 56 62 57 62 62 56 50 69 70 63 52 61 58 71 58 65 52 62 71 59 62 60 61 62 66 60 61 74 57 63 59 55 70 69 62 63 67 63 63 60 64 69 56 66 63 62 62 59 61 67 62 53 66 58 58 70 61 56 61 50 64 66 68 61 56 67 56 67 58 55 63 61 68 56 61 63 60 62 60 64 68 60 58 63 46 55 53 62 58 70 63 65 64 61 63 58 59 61 55 62 59 64 60 55 65 59 44 65 64 51 66 69 74 58 59 64 59 52 53 65 62 51 54 59 54 65 60 63 58 70 58 54 65 60 49 59 66 56 65 62 69 64 64 61 61 64 60 58 66 69 55 55 51 63 60 56 61 65 44 67 65 61 53 55 54 54 72 60 66 62 68 66 66 
58 61 52 53 66 52 50 62 55 63 58 64 57 52 42 57 59 56 63 56 56 58 53 50 53 68 56 58 62 62 56 50 57 61 50 60 42 62 57 55 58 54 71 57 69 59 53 56 58 55 58 58 52 52 63 55 61 57 46 51 65 63 57 55 49 58 55 61 62 58 52 59 57 56 53 55 50 61 52 64 59 60 57 62 57 60 56 64 53 51 55 61 60 46 61 46 57 56 67 59 66 63 60 56 57 49 64 59 61 62 65 55 54 65 52 66 71 49 52 65 67 52 58 55 61 52 59 61 55 54 63 64 59 65 60 60 53 68 71 58 50 50 47 61 63 62 59 44 60 59 53 64 52 61 57 52 51 49 62 53 57 53 55 58 55 46 53 52 61 57 65 51 65 59 58 52 53 57 48 51 66 54 63 52 58 57 44 59 59 48 63 55 46 53 56 61 56 64 57 52 53 51 65 59 48 55 55 57 60 57 62 55 58 49 57 55 48 52 54 65 57 60 60 58 57 58 63 47 59 59 51 59 58 62 53 55 52 58 57 62 62 49 60 56 62 49 59 45 52 56 63 57 55 68 62 56 
67 65 62 68 59 57 55 56 65 68 58 64 60 56 64 55 54 60 63 66 65 62 62 65 55 66 58 66 71 68 61 58 66 61 56 53 57 55 59 50 61 62 58 66 57 67 54 53 63 73 56 61 62 70 59 66 65 60 58 52 65 61 62 66 61 59 62 61 63 61 49 67 54 62 58 67 64 72 59 65 67 59 62 47 61 61 57 58 56 47 63 64 53 54 60 52 63 63 70 50 59 53 63 56 55 49 58 63 62 65 63 51 64 65 52 72 70 60 56 71 65 64 59 63 54 56 63 70 59 65 65 61 58 61 55 54 59 65 65 61 52 54 53 61 66 61 62 61 66 54 60 63 48 71 57 61 54 63 68 47 56 63 67 66 56 60 57 48 49 62 60 56 57 63 62 53 63 63 54 60 64 53 63 52 57 55 54 66 57 61 58 63 46 64 58 65 66 65 62 59 56 53 68 61 56 57 56 59 66 52 57 61 61 62 65 59 54 52 57 58 55 63 63 64 59 52 53 57 70 62 66 60 62 60 53 58 60 64 61 64 59 65 58 61 60 59 49 62 58 68 63 63 65 71 66 65 
68 69 61 61 60 64 65 58 72 63 67 71 60 64 58 58 65 66 75 61 62 58 54 64 62 62 49 66 65 67 61 73 68 69 61 59 58 60 63 53 68 61 65 73 66 71 67 62 61 68 65 54 59 61 63 63 60 55 62 55 66 60 59 70 54 61 57 58 64 65 59 60 66 62 64 69 55 67 64 71 63 66 77 61 65 59 63 71 58 52 58 72 66 56 63 59 66 62 69 60 73 66 68 61 59 54 63 58 59 62 66 64 58 59 57 74 71 55 53 72 62 59 65 60 54 55 68 60 64 62 60 60 65 64 57 62 61 60 64 60 66 57 56 67 65 71 69 63 58 60 57 65 54 64 63 60 58 63 63 53 63 65 69 63 60 57 62 59 64 63 74 59 53 62 58 57 63 68 57 56 64 59 69 60 57 67 54 64 57 49 69 59 56 60 57 67 65 70 61 53 52 61 71 68 54 57 67 66 67 59 65 59 55 59 76 66 55 57 55 63 65 69 60 68 67 57 62 54 68 67 60 62 62 64 60 65 55 64 59 55 65 52 62 68 62 54 66 54 58 66 62 64 61 70 65 65 
64 62 64 68 68 70 64 74 69 76 69 70 61 74 64 62 68 64 70 62 72 62 58 68 70 70 59 71 77 66 67 65 73 70 65 67 63 63 64 57 79 63 71 70 70 69 66 65 64 78 65 61 64 79 72 64 76 68 72 63 80 71 60 69 59 65 65 72 66 66 57 60 72 65 73 67 66 70 57 71 76 68 74 61 68 63 73 81 67 58 69 75 63 55 68 61 63 68 73 60 71 72 69 71 64 60 72 69 66 67 66 65 71 71 70 78 76 73 61 82 64 70 67 72 71 53 68 65 67 66 60 65 64 72 61 66 71 69 69 74 65 65 52 68 75 74 75 63 76 57 54 74 57 66 65 60 61 69 69 58 64 73 76 65 58 63 71 59 70 71 71 61 60 61 63 58 63 69 56 61 67 67 67 58 69 65 62 68 72 61 77 64 63 70 70 70 69 72 59 64 60 59 71 80 66 57 66 69 74 70 78 64 72 59 71 70 61 65 65 69 65 76 73 70 63 64 59 56 66 70 60 72 61 67 68 67 64 68 64 72 68 63 69 65 75 56 70 60 66 71 66 67 69 74 70 72 
62 70 59 60 60 58 53 60 61 75 72 62 61 61 54 63 60 58 63 66 64 67 51 60 58 60 54 65 64 60 65 57 64 67 59 69 53 57 57 56 70 60 66 61 65 65 59 63 58 72 55 62 62 66 63 56 67 61 60 56 70 61 55 69 53 66 59 64 59 68 53 62 54 57 61 62 58 60 67 62 67 63 69 60 54 57 67 69 62 52 73 68 56 55 66 53 71 65 57 56 56 59 67 66 62 52 63 61 56 64 66 56 67 62 51 69 71 62 55 69 67 64 62 62 64 59 77 70 66 60 55 56 62 67 48 58 58 61 76 69 55 64 59 63 62 66 69 59 65 56 70 67 46 68 60 73 57 59 69 55 64 67 69 57 64 61 58 56 54 56 55 62 57 62 65 59 57 61 49 65 69 60 65 57 65 61 55 62 62 50 68 69 57 68 66 64 55 57 63 58 55 59 61 66 53 62 57 60 67 55 69 68 65 53 59 58 61 54 63 62 58 61 67 66 61 44 54 48 64 58 61 72 59 60 61 58 67 68 60 57 63 54 59 68 62 55 69 57 56 63 57 62 64 65 59 68 
62 68 58 69 68 66 63 60 71 69 71 68 65 62 64 62 68 70 66 66 67 59 53 67 66 63 55 69 79 67 70 65 64 63 68 59 56 56 67 61 76 65 67 72 73 63 62 59 67 73 67 63 58 67 64 60 75 61 61 59 70 63 60 67 60 63 64 61 61 77 60 68 65 68 65 65 60 78 67 70 69 67 65 61 61 63 72 74 63 50 65 71 70 62 74 56 65 63 71 64 73 60 62 60 58 61 69 71 64 67 66 59 66 68 61 75 67 61 72 68 65 68 62 63 67 56 71 66 62 64 70 74 65 71 64 63 53 68 65 71 56 63 60 63 60 67 58 61 67 63 64 80 57 75 61 66 61 62 68 65 63 60 70 70 55 66 69 55 65 62 74 57 76 68 62 62 61 71 47 60 72 64 68 58 70 57 70 67 58 59 57 67 54 71 58 71 63 67 57 60 61 65 58 72 58 63 59 70 72 61 66 61 70 57 63 61 50 51 58 67 58 71 66 65 62 66 57 60 67 65 64 65 61 57 55 59 58 71 64 67 74 60 68 68 67 61 61 54 64 65 61 61 66 86 66 69 
69 66 55 64 60 59 47 64 66 66 59 68 64 64 60 61 64 59 70 63 61 62 53 60 62 64 53 70 71 71 63 55 68 66 59 55 53 57 67 51 68 69 60 60 62 63 56 54 59 64 62 54 62 64 79 64 60 62 49 62 60 68 58 70 61 60 65 68 68 66 44 64 59 61 63 73 60 62 59 68 66 66 61 61 61 56 69 69 55 51 70 61 65 61 61 58 68 57 74 57 70 64 67 54 62 50 57 58 64 67 68 60 62 71 57 67 67 58 59 68 65 59 59 67 67 57 63 68 64 58 65 68 57 64 53 58 63 62 71 62 51 51 60 54 66 68 66 61 65 65 62 71 55 69 63 64 59 60 66 59 54 61 62 60 57 55 68 56 62 63 66 53 66 66 66 60 61 57 56 58 72 61 61 59 51 55 63 70 59 51 67 66 54 61 59 65 62 65 52 61 56 56 61 62 57 57 54 55 67 59 56 61 72 60 70 57 60 53 66 61 56 70 62 66 68 57 60 51 64 62 58 68 60 54 53 59 61 65 56 58 64 58 63 60 70 61 65 52 55 62 67 69 60 76 64 68 
54 63 55 53 58 57 53 58 52 64 55 58 52 58 51 54 53 53 62 66 60 57 49 50 47 57 47 58 66 59 58 50 53 58 52 59 54 52 60 49 62 56 62 62 57 65 47 60 58 62 61 57 52 57 62 56 61 52 48 50 67 65 45 55 51 58 58 58 47 56 52 58 62 60 57 64 52 58 54 65 66 51 62 51 60 54 60 57 47 48 55 65 52 45 52 59 57 52 58 56 59 56 56 56 56 57 64 58 65 60 62 56 58 58 49 65 63 60 59 58 60 63 50 55 56 49 60 59 55 59 66 58 59 58 55 55 49 47 65 60 53 52 48 53 56 67 57 51 61 57 49 61 43 57 57 59 47 50 55 52 58 56 58 58 48 54 47 43 55 54 50 50 57 59 59 51 53 56 55 54 55 54 54 53 48 55 55 60 52 42 65 49 53 64 52 58 61 62 59 48 48 51 61 47 56 50 53 59 59 48 61 50 52 45 58 62 52 51 55 54 51 55 59 57 52 46 62 49 55 54 56 51 48 50 52 50 57 57 57 52 55 54 53 49 59 50 52 48 54 58 54 58 58 64 56 61 
60 64 54 55 62 53 57 56 56 70 61 68 53 62 61 51 63 61 68 56 67 50 44 59 56 57 57 62 67 59 60 58 60 57 59 52 44 59 58 50 63 54 58 55 64 56 55 58 54 60 59 55 57 66 58 53 68 59 57 47 60 63 59 65 50 57 57 61 63 62 51 55 56 57 62 59 56 67 57 62 60 54 62 47 56 53 57 59 52 52 62 68 56 48 60 58 58 56 61 50 60 53 61 53 60 58 61 56 50 66 66 52 59 58 55 68 67 55 52 66 50 72 57 56 60 51 64 59 63 62 59 57 62 65 59 56 60 56 64 54 56 53 51 64 59 66 67 57 63 55 60 62 48 62 60 56 55 63 59 55 62 57 64 57 49 64 55 50 59 61 62 58 59 54 63 55 56 57 46 57 62 61 59 50 58 57 50 61 59 52 64 53 53 60 59 61 57 65 53 49 50 62 61 62 53 57 63 61 66 59 59 55 65 50 64 58 47 52 60 55 56 65 58 61 59 53 52 55 62 63 56 57 58 54 61 52 55 61 63 56 56 52 58 61 64 63 58 60 58 61 61 54 55 68 60 62 
66 63 67 62 67 62 57 54 68 70 64 67 63 64 56 57 64 60 63 62 67 51 50 61 52 56 53 68 68 68 65 64 57 66 60 60 49 58 59 50 67 66 65 65 66 58 65 63 65 62 59 63 49 66 66 53 63 63 58 61 62 64 51 63 57 59 68 62 61 71 60 59 58 62 65 62 60 61 56 67 64 67 70 61 61 63 67 69 59 56 68 66 58 54 60 54 66 63 61 62 73 60 56 64 60 53 64 55 61 59 61 53 64 62 59 75 65 59 60 67 62 63 60 59 64 53 67 62 68 58 61 62 59 62 65 61 61 57 65 63 60 57 56 61 56 64 70 56 61 61 64 66 45 66 59 62 60 66 71 50 58 63 69 59 53 54 64 58 62 57 66 49 61 63 66 56 63 60 48 54 67 63 58 49 61 55 60 60 57 53 67 70 54 72 67 68 61 64 57 64 50 59 55 64 55 53 54 63 62 52 66 59 61 53 62 65 50 50 55 57 58 63 60 57 63 56 60 50 65 57 58 63 60 56 57 63 68 68 60 60 70 54 63 60 65 62 63 49 48 70 61 64 62 69 62 70 
58 71 57 56 57 63 50 61 62 62 69 68 62 60 55 59 58 58 69 59 61 55 51 60 56 61 50 72 70 62 58 60 62 67 54 64 48 54 60 52 67 56 65 66 66 65 55 57 55 54 57 47 61 62 60 60 67 57 49 60 55 70 57 54 53 57 54 63 65 64 43 63 62 65 65 59 56 69 53 70 61 59 64 66 64 49 64 60 54 51 57 65 60 52 55 62 64 48 68 54 62 60 57 56 54 55 59 59 64 65 59 53 60 63 58 67 64 51 60 68 69 58 59 57 69 49 55 52 61 54 68 59 58 68 63 57 63 58 70 65 61 55 49 69 66 67 66 54 65 56 59 68 55 61 55 62 57 62 71 50 59 62 63 54 62 55 54 53 56 51 65 63 59 60 59 65 54 71 48 52 58 59 61 58 62 56 58 54 62 50 62 59 61 60 62 67 64 49 54 53 52 48 60 62 54 51 55 60 64 61 61 52 68 53 65 58 57 52 66 64 60 59 62 69 62 60 62 57 62 56 54 64 61 57 52 58 57 68 58 61 56 44 70 61 63 50 60 53 58 65 63 62 54 69 57 68 
65 66 61 64 62 67 60 74 62 63 71 63 60 62 62 61 58 55 68 60 64 67 55 59 59 68 52 69 68 54 62 65 66 65 57 55 48 59 61 53 66 64 66 60 72 68 57 69 65 70 59 60 55 61 65 61 73 66 59 52 64 72 65 64 48 63 63 59 71 77 53 55 58 57 64 70 63 59 54 72 69 67 59 55 66 61 67 65 50 55 59 65 60 63 60 55 67 57 61 58 66 74 57 57 52 57 68 63 64 61 63 70 71 72 59 62 64 61 56 71 65 62 58 61 64 54 61 58 65 55 65 72 57 59 54 65 59 63 72 60 55 63 56 66 62 64 61 58 64 69 62 68 52 59 63 59 60 55 67 57 58 64 70 64 59 61 64 50 64 61 66 56 59 63 63 62 63 62 57 48 62 56 63 58 57 66 62 68 63 52 64 62 54 66 56 63 67 64 65 60 57 63 71 66 67 54 56 58 67 62 63 59 61 56 62 58 54 52 62 67 61 76 64 63 66 60 56 55 73 65 60 67 59 58 57 61 60 66 64 65 63 52 69 63 70 53 65 58 54 62 66 63 64 73 63 69 
69 67 59 66 60 68 62 74 64 71 65 70 59 63 53 67 61 63 53 67 62 69 63 65 60 70 57 74 68 73 63 63 65 68 63 61 55 62 62 59 73 60 67 64 67 61 63 70 63 66 64 67 61 67 69 65 66 68 58 59 70 65 52 67 49 60 69 67 71 74 54 70 54 66 54 62 56 64 63 71 74 68 62 59 66 62 70 64 60 53 62 60 58 61 67 61 69 59 70 60 64 61 62 62 65 54 66 67 62 71 75 56 70 68 58 72 63 68 61 70 71 62 63 66 66 52 71 66 64 61 67 65 62 72 61 59 61 65 74 69 56 65 57 65 63 75 65 62 75 57 63 70 61 69 63 54 72 65 72 59 63 66 71 69 61 65 66 52 63 65 59 60 64 58 63 59 57 74 51 63 66 60 56 58 64 59 57 68 65 58 66 66 52 67 64 66 65 66 65 63 54 52 65 67 61 58 64 64 69 56 53 60 63 62 65 57 59 54 59 69 57 72 68 67 63 59 59 51 68 61 66 68 68 53 58 64 65 60 57 66 55 58 67 59 67 51 65 65 57 68 68 76 62 72 57 65 
73 79 79 67 68 76 62 81 78 78 78 85 75 71 70 63 73 75 70 83 75 72 63 85 74 74 68 83 82 75 69 69 75 69 75 77 60 67 67 56 87 72 79 74 78 79 60 73 63 78 75 67 63 76 81 73 82 74 64 72 84 75 65 79 67 67 73 67 72 81 64 77 73 77 81 85 63 77 59 82 80 73 75 75 72 73 83 75 71 52 80 79 66 64 73 67 84 74 75 65 75 79 76 75 68 67 77 73 78 80 75 71 70 84 69 89 90 72 66 82 81 74 67 73 82 60 73 81 77 75 77 76 77 74 66 69 71 72 78 77 68 70 66 73 74 81 78 71 83 71 73 75 64 77 75 76 65 75 69 68 79 79 77 76 73 72 78 64 70 69 70 59 74 77 80 74 71 75 61 58 73 72 70 62 73 71 64 70 65 57 81 73 67 76 71 73 73 79 72 75 63 67 80 79 67 60 63 67 77 71 72 72 78 66 80 76 71 72 72 71 62 86 77 75 75 72 69 68 75 67 69 74 70 68 59 64 83 74 67 72 76 65 69 78 79 70 70 63 66 79 75 79 73 79 71 74 
55 51 45 46 42 46 47 55 48 54 55 57 53 44 49 51 46 54 58 50 49 47 40 49 46 60 45 62 53 56 48 45 49 51 47 52 52 57 50 40 52 50 49 47 55 51 47 50 44 49 54 42 47 48 55 45 55 41 47 47 56 56 51 54 39 46 49 54 45 54 38 51 51 57 49 58 51 48 47 61 50 51 50 49 54 42 50 50 43 32 47 54 44 42 50 53 54 46 55 50 57 56 61 41 45 46 57 46 41 57 56 49 50 47 52 58 50 43 44 46 51 47 43 47 55 49 43 55 50 50 61 41 53 47 56 51 49 51 55 60 50 47 42 53 50 59 52 48 54 45 48 52 44 50 47 52 46 42 47 39 44 56 53 47 52 51 50 52 44 50 48 44 51 46 58 47 46 54 47 50 59 45 48 49 40 46 39 51 42 42 52 49 50 50 51 52 56 59 52 50 37 46 60 50 44 48 48 46 55 48 57 48 43 49 45 41 43 43 56 59 52 56 54 57 50 47 44 36 47 53 45 50 49 43 42 44 49 47 53 51 40 49 49 53 57 46 43 53 39 57 53 55 57 53 45 46 
73 71 67 67 68 72 54 68 74 77 64 71 66 67 63 61 68 68 69 64 73 69 63 68 64 66 64 80 75 73 64 69 68 77 67 70 60 70 59 67 67 66 73 69 72 78 67 64 69 74 61 63 72 73 67 74 79 68 63 71 79 65 56 70 58 70 63 73 69 72 56 64 66 69 73 74 64 71 60 80 81 68 67 63 74 60 74 71 62 63 72 67 63 56 69 57 65 63 74 64 73 76 70 66 63 57 68 64 72 61 66 66 68 73 57 78 76 63 63 77 70 61 67 75 67 61 78 70 67 66 75 60 54 68 64 68 68 70 77 75 63 60 64 69 65 78 69 52 72 67 66 67 56 75 67 64 61 62 70 52 63 72 74 72 67 55 70 58 63 70 68 63 66 65 65 71 65 65 62 62 67 61 70 65 61 62 71 75 68 64 67 74 56 74 68 65 70 70 65 70 61 70 70 71 65 61 60 57 71 56 65 63 70 61 69 68 64 58 57 65 60 73 68 73 71 68 66 59 73 70 63 75 73 60 65 68 65 73 63 68 74 63 75 60 67 61 66 59 62 78 58 70 67 79 69 72 
70 72 65 63 74 74 67 79 73 76 70 75 69 62 60 62 71 69 76 68 72 68 59 72 66 62 69 74 78 70 67 62 75 77 68 73 54 62 71 54 73 67 67 67 70 70 70 70 66 74 73 61 60 72 67 68 71 64 55 58 72 69 68 71 53 70 73 67 67 67 54 67 62 63 63 76 62 75 68 78 77 71 76 66 69 65 65 72 71 57 72 72 60 63 61 64 67 66 72 63 68 70 66 71 72 57 69 69 69 74 72 71 74 73 65 71 74 64 64 77 69 68 65 66 69 61 75 69 67 64 61 67 66 64 67 62 66 63 75 71 64 66 69 72 72 76 70 53 71 68 64 78 60 69 66 64 64 69 73 55 65 77 65 74 62 65 61 52 63 72 69 66 64 65 66 59 67 71 60 67 69 68 72 55 66 67 67 69 68 61 80 71 60 72 70 72 73 69 67 75 59 63 75 75 58 60 65 64 67 56 63 73 72 61 74 66 57 62 67 72 71 75 70 71 65 58 69 60 75 65 70 69 70 62 61 60 72 74 64 60 62 58 67 70 68 67 63 63 58 72 70 63 71 67 64 64 
76 68 60 62 61 65 54 62 61 80 72 67 56 67 64 60 64 69 76 65 61 62 62 62 66 63 62 73 74 65 61 71 65 71 67 64 59 69 60 53 68 57 72 62 74 78 67 61 67 73 56 59 67 62 66 60 74 63 64 64 75 65 62 70 68 66 60 63 66 67 57 66 68 65 63 67 61 65 60 70 78 70 71 57 62 54 74 71 57 50 79 75 57 55 69 64 69 56 59 61 67 68 60 65 58 57 68 68 60 65 62 62 63 59 62 68 76 63 62 80 65 64 58 64 61 60 70 73 64 66 63 65 66 73 57 62 57 65 72 64 58 60 59 70 64 75 69 62 65 61 65 67 57 63 65 67 56 68 66 57 62 65 74 68 63 59 65 58 62 60 58 60 60 71 69 60 58 68 58 57 68 61 70 54 67 65 58 68 67 56 69 60 60 66 60 68 63 64 59 60 54 68 59 66 58 61 66 61 78 52 62 60 62 70 69 57 59 57 61 58 64 65 65 64 67 61 64 54 69 69 62 75 64 58 65 61 58 70 67 62 63 58 65 70 72 54 70 55 62 76 65 64 61 72 62 72 
75 70 59 62 73 70 61 68 75 71 72 67 71 69 61 65 67 76 73 69 71 69 55 69 63 74 70 77 77 63 67 64 69 68 67 70 53 58 67 65 73 58 68 73 71 68 65 62 56 67 70 63 67 67 76 69 71 68 64 69 76 76 60 73 59 71 66 68 67 71 62 71 64 73 65 75 73 67 67 77 66 70 65 63 62 60 70 65 63 56 68 73 63 56 73 60 78 70 71 66 75 70 71 64 71 58 65 66 68 68 70 69 66 70 72 83 76 61 72 67 75 67 58 61 70 59 70 64 68 67 67 69 67 67 64 73 62 63 79 71 64 68 62 66 61 71 69 63 60 72 66 76 60 69 63 58 61 70 70 61 70 62 67 66 65 63 72 58 65 69 68 60 67 68 68 58 62 71 53 58 74 62 60 57 71 61 60 69 68 59 75 69 62 68 59 69 78 58 59 61 64 65 69 76 63 59 62 65 69 59 59 67 68 72 74 65 62 58 66 71 61 83 74 64 70 61 72 59 81 73 63 71 69 63 57 66 65 71 68 72 71 61 66 74 69 64 67 56 63 72 64 70 60 80 63 76 
61 68 57 60 59 63 53 64 59 61 61 67 58 58 55 60 61 60 53 61 58 67 46 63 56 58 51 61 61 57 61 65 68 59 57 66 49 59 56 56 66 62 63 65 69 68 55 62 63 66 58 56 47 56 58 57 60 62 62 49 63 63 53 64 56 58 54 69 58 70 59 64 54 59 64 68 57 64 64 63 63 62 64 48 65 61 70 61 53 48 56 65 60 60 67 55 53 56 64 51 54 52 59 58 60 54 66 61 57 63 58 52 61 52 51 75 65 58 51 63 60 59 60 56 51 53 70 57 62 62 60 59 58 63 52 58 52 54 61 67 59 60 53 56 53 62 68 60 54 62 61 63 47 58 57 66 52 60 62 51 61 65 64 64 51 66 66 46 57 68 62 52 58 61 57 55 59 61 60 55 65 55 65 50 58 57 49 62 63 47 66 55 54 64 55 61 60 65 59 56 56 57 61 54 57 60 65 57 65 58 64 57 63 58 55 54 55 45 61 62 67 64 61 61 60 61 58 57 60 60 61 62 61 57 54 56 62 67 60 61 64 52 60 58 56 61 59 56 50 49 50 65 60 63 55 61 
61 67 66 61 59 65 53 70 64 67 65 74 62 69 63 54 67 57 62 56 68 61 58 63 61 63 59 70 74 61 61 66 67 65 58 58 50 68 59 54 74 59 61 73 73 65 60 68 61 62 52 54 55 64 69 62 64 66 61 54 66 71 56 67 56 63 61 59 62 67 56 59 58 61 70 63 62 73 55 71 72 67 60 58 63 62 71 69 54 50 63 72 61 58 62 61 67 66 66 58 65 64 69 66 63 59 67 72 60 70 71 55 64 65 58 78 69 66 60 71 64 58 63 60 63 55 71 59 66 61 69 68 63 67 58 70 64 64 69 66 57 61 64 67 63 72 65 57 76 68 60 70 59 71 65 59 59 60 64 64 55 68 68 66 57 62 58 53 64 53 71 62 62 67 62 66 56 61 53 62 67 58 60 59 68 67 56 67 62 58 64 69 68 68 67 66 62 62 52 68 58 63 65 64 63 63 62 59 69 57 58 58 70 61 60 67 54 62 52 60 57 65 65 64 69 59 62 52 71 65 59 66 69 59 64 58 68 63 59 70 69 55 73 67 67 57 66 62 57 68 66 67 67 75 63 65 
62 64 55 60 64 58 51 64 63 75 67 70 59 63 58 60 57 69 68 59 65 64 56 60 56 57 55 65 66 58 62 55 64 64 64 62 48 58 61 55 63 52 58 62 64 58 59 64 52 68 58 56 62 60 63 57 67 64 66 58 72 59 52 67 54 62 69 67 65 64 52 68 56 65 65 70 59 64 58 70 66 66 64 62 60 55 61 70 57 40 67 54 51 52 62 56 68 63 61 53 63 67 65 69 61 54 55 55 68 64 64 58 61 62 58 66 69 63 54 71 64 64 58 54 60 58 69 71 59 61 61 61 58 66 51 63 63 58 70 57 56 52 60 64 67 62 61 58 62 61 53 62 53 62 64 64 56 58 63 57 62 60 73 58 61 54 59 58 49 63 56 56 66 63 64 63 57 62 52 59 61 54 63 52 54 63 55 63 58 54 66 63 50 66 69 62 59 66 53 57 57 60 57 70 57 61 61 52 70 55 55 61 60 58 66 53 54 53 58 63 63 64 64 61 64 55 54 48 71 60 57 57 60 56 51 57 55 64 54 59 63 51 67 68 65 61 60 60 55 68 64 66 53 67 63 62 
65 70 61 64 64 62 58 61 68 75 57 63 58 65 61 59 61 60 63 66 63 58 56 64 62 67 51 71 64 70 58 68 61 61 58 67 58 56 68 49 71 65 70 66 61 68 52 55 60 64 62 61 60 69 65 57 64 58 57 58 72 67 55 62 56 56 61 67 63 68 56 60 57 63 61 71 60 63 66 70 73 64 72 69 63 57 70 73 60 54 61 65 67 54 63 58 66 62 68 65 67 68 70 63 60 64 71 62 62 65 73 65 58 71 63 78 62 59 64 70 68 63 61 63 69 58 67 64 65 64 60 55 62 66 60 58 59 66 58 68 60 59 52 71 66 67 66 59 67 56 54 70 51 63 58 62 65 58 59 58 56 67 66 62 57 58 61 60 63 59 64 63 62 63 56 61 59 67 53 58 66 57 65 60 57 58 62 65 69 49 68 63 59 60 60 64 67 69 58 67 58 52 61 61 53 58 66 62 70 53 64 61 59 55 64 57 60 61 63 62 63 64 73 62 70 57 59 52 69 61 57 67 67 57 54 65 61 64 58 65 61 59 63 64 62 58 70 56 68 65 67 56 62 72 60 67 
72 79 67 67 66 69 59 69 62 81 69 74 70 59 54 60 66 72 77 62 68 59 60 69 59 72 60 68 77 70 66 72 63 72 63 61 56 65 64 54 68 58 71 77 68 65 75 62 65 65 71 59 62 68 63 62 69 66 55 65 71 72 60 61 53 64 62 66 65 74 58 71 55 63 65 72 64 77 60 71 68 63 72 62 68 63 72 75 66 51 65 65 58 67 68 66 66 62 74 63 68 67 68 62 67 51 68 66 64 62 73 67 69 65 68 80 70 64 70 71 66 61 64 72 66 62 67 65 70 56 73 64 65 75 63 60 59 63 78 66 62 61 56 71 63 64 65 65 62 75 69 71 71 69 67 62 63 67 68 56 59 73 69 64 58 56 64 57 60 62 67 59 70 63 62 59 63 72 60 58 70 61 66 54 66 67 72 61 67 57 76 68 54 63 71 69 68 66 60 65 56 61 72 72 57 57 66 63 65 59 66 55 64 63 73 60 58 60 61 61 60 68 68 72 68 71 62 58 67 68 59 58 68 54 51 64 63 70 62 67 66 57 65 63 77 60 67 57 61 71 67 67 68 69 60 60 
67 70 58 65 62 68 55 69 59 79 64 76 65 62 62 58 60 70 73 60 70 64 57 61 63 70 63 70 69 68 51 58 62 68 64 68 57 68 67 56 65 59 65 68 68 71 64 64 58 72 64 63 59 61 76 70 70 64 65 62 71 71 66 65 61 65 66 68 70 68 52 65 52 66 67 65 60 66 64 65 72 65 70 60 63 66 65 65 59 54 68 66 63 59 69 59 63 59 66 61 65 70 72 56 65 60 63 65 62 70 68 61 65 62 59 74 72 58 57 70 68 66 72 67 62 60 68 68 72 58 61 58 63 68 61 64 66 58 70 75 62 63 55 65 58 68 75 62 68 61 64 65 65 76 66 64 57 65 68 57 70 72 67 60 70 58 66 58 61 57 60 65 67 65 63 61 64 60 58 63 70 56 67 63 68 60 59 62 66 58 64 60 53 70 64 69 64 64 60 64 60 60 65 67 55 61 65 58 66 60 62 63 71 64 73 56 64 54 67 63 72 70 65 65 67 56 65 58 60 68 62 69 70 58 58 65 57 61 60 66 64 60 65 70 64 62 69 59 62 65 68 62 61 71 73 67 
65 71 64 68 61 66 60 60 65 68 62 66 62 55 63 53 62 69 60 60 61 60 54 71 56 61 47 64 72 69 59 72 65 62 55 64 46 52 61 53 63 60 74 65 71 62 57 59 64 65 60 55 55 66 56 59 62 60 54 58 66 61 61 61 65 60 56 65 61 66 52 59 59 58 66 73 60 59 58 68 69 68 69 62 65 49 67 59 57 53 55 65 64 59 70 55 68 56 69 57 64 63 62 57 67 57 67 61 64 64 66 58 58 59 57 73 70 58 63 69 60 58 63 63 61 57 61 58 57 62 65 56 56 65 56 58 57 65 66 59 65 61 51 72 61 69 68 55 61 66 68 66 53 61 63 66 53 62 61 48 57 63 65 62 58 59 63 56 60 51 63 53 60 67 61 61 63 66 46 52 63 57 67 51 61 61 62 58 58 54 55 61 55 63 57 63 63 65 55 68 55 54 71 67 59 56 58 57 69 57 64 44 65 51 61 59 59 56 59 67 62 66 73 58 60 61 63 56 66 59 54 66 70 61 53 56 66 65 64 62 67 56 63 69 53 51 67 60 53 55 60 56 60 70 61 66 
70 62 67 66 68 66 50 73 63 72 67 66 58 63 63 59 59 74 71 62 60 61 62 57 65 68 59 74 63 70 71 65 63 67 65 63 59 64 73 51 71 69 67 70 62 64 64 64 60 64 61 60 60 64 65 66 74 60 64 60 74 60 63 71 61 67 57 67 63 70 59 64 60 67 71 70 63 66 61 72 72 69 73 61 69 63 76 75 58 53 70 60 55 60 67 57 72 58 71 61 67 60 70 68 68 51 66 69 64 73 67 62 59 67 69 69 71 63 60 71 65 62 60 60 71 56 69 65 60 65 67 64 64 70 64 64 62 67 74 58 59 57 61 67 68 66 63 61 71 66 63 67 58 63 63 53 64 63 62 58 63 60 74 68 63 57 67 58 56 60 62 60 61 65 65 70 53 61 55 59 64 57 66 54 53 64 63 65 73 63 74 68 57 69 64 65 68 67 63 68 56 60 71 67 59 60 68 57 69 61 61 60 73 68 67 69 54 57 63 65 60 70 72 64 62 59 59 52 74 70 66 72 62 59 56 63 67 69 71 62 62 70 65 62 63 57 66 65 59 69 75 64 65 69 67 68 
70 65 60 60 62 61 60 66 67 76 67 63 60 60 55 54 56 69 73 62 62 61 62 61 58 64 60 70 76 64 66 59 63 70 58 65 51 60 54 63 64 60 67 69 65 67 67 68 59 64 60 62 60 65 67 61 73 55 70 57 59 70 54 61 60 58 62 70 63 69 58 60 61 69 64 79 69 68 59 80 67 70 70 56 59 59 70 72 59 51 65 66 53 59 57 57 69 60 68 60 68 65 70 56 64 49 78 60 64 74 68 58 63 72 66 81 72 60 56 71 64 62 62 70 69 57 74 67 70 60 72 63 64 58 65 72 61 60 72 64 60 71 61 62 62 72 67 59 61 63 57 68 55 73 65 57 57 64 62 58 69 59 65 63 64 61 61 54 61 56 64 51 61 67 62 62 60 64 52 49 71 51 66 54 64 60 55 71 61 58 72 59 58 61 58 73 69 66 64 71 53 57 67 67 61 60 65 65 66 58 66 51 65 62 73 60 54 57 59 71 55 69 62 61 64 55 62 54 72 63 62 63 67 65 50 57 65 66 56 69 63 59 69 65 68 57 61 51 56 70 63 67 67 71 70 67 
70 78 71 68 71 67 57 73 70 80 72 64 65 61 58 64 69 74 72 61 69 68 56 72 68 70 58 69 70 71 70 63 79 77 63 75 50 63 67 62 73 66 72 71 69 71 66 71 62 69 67 70 59 69 68 66 77 65 69 65 70 67 62 66 57 67 66 72 67 75 62 68 61 74 73 73 73 69 67 78 77 71 73 59 73 66 65 71 69 55 70 65 70 59 75 56 80 60 73 57 69 64 77 61 68 48 74 63 69 67 71 63 75 65 70 84 76 62 63 69 73 67 69 68 72 65 72 67 63 60 55 75 67 65 66 71 69 65 73 73 66 64 60 65 69 72 74 65 70 67 64 69 57 67 66 58 63 64 72 64 66 69 73 64 68 69 74 58 59 61 69 52 73 66 67 62 64 69 58 59 74 59 69 56 63 64 60 72 59 56 70 65 60 76 68 74 77 66 65 71 55 64 71 69 61 67 63 61 74 68 69 63 75 66 65 60 61 59 69 73 67 81 71 64 59 65 61 53 70 68 64 68 70 60 58 63 74 74 65 73 69 63 65 65 71 64 68 64 57 73 69 69 75 69 63 72 
61 70 60 63 64 58 59 64 61 69 65 72 60 59 60 60 59 65 66 63 64 64 55 72 66 61 63 83 65 65 58 71 68 56 67 68 56 60 59 54 64 55 66 66 63 72 53 62 63 65 51 57 59 65 65 68 71 58 58 56 74 69 59 61 52 58 58 66 62 73 55 60 63 63 71 65 66 76 54 68 73 63 66 60 63 60 68 64 59 52 65 69 57 53 66 61 68 59 63 62 68 68 64 60 67 53 70 63 57 67 75 65 68 61 64 77 74 67 59 67 64 68 60 59 67 50 66 66 67 58 67 62 70 65 67 70 63 68 70 66 59 58 54 74 61 71 58 64 58 62 61 65 57 70 61 59 57 59 67 63 66 69 71 57 62 64 60 57 58 65 61 52 67 70 63 54 60 58 52 63 68 57 59 61 63 59 49 70 66 47 67 59 51 71 63 59 59 64 62 57 58 60 63 63 55 64 62 63 63 56 65 66 56 58 68 68 53 56 65 71 59 71 67 62 61 60 63 45 66 63 62 68 62 54 56 56 58 56 59 68 66 56 68 61 69 59 58 59 56 74 68 63 55 73 58 59 
63 73 64 64 60 59 49 60 67 69 65 61 61 58 64 61 70 64 65 64 63 63 49 61 56 69 56 63 63 60 62 58 61 61 68 65 44 60 62 56 64 61 61 61 63 61 56 65 62 69 68 57 57 62 56 51 63 68 55 58 71 72 62 67 52 58 63 63 64 75 60 60 56 61 68 67 63 64 61 65 64 65 62 56 57 63 67 66 58 52 68 67 65 63 63 53 69 66 63 65 61 57 65 61 62 59 70 64 60 63 65 57 71 59 57 66 69 59 53 68 64 57 50 60 64 57 69 57 67 59 68 60 60 61 58 59 56 62 75 60 55 66 57 61 55 69 68 67 60 64 58 63 57 60 65 59 59 56 67 62 60 62 64 60 52 65 69 51 64 61 70 59 62 64 63 59 56 62 55 58 70 56 67 48 65 58 55 67 63 52 67 73 56 70 54 70 62 64 57 62 56 57 57 62 58 56 54 58 58 62 62 57 63 57 67 58 59 48 59 63 55 69 63 63 61 53 55 62 77 70 60 64 63 59 42 57 67 70 60 61 63 55 65 65 60 52 57 53 57 63 66 64 64 68 62 71 
63 65 65 60 54 63 55 61 58 73 61 68 54 58 61 60 63 62 67 50 66 55 54 57 52 60 59 65 57 63 56 61 63 58 53 62 51 57 59 54 69 59 63 63 66 64 56 58 53 60 59 54 61 57 60 59 61 58 53 58 68 66 52 64 55 55 61 58 54 67 53 60 51 58 59 64 54 61 59 62 68 59 68 53 60 58 63 60 52 52 62 62 59 52 62 59 67 53 61 61 60 60 59 60 54 52 53 56 57 64 60 54 64 58 56 68 69 60 52 69 63 59 59 66 51 49 70 60 62 55 60 59 59 65 61 58 51 57 65 59 58 54 63 61 53 63 65 60 67 55 61 56 48 61 62 60 55 59 65 51 63 61 64 57 62 51 58 52 57 55 54 54 53 61 59 60 60 65 50 51 65 56 55 50 55 56 57 60 61 47 64 64 48 64 63 60 56 67 51 56 45 56 59 56 53 55 58 60 63 57 60 53 60 52 68 54 53 55 54 55 58 68 64 63 56 50 58 49 56 62 54 64 60 55 58 61 56 59 59 61 55 55 59 54 62 53 59 47 53 62 57 60 63 61 56 63 
74 83 76 73 77 65 67 71 78 84 67 72 68 67 70 67 77 69 79 70 77 70 59 72 65 75 66 81 74 77 73 76 77 79 67 79 61 67 71 61 84 70 75 80 81 74 66 66 65 80 69 61 75 83 73 61 77 69 66 63 71 74 70 76 59 71 64 72 72 79 64 72 64 66 69 74 66 80 75 75 67 69 80 67 73 68 73 81 60 59 73 77 69 70 78 66 82 71 78 68 76 66 70 63 72 63 76 73 61 81 70 69 67 67 65 86 83 67 63 76 73 73 71 73 71 62 83 62 79 68 74 70 69 74 71 64 65 73 82 76 72 69 60 72 70 75 76 79 72 65 76 77 62 72 71 71 68 71 79 63 71 69 77 74 68 70 78 65 67 67 77 66 70 66 76 68 73 73 66 60 82 69 69 65 68 62 68 73 71 56 74 70 63 75 65 80 73 75 66 64 61 69 77 78 67 71 66 64 75 65 72 68 79 70 70 77 69 61 72 75 66 78 79 75 81 64 69 67 76 81 66 84 73 69 66 68 67 78 81 70 70 70 72 73 78 70 73 69 69 74 71 73 78 85 67 76 
59 68 58 65 60 75 51 70 65 78 70 64 61 63 57 61 67 66 69 62 63 66 51 69 63 64 54 70 69 61 63 60 63 63 65 63 65 57 62 55 65 58 70 67 61 65 59 68 60 65 62 56 59 68 67 63 75 60 57 59 72 66 58 61 50 66 58 66 67 67 64 68 62 65 68 64 64 66 55 67 66 62 66 61 61 59 68 66 55 52 60 59 58 61 70 59 69 60 68 65 66 68 61 62 58 64 68 68 63 65 64 63 65 69 55 81 68 65 55 61 63 57 59 68 74 54 69 63 65 59 67 66 56 68 57 68 55 62 78 66 65 69 49 69 66 72 58 65 75 53 58 65 58 71 54 58 58 58 63 60 60 70 66 59 51 58 58 55 61 59 65 54 65 62 57 56 55 61 55 52 74 57 59 52 61 54 56 65 62 52 63 68 47 75 63 67 60 61 69 62 56 51 67 70 57 52 60 66 58 65 67 60 62 48 59 62 60 54 70 64 57 69 73 60 56 65 58 56 66 67 62 67 68 63 51 54 64 71 71 68 64 59 64 67 69 57 64 56 57 67 65 66 62 63 64 59 
66 66 54 67 64 66 52 67 55 62 62 66 58 56 57 59 59 68 61 69 62 64 48 59 55 70 51 67 64 62 61 57 62 68 63 63 51 56 54 60 71 61 60 58 66 62 56 60 52 60 59 56 49 58 60 57 66 61 55 53 63 68 59 58 52 54 57 57 64 66 52 60 61 59 64 71 59 68 63 63 66 64 58 51 62 56 57 66 55 45 59 70 59 62 59 56 64 58 61 58 57 61 60 59 61 56 60 58 65 59 61 60 70 60 52 67 66 59 62 63 60 54 60 61 63 59 65 61 57 64 68 65 61 56 60 65 60 61 66 58 58 57 53 60 56 62 54 58 69 63 52 64 62 66 62 62 56 53 65 57 59 60 61 61 60 56 68 53 63 54 62 56 69 64 63 61 60 58 48 56 61 54 57 62 59 59 61 64 56 53 61 64 57 67 61 65 64 63 55 66 54 59 67 60 50 55 58 54 65 60 59 55 62 58 61 51 62 47 56 63 55 68 61 65 59 59 61 49 56 56 60 53 52 56 50 63 52 62 47 61 63 47 66 64 56 58 62 62 54 63 62 65 62 71 52 54 
73 76 62 68 59 66 59 69 73 70 69 65 66 67 64 71 67 71 71 69 74 64 60 68 59 74 58 67 80 63 68 67 73 74 64 64 51 60 64 64 72 67 70 70 80 74 65 71 59 71 60 60 61 71 71 61 73 69 65 61 73 70 56 72 70 65 66 76 67 76 65 73 62 71 74 73 66 68 63 75 79 72 70 63 70 57 79 64 63 57 68 66 63 57 70 54 81 69 64 61 67 70 71 74 72 63 65 65 67 70 75 57 64 73 59 71 75 67 64 76 74 63 59 64 70 59 76 66 69 67 71 74 65 71 60 66 67 69 74 68 65 64 64 71 69 68 72 61 67 72 63 70 59 76 68 69 66 60 70 56 69 63 69 66 64 64 68 59 59 65 64 62 73 73 69 62 59 67 55 64 72 61 70 59 60 62 61 77 64 54 65 72 67 74 65 71 71 73 62 62 70 64 70 67 64 70 65 62 71 63 67 63 72 74 68 66 65 60 63 70 64 72 67 69 68 63 62 55 76 58 70 70 73 61 61 72 70 75 60 68 69 53 71 68 65 62 68 62 68 69 62 68 70 80 63 75 
69 62 72 56 58 70 52 64 61 67 64 64 52 57 55 60 53 63 81 59 60 57 56 64 53 63 54 66 67 66 64 69 61 71 61 63 52 58 55 51 64 64 59 59 68 69 61 63 58 70 57 63 62 68 66 57 71 52 59 60 70 60 53 69 56 59 60 66 60 67 55 66 60 58 61 64 57 69 54 74 72 70 70 59 72 57 67 61 52 51 54 68 53 53 64 60 70 59 63 56 64 68 62 59 52 56 68 60 60 68 68 60 63 61 62 75 70 62 58 68 60 64 55 63 55 50 66 59 70 56 70 59 64 69 57 60 62 54 67 57 57 55 54 66 61 72 61 64 64 58 59 60 58 68 61 64 53 62 64 50 55 69 75 58 56 62 61 51 60 55 64 56 60 60 61 62 54 58 56 58 62 63 60 55 55 64 50 65 67 46 74 59 60 71 66 68 62 68 55 62 50 55 63 60 58 57 65 63 66 58 68 56 61 56 67 69 57 57 58 61 62 66 69 64 62 55 56 55 65 62 61 63 54 57 57 63 66 65 60 57 55 55 67 60 63 57 53 59 62 67 62 64 65 57 65 62 
55 65 60 53 58 51 55 60 64 66 55 70 63 61 57 59 56 52 60 62 70 53 55 61 57 61 52 69 66 61 68 60 61 62 61 64 56 57 59 56 64 62 63 58 62 70 58 66 53 57 58 54 59 61 55 61 67 62 54 54 62 55 59 65 54 54 60 59 61 71 50 62 52 55 66 65 57 71 60 71 64 64 65 60 60 47 65 73 45 46 62 63 63 56 57 54 57 61 59 57 58 59 63 63 55 58 63 59 59 60 58 64 61 59 53 69 65 62 56 63 62 56 50 63 62 51 69 63 61 59 59 59 57 62 53 59 57 69 62 60 51 51 48 67 59 63 61 54 63 54 60 75 66 64 56 57 55 59 65 53 58 63 70 57 61 58 56 56 53 58 54 57 70 58 60 61 51 60 49 55 72 55 65 58 61 58 60 66 56 56 59 59 48 66 62 64 60 60 63 58 57 60 60 61 54 50 64 56 61 54 65 56 64 59 64 57 48 54 56 57 50 68 69 62 65 54 55 46 63 60 59 64 62 51 58 59 56 70 53 55 55 52 71 62 63 62 62 53 64 61 61 55 58 68 58 61 
66 60 60 60 59 64 57 63 65 68 64 68 59 62 63 57 55 63 67 60 64 66 54 69 61 58 62 69 70 61 57 58 68 61 61 62 47 61 57 51 67 59 64 57 60 61 64 63 60 66 58 62 50 62 60 59 69 54 57 51 58 67 57 66 52 59 60 64 60 63 63 59 56 61 67 73 60 61 57 72 69 66 64 57 61 55 70 63 57 54 65 64 59 57 63 51 64 65 71 57 67 63 70 55 56 54 72 58 55 62 59 54 61 60 64 75 71 57 60 65 60 58 60 60 62 55 68 63 66 59 61 55 59 56 64 53 60 54 65 66 58 65 60 60 65 70 65 52 61 63 62 72 49 60 65 60 52 63 64 55 59 67 63 61 57 67 59 57 56 60 60 58 62 57 65 61 69 60 61 59 71 62 60 45 59 59 52 61 57 52 63 62 53 64 61 62 63 66 59 71 55 53 63 68 58 60 64 60 67 55 56 59 68 56 67 57 50 49 59 56 63 70 62 67 68 57 59 50 59 59 54 67 64 64 52 59 67 65 62 61 61 55 58 62 63 63 62 48 61 60 56 67 58 63 58 64 
56 59 55 51 52 63 45 70 60 61 56 69 57 52 60 55 59 61 56 62 64 67 54 61 52 61 53 61 58 58 52 53 63 57 57 58 51 52 62 54 64 55 62 58 67 58 54 64 57 65 63 50 57 61 54 57 67 60 58 50 67 62 56 56 49 61 55 56 59 59 58 57 56 56 60 60 55 59 54 60 68 57 57 55 54 53 68 63 56 50 58 53 56 55 60 57 58 51 67 53 60 60 58 60 55 52 64 60 57 66 62 58 60 56 58 71 63 58 52 58 61 53 52 62 61 52 69 58 59 59 58 56 61 60 56 65 50 50 66 62 46 54 50 55 63 64 53 50 66 60 55 59 56 63 62 58 48 60 56 64 57 57 53 58 52 61 64 50 61 55 58 53 56 57 66 62 57 59 51 53 64 62 62 55 64 57 54 53 57 54 67 60 47 67 53 56 58 62 57 51 49 58 56 65 53 56 57 55 56 55 55 57 57 52 57 49 55 49 57 62 60 69 61 65 52 58 61 52 60 59 52 52 59 56 54 54 61 60 47 60 57 48 61 62 63 53 55 46 55 60 60 62 57 58 53 49 
70 68 62 66 60 64 53 74 69 71 60 72 68 66 60 62 72 60 62 64 67 72 66 68 61 73 53 72 65 64 67 67 69 70 58 66 65 59 63 59 70 69 67 70 73 69 58 62 53 62 60 59 63 64 71 64 71 64 60 59 76 69 62 66 53 61 64 71 68 73 51 64 62 64 70 68 68 67 63 66 71 62 71 65 68 58 67 64 57 56 68 68 60 58 73 63 73 60 68 63 62 64 62 60 66 59 66 68 59 76 69 64 69 65 56 79 71 66 65 70 68 65 64 68 74 52 70 65 69 68 71 72 64 77 61 65 56 65 77 62 67 63 55 60 59 72 66 69 69 58 67 69 59 76 67 67 60 63 69 57 63 67 71 70 62 72 71 63 71 61 62 59 65 67 62 63 56 65 54 64 68 63 61 63 60 65 66 63 64 62 65 71 63 69 63 61 67 69 63 60 59 64 71 64 57 56 68 65 66 56 59 53 68 62 66 63 61 54 61 61 59 72 72 70 53 58 67 63 69 62 63 71 58 55 55 67 65 68 56 62 60 59 68 55 73 56 66 61 62 69 71 65 66 71 62 74 
61 65 58 56 63 62 57 59 55 65 61 67 58 56 61 52 57 63 61 59 66 57 47 60 57 63 54 66 69 61 60 61 61 66 64 58 49 69 57 47 63 59 62 64 63 64 62 57 61 59 59 55 53 65 57 57 63 68 54 54 59 54 59 67 51 62 56 61 60 66 52 60 55 57 65 54 58 67 55 66 58 64 62 50 62 51 68 61 62 53 61 64 56 55 69 58 58 56 68 56 64 55 62 55 64 50 62 56 53 58 55 58 60 63 50 67 62 54 54 69 61 59 66 55 56 54 64 54 60 56 64 69 64 63 68 57 51 59 68 64 55 51 50 67 52 68 61 47 59 67 57 62 57 67 62 54 61 58 58 55 58 56 64 60 55 57 67 55 56 56 66 53 60 56 70 57 59 56 48 52 62 56 68 53 57 54 61 64 57 49 67 51 49 61 55 62 68 62 57 52 51 58 70 70 49 59 62 53 62 58 64 56 66 54 60 57 53 48 56 65 58 72 57 64 52 61 51 53 65 60 58 64 56 54 52 57 63 65 64 60 62 51 60 66 64 63 58 52 57 60 59 55 59 69 55 61 
61 59 54 63 62 58 54 61 56 63 60 68 60 63 51 55 61 71 68 59 63 58 53 65 53 63 51 67 64 59 64 57 66 66 59 52 55 62 68 55 61 56 63 64 61 64 59 61 54 58 58 49 58 62 63 62 70 64 59 56 72 63 56 62 54 72 61 64 62 67 49 60 58 63 65 63 65 64 58 69 68 64 58 62 62 57 69 69 51 55 60 57 57 60 61 54 64 63 68 60 67 65 67 61 64 53 66 65 64 63 59 57 64 67 68 67 69 60 57 62 64 59 51 52 66 48 59 61 65 51 60 66 63 60 62 65 56 59 74 58 53 52 58 60 59 63 67 57 62 68 56 67 56 66 63 51 57 60 57 57 61 62 64 61 55 56 68 58 64 58 65 47 63 64 61 53 58 63 50 52 61 60 61 53 57 55 53 61 59 62 66 63 54 65 57 60 61 64 60 58 57 57 64 65 64 57 55 57 62 59 59 52 69 58 64 66 57 54 58 65 53 62 63 60 59 58 66 51 62 60 60 56 62 46 55 62 59 69 56 64 70 62 64 63 67 49 69 53 55 65 61 56 61 68 63 66 
65 71 67 64 64 62 51 73 68 79 69 70 60 69 65 67 67 72 65 63 61 63 64 71 60 74 69 79 69 62 63 61 68 67 59 74 58 61 65 55 75 67 71 62 78 73 61 63 59 68 61 57 57 69 73 72 72 67 56 56 71 73 56 66 51 59 69 70 62 66 58 62 64 76 72 60 60 74 60 68 70 68 65 68 64 67 73 63 64 58 73 68 65 58 72 63 78 65 64 63 69 66 66 68 66 54 69 62 69 73 67 68 66 63 57 73 77 70 66 72 68 55 66 72 65 59 74 64 71 65 64 71 63 68 71 74 61 64 71 70 59 62 62 64 66 72 66 60 70 66 65 74 50 69 61 63 62 68 70 57 71 69 70 75 63 64 69 64 56 60 60 59 68 65 65 65 60 62 60 58 71 61 65 63 69 65 59 66 65 55 63 72 64 68 64 61 68 56 59 64 56 58 69 63 56 60 70 61 65 60 67 67 67 64 66 64 62 55 62 70 58 75 68 65 63 62 60 55 71 62 63 73 65 55 55 65 69 63 67 67 73 51 77 65 72 52 67 55 61 74 61 66 55 77 63 74 
73 76 68 71 64 63 60 76 71 74 78 72 63 67 66 61 60 79 72 70 77 60 54 68 65 71 63 77 76 67 66 68 74 71 68 63 63 69 62 56 75 68 71 69 71 67 60 68 60 62 64 64 61 68 66 65 77 68 67 57 77 77 71 59 54 65 64 57 76 74 58 64 50 66 75 74 69 71 66 73 65 69 70 67 74 57 72 72 68 53 72 68 62 57 69 59 72 67 69 64 68 71 69 63 60 65 72 60 67 69 68 62 67 65 71 85 75 60 66 78 65 66 65 60 71 73 72 67 71 66 68 68 66 69 61 61 68 62 73 65 59 64 56 68 68 72 73 68 65 67 70 65 63 77 65 72 59 62 67 60 66 70 72 65 64 67 74 64 66 61 65 64 72 72 64 62 64 68 54 59 68 60 68 57 64 62 63 74 71 63 70 71 56 63 60 73 74 65 60 69 57 59 65 71 59 57 70 59 75 71 64 57 82 64 69 60 66 53 73 66 59 83 70 71 61 66 52 60 74 65 56 72 61 61 56 69 67 69 63 66 68 56 69 66 71 70 65 60 61 74 63 62 72 78 68 73 
63 78 61 58 63 76 52 67 71 74 67 72 76 63 67 56 68 70 71 63 64 60 57 65 60 72 63 70 70 71 56 65 69 72 56 70 44 64 68 52 75 61 70 66 75 68 53 62 65 70 62 56 64 67 68 57 74 64 61 59 68 67 57 63 53 62 63 72 67 78 58 64 59 70 67 68 67 68 56 78 67 64 65 61 64 61 76 62 64 51 64 64 62 61 67 73 72 61 67 63 70 66 69 65 66 62 65 73 68 76 72 69 68 67 60 77 73 65 62 73 71 64 67 60 68 62 73 62 68 68 71 68 66 62 72 67 55 66 75 59 60 61 59 67 59 78 68 66 72 64 66 68 59 74 63 65 60 71 66 65 62 68 66 68 62 53 74 58 59 52 72 63 63 68 70 70 65 67 54 62 76 58 69 60 63 60 62 61 63 50 68 74 59 62 61 74 71 56 62 66 47 60 65 64 59 61 60 58 67 67 68 55 67 62 66 63 62 53 68 68 64 71 74 70 66 68 66 62 70 65 63 65 66 58 60 61 64 71 71 72 66 57 71 70 67 57 64 63 58 66 65 70 66 71 70 71 
65 57 57 52 59 55 61 55 59 59 58 68 58 51 56 58 61 62 70 51 66 56 49 60 47 64 54 66 69 59 60 60 64 58 57 65 49 65 61 45 64 51 61 61 59 60 57 58 62 56 56 53 55 59 50 57 57 64 54 54 65 62 54 60 53 52 60 63 54 67 53 63 58 51 58 65 62 60 55 71 59 57 59 52 56 49 64 64 60 50 61 61 46 52 51 53 58 59 68 58 58 62 59 52 57 47 67 52 53 64 62 53 59 50 60 70 72 56 56 64 56 59 54 60 52 49 64 58 62 59 68 61 67 68 60 56 49 55 56 60 59 58 60 64 60 61 63 57 59 67 61 60 55 60 52 56 56 61 63 52 63 54 67 58 55 59 58 52 53 59 59 50 63 58 57 57 64 63 50 61 62 59 54 47 55 57 53 58 56 48 62 53 52 58 61 55 59 68 52 54 53 56 61 55 58 53 60 55 64 50 70 50 59 56 62 60 46 58 55 63 64 58 62 54 53 55 59 55 63 61 53 61 57 54 54 58 55 60 58 57 62 53 59 54 68 55 53 53 50 54 60 57 61 72 60 63 
59 61 61 58 55 61 51 56 65 70 56 61 48 65 56 55 61 67 65 54 60 62 63 58 58 57 52 64 64 54 68 58 59 60 48 62 55 60 57 48 70 56 62 60 62 65 59 52 51 66 56 57 57 64 65 60 68 53 62 57 68 62 56 63 52 59 55 64 59 56 52 59 57 71 61 60 59 61 52 74 62 62 60 61 57 60 73 64 57 52 55 52 50 50 59 53 58 62 71 58 58 62 61 57 53 59 65 58 65 64 61 55 61 61 62 74 69 56 53 63 55 53 61 57 66 58 70 61 60 59 64 63 61 66 53 57 56 59 64 61 62 57 43 58 61 68 65 60 68 56 52 57 48 62 59 61 55 62 63 53 63 61 61 62 50 56 59 50 63 53 58 51 61 60 58 56 54 66 50 59 57 64 60 55 65 45 58 64 58 51 65 64 55 56 60 59 54 59 62 64 46 52 63 57 53 52 57 53 63 51 54 51 60 56 63 61 51 58 64 66 56 64 64 61 60 53 54 47 70 59 55 59 54 60 54 61 56 59 57 63 59 53 68 64 65 58 59 51 56 63 63 66 55 59 59 64 
70 74 70 68 65 76 65 63 67 76 68 73 67 64 57 63 71 76 66 63 66 58 63 75 65 72 66 74 73 78 60 75 63 70 67 67 56 64 66 59 71 64 68 69 71 68 71 65 69 60 66 59 59 70 61 65 74 62 65 72 70 68 67 66 61 63 66 68 73 68 59 72 58 65 66 72 65 70 64 81 78 63 69 61 71 57 73 67 69 52 71 71 53 58 71 66 67 59 70 61 66 69 70 61 70 54 69 68 67 69 72 66 63 75 65 75 68 55 69 77 70 70 68 68 73 56 67 63 66 63 66 75 65 73 66 63 64 58 78 69 59 66 61 67 66 68 66 63 66 66 67 69 57 72 66 63 58 69 74 58 62 69 68 70 69 66 68 59 58 67 60 63 61 68 68 63 69 69 51 57 63 63 64 58 64 67 65 62 68 54 72 69 54 72 61 71 66 67 64 63 56 57 72 69 58 72 57 62 70 59 64 62 67 56 75 67 55 55 61 74 67 70 73 70 63 66 65 56 66 73 70 70 76 60 60 59 69 67 60 67 68 60 65 71 72 57 62 59 59 73 67 66 69 71 67 69 
74 72 64 69 72 77 54 66 64 74 69 77 70 68 66 59 75 69 79 68 66 59 59 70 68 74 59 75 73 73 68 74 76 79 64 61 50 63 71 57 78 74 77 74 77 78 67 68 66 70 73 67 68 61 64 61 72 67 69 66 78 67 61 67 64 68 61 67 72 68 66 66 68 68 72 73 62 70 65 72 74 71 76 60 67 61 80 71 61 61 64 74 71 67 76 61 69 54 77 63 69 70 73 63 64 61 78 65 64 78 68 69 67 65 61 86 81 70 70 75 66 67 71 71 65 53 69 63 71 72 71 61 71 73 69 60 62 64 71 72 66 63 64 67 67 76 82 60 67 70 63 72 63 67 65 68 62 65 66 60 67 67 79 64 63 68 76 61 72 60 68 61 68 63 62 68 62 74 59 60 70 64 68 61 63 63 61 67 68 50 75 60 61 63 58 72 72 68 67 65 52 70 79 70 61 65 68 65 76 69 76 59 74 63 74 67 62 62 61 72 70 77 78 72 61 65 74 66 72 67 65 78 71 57 63 65 70 68 65 71 69 58 72 66 67 60 74 63 65 66 69 67 74 74 71 67 
50 63 58 56 60 60 59 68 64 71 72 71 63 62 60 59 63 57 66 56 62 58 52 63 67 65 61 74 71 62 70 70 63 59 66 68 58 59 64 61 69 51 64 70 67 65 58 75 57 64 57 56 62 64 63 60 73 64 67 67 73 62 57 70 56 62 56 69 65 73 55 66 58 57 67 64 65 67 61 73 63 69 65 56 65 64 65 69 51 49 59 62 58 50 70 60 66 60 65 57 71 61 67 68 60 55 58 70 61 63 60 58 63 66 55 72 72 64 56 60 65 72 60 60 61 47 69 61 65 63 65 64 64 69 56 61 59 68 63 69 58 49 50 68 58 70 64 52 66 57 64 66 60 65 63 61 67 61 62 55 71 60 74 69 62 60 66 61 63 65 67 67 65 62 67 62 60 65 57 59 66 56 64 58 61 53 53 67 68 50 62 65 62 65 69 65 61 65 55 53 57 58 64 67 58 62 76 56 63 60 65 56 64 65 66 62 53 59 60 63 59 70 67 69 71 61 56 55 70 58 56 63 68 55 60 55 59 67 62 68 56 59 69 66 67 57 68 57 63 66 63 66 64 71 61 65 
69 64 61 61 65 63 69 66 69 74 70 74 69 58 65 66 65 68 74 65 66 56 58 63 63 62 63 72 66 60 70 72 59 65 62 66 58 60 67 53 73 58 68 60 74 73 69 63 59 72 66 61 63 65 67 66 77 63 66 58 71 81 69 68 54 66 63 68 65 63 57 66 60 62 68 65 59 66 61 73 70 74 61 57 66 64 67 72 63 53 69 68 61 62 62 64 67 62 68 59 71 61 67 57 60 63 62 71 63 74 66 68 70 67 56 68 74 62 62 63 64 69 55 61 67 59 62 65 72 63 61 64 64 62 60 61 56 66 70 62 58 57 64 67 64 73 73 64 69 63 68 72 57 67 61 58 63 67 73 67 74 65 66 66 57 65 70 62 62 64 66 63 64 62 70 61 61 74 59 57 70 61 69 62 70 59 57 63 67 59 60 68 55 67 68 71 62 58 66 58 65 65 68 71 60 63 65 57 71 63 71 58 66 64 70 62 54 62 66 70 66 74 67 78 66 60 67 60 72 62 66 69 63 61 58 57 57 70 61 63 64 59 66 79 71 57 68 60 58 69 62 61 65 75 65 66 
65 66 64 56 64 69 57 63 61 75 71 71 64 67 63 64 61 61 77 62 68 60 60 61 64 68 56 70 72 58 59 67 70 64 66 67 53 63 66 52 63 62 73 67 66 65 61 62 67 64 61 55 60 68 61 60 70 68 57 60 61 66 62 65 63 58 65 68 64 76 54 62 65 67 69 71 63 69 62 67 67 59 75 61 60 57 72 63 57 47 63 67 56 61 66 59 68 62 62 54 70 70 62 64 61 58 64 56 64 69 68 69 60 65 62 75 66 58 60 68 71 54 66 59 61 50 59 62 69 57 62 64 58 72 58 65 60 72 70 65 59 55 58 74 57 67 64 60 68 70 61 70 61 66 60 64 62 52 58 61 63 64 60 66 67 57 64 55 57 65 64 54 60 74 68 56 56 66 52 56 66 52 67 57 59 66 54 59 64 50 67 63 55 65 69 67 64 65 60 58 58 60 70 67 63 59 63 60 61 69 64 56 65 59 67 65 59 56 66 64 61 61 63 71 56 59 64 59 71 60 65 66 63 58 59 56 58 65 63 68 69 55 63 62 63 53 61 56 58 69 59 57 63 70 66 69 
72 65 61 62 68 72 63 64 73 75 72 75 66 63 62 64 66 76 74 68 75 68 56 65 65 73 57 71 71 60 58 65 68 70 67 70 57 57 61 55 78 64 58 70 70 67 68 55 68 70 60 63 60 72 65 64 66 61 61 64 70 62 63 74 64 59 59 60 64 69 58 67 55 63 63 74 65 65 62 73 73 72 73 58 64 55 69 68 65 50 69 69 51 62 66 61 71 64 71 52 64 69 71 64 64 54 59 68 65 66 65 62 67 67 63 74 62 59 64 70 68 60 61 67 65 51 64 63 64 67 61 61 61 67 54 60 58 57 70 72 63 61 60 67 65 65 62 62 72 59 69 69 53 69 59 65 61 61 69 61 70 72 61 68 61 66 66 56 58 69 65 54 66 68 69 61 60 68 52 60 57 61 65 49 65 61 63 61 64 57 68 68 56 68 64 68 67 65 67 67 53 60 73 75 58 59 60 62 65 59 63 63 70 63 62 67 57 54 63 68 66 69 67 70 68 69 60 62 72 66 68 67 73 66 61 58 66 71 59 58 68 57 68 72 69 59 60 62 57 66 62 58 71 74 60 69 
87 77 74 76 76 79 63 81 79 83 77 78 73 78 71 77 75 80 80 74 78 68 66 79 73 76 73 88 79 81 67 79 74 80 74 72 64 75 71 59 83 74 87 70 84 86 71 68 74 81 71 62 74 76 79 68 90 79 78 64 86 85 66 73 73 81 66 73 76 78 62 73 74 74 76 80 70 72 71 86 76 71 77 59 84 66 77 84 77 63 85 75 70 64 78 65 77 68 77 73 82 76 76 69 75 71 75 74 74 77 80 73 80 78 68 86 86 75 75 78 80 73 65 71 76 66 72 77 80 77 75 67 71 74 76 66 65 71 80 79 65 69 67 75 73 83 80 67 80 69 75 76 64 72 75 71 71 69 79 68 77 72 86 77 64 75 80 69 81 75 73 63 81 76 70 70 69 76 73 67 78 72 71 68 70 70 60 88 75 64 83 77 62 76 74 75 81 78 74 74 64 70 77 76 65 74 69 62 86 69 77 62 76 71 77 68 71 66 69 76 70 87 75 83 74 71 71 62 75 74 68 77 77 79 64 73 67 78 71 83 75 63 80 70 78 65 78 60 68 85 72 81 80 81 73 78 
71 75 66 67 62 70 66 68 68 84 73 66 69 57 68 69 67 74 76 70 65 67 59 73 60 67 60 71 81 73 70 70 68 72 65 63 63 68 70 60 72 67 72 79 72 70 64 68 65 69 73 66 68 75 68 63 68 65 57 57 68 71 62 65 62 62 73 69 65 77 62 72 63 64 64 70 69 71 61 72 76 73 71 69 76 60 76 71 63 63 70 71 65 65 70 63 69 70 76 63 77 67 68 74 61 66 75 72 62 77 70 61 71 72 69 78 68 66 69 74 65 71 65 72 71 60 72 69 69 62 71 70 76 73 71 71 61 65 78 71 64 59 61 76 68 73 71 69 76 60 66 77 60 60 73 67 66 69 70 58 57 71 73 69 66 64 68 61 65 60 78 68 68 64 71 63 64 72 59 55 68 69 69 57 68 72 63 73 66 54 71 67 55 67 67 77 75 72 64 66 67 63 74 70 61 63 63 64 71 55 72 64 70 61 64 69 62 46 62 64 70 76 78 70 61 68 65 56 70 66 64 77 72 62 62 64 67 74 70 70 66 58 64 70 69 63 66 56 70 67 63 60 62 69 70 69 
66 64 62 68 63 62 58 66 59 68 72 65 60 57 61 61 55 67 61 66 74 65 57 56 62 69 56 64 68 69 58 59 69 58 66 57 58 65 59 62 70 55 63 67 67 64 66 63 67 65 61 63 63 72 64 69 66 67 64 64 72 67 63 65 55 68 62 65 64 65 61 70 60 59 61 64 58 69 62 70 67 60 64 58 65 61 67 67 65 51 63 68 62 50 67 62 66 65 68 57 67 65 64 64 62 62 70 67 65 68 68 54 59 65 57 68 71 66 52 69 70 61 59 58 58 57 63 55 64 60 60 67 67 68 67 65 55 64 71 67 53 59 54 64 63 58 65 61 67 63 62 63 55 65 63 61 65 60 69 56 64 63 64 65 67 55 64 58 55 59 69 60 63 66 70 60 58 58 61 58 64 53 65 51 66 56 60 70 63 59 67 65 58 77 57 75 68 60 59 65 52 57 67 66 58 62 64 59 64 66 63 58 69 57 61 60 60 51 57 68 65 68 67 64 50 60 52 53 67 65 60 63 60 65 63 60 59 67 61 68 59 53 68 68 62 54 63 58 63 65 69 61 73 70 61 69 
67 65 58 62 59 57 56 64 63 64 56 69 57 56 53 60 61 66 59 56 62 59 57 61 58 59 54 61 63 63 58 63 67 62 64 66 51 55 56 48 60 53 65 64 61 69 53 62 53 56 57 52 49 57 56 58 64 56 51 57 68 63 57 62 51 63 58 63 62 69 53 58 52 63 66 60 59 58 56 60 60 54 61 58 61 60 62 56 59 54 63 58 54 47 64 43 67 56 65 54 67 63 62 54 61 52 60 57 67 63 62 58 61 59 52 68 66 51 56 59 58 58 50 60 65 54 62 62 61 56 61 65 59 71 59 55 53 56 66 53 60 53 57 63 62 67 58 62 55 57 57 63 49 58 57 54 58 53 65 50 64 61 68 60 52 58 59 53 59 51 57 57 64 59 57 58 61 57 54 55 58 54 58 49 54 57 45 53 57 45 61 56 53 63 49 63 61 52 63 51 53 57 60 66 61 56 52 56 57 58 54 52 59 50 65 56 53 54 54 66 58 62 66 57 62 63 61 49 67 56 56 59 62 61 51 53 61 60 65 58 61 55 63 58 58 50 61 53 54 60 60 54 55 68 59 62 
67 70 57 58 60 65 59 73 78 65 68 73 60 66 64 57 59 71 78 60 68 66 62 66 64 71 70 76 73 65 64 68 64 61 61 63 52 63 68 57 71 65 62 62 64 65 68 64 67 71 57 60 56 68 70 66 69 65 59 56 69 71 62 66 60 67 62 71 51 72 60 59 63 65 66 64 65 68 50 70 75 67 68 64 64 63 70 65 65 59 66 68 57 55 65 58 65 64 76 62 65 57 68 65 59 58 65 71 58 64 76 62 61 66 62 80 79 63 62 67 65 69 63 58 64 53 72 69 63 61 67 67 70 66 65 65 67 63 77 67 62 54 56 73 67 74 74 61 72 72 68 68 58 68 66 68 65 65 64 53 77 64 69 64 59 60 65 51 59 61 67 63 69 64 76 64 68 71 57 63 68 58 69 60 66 65 53 66 66 59 68 66 59 64 69 72 58 67 59 70 58 49 69 70 55 60 71 65 76 56 67 59 76 67 63 66 59 61 71 66 63 72 70 77 63 64 54 50 70 65 61 71 65 53 56 63 67 70 62 66 63 53 66 75 62 61 66 62 62 71 67 61 71 71 66 68 
71 71 60 63 72 70 57 62 68 70 70 69 70 56 59 58 56 70 75 63 67 64 58 54 57 71 62 70 71 63 63 58 62 70 61 70 52 63 64 54 67 71 67 68 74 69 56 73 66 64 55 64 62 60 62 65 67 63 58 63 64 69 57 63 61 69 60 65 61 73 56 66 63 63 66 71 64 68 60 76 73 75 67 55 66 59 63 74 58 55 59 68 53 54 64 57 71 59 65 55 73 64 69 65 69 64 66 71 66 74 71 63 60 78 65 78 70 58 63 70 75 62 60 65 71 56 65 66 61 59 68 61 63 63 64 76 64 66 70 67 63 59 57 66 69 59 62 54 73 67 58 68 54 73 63 66 62 68 59 61 66 61 67 64 66 61 64 58 62 58 75 52 66 69 65 60 61 66 56 52 71 52 68 63 65 59 59 69 65 55 68 63 61 68 61 77 63 63 64 66 56 63 72 65 57 62 67 59 71 65 77 55 69 65 62 64 57 49 62 68 62 64 68 65 60 60 63 57 72 59 64 65 67 55 55 63 63 71 56 68 66 55 69 69 66 53 60 65 60 67 58 66 69 77 62 66 
67 64 55 53 54 64 51 57 68 58 64 62 59 60 49 51 60 53 65 57 48 54 56 61 54 67 44 66 66 56 55 61 49 58 54 54 49 55 62 42 58 58 51 53 61 56 65 54 62 64 55 55 55 62 56 58 64 54 54 58 58 57 51 58 56 53 58 63 51 63 51 47 57 62 53 53 53 58 49 64 61 64 54 50 60 50 58 63 54 51 61 64 52 51 59 61 63 58 61 56 58 58 59 59 59 56 70 60 54 51 62 57 56 54 50 66 56 57 53 57 55 62 54 59 58 45 62 55 56 53 60 59 54 52 55 56 52 57 67 54 46 42 50 60 57 63 60 52 59 51 58 62 49 56 58 55 58 62 52 51 57 54 64 61 43 53 63 46 54 48 63 50 53 59 62 56 52 60 43 51 59 47 63 56 60 57 49 57 55 42 71 62 56 58 55 67 52 63 52 54 43 48 58 62 46 53 56 53 60 49 63 49 60 54 52 56 52 46 53 56 50 58 56 57 55 55 52 49 59 56 54 55 54 53 56 52 56 58 54 47 59 43 57 60 63 46 54 45 52 57 57 59 67 61 58 61 
64 66 59 58 65 62 53 58 61 65 62 68 63 61 55 57 63 66 66 62 65 55 53 59 56 67 58 65 65 62 55 58 65 61 61 60 48 62 66 60 62 53 61 59 65 61 62 61 57 58 54 56 63 59 63 55 59 59 60 54 72 66 57 67 56 63 63 63 68 61 52 64 49 56 59 60 60 59 59 69 67 61 57 58 61 52 69 56 53 52 68 62 54 55 68 59 62 61 62 53 69 51 62 68 65 56 62 64 55 62 58 55 65 56 65 67 62 62 58 65 62 61 51 59 63 54 58 58 63 61 57 63 62 63 65 62 48 58 72 68 53 56 52 65 57 67 71 56 63 59 64 66 58 61 61 51 63 58 63 50 63 56 72 61 56 63 67 62 57 55 52 52 59 64 66 53 55 61 48 51 66 59 58 54 59 61 61 55 64 54 62 58 57 58 59 66 66 59 59 52 52 62 62 64 53 55 58 59 64 59 57 55 61 68 61 58 50 54 55 60 66 70 70 66 60 64 61 47 63 65 53 63 64 47 62 64 58 64 60 60 60 54 58 62 64 50 62 54 56 65 60 61 67 69 58 70 
67 62 64 71 66 60 55 61 71 71 63 63 60 65 66 68 61 62 76 64 58 63 59 70 62 67 49 77 72 69 66 67 66 73 67 69 52 60 62 53 72 56 61 64 65 71 64 55 59 78 55 57 66 70 68 68 68 54 62 59 67 65 53 69 64 62 69 74 58 66 51 57 67 70 70 66 63 65 60 71 73 73 71 62 57 59 66 65 68 48 72 65 63 56 66 59 70 65 75 62 74 69 72 66 62 56 65 64 70 67 66 64 70 64 62 71 72 58 66 72 59 64 60 68 71 55 67 70 63 59 69 63 56 69 62 58 58 65 82 69 55 56 59 64 61 77 67 61 68 60 57 69 54 65 66 60 65 61 63 57 56 69 68 62 58 56 72 54 57 60 67 59 63 60 71 60 58 62 54 65 62 61 63 63 65 62 61 70 63 54 70 64 59 70 64 69 65 64 58 65 54 58 69 71 59 60 58 60 73 49 66 64 69 63 66 59 64 53 57 63 64 67 70 73 63 63 69 48 71 69 59 71 61 68 58 59 56 69 64 64 64 59 63 68 64 52 68 54 60 70 69 67 55 76 63 66 
65 66 60 55 58 67 61 65 66 74 65 66 61 60 58 60 55 70 65 59 68 63 54 65 53 63 47 59 73 67 61 63 63 62 67 65 55 59 61 52 76 60 66 59 66 65 66 56 63 68 62 62 59 71 58 60 71 60 59 55 63 67 59 64 57 64 56 65 61 73 58 59 58 60 66 63 61 67 60 75 64 67 61 62 62 62 69 67 65 52 61 55 55 59 66 58 66 62 69 60 67 65 63 70 59 60 63 58 56 70 59 49 59 63 58 70 69 59 56 72 66 58 62 60 63 52 71 61 61 57 62 58 60 54 60 58 50 69 65 61 63 54 53 65 55 66 69 58 66 61 61 61 58 64 62 60 52 63 69 60 68 59 65 62 57 57 65 59 60 54 61 54 64 57 62 66 65 63 53 56 69 58 66 54 65 53 57 62 61 53 61 57 50 75 58 64 64 61 57 67 56 54 66 67 61 54 58 57 67 54 68 52 62 53 68 58 54 50 54 58 59 63 69 61 57 63 58 50 68 63 54 64 59 58 53 64 62 68 55 64 64 53 61 56 58 64 61 58 63 64 59 65 60 65 61 66 
70 74 59 64 64 65 54 65 65 69 64 76 69 63 59 57 63 59 72 59 64 62 52 56 67 69 55 67 70 63 64 62 65 73 58 65 51 62 63 58 66 71 69 71 69 62 63 60 63 64 61 54 57 62 66 71 68 69 62 60 71 69 63 61 60 66 64 70 66 79 49 69 67 64 62 69 61 68 59 68 66 63 65 65 66 61 73 70 61 63 64 65 61 53 59 61 65 57 66 59 64 63 66 62 65 56 59 66 68 74 73 70 63 64 60 80 68 64 58 68 66 65 63 66 66 57 59 65 63 65 66 68 66 70 60 69 62 66 70 70 63 61 58 69 64 71 74 63 70 65 59 68 59 68 67 70 64 64 56 58 64 71 65 65 59 60 71 59 67 63 68 50 72 60 68 59 59 67 58 53 68 51 72 66 56 57 59 65 60 57 72 65 60 67 64 65 60 71 59 68 54 59 72 71 56 53 66 55 64 65 68 55 60 58 67 60 65 63 61 69 67 68 69 68 61 58 55 58 73 55 54 69 64 58 52 53 65 67 56 67 68 53 68 73 69 68 67 60 59 68 68 71 70 67 59 68 
70 73 66 59 65 66 58 59 71 78 65 69 64 66 56 59 70 70 74 63 62 66 50 67 63 62 57 74 69 67 67 69 67 68 65 70 58 63 76 53 71 61 70 69 70 70 67 67 62 63 60 61 66 61 67 60 69 64 62 60 78 72 58 68 58 66 66 71 64 70 56 63 71 68 72 67 62 77 66 72 75 67 68 64 64 63 74 68 59 59 65 67 66 65 71 57 69 63 74 63 72 62 72 73 67 61 76 66 62 68 69 62 67 67 74 77 76 60 62 70 60 61 69 71 69 58 69 65 75 65 62 62 70 66 62 58 56 66 73 74 65 65 59 71 63 77 71 68 74 69 67 72 65 65 68 66 62 66 64 71 73 66 72 63 60 66 68 57 63 61 69 55 71 66 68 66 61 68 58 59 72 68 62 61 69 58 56 67 65 62 67 63 63 67 65 68 65 69 70 58 64 66 66 63 65 56 61 69 67 63 65 62 68 59 63 67 58 62 68 62 62 72 72 72 66 69 66 60 74 70 60 70 59 60 61 58 65 62 63 63 73 65 67 65 76 62 68 55 54 64 69 71 66 72 70 69 
68 68 65 54 59 61 54 62 60 67 68 71 60 58 58 61 62 63 72 65 68 56 60 56 60 71 54 63 69 68 61 58 65 63 67 60 50 70 61 45 59 59 63 62 67 68 66 62 69 61 65 60 58 65 62 64 65 63 60 56 66 65 60 66 48 62 65 68 69 74 54 69 61 75 67 58 60 67 57 71 63 61 64 58 70 60 65 64 71 52 69 63 58 52 66 50 67 60 66 53 70 64 66 63 61 50 66 64 59 62 68 50 63 62 55 77 67 64 57 65 62 57 64 61 74 52 62 65 67 61 60 75 65 72 58 55 56 59 68 64 54 59 58 59 65 62 65 53 62 59 56 71 66 69 60 62 61 59 64 55 61 64 69 64 53 66 60 47 62 61 61 58 62 65 62 57 53 57 53 60 73 60 62 57 53 51 57 69 58 49 67 63 56 66 64 73 61 60 65 58 60 56 67 65 56 61 57 56 67 62 63 55 66 62 68 59 59 53 62 64 62 64 68 67 58 58 54 54 71 57 60 69 59 58 58 61 67 58 57 69 62 55 67 60 65 60 63 56 64 62 60 64 64 67 60 67 
67 71 63 61 67 74 62 69 73 72 65 71 67 60 67 66 63 63 74 68 68 68 58 73 67 63 51 70 71 63 66 75 67 67 69 71 57 61 66 63 74 69 66 64 76 77 70 67 65 71 67 70 65 64 64 66 71 59 65 54 77 71 66 65 61 64 57 67 69 76 56 66 68 64 75 77 74 73 69 76 76 73 73 67 71 61 81 70 63 52 71 67 66 63 67 66 70 64 73 55 67 71 73 69 64 64 72 72 66 77 68 69 66 73 66 81 73 62 64 70 66 65 61 61 73 59 73 64 69 65 74 67 68 71 66 62 59 68 75 67 59 66 58 70 67 77 67 60 66 65 65 72 64 62 64 66 58 59 75 67 64 66 75 71 63 64 75 62 66 65 66 61 68 69 61 64 59 69 59 60 69 64 75 63 67 67 56 69 69 56 74 65 62 66 70 70 74 68 65 70 65 63 71 70 66 60 73 61 67 69 71 61 67 64 67 69 61 54 69 78 71 77 72 70 64 66 73 56 65 63 60 68 63 66 61 60 67 81 64 66 62 67 68 72 66 71 69 63 62 66 68 66 70 70 70 64 
67 72 69 65 70 69 64 81 75 82 76 69 63 67 69 57 66 67 71 64 68 65 67 74 69 71 62 75 77 63 67 73 74 77 74 70 64 61 69 60 70 69 71 75 70 64 66 68 67 74 72 68 72 70 73 68 73 70 63 64 85 76 67 73 63 71 71 73 70 69 60 78 68 73 69 76 74 72 69 76 78 69 71 74 65 72 73 66 59 53 65 72 63 60 67 66 77 63 71 60 72 64 77 74 70 64 76 67 77 70 77 67 68 69 73 88 74 70 62 74 70 65 66 70 68 58 67 65 78 63 68 75 72 77 64 67 65 69 77 73 67 63 60 69 67 75 80 68 71 70 64 66 61 76 71 65 65 68 75 60 75 66 77 76 68 69 78 62 66 64 70 60 73 68 73 61 68 66 63 60 71 64 65 70 69 69 58 65 65 61 66 70 61 74 73 73 72 69 60 69 56 64 78 77 60 60 72 66 73 71 63 62 66 65 70 69 65 60 64 72 63 73 69 78 64 67 70 58 72 71 55 69 68 59 59 66 74 71 64 71 65 67 75 76 73 59 62 59 65 74 72 78 75 70 65 75 
72 77 71 68 72 72 58 71 75 81 66 77 68 58 69 71 62 68 75 66 79 66 63 72 64 67 61 78 75 73 71 62 68 67 70 71 57 64 71 63 69 63 72 75 80 73 70 66 62 72 64 69 68 74 66 67 70 69 57 65 67 65 66 63 67 65 70 71 67 79 67 77 70 65 75 73 68 71 62 76 80 74 72 66 62 52 69 73 64 65 69 71 62 61 65 67 76 64 75 67 76 68 75 66 66 66 65 75 67 70 73 72 67 60 69 87 77 68 70 71 70 66 63 64 70 60 72 70 66 63 70 69 67 69 63 70 69 70 77 69 64 58 61 72 67 66 70 60 72 69 66 66 74 74 67 70 62 69 65 58 68 68 74 59 66 61 67 59 64 65 74 62 71 72 69 67 64 70 55 65 75 68 63 62 66 64 67 71 65 58 70 74 59 70 64 70 67 68 65 67 66 64 70 70 58 60 70 60 69 62 68 55 69 66 75 73 70 55 59 71 65 71 75 73 71 62 67 58 67 64 59 71 67 65 59 76 68 74 59 69 70 59 81 72 66 64 66 56 68 79 63 68 66 73 67 76 
62 58 48 55 48 57 47 62 57 63 60 58 46 56 52 53 50 61 61 59 50 54 45 48 55 57 53 62 60 53 50 55 52 63 56 56 46 59 49 50 58 51 51 56 58 55 50 53 53 59 46 44 45 53 54 54 59 47 44 49 55 53 47 51 50 51 54 52 53 59 47 51 48 48 58 58 48 60 51 54 64 52 61 49 59 45 64 60 53 42 56 64 50 52 46 48 60 48 54 56 52 53 52 50 47 55 56 65 51 56 55 52 58 53 52 68 55 54 53 60 53 57 44 56 51 45 55 54 60 57 53 56 52 54 48 56 51 47 55 51 48 53 49 62 49 58 55 54 61 56 57 61 51 59 46 54 55 52 55 45 49 58 56 62 49 54 48 44 49 51 58 52 52 52 50 53 41 61 38 46 49 47 48 49 48 55 53 55 61 47 55 56 45 55 47 56 53 54 50 57 47 48 57 61 48 40 59 58 60 52 60 55 59 55 55 52 50 46 54 55 52 62 57 57 50 59 54 45 57 61 56 58 48 51 54 56 55 58 54 53 57 44 56 61 55 52 53 50 49 60 47 43 50 64 51 57 
64 81 70 64 68 70 62 74 67 85 64 75 74 66 63 61 68 65 81 64 71 61 60 69 63 76 62 77 80 74 66 73 71 79 68 69 56 70 67 62 77 60 77 75 87 75 63 67 61 74 71 64 66 70 71 65 78 67 65 71 75 74 60 71 63 70 65 66 71 72 60 70 62 68 68 66 69 71 70 72 65 66 77 69 79 63 82 70 62 60 68 66 70 63 72 66 76 59 68 61 77 67 71 68 66 60 64 69 72 74 73 67 68 71 66 81 76 70 66 73 80 73 64 66 72 58 74 64 74 64 67 69 66 78 64 65 63 65 75 70 61 65 58 73 67 79 72 63 74 69 68 69 71 78 68 61 69 65 72 65 69 73 72 72 65 62 63 58 69 67 67 65 72 71 68 64 63 68 60 62 72 65 69 68 65 69 61 66 67 57 73 72 59 71 75 70 73 73 60 64 58 56 79 66 64 57 64 61 66 71 67 64 73 59 71 73 65 64 58 67 66 77 69 73 69 64 70 61 72 68 68 68 76 58 66 62 71 77 63 73 73 56 75 63 69 60 68 58 65 79 70 72 67 64 66 69 
67 63 60 65 59 59 56 57 61 65 60 71 64 66 52 53 61 67 62 60 58 61 45 64 57 66 55 72 71 65 57 63 57 61 57 68 49 53 58 53 63 60 68 56 65 65 56 55 64 61 56 55 53 65 63 65 68 60 51 55 64 67 51 63 57 60 57 61 60 70 50 62 58 63 59 60 58 70 54 65 63 58 63 61 60 56 62 64 61 45 59 66 51 48 59 55 64 54 65 60 61 63 59 50 58 62 66 60 66 64 64 64 61 64 56 67 64 49 62 63 62 58 68 63 58 49 64 65 59 59 60 65 52 57 63 59 52 63 67 56 58 52 52 64 57 72 61 57 64 60 63 66 47 66 57 64 61 64 64 54 57 67 60 67 52 55 64 48 57 57 64 53 56 57 65 54 61 61 48 61 55 58 61 58 65 47 56 65 57 56 59 66 52 63 54 69 63 60 58 63 50 47 62 64 55 47 59 57 63 59 58 52 61 47 61 54 56 51 63 59 57 67 64 64 52 61 60 52 65 54 57 64 55 58 50 50 59 69 54 61 63 47 61 63 63 56 59 51 52 65 61 49 58 74 62 68 
67 78 64 60 70 67 57 69 76 84 73 72 65 63 64 62 63 72 78 67 77 60 65 61 71 74 65 77 73 60 64 73 66 72 70 71 57 72 68 61 74 58 65 70 73 65 69 71 60 71 64 57 71 68 68 73 78 68 68 64 78 71 55 65 56 70 69 73 70 79 52 72 57 74 74 72 73 68 69 77 65 70 74 68 80 60 74 74 66 55 69 73 60 57 65 64 76 67 69 65 74 71 70 73 63 57 71 69 69 74 70 59 73 67 63 81 69 58 61 75 66 70 60 64 73 63 71 67 75 62 73 71 64 69 62 66 62 68 69 68 68 61 62 68 60 70 71 64 66 65 66 70 68 72 71 67 67 59 71 61 61 61 69 73 68 60 65 60 60 71 70 65 70 74 72 78 59 68 55 63 73 56 68 68 58 67 58 69 74 52 72 77 62 77 74 78 72 68 57 69 64 59 65 69 64 57 67 60 78 62 72 66 71 76 67 63 62 51 68 65 67 70 66 84 69 70 63 57 75 71 68 67 68 60 63 64 59 73 68 70 59 57 74 73 72 58 66 69 67 77 70 72 69 73 69 74 
73 68 67 66 76 73 59 70 73 80 66 79 73 60 70 63 68 63 81 65 73 71 57 63 65 76 59 82 69 71 67 70 68 65 71 71 54 68 75 65 77 64 68 67 69 74 71 67 71 73 69 72 68 75 74 70 71 72 69 66 75 77 66 74 66 71 71 76 72 76 64 75 62 63 64 74 66 72 65 85 82 71 68 62 68 66 74 75 62 64 75 76 66 72 79 75 69 67 78 60 76 71 65 68 68 65 75 70 71 80 74 63 69 74 71 84 76 69 60 75 72 74 71 69 74 59 78 73 69 68 75 73 69 75 71 62 65 75 81 66 66 62 58 81 72 84 74 66 63 68 66 75 65 72 67 64 63 66 75 64 74 71 73 72 64 67 77 54 67 68 68 66 65 71 71 64 62 71 57 67 78 67 74 64 74 71 66 70 81 62 79 72 67 70 61 74 64 64 61 70 59 63 74 68 63 60 72 69 68 63 72 54 73 66 67 65 62 57 66 69 70 71 81 72 71 62 70 70 69 66 64 73 73 60 61 63 69 76 71 64 69 66 77 62 69 63 67 65 71 72 77 69 73 77 72 80 
72 74 60 63 61 67 59 68 70 71 65 65 62 65 60 65 67 68 80 72 62 66 56 67 60 75 63 73 64 71 59 60 66 67 60 63 54 68 67 60 73 63 63 66 64 66 60 54 64 74 65 54 66 72 64 62 78 68 58 58 71 73 69 65 59 65 62 63 63 72 53 65 66 69 63 76 61 64 58 77 73 63 63 59 69 58 61 68 61 51 73 74 67 62 68 63 70 68 74 67 67 66 69 63 62 62 67 63 66 64 69 65 71 65 63 78 73 63 60 65 67 64 64 68 74 51 66 60 67 68 70 69 68 69 63 66 58 62 78 73 57 68 53 67 71 66 63 61 74 64 65 72 70 62 70 63 62 62 73 60 62 69 72 65 59 65 63 56 66 66 67 55 63 64 65 63 56 76 50 63 66 70 68 64 70 57 64 68 67 55 66 70 59 71 62 63 66 73 65 63 60 57 71 71 53 60 59 66 72 63 66 62 68 62 70 58 65 60 63 69 59 71 67 73 60 61 55 51 63 67 63 69 63 63 59 67 57 63 61 69 60 56 67 61 70 58 55 60 55 69 69 68 70 73 55 63 
69 75 63 68 71 71 64 73 74 72 76 79 70 74 72 64 72 68 78 73 78 68 68 73 68 74 64 79 74 68 63 70 73 69 77 77 61 71 77 65 75 66 74 70 81 78 74 74 71 79 66 66 64 77 73 69 73 75 68 69 79 75 64 65 60 71 70 75 66 80 59 69 66 71 75 74 70 71 63 80 82 76 69 69 76 65 77 72 68 62 85 79 74 65 73 71 73 68 67 60 82 69 66 76 67 62 73 73 66 69 76 65 71 78 67 81 70 75 64 80 77 74 66 68 74 56 70 79 72 68 68 67 67 72 62 61 69 69 81 83 55 71 64 73 68 78 76 65 73 66 76 79 68 73 66 67 68 68 73 66 71 77 83 62 66 76 75 58 65 70 66 66 64 69 73 64 70 74 63 65 78 65 67 61 65 75 65 77 72 61 73 75 68 83 69 72 66 71 68 73 63 70 69 68 63 68 67 69 75 63 68 68 71 70 65 63 66 61 65 68 65 78 80 77 78 72 66 60 72 72 63 77 71 70 72 69 74 76 66 70 79 65 75 73 78 61 76 57 59 79 73 77 71 81 73 73 
79 79 62 67 68 69 68 79 70 72 73 75 72 70 76 63 69 76 74 73 71 66 64 71 69 72 67 84 73 71 67 71 74 75 75 75 62 65 71 68 73 63 79 70 72 73 67 75 63 82 68 65 65 75 66 77 68 73 65 72 76 75 67 71 69 70 72 75 63 83 64 71 62 69 70 83 65 70 63 74 82 73 73 59 75 68 72 71 68 53 73 74 64 55 70 60 72 71 80 68 75 63 68 66 73 63 67 68 68 75 74 68 74 68 72 80 75 68 70 72 73 69 71 67 66 62 70 72 66 69 71 69 68 72 68 68 73 76 72 70 66 67 63 80 61 79 78 63 74 70 76 74 64 76 69 67 67 71 72 57 70 67 74 72 63 69 74 58 61 72 75 62 66 72 76 62 66 68 61 63 79 67 64 65 65 66 64 75 72 65 69 71 60 81 66 74 77 75 57 68 58 66 71 76 65 68 76 65 76 60 69 64 71 64 74 74 60 58 72 69 63 80 75 71 64 71 60 52 68 63 68 68 69 74 63 66 74 74 72 73 65 66 73 71 76 64 69 71 63 79 72 68 70 77 61 75 
76 70 77 75 79 68 70 79 83 85 79 79 72 67 73 71 71 81 74 72 79 74 67 79 70 78 69 81 88 76 74 74 75 79 75 80 74 73 72 51 80 65 87 72 80 84 73 71 72 78 69 70 71 83 83 78 77 71 69 66 76 85 68 78 67 75 70 83 71 74 64 74 66 73 83 73 73 80 66 77 76 69 79 75 80 72 80 76 77 58 78 74 71 67 81 68 81 75 84 61 91 79 77 74 69 61 76 71 78 86 77 69 74 86 70 90 82 71 72 79 75 69 71 79 81 67 81 78 76 73 74 77 71 79 74 67 69 71 82 75 64 67 67 76 75 91 73 76 79 73 70 75 60 82 70 74 71 80 79 75 85 72 80 81 65 73 79 61 72 73 73 66 70 74 77 61 75 70 67 63 82 73 71 61 76 70 61 75 74 68 80 71 68 79 69 82 78 76 76 70 71 75 74 75 72 70 70 66 74 70 72 70 72 70 77 78 68 58 78 76 71 79 77 76 74 71 74 62 82 77 76 78 74 72 68 67 76 78 74 74 78 75 68 81 85 66 76 65 70 82 71 74 73 84 78 79 
59 67 58 61 63 59 56 66 62 64 68 59 64 59 63 62 66 64 69 73 59 61 50 64 53 64 58 67 76 63 66 60 61 68 63 66 52 57 59 50 67 62 63 61 65 75 57 60 61 64 60 61 61 61 64 62 69 55 61 59 62 66 53 66 59 57 55 57 67 61 52 63 62 64 65 60 60 65 54 79 72 69 63 57 65 56 65 61 53 50 57 66 57 49 61 58 66 60 69 55 71 62 61 55 51 56 69 58 58 73 65 59 60 74 53 73 70 60 58 70 64 56 56 53 62 53 64 62 57 64 71 60 58 58 61 56 58 63 68 65 54 54 55 75 59 68 63 54 64 60 58 69 58 57 59 61 59 61 66 57 68 63 67 63 59 60 56 57 67 56 63 49 55 63 65 60 57 63 48 52 72 52 65 46 59 58 52 58 59 51 61 58 56 60 57 69 69 62 61 62 60 59 61 61 60 60 61 58 70 62 69 53 66 62 60 64 49 46 64 69 57 64 63 63 58 61 61 55 70 57 69 63 64 60 58 49 61 67 63 71 68 56 62 60 69 56 61 62 61 59 66 64 61 72 69 62 
60 69 56 59 65 57 61 62 64 66 57 58 58 66 55 55 67 72 67 54 67 56 48 62 62 59 52 68 74 67 64 61 63 65 58 61 49 62 68 51 63 53 72 63 70 61 60 51 59 62 61 55 56 67 68 54 67 66 58 65 58 66 58 65 57 69 60 67 57 62 53 63 59 65 60 66 53 57 57 74 68 59 60 49 65 49 71 61 60 50 62 75 63 56 69 51 63 63 62 52 67 63 63 58 64 58 59 66 63 55 64 53 58 65 54 74 70 58 54 75 68 61 56 59 57 55 59 59 65 68 60 60 57 63 57 63 56 66 67 58 54 66 56 69 59 65 70 57 64 65 53 66 55 62 62 62 57 57 63 51 60 61 51 65 53 48 55 54 56 61 61 60 55 62 65 52 61 66 46 54 70 56 55 54 53 61 57 64 60 58 63 61 56 71 54 60 59 65 60 59 54 56 66 69 59 55 56 60 68 52 63 53 62 48 61 58 52 48 59 57 64 69 65 61 61 58 54 52 66 68 54 55 66 63 60 55 57 64 65 64 61 60 61 67 57 52 59 56 52 68 62 63 60 71 57 64 
71 68 64 61 59 69 56 58 68 75 67 73 63 57 58 59 61 68 71 63 62 53 52 65 56 59 60 64 69 63 62 63 62 68 61 63 53 56 55 52 68 61 70 69 60 70 65 69 67 63 65 56 60 63 62 64 64 59 58 64 69 64 63 63 49 55 58 64 68 69 59 69 55 67 65 64 66 65 56 66 68 67 63 58 65 70 69 61 63 55 57 58 54 49 62 55 65 59 71 55 59 66 62 62 60 51 64 63 65 63 65 56 60 69 56 72 69 64 61 67 59 54 52 62 60 54 61 62 62 61 66 66 57 65 56 58 62 55 71 60 58 57 54 68 61 69 67 66 58 65 60 67 56 66 49 60 51 56 65 54 62 63 65 67 53 53 60 60 63 62 57 56 64 59 62 53 55 63 55 61 71 57 61 49 58 52 53 61 59 49 72 63 53 63 52 66 60 65 63 60 58 54 62 61 64 62 56 62 60 64 68 59 68 56 73 70 57 54 61 70 60 66 65 57 68 61 61 54 69 55 61 69 64 63 58 57 68 70 57 64 64 57 67 63 66 59 63 61 57 65 47 59 61 69 61 64 
64 66 61 61 63 72 62 69 67 80 65 70 65 61 63 56 66 71 70 66 63 65 59 73 66 68 61 66 79 72 65 65 63 62 62 63 54 60 62 60 71 56 65 72 64 64 60 62 62 73 63 54 66 68 61 60 74 56 62 64 69 65 60 67 58 60 63 66 60 72 51 69 61 68 69 72 60 72 61 68 72 68 66 50 67 70 69 66 63 51 59 66 56 62 68 67 68 59 76 59 64 61 67 60 64 57 59 69 70 69 64 53 74 66 58 69 68 57 59 69 65 59 64 70 65 55 60 68 66 66 66 65 61 68 67 69 55 63 70 70 65 55 53 69 61 61 64 65 67 65 68 77 57 68 65 59 59 63 70 50 58 62 67 68 65 60 58 64 58 61 67 59 62 62 71 67 53 71 51 57 69 58 64 53 70 53 60 68 61 51 61 69 53 66 69 72 65 60 62 69 65 57 70 72 62 70 64 60 73 65 60 58 68 64 67 61 58 60 63 65 62 70 69 68 67 74 60 55 76 67 64 71 69 58 59 62 67 67 69 69 66 58 75 69 67 56 59 68 56 64 64 61 69 69 55 67 
71 78 65 69 57 67 63 74 69 75 71 76 67 71 60 65 68 72 75 65 72 68 64 68 70 77 60 76 73 72 69 74 73 75 65 68 54 67 74 61 78 64 78 70 80 71 74 67 65 77 67 60 58 69 66 68 81 67 75 60 72 73 63 73 67 68 69 67 68 81 58 68 68 71 76 76 65 78 64 72 74 69 67 59 70 64 75 76 67 56 71 69 67 60 71 57 68 57 79 58 70 73 75 69 64 56 70 73 68 71 70 64 72 72 68 83 76 63 65 72 73 69 76 71 78 58 68 74 70 67 65 69 66 71 64 67 63 68 75 78 67 64 62 76 71 83 71 60 69 67 68 76 66 68 76 64 65 64 69 57 67 67 75 66 66 71 73 59 74 72 75 67 72 64 70 67 65 77 58 69 66 57 77 64 64 76 59 74 68 59 66 69 65 70 71 76 68 75 69 63 63 61 71 74 66 64 71 58 77 56 65 62 73 69 73 60 59 66 67 67 65 75 74 80 73 67 62 63 70 70 67 74 68 70 62 63 67 73 63 69 70 64 73 71 67 62 75 62 65 68 75 71 67 81 65 70 
69 69 60 61 67 63 59 63 70 78 71 66 65 61 75 59 64 66 79 61 65 66 52 69 62 68 58 76 70 65 61 62 64 68 64 63 54 55 68 61 68 66 66 68 68 70 60 61 62 63 63 62 57 68 62 68 72 60 69 61 76 69 63 65 62 60 60 63 69 73 60 63 58 65 66 61 67 73 63 74 72 65 75 70 60 61 70 71 61 60 69 70 70 57 70 54 73 57 70 58 66 66 66 62 57 60 70 69 61 75 74 65 67 73 65 77 66 64 55 79 68 65 62 66 70 60 70 67 66 66 74 62 70 73 63 60 61 65 69 69 67 62 59 67 68 77 74 63 69 67 62 70 58 67 66 67 62 60 65 58 67 64 71 67 62 63 65 65 56 60 65 60 71 66 67 63 55 67 53 57 66 58 66 63 54 67 59 61 64 57 66 66 56 62 64 74 61 75 59 63 59 64 69 69 57 55 68 69 66 62 68 58 67 62 63 65 65 57 69 65 66 76 71 70 72 59 64 57 71 65 61 67 66 61 56 63 67 66 69 69 69 55 63 72 65 65 68 59 65 62 69 63 62 76 67 67 
69 68 70 67 65 64 54 68 72 74 65 77 60 67 63 63 64 72 76 67 77 64 58 68 54 64 63 73 65 77 61 63 69 67 69 67 59 61 69 58 77 65 67 68 70 74 70 66 65 71 68 59 64 76 61 72 75 62 62 66 70 71 62 73 60 57 72 65 67 67 56 66 63 64 68 68 60 73 58 71 75 65 75 60 73 63 72 63 67 59 74 67 63 56 66 61 67 65 73 61 63 66 70 63 71 57 65 66 67 73 74 59 69 63 60 78 82 69 61 73 72 63 61 66 66 54 70 67 75 69 69 68 67 74 62 65 59 57 72 75 53 65 58 67 62 71 61 61 73 70 68 70 64 71 63 61 62 65 70 58 69 68 69 67 61 66 67 60 59 64 63 61 69 72 67 69 58 66 52 61 63 65 55 56 61 59 66 70 72 59 67 74 63 75 63 66 70 63 61 63 55 60 65 69 64 62 61 62 66 62 60 63 72 59 69 66 66 55 64 66 66 72 65 74 64 61 61 59 68 61 65 67 62 66 60 63 69 71 63 62 64 58 76 62 66 60 67 59 59 70 67 61 68 73 63 75 
65 71 64 60 59 63 50 66 60 70 59 68 63 60 66 53 58 70 68 67 65 68 51 66 63 65 62 75 74 67 64 65 61 72 60 60 51 61 61 47 58 59 73 62 69 66 63 65 61 70 56 60 61 61 60 61 73 65 57 54 72 62 59 58 61 63 59 57 65 64 56 65 53 61 56 65 58 69 56 67 71 64 65 59 62 54 76 64 60 58 68 70 61 56 64 63 67 62 60 60 61 69 63 61 50 58 70 65 61 68 71 66 60 63 56 75 71 56 63 80 58 63 69 60 62 54 71 68 59 55 64 59 59 60 62 58 58 67 69 61 53 58 48 70 54 75 68 62 69 67 68 61 65 66 62 63 63 65 60 55 64 67 71 61 61 61 57 50 55 54 62 62 61 63 67 56 58 65 54 54 69 55 64 48 63 61 60 69 66 51 66 60 55 63 54 72 60 65 63 64 49 65 54 58 55 63 56 53 62 52 68 52 66 61 63 62 62 46 63 63 61 68 67 63 67 55 56 58 64 67 59 72 66 50 61 61 64 60 65 65 62 57 64 65 62 59 69 58 59 69 70 62 56 68 65 69 
67 70 69 66 65 65 53 68 74 75 67 74 65 77 60 63 69 60 74 64 72 67 61 66 64 65 54 77 77 70 62 64 74 66 63 69 54 57 70 58 66 67 71 72 67 67 72 74 71 70 67 59 65 72 72 69 69 66 61 68 65 68 59 70 55 62 65 69 62 71 57 69 62 64 71 71 70 66 62 76 72 71 74 65 61 55 67 67 68 53 70 65 69 59 67 61 68 64 70 53 72 65 67 68 65 63 74 60 63 72 71 61 58 64 69 70 67 60 64 67 74 58 67 67 66 57 72 65 71 57 59 62 60 68 51 65 63 60 73 69 55 59 61 65 64 68 68 48 66 64 59 72 63 65 63 66 60 64 70 58 56 79 62 57 61 59 63 51 63 66 66 56 64 65 71 66 57 67 55 58 70 61 64 59 64 64 66 65 59 56 75 61 60 69 65 70 71 73 55 68 60 63 68 74 60 56 64 67 66 52 65 65 68 63 68 56 60 58 60 64 69 71 75 73 60 63 62 55 70 67 63 73 68 61 58 67 67 77 61 62 68 56 64 73 75 60 73 61 62 64 67 73 71 71 61 74 
67 73 64 65 58 65 59 65 63 70 67 69 67 62 58 65 63 60 70 68 73 68 54 63 55 62 49 68 70 66 64 64 68 71 66 69 54 60 57 54 66 63 62 69 71 66 58 70 61 70 57 61 60 63 57 65 74 64 60 60 76 71 55 70 61 65 57 64 62 69 55 67 62 64 61 68 65 61 60 72 70 64 67 57 63 66 68 66 57 54 68 72 61 56 59 61 68 59 59 60 63 62 63 59 61 61 58 61 64 66 58 60 64 57 64 73 74 56 54 67 70 61 56 58 64 52 68 55 67 52 57 77 62 69 63 65 62 62 68 63 63 62 54 60 66 67 61 60 67 62 67 70 58 71 69 66 55 59 71 58 60 62 73 63 66 62 68 59 52 53 69 50 67 67 69 64 62 59 55 60 66 57 69 54 64 60 55 66 58 53 64 70 55 68 59 71 63 67 62 52 65 65 69 64 67 64 58 51 70 61 61 58 78 61 69 67 60 52 59 64 57 73 63 62 71 60 65 61 70 62 62 65 62 61 52 58 63 70 64 66 60 66 66 67 62 61 57 56 59 66 69 56 64 66 59 61 
69 59 59 61 61 61 54 62 66 73 75 76 66 52 59 65 64 67 75 65 74 60 53 67 60 65 52 65 71 67 64 61 68 66 65 69 60 67 63 52 71 61 68 67 67 70 65 62 56 70 67 62 60 56 54 52 74 57 63 58 65 69 55 70 59 59 67 58 66 68 58 68 59 67 65 73 56 69 60 68 65 66 60 60 57 53 68 67 65 47 78 65 62 51 66 58 66 68 66 55 64 69 67 63 68 56 61 58 64 67 72 60 70 66 59 71 78 64 66 67 64 70 58 59 71 59 73 72 68 64 68 65 66 63 59 62 66 62 69 61 59 61 63 65 72 73 64 56 68 60 67 71 64 66 57 64 60 63 69 63 68 70 66 62 60 64 68 57 61 63 66 58 69 69 64 63 58 65 56 64 71 68 62 49 64 57 55 66 67 53 68 67 55 67 56 74 58 66 55 57 56 64 59 70 53 57 58 55 68 64 65 62 58 58 60 63 57 55 62 68 63 69 64 71 64 62 61 59 65 56 59 63 61 66 60 61 66 72 51 58 63 54 64 65 68 61 59 54 54 68 61 65 65 71 66 61 
61 70 63 60 51 58 58 66 65 68 65 67 54 59 62 59 71 62 60 56 67 63 55 59 58 64 58 74 68 65 64 61 59 59 62 62 62 62 60 59 68 58 59 68 71 64 62 71 65 64 61 54 59 73 65 63 66 60 58 61 64 67 60 65 50 55 66 57 60 69 60 58 58 62 70 61 60 70 61 66 67 60 63 57 60 58 68 66 59 52 57 61 60 48 63 65 58 63 68 62 63 63 63 63 55 57 69 69 62 73 67 61 58 57 61 68 69 57 55 64 60 59 63 54 57 58 72 58 62 61 66 66 62 66 61 64 58 59 69 64 56 53 54 63 55 64 56 65 61 62 59 61 53 66 64 59 56 57 67 61 62 66 71 72 60 64 71 48 62 64 61 63 62 58 67 59 56 62 54 59 66 56 63 54 56 54 67 66 62 52 63 65 62 71 58 66 66 69 58 65 56 58 57 66 54 58 63 51 66 54 64 55 60 59 61 66 44 51 53 70 55 68 63 61 60 61 51 53 66 65 57 64 59 59 54 53 63 59 63 70 56 58 69 65 68 55 61 58 56 72 59 62 62 73 57 65 
58 58 52 57 53 52 50 62 54 61 60 56 59 51 49 58 48 47 53 60 53 55 51 60 56 58 49 66 62 61 51 62 64 58 60 61 48 49 51 52 58 51 58 56 57 55 53 58 51 53 53 45 52 62 54 61 54 59 54 51 64 61 50 56 57 60 51 61 58 54 46 67 58 57 58 61 58 66 56 59 54 60 64 51 58 44 54 63 57 42 57 54 56 49 53 51 58 57 56 49 54 58 58 59 52 54 60 53 55 53 60 59 54 61 45 68 64 61 58 62 65 51 51 55 57 54 51 54 56 50 52 54 49 60 54 56 48 62 60 53 54 58 42 54 56 54 51 50 54 54 52 64 50 60 50 56 56 55 60 48 54 54 67 55 53 49 49 58 56 51 66 46 53 55 59 57 51 48 47 48 66 44 58 52 52 55 46 62 53 48 49 55 43 63 59 55 61 63 58 57 50 45 64 57 50 51 58 46 62 59 55 56 57 46 58 51 54 49 55 57 55 60 60 59 52 52 63 48 56 53 52 55 57 53 44 51 53 60 56 59 56 47 56 63 51 54 55 47 52 50 60 57 54 57 52 47 
76 74 69 62 66 69 68 70 76 82 71 72 66 68 69 60 66 77 76 66 70 65 59 76 63 72 67 75 80 74 69 74 68 74 67 69 61 65 64 55 74 69 75 66 68 77 62 73 71 68 68 60 67 74 72 63 76 69 67 65 74 67 65 75 68 72 60 69 73 83 59 68 69 75 70 74 66 72 67 79 75 74 72 55 69 64 73 69 69 50 69 70 67 68 79 66 79 64 78 59 79 71 71 73 68 65 71 69 72 73 69 75 72 75 65 86 76 65 62 77 77 74 62 75 70 62 76 68 71 67 72 71 75 74 69 68 65 68 79 68 71 67 65 72 65 81 70 71 74 66 75 66 60 73 70 66 63 69 79 65 70 68 78 75 69 68 73 61 62 57 71 65 67 69 72 66 64 73 64 55 76 66 78 59 70 75 60 67 64 55 69 67 52 74 74 75 68 66 70 66 60 68 71 74 58 63 73 64 75 63 70 62 75 69 79 64 53 68 69 71 66 79 65 71 67 63 64 65 77 75 71 65 71 59 58 71 68 78 70 71 63 62 67 73 66 66 65 62 60 70 73 68 69 74 68 78 
61 54 51 52 59 61 57 58 57 69 56 64 57 54 60 52 51 68 68 58 67 53 44 60 57 60 55 67 67 68 52 65 56 59 53 57 51 57 64 49 64 63 62 62 62 71 57 60 60 64 61 50 52 59 57 54 66 59 52 57 62 54 54 58 61 57 58 61 53 62 48 61 56 60 56 68 55 62 60 70 68 60 67 53 50 55 65 61 60 44 61 66 58 62 53 51 58 60 67 61 60 65 60 54 60 54 58 57 62 64 69 60 57 63 62 67 62 54 61 64 59 68 59 60 60 48 62 63 64 57 59 58 63 57 55 53 56 53 54 67 50 55 53 65 56 63 55 53 68 62 56 60 55 60 61 55 60 58 57 60 63 59 65 58 59 57 54 48 53 56 61 53 62 58 65 50 57 60 56 55 59 52 57 52 60 56 52 68 63 54 65 55 50 64 55 66 60 60 67 58 54 57 64 60 54 55 52 62 62 49 55 53 59 60 63 53 58 57 50 59 59 66 56 57 67 53 58 50 67 62 58 60 60 59 51 55 57 59 53 63 61 51 62 57 60 60 56 55 57 63 66 60 55 69 63 59 
71 68 62 63 58 65 51 63 61 69 66 75 60 62 59 58 64 66 67 65 66 59 55 53 56 58 48 63 68 69 52 61 60 62 63 68 54 62 63 56 67 55 57 68 65 61 59 65 64 68 60 58 63 62 64 66 61 61 61 56 69 62 52 63 51 62 59 71 67 65 58 61 63 59 66 61 68 64 63 70 68 64 68 56 62 54 68 65 65 50 64 65 57 56 70 60 63 60 62 55 68 63 62 55 60 59 67 66 55 67 63 63 61 61 52 72 67 67 59 67 58 59 60 59 59 56 73 63 61 68 61 58 66 66 54 58 62 52 68 62 62 56 46 64 61 67 64 61 67 60 63 63 59 65 64 59 59 60 62 56 60 75 71 64 61 60 62 51 63 58 61 52 64 66 58 56 58 57 54 61 59 57 59 54 57 57 62 62 57 56 64 62 59 66 59 61 60 71 53 59 52 56 68 66 61 55 62 60 65 61 63 61 65 59 66 62 59 54 60 64 64 66 67 65 59 55 61 59 70 63 57 69 55 60 59 63 63 65 64 59 62 58 64 63 70 62 69 66 56 65 58 68 67 66 59 70 
66 65 63 64 60 64 58 66 70 61 69 62 65 63 57 53 61 65 64 65 62 60 53 67 64 68 53 74 68 62 67 65 63 69 56 62 54 57 57 58 70 61 63 65 66 64 59 57 57 62 63 53 58 65 61 62 71 63 58 64 69 58 60 63 54 64 61 66 61 67 58 63 65 63 62 66 62 65 60 73 71 65 68 57 59 57 58 71 61 55 63 69 56 52 61 57 65 50 64 66 61 65 63 59 59 58 65 72 70 67 66 57 63 64 62 73 70 61 60 67 56 65 62 63 64 55 68 62 61 62 59 64 64 63 63 63 61 65 64 68 67 58 53 63 59 68 73 58 64 61 64 79 54 65 62 62 62 72 62 54 66 64 62 63 53 58 64 56 60 57 60 54 63 62 64 56 58 67 54 60 65 55 62 55 62 57 63 68 61 55 70 61 56 62 56 62 61 62 62 62 53 52 66 70 56 50 65 57 71 54 60 54 74 59 58 61 56 65 66 71 52 72 71 64 60 62 70 54 59 59 65 69 58 61 54 60 61 71 62 68 62 56 66 66 72 59 67 59 57 58 62 68 66 71 59 65 
63 78 68 63 66 63 56 70 74 79 74 72 65 70 61 68 63 68 76 62 71 62 61 69 67 68 61 74 77 68 70 63 69 70 66 65 59 62 71 55 78 69 72 68 70 74 58 61 67 76 58 58 59 67 76 68 73 71 70 58 69 67 62 65 64 66 69 66 67 77 51 67 62 66 73 68 64 73 60 67 74 68 74 65 70 65 67 68 68 52 77 67 64 60 62 61 74 69 73 58 71 63 70 68 71 65 58 69 67 72 71 65 69 71 64 81 77 60 63 68 71 64 62 61 69 54 70 74 65 71 63 73 70 72 57 66 71 62 80 68 59 60 62 72 70 68 77 70 68 66 65 71 63 67 65 69 69 67 68 51 63 66 76 67 63 60 64 63 63 59 73 62 68 61 66 63 62 68 61 60 68 61 62 62 69 62 58 70 59 57 66 73 55 63 68 74 68 62 60 67 62 58 74 71 63 68 63 63 70 65 66 66 76 68 74 80 56 54 62 62 61 71 72 68 70 65 55 60 74 67 62 74 68 62 59 60 61 76 67 67 67 58 72 73 61 62 72 63 65 72 60 70 59 74 66 72 
67 67 65 63 67 67 56 64 66 74 62 75 66 61 64 71 66 63 72 62 69 62 61 64 63 69 66 80 68 74 61 56 68 65 64 59 57 61 65 54 76 71 67 59 70 76 62 66 64 69 61 62 61 69 67 66 74 62 59 58 74 66 69 71 52 63 66 64 68 72 49 59 58 61 68 67 66 64 57 71 62 65 68 57 72 62 72 69 60 54 71 65 70 58 66 67 71 61 72 62 71 72 67 70 61 58 71 62 62 69 68 65 75 66 62 73 71 60 59 73 66 64 55 61 71 66 69 60 65 67 63 60 64 63 71 67 59 61 72 69 54 53 54 64 59 71 70 59 65 58 70 70 52 65 67 65 55 56 72 53 59 59 72 67 65 65 73 59 65 56 62 56 74 61 73 65 56 67 65 56 75 66 68 61 59 65 59 73 71 58 65 74 55 72 68 68 69 64 61 65 52 65 64 65 53 62 61 63 68 59 70 65 72 66 61 67 48 52 67 63 70 72 68 62 68 63 61 56 67 71 65 72 69 62 59 59 61 63 60 69 58 63 67 73 71 59 66 54 57 65 69 59 65 68 59 74 
69 63 64 65 56 70 57 73 69 73 62 65 62 59 61 61 68 69 71 64 65 65 53 69 51 64 57 67 65 70 65 63 64 68 61 65 55 64 59 58 71 67 60 57 69 72 60 61 59 65 65 63 57 67 65 62 64 62 65 64 63 64 58 68 52 61 63 71 62 69 62 60 56 59 66 63 60 63 64 67 68 67 65 61 68 58 71 63 55 53 67 60 67 53 69 61 63 69 73 60 71 65 67 64 58 60 70 61 59 65 64 66 67 63 60 75 62 67 56 65 65 62 54 63 65 61 69 63 67 63 69 66 57 72 61 65 63 59 73 62 58 64 57 68 67 63 56 55 67 61 64 63 59 61 62 59 58 70 70 57 63 68 68 62 56 58 63 60 65 54 68 54 62 63 60 61 66 65 51 58 70 60 65 54 64 65 58 64 65 48 68 64 51 63 61 61 62 65 67 62 62 59 64 65 50 57 60 61 66 58 61 60 65 60 64 62 62 55 57 66 63 72 60 65 62 68 63 50 61 65 59 64 62 58 63 70 60 73 60 64 67 52 69 70 60 53 64 60 62 59 64 65 66 66 68 63 
62 72 63 64 70 66 60 67 62 78 65 73 64 63 59 60 63 62 75 58 72 56 58 65 58 64 56 78 67 73 60 69 63 73 62 63 49 57 60 50 71 58 64 66 68 66 60 62 62 68 59 61 57 58 63 60 76 63 59 59 69 69 61 65 58 68 66 63 68 73 51 66 53 66 59 63 66 66 60 72 71 57 71 56 65 63 69 67 66 51 72 65 63 61 68 65 75 71 64 56 72 67 68 72 64 59 64 58 60 73 75 62 70 64 69 73 70 64 64 73 63 68 62 65 71 54 67 64 64 61 66 68 67 77 65 62 62 66 75 59 62 63 60 66 68 67 61 62 67 69 66 61 64 72 65 59 66 56 71 59 61 62 71 70 65 58 65 58 56 56 57 58 75 66 66 63 57 63 60 66 64 66 64 59 68 67 59 64 67 52 69 73 51 70 71 73 62 64 57 59 53 65 69 74 61 54 65 63 64 67 64 63 69 58 62 66 56 52 60 63 56 68 68 71 63 61 60 50 63 67 67 65 68 56 51 61 63 70 62 61 62 52 65 71 66 63 62 60 58 63 71 62 67 68 64 65 
57 70 61 67 53 56 61 66 59 69 65 62 61 61 54 56 64 55 59 57 61 58 57 61 61 58 54 63 72 52 59 58 58 66 57 61 45 66 59 53 72 45 60 69 67 62 59 65 57 71 62 54 58 61 57 56 68 59 60 51 60 68 60 61 57 54 62 56 65 67 53 61 57 62 66 67 58 58 58 64 59 66 67 53 63 60 65 61 48 47 62 63 56 61 60 62 67 59 58 54 63 56 62 56 58 56 59 59 53 58 59 57 64 63 53 67 65 58 60 66 71 61 60 60 61 48 66 61 64 58 66 58 55 60 57 55 56 63 71 67 53 62 46 62 54 64 64 61 62 55 62 64 63 64 56 58 63 57 68 55 62 60 68 63 58 58 65 44 59 56 65 53 59 60 54 63 55 66 53 61 57 58 59 54 61 54 58 59 55 54 58 61 54 61 66 64 64 65 53 60 53 52 64 67 58 60 58 57 59 60 59 57 64 55 61 60 56 57 62 65 57 64 61 70 56 52 56 56 61 63 53 63 65 58 59 59 58 66 63 59 56 57 64 66 64 54 65 55 60 69 56 67 61 69 64 63 
68 73 64 65 71 77 54 75 68 77 68 69 59 67 60 59 68 72 78 65 77 65 67 72 60 74 60 71 75 69 68 67 64 72 66 58 59 57 76 58 81 67 69 77 74 66 63 66 64 70 66 62 62 71 75 62 72 66 67 61 73 70 62 72 59 67 62 66 71 71 62 66 62 71 65 70 66 70 68 78 80 76 72 56 66 67 75 72 60 61 64 66 69 58 71 64 76 64 73 59 63 75 70 74 66 60 73 71 70 79 71 68 71 77 65 82 72 66 63 80 66 65 58 68 72 60 71 66 62 69 71 71 66 65 65 71 65 58 78 75 61 64 57 66 70 70 74 66 74 64 61 68 59 74 69 63 60 68 68 62 65 65 68 67 61 67 67 61 70 60 64 60 69 70 73 73 58 75 60 59 73 67 59 59 64 73 67 70 67 57 79 71 60 72 68 72 69 63 63 67 61 60 67 73 64 62 71 71 69 69 63 60 72 66 74 70 60 62 68 65 62 77 64 71 73 60 63 60 69 69 68 70 64 57 65 72 67 66 62 66 59 55 74 69 74 62 71 60 69 70 74 68 70 79 70 73 
66 62 61 54 53 60 49 55 61 68 58 67 59 56 59 59 54 57 67 56 59 57 56 54 54 62 60 61 58 59 53 54 54 61 58 62 45 61 53 49 63 46 64 65 67 65 54 51 60 63 51 59 53 57 56 56 61 59 48 58 64 59 54 54 51 52 64 61 58 69 57 60 53 54 65 58 54 59 51 73 68 57 55 60 55 52 69 59 52 50 57 66 54 46 62 59 65 51 60 53 63 60 60 54 59 48 68 57 55 63 63 60 54 64 62 67 69 59 53 67 59 54 54 58 55 55 59 59 66 51 65 62 65 57 59 53 57 54 63 59 57 55 53 62 55 65 63 60 62 64 54 59 54 60 59 56 57 59 56 55 58 64 61 52 61 53 63 45 49 57 59 51 55 52 62 54 59 56 59 58 61 57 58 52 58 56 55 59 63 52 70 56 52 62 52 62 61 61 49 51 49 60 61 54 62 57 57 57 57 55 62 48 53 54 63 58 61 51 58 71 62 59 67 63 58 51 51 54 61 58 62 62 55 56 52 58 62 63 61 55 58 50 62 60 61 52 55 52 61 69 59 61 50 65 63 69 
62 64 47 57 57 52 50 62 63 61 61 57 59 57 57 60 55 62 65 52 62 61 54 63 58 61 55 62 68 53 59 56 58 65 60 54 49 57 60 52 63 44 61 60 66 59 52 53 55 65 49 54 52 60 65 62 56 53 51 54 66 68 54 60 51 63 58 59 66 64 57 65 55 61 59 68 63 64 56 71 69 62 52 62 59 53 66 64 54 56 64 64 58 52 56 59 66 52 65 58 66 59 65 56 57 52 65 65 60 57 58 58 51 66 63 65 71 56 53 66 59 59 56 58 64 55 59 64 60 55 60 59 66 60 55 59 60 58 62 58 55 64 55 59 57 64 65 56 56 63 56 63 52 59 57 54 51 54 62 52 60 61 64 59 49 53 55 55 48 56 62 57 62 58 61 52 61 56 55 53 68 58 60 53 60 61 51 63 56 47 64 62 55 62 57 64 63 53 51 58 53 55 57 65 59 57 63 52 61 45 55 50 71 65 67 61 52 55 63 62 63 70 63 57 66 52 64 50 71 57 58 54 56 54 48 54 61 64 61 64 56 58 59 61 63 55 64 46 58 68 60 58 54 72 62 68 
71 77 67 63 58 64 56 66 66 78 72 71 64 66 57 54 63 71 74 65 69 66 56 63 58 66 59 67 69 69 68 67 57 69 68 65 55 71 70 54 74 64 65 68 70 63 61 64 60 68 64 54 55 61 72 65 69 62 59 56 71 76 61 66 59 67 58 68 63 74 59 59 71 68 69 73 66 67 70 77 64 67 70 66 70 71 68 74 68 53 72 74 63 57 66 61 71 64 74 65 67 66 70 62 66 62 69 61 64 71 72 61 67 70 64 74 76 64 59 70 65 74 62 58 67 59 67 70 67 62 70 61 77 69 63 71 66 63 76 71 71 69 56 70 69 76 66 58 71 71 60 65 62 66 65 62 52 63 67 63 66 78 64 67 62 62 59 58 63 61 71 60 68 72 70 67 61 64 56 63 69 59 62 62 66 62 56 68 66 53 79 68 54 68 62 70 58 71 60 67 56 49 72 65 62 60 66 61 66 55 66 63 59 58 69 63 65 61 61 61 67 74 68 73 59 62 64 57 71 64 66 66 60 69 56 56 61 64 64 60 66 54 62 70 64 64 67 59 54 72 77 66 65 74 74 59 
57 63 55 58 69 59 59 60 64 76 65 66 63 65 51 63 60 65 66 66 62 62 58 67 56 61 53 63 75 57 64 64 66 60 59 55 55 58 61 54 70 55 65 61 67 64 63 65 55 70 57 53 61 71 71 67 64 57 62 53 66 68 56 62 50 57 56 65 64 57 57 60 60 67 67 61 58 72 58 66 65 57 69 56 60 61 62 60 62 46 61 64 56 60 69 58 67 58 70 53 66 63 59 56 61 51 59 59 63 73 60 59 59 61 58 72 73 56 56 62 70 61 62 61 63 56 58 56 74 60 62 62 61 66 55 64 56 54 70 64 52 58 53 61 60 60 60 65 67 65 57 67 57 69 55 61 51 57 65 59 62 67 67 62 50 62 63 59 54 62 62 57 64 62 57 58 48 64 44 50 68 59 60 55 65 57 49 56 64 52 60 60 52 65 63 66 62 59 62 58 62 55 64 69 61 57 54 57 63 61 63 62 70 65 61 59 58 53 71 63 67 73 67 63 58 68 61 57 69 62 63 60 60 55 54 57 56 60 64 65 59 56 61 65 65 57 60 62 54 67 56 56 64 63 58 61 
75 74 66 68 70 75 67 78 76 81 68 78 66 68 62 70 67 66 73 68 73 66 64 76 66 70 56 78 83 73 67 70 69 80 69 71 60 59 65 62 73 63 72 82 80 76 79 69 69 76 65 69 70 75 76 72 70 66 71 69 75 77 61 72 63 67 74 72 70 73 58 69 63 70 74 71 71 77 66 75 81 75 75 63 60 63 72 66 68 61 69 71 70 66 69 68 73 71 72 70 74 74 71 74 71 66 76 72 73 82 69 73 74 65 70 80 81 68 70 81 63 72 67 71 71 61 78 59 76 58 73 79 66 76 66 78 68 70 86 77 66 72 62 70 66 79 72 75 67 68 64 74 66 77 73 68 64 70 79 70 69 75 74 68 67 66 77 61 70 60 77 69 70 69 68 67 69 71 49 65 78 75 72 69 79 68 68 72 73 57 75 69 62 77 64 75 76 71 66 62 67 62 67 74 67 65 68 70 69 63 65 62 72 66 83 69 66 58 68 72 72 75 72 70 71 67 70 58 75 71 64 74 68 63 58 72 67 68 58 72 63 60 75 75 71 63 69 55 68 72 74 71 66 77 74 70 
67 70 62 67 65 66 56 69 66 74 69 73 65 64 67 67 70 66 69 69 63 67 55 67 67 77 57 80 71 76 62 70 71 71 59 71 60 67 59 66 69 64 72 73 66 62 56 64 65 71 63 60 57 68 69 65 73 67 61 58 67 74 71 62 61 59 67 68 77 68 57 69 68 73 66 75 67 67 62 69 69 65 71 65 60 59 73 73 59 57 64 80 65 60 66 59 69 59 67 64 69 66 67 61 64 61 65 69 68 71 72 62 67 70 65 77 79 58 61 71 66 57 66 68 66 59 61 66 68 66 63 68 63 62 71 65 57 65 77 64 65 63 51 66 66 76 71 64 69 68 59 72 52 69 66 63 69 65 70 58 71 73 70 71 66 62 71 63 70 70 72 56 63 64 73 57 64 59 58 64 67 57 68 59 65 61 48 66 62 63 70 68 54 72 62 70 68 75 64 70 55 65 77 68 63 58 64 56 70 61 69 61 67 61 69 72 64 48 64 68 65 73 74 64 69 59 68 59 72 65 65 74 63 66 60 64 60 68 70 62 69 57 69 72 63 58 63 61 62 72 67 60 55 73 64 76 
65 63 55 65 66 69 49 61 63 73 72 63 58 60 53 56 60 67 65 61 64 64 57 66 64 66 58 63 71 56 59 67 52 70 64 65 59 63 59 55 74 61 70 66 64 62 55 68 68 68 65 59 60 64 66 65 71 60 67 59 70 67 66 67 62 69 61 62 72 67 51 62 55 61 63 70 63 65 56 71 71 71 63 54 56 59 70 72 56 47 65 62 57 60 62 46 66 61 69 62 67 63 71 62 62 60 67 62 58 68 63 65 70 73 57 68 61 61 63 70 61 61 60 59 61 56 72 62 61 54 60 67 62 67 56 66 59 66 70 63 56 71 56 65 61 63 71 52 59 61 65 71 53 60 55 56 58 65 71 58 72 63 66 63 58 59 66 54 66 62 58 57 58 63 63 58 61 64 55 56 64 55 63 54 61 60 53 63 58 51 67 61 51 71 61 69 70 61 62 63 56 57 62 69 56 58 64 61 65 62 63 52 64 60 65 58 56 57 63 68 53 63 66 54 64 53 64 58 71 62 63 61 61 59 61 67 59 69 58 58 62 54 65 67 58 63 71 55 52 65 57 60 64 73 64 62 
66 73 67 68 65 74 57 69 73 70 66 76 61 66 65 62 67 74 68 65 72 67 61 69 57 70 64 68 67 67 60 68 67 67 55 64 56 52 64 56 73 71 62 69 78 74 64 66 62 69 61 55 54 70 70 65 72 66 61 61 77 69 71 70 59 68 60 71 68 71 60 64 62 67 66 67 67 73 62 70 69 67 66 62 62 68 65 65 66 49 65 66 60 65 67 53 72 62 72 64 69 69 65 63 64 61 63 68 65 77 68 71 70 65 66 74 75 62 58 66 64 68 59 61 70 64 66 68 65 63 65 69 65 62 69 69 68 58 69 63 67 57 55 65 69 69 69 68 68 63 69 65 53 67 66 64 56 61 73 52 64 73 72 68 68 71 72 60 59 63 67 60 65 65 67 59 64 63 61 55 77 67 74 56 65 66 63 71 61 54 63 68 61 73 70 76 70 66 64 60 56 63 73 70 60 58 64 64 65 60 62 68 68 63 71 72 56 61 70 73 65 79 65 65 68 61 63 57 79 72 68 65 67 61 58 59 61 62 59 72 66 57 70 65 70 60 64 62 61 75 71 70 69 70 61 61 
75 82 66 70 66 64 59 69 80 78 75 80 67 76 67 68 69 70 79 65 72 74 59 75 71 71 65 82 74 77 63 65 75 80 66 77 62 72 71 61 81 68 69 74 73 79 67 68 68 74 71 61 75 72 76 71 78 68 63 69 81 78 65 75 69 73 73 73 73 71 64 65 68 68 78 77 70 76 68 81 81 74 79 65 68 60 65 80 65 53 69 65 73 59 72 67 76 68 82 71 74 75 80 73 67 67 72 67 71 75 74 74 70 64 70 83 85 71 64 78 73 69 71 72 73 65 76 69 73 68 69 65 71 80 61 68 73 75 75 77 67 64 66 74 68 78 80 65 76 72 69 75 66 73 72 71 59 78 72 63 75 75 77 72 63 65 75 62 64 68 74 66 71 69 71 74 75 76 63 73 73 70 81 65 64 69 70 70 71 60 76 67 68 75 74 72 73 73 62 74 58 66 75 74 65 63 73 59 76 64 70 69 74 73 80 65 65 71 70 69 73 71 73 73 76 69 72 60 73 73 68 74 71 64 71 67 67 75 67 69 71 66 69 73 74 59 80 66 62 78 74 71 69 81 67 75 
69 72 70 60 71 67 63 66 69 74 65 64 56 58 61 58 66 69 68 66 69 64 60 69 58 67 62 74 74 64 61 72 70 70 62 71 53 59 72 63 75 62 70 63 70 70 55 70 64 72 63 63 57 70 74 66 69 67 63 59 73 74 66 74 66 69 61 74 63 70 55 71 63 65 69 72 65 68 62 81 75 73 71 60 71 59 73 70 60 48 63 66 64 61 73 56 77 71 64 49 71 61 70 68 71 64 65 64 65 69 71 61 62 77 62 76 79 62 53 74 71 67 63 67 71 62 65 67 67 64 65 67 68 64 62 61 67 69 70 63 61 63 62 73 71 65 72 58 74 71 61 66 60 72 62 67 67 66 68 55 69 65 73 71 63 62 67 62 62 66 68 60 64 71 73 68 69 71 56 53 75 56 72 60 60 68 60 68 70 59 66 61 64 74 70 74 73 69 60 61 61 61 70 71 59 61 67 58 72 69 65 65 71 67 69 68 65 62 66 63 69 74 69 75 66 63 65 53 70 65 66 68 73 62 60 64 60 72 61 65 61 60 63 72 63 54 69 62 62 66 65 67 65 86 71 72 
72 61 60 66 60 62 58 78 71 75 65 61 67 61 66 66 66 69 71 65 62 67 63 67 58 62 62 66 70 73 71 62 68 68 68 71 55 62 61 59 71 61 70 66 71 69 63 64 60 68 64 63 62 68 71 66 65 59 68 63 69 73 60 58 54 56 64 69 62 72 56 67 63 66 68 74 63 64 57 72 76 69 58 60 76 62 74 75 58 52 71 74 60 60 69 67 66 58 69 59 71 63 64 58 60 53 72 70 62 71 68 61 71 64 65 74 74 55 56 67 66 56 57 70 72 54 69 63 61 63 73 67 64 64 51 63 60 63 76 73 58 73 54 63 59 69 75 68 73 62 64 72 54 65 64 65 60 63 67 61 65 69 67 62 59 67 75 56 66 64 61 55 67 63 65 57 58 72 55 57 69 64 58 62 68 62 58 65 62 58 66 74 63 71 68 65 68 65 65 68 62 58 63 71 68 66 62 53 75 55 66 56 65 66 66 61 58 54 63 69 63 79 75 74 65 65 62 55 71 65 61 73 63 63 51 67 73 70 65 68 58 62 67 71 77 57 62 61 57 72 59 67 64 68 67 66 
66 61 62 66 61 69 59 70 61 70 69 70 65 67 62 66 58 71 70 70 69 66 55 66 55 75 56 71 69 69 63 65 60 66 59 68 60 63 63 48 74 64 68 65 66 67 67 63 67 69 64 62 59 62 65 68 74 57 62 58 76 70 59 59 61 64 59 69 67 66 54 65 63 60 67 73 64 67 61 80 72 66 61 54 67 65 75 68 59 54 60 72 58 56 68 67 70 59 71 66 67 69 64 62 64 57 68 66 65 68 66 63 63 75 57 80 72 65 61 73 68 63 60 68 61 58 69 70 69 62 75 66 66 67 57 59 55 64 70 69 54 68 58 66 63 70 67 65 61 71 62 71 54 69 54 67 57 60 66 56 69 65 71 64 57 60 65 57 64 58 64 54 62 63 64 63 63 66 55 60 64 53 66 55 58 66 64 54 70 54 60 62 63 74 62 70 71 58 61 58 56 61 66 60 67 55 72 66 64 62 69 60 74 54 68 60 54 60 67 70 63 69 75 62 66 55 61 62 71 62 66 60 62 55 58 65 70 75 67 62 61 66 67 64 72 60 65 59 56 60 61 64 64 80 76 73 
68 56 59 64 53 67 60 62 65 64 65 61 68 58 61 56 55 63 67 70 62 62 53 62 57 72 55 71 69 66 58 62 64 65 53 54 52 59 61 47 71 61 58 60 59 63 61 55 55 70 57 57 57 68 68 59 70 61 56 51 68 59 58 61 62 63 61 61 63 59 53 56 72 59 60 71 60 63 58 65 64 61 70 59 61 54 71 62 55 46 65 67 55 55 63 61 67 61 66 63 67 65 58 59 53 48 66 63 59 61 60 58 57 60 58 72 77 62 56 70 61 60 60 59 60 56 67 56 53 60 59 63 60 62 56 57 57 62 70 63 60 63 43 60 61 74 58 63 69 54 64 60 54 65 58 61 56 66 59 58 58 61 69 58 59 57 65 60 53 50 57 58 62 61 67 58 57 59 54 61 64 60 55 47 60 59 57 60 67 56 63 70 55 61 59 64 59 60 60 60 50 60 65 59 54 55 52 64 64 57 64 57 67 57 56 58 57 53 56 58 56 67 70 59 57 52 59 57 66 60 58 60 65 57 52 61 61 59 62 54 56 53 62 66 62 54 59 57 51 65 62 59 64 71 70 61 
60 53 57 52 55 53 44 53 57 62 59 61 49 55 55 47 53 57 54 57 55 57 47 58 51 53 49 56 65 62 45 48 60 50 42 56 48 47 51 48 59 51 61 56 55 53 48 58 57 57 52 53 58 62 58 50 59 55 52 54 60 58 53 58 53 52 53 59 57 56 36 50 57 53 47 56 52 59 40 53 60 55 56 51 49 52 53 59 44 39 55 58 50 44 53 54 58 54 51 50 57 54 64 62 57 55 61 58 54 58 68 51 54 60 57 64 60 57 45 61 56 52 53 60 54 43 58 57 50 55 55 55 55 58 56 58 53 58 63 62 44 52 43 59 57 61 53 55 62 53 59 60 48 56 58 54 47 53 56 53 59 49 60 56 51 51 57 45 53 53 51 43 50 55 57 52 53 55 38 49 57 49 57 48 55 50 48 55 52 51 54 55 48 55 55 59 55 59 45 59 42 53 54 55 49 47 46 52 63 55 47 47 60 46 51 55 47 55 55 56 50 56 54 51 53 50 50 45 65 60 48 63 52 55 54 52 52 56 48 55 51 49 59 53 58 51 49 49 48 58 57 60 62 64 56 65 
65 65 52 60 68 63 57 63 59 73 66 62 61 62 64 66 59 61 62 65 68 55 56 64 63 60 60 65 65 56 64 68 61 58 61 61 58 58 56 54 67 60 63 57 65 73 57 53 53 75 58 55 65 61 58 58 64 66 60 54 72 67 56 64 59 67 59 66 58 70 56 60 58 64 71 71 64 68 61 66 65 62 62 57 67 54 71 65 58 57 64 65 55 51 68 58 59 61 66 63 63 62 65 60 65 56 64 57 65 63 63 66 66 64 60 68 69 59 60 67 62 60 57 63 62 58 64 56 68 61 60 65 57 62 60 66 58 58 71 66 61 62 52 56 60 70 59 65 66 55 65 71 48 67 66 65 54 65 66 56 60 63 72 61 57 62 62 52 58 59 65 57 69 57 64 62 59 60 53 57 60 58 68 57 66 51 58 73 64 55 63 65 54 68 58 61 66 61 60 58 64 61 64 70 59 60 62 51 70 64 59 57 63 57 69 57 58 51 56 65 56 69 64 67 66 62 53 54 66 62 62 66 60 55 57 58 54 68 65 60 57 57 65 63 65 58 60 60 55 69 62 59 60 66 58 71 
78 66 63 64 68 59 63 68 67 70 72 71 61 63 53 59 61 66 69 56 67 65 55 64 54 68 59 67 73 66 65 62 66 73 61 61 52 65 63 55 72 61 68 67 71 62 60 63 66 62 64 58 58 61 69 58 65 63 55 63 67 69 63 73 55 67 60 59 66 69 61 72 55 58 57 67 59 63 61 67 68 67 59 57 62 60 62 67 60 53 56 69 61 56 65 55 65 63 69 56 72 63 61 61 62 61 65 70 61 69 65 64 59 67 62 74 68 61 55 65 72 67 59 64 65 61 62 66 69 63 63 65 63 64 60 62 59 67 68 70 55 56 56 69 54 70 65 59 67 69 67 59 62 74 64 63 60 58 63 55 59 61 65 67 61 61 68 58 58 66 67 60 64 69 71 62 62 64 60 53 74 60 68 56 59 69 58 63 62 56 67 62 54 64 59 72 63 74 58 62 52 61 69 66 58 58 63 58 73 58 65 62 68 60 62 61 59 55 65 67 70 67 67 58 70 60 62 56 70 68 63 67 69 53 56 65 62 67 61 62 63 60 61 66 68 58 64 66 57 67 61 64 69 78 60 76 
67 73 60 67 66 69 62 71 77 68 78 76 75 66 69 73 62 72 80 66 76 63 61 70 63 70 56 74 82 78 72 71 73 75 71 68 62 66 72 70 81 62 76 76 80 82 59 64 68 72 71 57 65 71 74 61 71 71 70 68 69 70 61 68 62 68 64 69 68 79 58 75 64 70 68 71 72 77 61 89 72 76 69 67 69 62 79 69 63 54 73 69 70 62 72 64 63 61 77 65 79 66 73 62 62 66 70 75 67 72 71 68 64 77 64 84 76 61 66 74 77 71 63 66 72 64 68 71 72 68 69 70 70 74 65 72 62 68 81 80 63 62 57 74 64 78 79 68 74 69 70 73 67 78 72 76 65 65 70 64 72 72 74 63 68 69 72 71 74 62 73 65 74 72 77 71 60 75 57 59 73 70 68 68 70 65 61 74 63 61 64 68 55 66 65 72 69 63 64 68 66 60 74 75 65 65 65 62 69 68 69 54 75 68 66 65 62 58 67 72 67 80 72 69 70 70 65 62 76 64 69 70 67 66 57 69 68 77 71 78 69 60 79 74 69 68 69 62 61 70 70 65 70 78 71 74 
63 59 55 59 54 57 54 63 60 64 58 72 57 66 59 59 56 65 61 60 65 59 51 55 52 67 56 65 64 57 61 67 61 61 58 55 53 56 60 55 60 54 64 66 72 63 64 58 54 65 56 52 58 59 63 57 63 64 57 54 62 68 53 58 57 58 55 66 56 68 52 52 51 51 61 61 59 60 61 62 61 59 53 53 54 51 66 65 50 55 59 67 60 49 56 53 55 56 66 57 53 57 62 52 59 53 68 58 58 61 67 54 61 54 49 68 69 60 50 61 60 57 57 64 53 53 67 60 63 62 63 60 58 62 58 66 61 55 62 66 57 58 46 58 57 69 64 56 60 53 60 62 52 64 66 63 56 57 66 53 63 61 64 64 55 63 59 51 58 60 62 56 72 57 60 59 61 62 51 58 64 50 53 56 60 57 56 65 61 51 61 61 55 61 58 60 57 60 55 57 53 54 60 59 52 56 63 52 60 44 60 50 61 56 61 55 57 63 54 57 59 70 65 69 66 55 48 55 69 62 53 66 53 63 56 62 54 62 55 62 53 46 73 67 61 55 65 53 57 63 59 60 67 70 61 64 
63 66 65 56 61 55 50 63 68 67 68 58 60 63 48 62 67 65 68 55 59 61 57 64 60 58 57 65 69 57 67 57 60 59 56 64 56 57 69 53 66 56 64 65 65 65 59 62 60 59 59 58 58 56 62 60 67 54 55 61 73 66 55 69 57 58 61 61 62 62 57 59 58 63 65 61 64 62 58 68 61 64 65 58 60 57 64 70 52 47 59 64 54 59 70 57 68 60 65 51 64 62 69 64 57 54 65 58 56 66 59 64 64 62 63 64 61 59 58 62 61 59 61 63 64 56 67 56 66 57 64 63 59 60 57 60 54 57 73 63 55 57 58 58 63 64 64 53 60 63 57 61 55 56 63 58 56 57 61 51 64 55 63 60 61 61 67 56 55 57 62 51 59 61 65 62 56 68 48 50 62 46 64 57 57 63 50 56 58 56 65 60 59 65 60 66 67 67 59 54 56 56 61 59 52 57 63 55 64 53 57 57 65 63 66 56 51 49 57 57 55 67 60 62 60 51 60 56 65 60 53 68 67 56 56 56 51 58 60 56 61 57 59 58 67 53 58 52 58 65 56 66 63 70 63 67 
65 71 58 63 63 74 59 61 68 67 63 75 58 55 58 53 65 68 66 67 67 61 56 57 56 67 59 65 67 69 55 65 64 60 66 61 47 65 64 61 74 67 67 68 74 74 62 69 70 65 66 56 67 61 65 59 68 67 54 64 74 68 58 64 54 67 61 68 62 70 57 68 53 59 72 67 59 62 51 74 66 60 67 65 63 58 73 67 60 52 66 79 63 64 73 65 74 58 67 54 76 62 69 68 66 60 72 60 67 67 65 65 73 67 58 76 74 59 54 71 65 69 56 60 65 53 71 57 67 56 70 67 72 63 62 65 58 58 68 69 60 62 58 64 69 67 69 59 66 66 55 71 59 66 61 70 54 59 66 60 67 63 69 55 61 62 68 62 56 52 62 64 65 70 65 67 59 65 51 51 63 59 69 60 59 63 62 69 66 48 66 68 58 62 64 68 62 63 64 62 63 56 67 71 64 56 64 62 69 64 66 59 69 58 70 63 59 50 59 65 65 73 72 67 60 69 57 54 64 64 62 70 63 57 58 64 65 63 71 64 64 52 71 66 69 56 59 62 63 70 67 60 66 69 65 68 
63 69 60 60 71 68 55 64 64 75 74 69 60 71 60 63 66 74 77 62 74 67 59 69 55 69 57 69 75 71 69 63 67 69 70 75 63 62 73 63 75 68 68 68 66 75 61 73 59 69 57 68 63 78 67 65 68 62 67 66 63 62 48 68 61 63 62 79 65 74 56 60 69 68 64 70 73 72 65 82 71 71 71 64 63 62 71 72 67 51 73 65 60 55 69 66 69 62 71 59 73 65 74 70 63 57 71 62 73 77 69 64 65 72 66 78 75 68 52 77 66 64 64 66 58 56 77 66 71 69 71 68 70 74 60 68 72 57 73 73 59 62 65 73 65 72 72 53 66 67 56 72 54 66 62 65 59 69 67 52 74 71 76 69 66 65 62 57 60 62 68 63 60 70 72 59 58 76 55 51 68 64 61 57 63 66 60 65 64 59 70 69 60 69 65 66 71 67 63 66 60 63 67 69 67 54 71 63 67 67 67 63 70 65 67 66 50 55 68 66 68 73 65 58 67 64 66 57 77 57 65 69 69 55 64 56 62 72 69 71 65 67 67 65 69 62 67 59 61 66 60 62 69 76 74 70 
64 60 55 60 58 63 45 61 55 64 57 63 54 57 55 57 49 66 63 60 61 55 52 54 54 61 43 55 64 61 50 55 57 67 57 60 50 63 55 49 66 53 57 57 58 65 53 46 51 57 59 54 57 53 65 57 57 57 58 55 65 68 49 56 58 57 48 59 60 59 53 61 55 52 56 54 51 56 55 64 63 57 51 51 59 56 64 62 60 50 62 57 56 48 60 48 62 63 73 54 65 56 66 49 61 54 57 50 56 59 60 55 59 65 54 67 66 53 58 61 61 52 54 57 63 48 61 64 57 63 58 53 58 63 53 48 61 61 62 60 52 54 47 63 62 58 62 53 64 57 56 55 59 56 55 58 51 63 61 52 55 56 62 55 46 56 53 51 54 52 59 50 63 55 50 59 63 54 50 56 56 50 55 51 58 56 55 55 65 49 59 50 49 56 52 61 57 45 48 59 48 52 61 64 50 59 58 53 60 50 55 49 58 52 63 57 57 49 52 57 53 57 60 60 59 58 54 45 61 53 53 58 60 57 54 59 60 66 56 53 56 51 56 53 56 54 65 54 60 55 60 64 53 70 60 61 
74 73 69 69 61 69 64 77 73 74 65 71 69 64 62 63 75 73 70 72 72 66 63 77 64 72 67 71 68 69 66 65 66 75 62 69 62 73 71 46 74 66 78 64 79 72 68 64 67 75 65 59 58 79 73 57 83 63 68 65 78 73 62 79 62 62 66 64 75 70 65 70 63 73 68 71 62 70 58 84 72 69 79 66 74 62 72 77 57 52 68 74 66 65 74 67 72 67 65 63 70 69 70 60 70 55 73 61 65 72 73 69 73 70 61 77 78 68 62 71 74 66 73 77 73 59 76 67 76 73 70 73 55 72 66 64 63 67 77 67 67 71 59 66 69 78 69 61 72 63 71 67 66 77 64 64 60 72 67 60 73 70 74 68 60 66 74 65 62 66 65 61 66 69 65 66 72 69 58 68 72 66 69 61 64 60 66 62 65 62 73 74 57 75 69 72 73 70 70 70 54 73 73 70 61 66 68 60 68 67 62 61 74 62 69 63 64 59 66 65 64 70 71 67 68 62 69 58 66 74 63 68 71 65 64 68 68 70 72 64 67 60 69 66 68 62 60 68 60 74 74 69 66 78 67 68 
61 69 51 59 49 55 52 61 62 65 62 65 54 58 59 53 58 63 67 57 63 54 52 58 50 62 54 61 64 62 61 64 61 60 60 58 46 51 59 47 67 51 63 57 67 60 54 67 57 55 57 52 56 64 49 56 59 55 53 58 56 63 59 54 51 53 58 60 61 65 53 58 54 64 58 69 55 57 56 63 56 57 59 55 60 52 62 64 55 47 62 59 58 53 59 56 67 52 55 53 63 65 59 64 55 53 64 52 59 70 63 58 58 57 56 68 68 62 54 68 61 51 56 58 62 57 59 50 58 57 65 60 59 61 62 62 52 55 60 51 57 64 55 66 57 55 56 53 63 60 63 61 55 66 55 60 54 58 60 52 58 57 62 63 61 55 61 57 52 49 53 57 59 56 62 59 59 60 54 52 65 48 61 53 57 53 49 62 64 44 61 64 52 68 57 63 60 64 56 60 47 53 57 55 57 49 62 47 67 57 64 57 62 51 63 50 50 51 59 61 53 61 60 57 57 63 58 51 63 58 59 59 57 60 52 53 52 59 60 61 53 51 71 66 57 53 63 58 54 58 61 54 66 66 56 59 
72 69 73 68 66 72 57 71 71 71 77 82 68 65 61 68 72 71 74 72 79 71 56 70 67 75 61 78 75 70 68 68 76 74 70 67 60 66 64 64 82 70 68 73 73 70 70 72 68 67 65 61 61 72 70 74 78 72 62 59 76 72 67 72 67 63 65 73 74 78 61 71 69 76 67 70 69 69 63 80 72 64 74 65 69 65 76 77 72 63 73 78 61 59 71 63 75 67 69 60 74 69 79 65 65 56 71 70 63 72 79 56 68 68 66 78 76 66 69 70 75 69 75 68 68 64 71 64 68 70 69 80 71 72 64 72 69 64 72 72 60 64 59 67 71 71 72 54 75 72 67 77 60 75 69 72 62 65 78 66 72 74 74 66 64 75 72 60 69 73 68 57 79 71 72 67 64 67 57 62 65 64 67 62 65 69 63 74 69 56 79 72 63 78 64 68 69 76 60 64 57 64 74 71 57 62 67 65 70 62 74 70 74 68 72 68 63 59 67 68 67 77 70 71 62 66 66 57 70 56 67 75 76 72 70 71 68 72 57 72 66 60 72 74 73 65 72 64 70 74 71 72 73 80 58 70 
70 63 55 64 62 64 60 66 67 75 71 76 61 70 62 63 64 66 77 63 69 65 66 62 66 58 55 74 70 68 68 69 67 65 66 58 58 61 65 57 65 67 66 65 69 67 66 61 67 70 60 60 61 65 69 71 68 65 53 60 73 63 64 58 61 64 62 69 67 71 56 66 66 64 68 69 64 68 58 80 77 69 71 64 67 64 71 77 60 56 70 70 65 61 67 56 62 63 69 59 68 75 66 58 56 56 63 69 68 62 63 57 62 70 61 75 72 65 60 74 73 63 60 61 63 55 60 74 68 62 70 67 65 71 55 64 59 65 73 67 62 61 55 73 61 67 71 55 68 64 62 71 58 72 61 57 56 57 69 55 65 72 73 63 61 56 60 58 62 64 64 56 73 71 63 57 56 61 52 58 63 56 68 57 63 58 65 73 61 56 66 66 51 68 66 62 66 71 64 69 66 58 73 73 70 56 62 64 72 62 71 56 70 62 73 61 63 56 65 69 64 79 73 70 65 69 62 49 73 63 65 69 67 57 54 64 63 71 69 69 67 60 77 67 72 58 59 67 62 75 62 60 63 72 60 68 
74 68 62 62 54 65 58 61 66 76 62 62 61 55 62 61 71 70 65 64 64 66 48 60 56 62 60 68 65 65 68 62 54 62 52 61 55 58 60 55 68 62 68 58 74 70 61 68 60 70 60 57 57 69 59 59 61 60 59 63 61 70 59 65 57 62 58 67 61 71 59 64 57 62 62 64 60 64 62 61 69 64 63 55 61 57 65 65 59 63 64 62 62 59 67 53 69 64 66 60 67 57 63 61 65 61 66 61 54 64 66 53 63 59 54 70 72 56 55 63 59 59 63 66 68 53 76 64 65 58 67 62 61 61 68 62 62 62 74 62 64 56 56 65 59 65 69 61 67 63 68 71 51 70 68 65 57 64 64 52 71 61 65 60 53 61 68 52 55 56 62 55 63 56 71 58 61 60 60 56 72 61 70 57 64 56 63 64 59 52 66 66 54 73 61 68 64 67 61 59 56 60 61 64 54 58 63 55 61 51 66 53 61 56 66 61 57 52 57 58 58 67 63 67 65 65 62 51 64 69 54 64 65 61 50 64 61 67 60 61 60 49 69 64 65 54 64 54 60 68 60 67 65 71 58 70 
68 70 57 67 64 74 52 64 69 75 64 70 61 59 60 61 59 67 61 71 61 69 57 71 65 72 56 71 72 72 58 61 61 63 60 65 57 58 66 62 70 59 76 69 67 66 65 67 69 73 67 59 59 72 60 66 71 60 56 56 65 61 68 60 53 63 57 72 64 61 60 69 68 68 71 71 63 66 57 71 68 66 66 60 59 57 69 67 57 60 65 57 54 62 75 60 68 58 78 65 60 66 72 61 60 58 71 67 63 65 69 64 60 67 52 71 73 59 64 63 63 65 68 66 66 54 69 62 59 65 67 63 65 57 66 57 56 67 70 68 52 55 52 68 68 70 64 58 68 66 61 75 50 71 63 65 60 64 61 62 66 71 66 61 52 63 59 59 58 60 59 57 66 61 74 66 61 66 55 58 70 55 74 52 64 58 61 66 61 53 69 62 58 70 58 66 70 70 61 63 63 59 75 69 57 58 71 60 72 59 71 63 69 60 67 60 60 48 61 65 63 74 65 61 64 63 62 51 73 55 70 62 65 55 55 61 66 65 64 69 65 56 65 60 65 55 68 57 59 64 63 59 63 70 63 70 
73 71 63 64 72 67 58 72 71 83 67 73 66 71 71 75 67 73 71 74 76 74 65 72 66 70 62 69 77 67 67 73 69 74 72 71 64 69 71 60 72 64 69 71 71 82 67 70 70 72 67 70 68 69 71 68 71 65 62 66 73 75 67 68 62 64 71 73 71 71 61 68 62 69 79 75 76 72 70 78 81 71 76 66 66 64 73 79 67 62 71 75 67 63 70 60 68 75 80 71 71 68 68 66 82 62 80 72 68 74 74 64 71 69 68 80 72 67 69 67 68 72 68 67 74 57 81 67 80 71 68 69 76 71 67 76 64 60 75 76 61 61 63 78 58 76 67 66 77 74 67 78 66 75 71 67 60 68 67 59 76 69 76 72 66 76 65 65 66 71 74 65 79 73 76 72 67 65 54 69 73 65 68 68 71 70 66 72 74 61 68 71 65 80 69 75 78 73 66 64 67 65 72 65 67 68 66 54 72 57 63 67 75 64 64 70 63 61 63 70 68 71 75 64 66 63 69 61 77 71 71 71 74 60 63 60 63 80 71 67 67 63 72 68 69 69 72 69 64 76 74 68 68 75 71 75 
68 71 60 66 64 71 59 71 65 77 64 67 63 69 59 72 62 74 66 73 65 64 63 69 59 65 63 73 67 63 56 68 62 63 71 68 60 55 63 55 70 58 68 67 72 71 68 71 55 70 57 64 61 65 61 60 68 63 63 56 71 76 59 66 55 66 63 65 60 65 67 58 50 57 73 69 60 73 59 69 71 73 65 63 62 62 67 74 58 51 68 67 67 57 68 63 72 72 71 63 64 62 61 65 64 60 72 61 60 68 64 67 67 63 59 75 75 69 67 74 67 63 62 58 64 61 69 58 69 60 65 59 61 65 62 69 61 63 72 57 58 61 56 72 58 67 72 63 69 63 61 70 56 69 65 57 63 66 64 58 60 67 76 63 60 61 62 57 62 58 64 57 63 71 63 60 60 60 53 62 67 52 70 59 66 60 63 63 72 54 64 64 58 68 66 66 64 63 59 66 62 62 67 67 61 66 66 61 69 58 63 57 68 62 67 67 60 55 61 64 57 72 71 67 57 69 70 56 69 60 68 66 66 56 63 61 65 69 74 68 61 54 67 66 68 57 65 64 61 72 65 58 61 70 65 65 
70 64 55 60 58 57 61 67 62 69 59 61 56 52 55 56 59 64 66 68 59 62 56 60 50 61 55 65 65 55 63 61 59 68 64 63 54 57 53 55 65 53 62 69 66 60 51 66 58 58 58 53 57 64 56 61 66 57 56 54 66 69 51 62 54 66 56 62 61 63 49 66 56 54 61 62 67 66 56 62 61 66 60 55 68 51 63 65 59 56 58 64 64 53 55 52 64 56 65 60 69 53 64 59 65 60 64 61 64 65 52 57 66 70 56 71 55 61 53 65 60 58 57 66 68 52 63 56 58 59 61 60 58 67 57 62 59 61 66 58 55 56 55 69 56 64 67 58 64 57 57 58 59 63 65 62 61 61 55 54 65 55 64 61 56 58 61 56 60 53 70 51 59 65 62 59 50 62 49 47 59 57 57 51 57 63 50 64 55 54 67 54 56 59 51 66 66 61 56 55 63 52 56 65 55 63 67 54 63 56 59 47 68 60 65 51 57 49 63 61 54 69 60 53 57 55 55 53 66 62 57 64 58 58 49 61 63 65 56 62 60 52 71 72 58 51 62 56 51 62 56 58 60 68 57 62 
74 74 74 75 76 78 53 74 75 76 78 77 64 68 62 68 66 81 79 74 72 72 64 81 68 75 64 77 77 71 62 70 77 76 74 74 66 70 69 60 75 61 80 72 73 79 65 72 68 72 59 66 67 70 80 75 76 69 62 64 85 82 69 73 64 72 65 69 70 77 63 75 62 74 71 75 77 73 66 74 70 76 76 71 75 68 77 74 73 63 72 74 68 61 77 69 79 67 77 65 75 73 76 77 66 64 75 72 80 73 73 73 74 74 69 80 80 68 67 75 70 71 68 66 73 65 75 69 72 63 67 75 76 74 69 72 65 67 83 71 67 68 66 72 71 79 76 67 70 72 73 66 69 75 73 61 66 73 81 69 68 72 82 67 70 63 69 60 67 70 74 61 72 76 67 71 71 67 63 59 80 68 72 59 73 75 64 75 75 60 76 72 60 81 78 78 75 76 68 72 67 68 75 75 63 57 71 65 76 68 74 67 79 69 75 74 66 61 73 70 68 76 69 76 62 74 75 54 73 79 70 75 68 70 69 75 67 73 70 73 75 64 67 74 73 60 74 63 62 70 72 81 65 80 76 77 
68 67 61 62 66 71 59 69 65 71 70 67 66 63 62 62 62 72 80 61 68 65 55 57 60 72 58 71 70 62 63 65 63 65 65 64 59 63 75 60 74 59 71 65 73 68 58 60 61 69 66 67 60 67 66 62 74 63 59 64 71 69 59 63 55 67 63 62 65 70 64 64 57 59 61 66 67 67 60 68 63 66 65 57 74 62 78 74 52 56 63 71 62 58 71 63 72 56 66 57 79 69 65 65 56 56 71 65 68 66 64 61 66 74 60 78 68 61 60 72 69 60 62 68 71 61 65 64 67 63 72 61 62 67 64 71 62 65 72 67 61 58 52 67 62 69 67 62 65 67 61 61 61 69 62 62 60 58 65 61 62 64 64 59 61 60 64 59 66 65 67 57 61 73 62 61 61 67 57 53 66 60 69 58 62 67 61 62 67 57 67 66 62 75 58 69 68 69 58 65 63 60 64 56 58 54 63 63 71 66 65 57 70 56 65 66 60 57 58 62 61 68 63 66 63 67 61 54 64 68 68 67 65 62 59 60 64 75 61 71 69 56 75 57 72 54 64 54 59 66 68 68 62 79 68 75 
68 66 67 70 53 61 58 71 62 75 70 62 58 60 56 66 59 65 67 60 65 65 57 64 56 60 56 70 67 64 65 63 63 71 64 64 60 57 67 53 71 64 62 62 64 66 62 62 61 66 61 59 63 69 56 69 65 56 54 56 67 67 61 68 58 60 58 58 62 74 53 65 57 67 63 73 62 73 67 73 73 67 67 58 68 56 67 69 71 64 68 61 67 56 52 52 70 58 68 60 59 62 61 62 61 57 64 69 61 67 67 59 61 65 59 69 69 64 64 70 67 61 54 60 68 60 76 61 60 54 58 63 64 66 57 63 59 62 69 62 61 63 58 67 57 60 67 61 69 59 61 65 56 60 56 63 62 64 72 56 61 72 67 64 57 56 57 51 59 55 63 57 63 61 64 65 56 60 59 56 66 56 62 61 65 57 64 66 63 54 67 64 53 67 65 69 69 65 64 65 55 54 54 67 64 59 62 60 63 59 64 51 68 58 68 60 63 60 65 72 55 64 68 63 62 56 59 52 65 60 60 62 63 56 58 65 62 67 61 66 60 56 67 69 67 60 68 58 59 63 61 60 65 71 57 61 
56 60 59 49 51 58 50 61 50 69 58 60 54 54 53 56 54 58 58 58 64 47 49 56 53 58 49 63 64 52 49 59 54 64 58 64 50 53 54 51 58 48 58 59 58 53 53 62 57 57 51 55 46 53 52 56 60 58 50 50 66 64 55 57 44 55 59 47 61 56 52 57 49 51 60 54 51 62 51 63 60 56 63 56 58 50 53 56 47 37 57 63 51 48 62 47 55 54 55 59 59 55 48 49 54 52 58 53 57 57 44 53 56 55 52 60 63 54 50 57 56 56 60 55 56 52 55 53 62 51 49 60 50 59 50 55 53 49 62 56 53 50 44 60 52 60 57 46 50 48 56 59 52 51 46 53 53 49 58 45 54 62 65 58 51 54 54 53 52 59 53 48 54 50 57 51 54 53 36 58 50 46 55 50 55 50 50 47 56 51 55 57 46 61 53 64 62 54 61 51 54 47 65 55 49 50 52 46 61 54 57 50 60 53 54 49 53 48 49 56 51 58 57 62 50 54 58 51 56 51 51 57 60 52 47 46 55 58 53 54 50 44 52 57 57 55 51 52 51 67 45 53 54 70 55 59 
63 72 72 58 70 66 52 63 70 76 67 72 65 58 58 63 69 70 69 70 65 63 58 63 58 66 59 61 63 61 55 64 68 65 60 69 54 64 66 58 71 59 69 70 74 69 64 68 60 71 62 56 61 60 67 64 68 63 57 60 77 67 55 67 60 67 58 76 62 76 60 61 62 62 67 70 60 66 65 70 72 69 73 62 68 69 67 67 63 49 66 66 66 57 72 48 71 68 76 61 62 67 72 67 64 56 64 65 59 73 65 62 73 62 62 75 71 67 67 67 66 61 60 62 67 58 71 63 71 66 72 67 63 70 66 65 63 61 77 65 68 58 61 61 60 66 70 63 67 69 61 64 60 66 67 57 61 61 68 60 64 67 71 64 57 61 65 59 60 69 65 55 67 66 62 62 62 58 62 64 67 60 55 63 59 57 51 65 68 51 66 62 57 64 61 75 63 63 59 59 54 61 74 70 66 64 63 64 65 63 61 58 60 65 64 69 65 57 60 72 64 63 68 70 65 62 71 52 69 71 58 69 66 64 63 63 57 67 66 68 61 61 66 64 64 57 66 57 60 65 62 66 68 72 60 62 
50 61 57 58 54 53 57 59 58 63 61 64 61 59 59 59 67 67 65 56 63 63 56 55 60 57 50 63 60 57 59 62 67 61 60 59 50 55 61 56 59 50 62 61 63 57 61 61 56 65 51 51 49 56 60 58 72 64 57 58 66 60 57 53 55 62 61 66 60 66 47 55 54 53 60 59 53 64 53 65 58 60 64 62 68 51 67 68 53 45 63 60 63 54 67 53 63 54 60 50 63 56 63 59 55 53 65 55 54 60 58 53 66 61 58 72 66 55 50 63 58 57 54 57 55 50 64 62 59 61 66 51 53 65 53 48 52 63 70 63 56 56 54 60 56 68 67 51 60 56 59 63 54 65 57 50 59 56 54 51 62 67 64 59 56 58 63 60 58 59 52 49 58 59 53 57 51 60 52 56 60 55 61 51 51 54 61 53 57 54 62 69 48 67 57 61 59 62 47 56 53 57 65 66 53 55 58 54 56 55 62 60 57 50 56 54 49 47 53 61 61 66 70 66 49 60 57 53 58 59 54 58 61 55 49 48 51 61 60 56 53 58 58 62 62 51 64 56 53 64 62 60 54 69 58 58 
63 68 62 61 61 58 54 66 61 67 69 62 53 58 55 49 58 60 66 60 59 66 62 59 60 57 47 65 72 67 70 62 66 70 59 62 57 66 53 56 64 60 61 69 68 67 59 56 56 57 62 50 63 67 75 61 59 61 60 62 63 62 57 65 53 54 63 62 66 60 47 62 66 64 69 72 62 60 59 69 66 67 65 54 61 56 63 63 49 48 66 61 52 56 58 58 67 54 69 51 61 63 66 54 56 58 60 63 57 69 60 61 64 66 53 77 66 63 61 68 67 59 58 55 58 42 64 58 64 57 54 62 65 65 58 67 60 57 73 63 57 65 57 63 61 65 59 60 69 69 61 59 61 68 64 64 60 60 62 54 70 64 63 69 60 66 60 59 60 56 66 57 58 63 60 57 58 66 48 48 63 51 55 55 58 62 58 58 47 57 63 60 52 65 60 60 66 62 63 68 51 54 71 59 59 52 60 56 69 53 55 58 63 63 61 63 52 49 56 60 60 67 63 64 57 60 62 61 72 59 56 64 57 58 51 51 55 60 56 65 65 59 72 63 65 56 58 61 61 64 65 58 64 61 60 61 
75 71 59 66 72 72 59 65 67 78 65 77 59 65 59 63 67 70 73 68 70 65 57 63 69 70 66 69 72 68 63 68 62 72 63 69 57 63 63 60 73 72 70 69 78 68 64 59 62 73 60 61 64 67 70 64 73 64 64 65 72 77 62 68 61 64 62 69 68 69 61 75 62 63 64 71 70 76 66 71 68 67 69 67 71 64 76 69 59 48 64 68 60 67 68 66 69 63 76 60 67 58 68 58 67 62 72 69 65 80 70 65 65 68 61 80 76 66 60 74 67 69 73 66 66 54 71 61 77 70 66 72 67 74 63 66 66 58 79 67 58 70 59 70 60 70 69 67 63 65 67 68 62 74 70 62 63 68 71 63 66 76 78 71 69 69 74 58 66 61 69 63 72 64 66 61 65 72 56 61 68 63 67 62 58 62 68 67 62 57 65 73 64 70 66 71 69 70 62 72 59 62 72 67 59 59 66 59 73 62 65 60 72 58 68 66 61 58 62 66 62 75 73 73 67 70 63 65 73 68 66 70 67 61 59 58 63 72 61 64 71 62 73 76 67 71 67 61 61 74 66 76 67 76 62 65 
63 69 63 64 55 64 47 60 63 66 69 70 59 64 57 58 62 64 70 62 65 59 52 57 59 68 51 68 67 66 59 52 61 63 57 59 53 58 55 55 68 61 65 64 57 64 58 60 61 64 63 56 54 60 62 66 70 65 61 58 72 54 54 56 52 60 56 59 67 62 52 53 49 61 66 68 61 63 56 72 71 58 63 59 61 53 64 69 60 45 68 63 65 52 57 55 57 58 70 57 59 66 66 60 51 52 70 62 63 62 66 60 57 61 60 70 73 59 59 69 57 63 52 61 63 60 68 59 64 57 67 65 69 59 58 63 56 54 70 67 49 54 53 56 55 58 72 58 65 65 55 63 55 69 70 53 57 64 56 52 61 61 66 59 57 56 65 53 54 61 59 58 67 63 60 60 54 68 57 59 55 57 60 55 61 60 60 68 57 54 61 61 53 69 60 68 68 61 59 63 52 64 62 63 59 60 63 59 64 55 60 59 69 65 64 57 52 51 59 62 58 66 58 60 60 53 56 52 63 67 57 65 62 52 53 55 59 66 64 67 62 53 67 57 67 56 56 57 56 62 56 64 63 75 60 68 
79 70 72 70 67 78 62 69 73 76 66 73 65 67 65 64 76 80 74 69 76 65 63 73 65 67 62 72 76 70 62 74 73 71 67 71 59 71 69 53 76 69 70 76 77 67 72 60 67 75 68 64 66 74 67 68 75 67 68 77 79 65 72 69 66 67 67 73 71 76 63 75 67 70 68 74 64 70 61 66 77 69 74 66 72 67 78 69 74 51 75 68 63 57 73 61 71 69 79 64 62 68 78 70 67 60 67 65 73 76 72 64 66 73 75 84 77 66 65 75 69 66 68 64 70 65 69 69 69 73 71 72 75 70 70 62 65 71 71 77 65 63 63 77 73 68 76 70 81 72 68 74 59 77 71 68 66 71 68 59 67 79 74 68 66 68 74 60 58 63 67 60 68 67 73 63 64 76 56 61 71 63 69 59 70 65 62 65 72 58 72 79 62 67 73 73 75 70 60 67 63 63 75 79 68 66 67 56 72 68 61 71 74 66 67 78 65 65 70 73 71 75 75 69 66 67 67 63 81 73 68 72 74 68 63 62 65 77 71 75 71 70 69 68 74 64 72 70 65 73 78 73 75 70 68 73 
55 58 61 54 56 58 60 65 56 73 66 65 62 56 59 54 61 59 61 57 64 57 50 56 55 53 53 61 69 62 58 62 63 62 56 65 51 61 54 48 61 58 66 65 62 64 58 66 55 64 57 59 61 56 61 53 66 60 58 53 61 56 50 60 53 62 57 64 61 62 53 68 59 58 55 54 53 65 57 65 66 62 62 52 51 59 66 58 59 45 60 62 58 53 64 49 58 60 58 61 66 60 63 59 49 47 63 54 59 68 62 59 59 54 62 67 65 57 54 64 60 59 57 56 53 57 67 65 61 61 65 61 58 59 59 58 55 58 65 65 50 55 44 61 56 61 61 49 56 57 55 67 53 64 58 55 56 55 55 57 51 62 64 52 56 56 67 50 56 63 49 54 61 60 56 54 51 55 53 59 72 55 64 48 59 50 57 61 57 45 63 58 41 55 49 65 58 63 57 56 55 59 57 56 53 56 57 52 62 53 61 59 58 57 58 56 49 52 55 60 65 69 62 57 59 54 61 51 62 60 49 61 60 53 51 61 56 61 58 62 60 54 60 61 62 53 58 51 58 66 52 51 61 66 65 60 
77 68 72 66 59 72 61 75 76 77 69 76 70 65 66 75 60 75 81 72 74 70 70 71 67 76 64 75 76 73 71 73 72 73 70 72 61 73 66 72 80 62 74 79 72 75 69 69 70 74 67 63 70 79 65 79 81 63 68 59 67 68 65 68 64 69 69 75 70 79 61 73 58 76 72 74 70 82 70 81 72 71 80 62 73 68 80 78 71 60 72 80 75 56 75 65 71 68 77 69 71 69 76 63 68 63 80 70 66 65 68 67 64 74 66 84 81 66 61 76 72 65 65 73 71 63 73 70 67 65 65 70 74 74 74 76 66 73 72 74 66 65 62 74 68 72 75 68 77 71 70 77 65 76 72 74 68 71 69 58 67 71 78 73 69 64 60 77 66 64 80 58 69 72 75 72 63 75 55 67 70 61 68 64 71 63 66 75 77 67 79 70 64 70 67 82 67 76 68 70 62 65 77 80 63 68 71 60 70 71 69 64 83 70 73 75 67 68 77 74 67 79 70 79 70 68 74 60 80 71 68 77 74 69 65 68 68 72 78 76 62 63 77 81 70 60 72 64 71 72 75 63 69 83 67 74 
76 72 72 71 76 70 60 71 75 80 78 69 66 69 69 73 75 78 78 73 65 66 65 77 68 80 61 72 71 75 64 73 74 74 72 74 67 72 73 61 78 67 68 76 83 74 72 69 76 75 66 66 65 80 79 66 73 72 71 67 76 72 62 66 68 71 75 78 68 81 65 71 62 67 72 75 75 82 68 77 81 84 65 65 73 75 73 78 70 64 77 71 66 65 77 70 81 71 73 70 80 67 71 75 68 62 77 78 70 81 73 70 72 77 68 74 69 73 65 76 68 69 72 70 72 56 79 64 76 69 72 75 80 72 69 72 68 70 80 71 68 66 69 76 64 76 72 72 73 73 68 66 57 71 75 64 65 74 70 69 73 66 76 77 65 66 83 66 67 63 80 67 72 76 76 68 67 67 58 66 74 68 72 60 72 67 61 74 64 60 75 76 74 74 62 74 71 65 61 75 67 73 77 70 74 73 79 56 68 67 69 53 73 73 69 75 62 62 69 72 72 79 83 61 67 71 70 64 81 69 73 80 70 65 71 67 74 75 67 71 71 65 71 72 77 62 67 60 61 75 64 69 69 76 74 80 
57 68 59 64 67 57 61 68 69 75 62 75 60 66 68 54 63 62 70 59 74 71 57 66 68 67 66 69 69 61 62 62 72 64 59 70 59 61 58 60 75 60 69 67 68 73 64 62 64 73 62 62 55 73 63 68 74 74 67 60 66 69 68 66 55 66 63 72 65 68 58 71 65 69 71 65 67 67 58 71 66 65 67 60 61 63 66 66 59 57 65 71 55 51 67 59 71 58 73 64 72 61 69 61 67 57 72 63 65 72 72 61 62 65 61 78 72 60 59 69 65 61 61 62 65 56 63 66 60 67 69 66 59 63 63 67 65 66 71 69 63 66 51 66 67 67 70 55 69 66 65 74 53 61 65 60 61 58 70 56 68 63 62 66 59 68 65 55 59 66 67 54 69 62 73 60 67 70 62 64 71 62 64 60 60 57 52 67 66 54 64 63 54 71 62 73 63 63 63 68 57 55 74 73 63 66 73 61 76 63 67 63 69 61 68 65 53 58 65 70 62 76 64 69 67 59 59 55 75 63 67 75 68 68 64 55 63 73 62 70 62 64 69 73 64 54 66 62 58 69 64 67 74 71 66 70 
56 65 58 69 63 59 53 66 59 64 62 70 56 67 61 58 58 60 66 55 62 63 58 55 54 66 48 68 59 65 65 63 66 63 67 61 56 58 56 50 65 64 59 62 64 66 63 64 62 61 61 52 63 63 65 70 57 63 47 61 66 69 62 63 45 62 64 66 58 66 48 62 56 57 66 66 61 64 55 72 66 59 61 54 64 60 65 70 62 53 69 64 58 51 61 60 65 59 67 62 68 59 70 63 64 54 61 63 64 66 64 63 70 62 60 74 69 65 58 61 68 62 61 60 62 52 67 61 63 54 60 62 59 69 59 64 59 59 70 60 50 58 60 57 63 69 57 59 65 58 60 61 50 64 55 62 58 63 69 51 65 59 67 61 59 63 62 51 56 62 68 59 69 64 61 58 59 65 48 59 65 52 62 55 58 55 59 70 62 55 63 67 57 66 62 66 61 62 57 59 57 54 59 56 53 56 63 49 67 53 57 60 64 54 59 57 47 55 52 57 58 66 65 62 56 55 51 45 63 55 56 65 60 57 48 58 60 72 65 56 63 49 72 64 65 58 57 60 55 65 63 59 63 70 62 63 
63 58 55 57 61 63 52 58 56 65 63 68 57 52 58 63 57 57 64 64 66 55 53 55 55 59 52 65 56 54 57 59 64 62 54 60 48 59 61 54 70 54 61 58 57 66 61 62 56 65 53 57 57 61 54 67 66 55 52 58 61 54 54 61 47 53 54 60 61 61 55 56 58 58 59 60 59 63 58 66 65 63 68 57 70 57 63 65 48 50 63 72 58 55 63 62 61 58 61 55 57 57 53 51 59 55 62 58 58 57 56 57 60 56 49 69 66 63 53 66 66 57 56 57 58 45 61 55 55 54 60 63 54 51 53 53 56 63 65 58 53 43 51 58 55 58 61 59 62 58 54 68 54 59 54 55 58 60 58 57 59 60 61 61 51 52 55 50 52 58 57 46 60 60 64 53 54 64 54 52 59 49 54 52 58 47 53 62 63 48 63 57 48 66 56 64 57 61 58 50 54 56 58 64 57 57 61 54 62 58 61 55 62 55 62 59 49 48 60 59 57 59 56 67 54 53 61 47 57 57 50 59 58 61 61 53 49 62 60 55 59 49 56 62 63 53 57 54 59 56 54 59 56 64 59 60 
61 66 67 55 66 67 63 63 58 63 64 67 58 68 64 59 54 65 59 60 65 62 60 61 64 66 55 69 69 61 55 68 64 66 58 69 54 59 59 55 73 55 71 61 59 75 55 62 66 76 59 59 63 66 63 65 71 66 58 57 72 71 60 66 62 66 59 66 65 64 51 59 63 60 68 72 63 70 53 70 75 67 70 49 65 60 69 62 58 46 65 66 57 55 65 57 65 54 67 57 70 59 68 60 63 55 65 66 66 66 66 63 67 69 60 67 74 63 61 73 65 62 63 65 63 58 65 59 71 63 66 68 70 60 64 66 61 61 66 62 59 52 53 64 61 75 64 62 64 65 60 70 56 75 72 62 62 61 72 57 68 60 71 64 58 67 71 53 58 63 63 55 60 62 66 63 55 65 55 61 67 57 58 62 56 58 62 68 69 61 57 54 57 69 61 63 74 58 56 63 56 58 61 61 51 56 67 62 67 57 59 57 65 63 64 70 56 61 64 66 60 74 66 69 65 61 60 52 64 63 58 60 61 61 59 64 63 66 60 68 53 57 69 59 67 61 61 62 67 67 62 60 66 73 53 71 
70 74 69 62 61 70 60 73 73 83 73 72 72 62 64 52 69 73 82 72 69 59 64 77 58 68 62 68 73 74 65 67 83 77 66 67 53 68 65 60 71 66 74 72 76 64 66 68 66 77 65 70 72 70 62 61 74 69 70 62 74 77 63 67 64 64 72 69 69 75 58 70 64 70 63 72 70 75 62 71 76 73 77 65 68 64 71 73 65 56 68 71 71 63 66 63 76 65 72 65 65 70 71 68 63 61 75 67 68 75 70 63 72 68 72 81 72 66 65 76 67 71 66 61 70 63 78 66 68 70 69 71 66 73 71 69 66 57 77 69 65 66 62 74 74 72 76 64 67 71 67 68 65 73 70 69 53 71 66 64 64 69 71 63 61 57 74 66 71 66 74 58 66 69 63 64 66 68 55 59 74 71 67 64 64 68 62 69 63 65 70 69 55 65 66 70 70 74 63 66 64 59 71 75 70 68 72 61 75 65 70 58 70 56 74 67 65 57 62 75 65 67 72 71 57 62 71 62 62 68 61 70 66 53 64 70 78 79 66 67 68 59 71 69 71 64 66 63 67 70 68 70 72 70 76 71 
62 62 58 67 61 65 53 64 62 61 66 59 59 60 60 58 52 68 66 53 55 63 58 64 57 62 51 60 69 63 52 64 68 63 60 69 53 53 64 50 66 54 58 60 65 76 62 65 62 65 58 56 56 61 64 65 62 57 55 57 69 72 60 71 57 65 61 72 58 62 54 61 61 62 64 64 61 69 52 70 72 73 59 61 60 60 62 58 59 54 67 65 65 55 66 57 58 62 65 55 68 56 70 64 61 58 60 70 61 69 65 66 63 64 59 71 67 68 56 67 65 65 56 63 68 50 60 57 62 62 63 68 64 63 60 62 58 62 73 62 58 60 54 59 63 67 71 57 75 53 66 64 55 66 59 58 59 65 66 45 61 69 73 60 56 60 70 51 53 59 63 57 57 66 58 64 65 58 53 61 66 50 63 61 65 59 57 60 60 57 57 64 61 66 66 71 57 61 57 66 59 56 69 61 62 54 56 51 66 56 62 52 69 63 63 57 53 61 53 67 61 65 72 65 64 63 64 50 62 65 58 58 69 55 58 62 59 69 64 59 57 61 55 66 61 56 62 65 51 62 68 63 69 66 60 64 
63 63 57 57 59 65 52 59 65 64 55 60 57 59 57 56 56 71 70 61 61 59 47 59 53 65 47 60 62 69 53 60 61 65 59 61 47 54 61 56 67 51 63 62 54 60 56 59 60 60 63 50 62 60 59 57 66 64 52 52 59 62 52 52 59 69 59 61 53 61 55 57 60 54 64 69 58 61 59 60 66 61 66 51 68 52 64 62 58 51 59 64 55 53 66 56 57 56 64 55 68 51 64 62 63 46 65 66 59 56 64 50 55 65 59 72 62 61 49 65 61 58 54 69 60 52 60 57 58 57 61 60 61 64 57 61 46 52 66 59 53 55 51 59 53 67 64 53 63 60 53 70 53 60 61 58 53 63 58 50 55 64 59 51 54 54 56 50 60 53 68 52 52 59 63 60 64 60 46 60 57 60 64 46 54 60 60 58 60 55 65 62 55 65 56 60 54 59 61 63 51 58 61 59 51 55 49 54 61 56 64 48 63 50 68 53 57 52 59 59 58 63 66 60 56 55 55 49 65 59 63 61 67 59 60 61 59 64 60 57 56 58 63 57 59 52 60 55 52 61 62 55 54 65 61 64 
61 63 66 52 65 65 55 65 63 64 68 72 60 59 58 54 54 65 68 60 62 57 49 63 60 58 57 72 67 63 60 60 65 61 58 63 53 65 62 53 66 56 72 69 60 65 50 62 58 58 59 51 60 62 58 53 70 69 62 57 62 58 56 60 57 59 58 61 61 69 50 61 59 57 63 64 50 55 54 67 61 61 66 52 67 56 67 71 54 43 60 63 53 48 63 57 63 62 66 52 67 63 63 63 55 56 56 58 58 61 66 51 62 58 67 76 64 55 54 67 68 54 55 55 59 51 61 59 58 57 61 61 60 64 62 55 59 58 61 61 49 52 56 65 56 59 62 48 62 59 60 68 61 64 57 62 62 63 64 55 58 64 62 61 57 57 60 53 53 57 58 51 60 63 57 63 59 69 50 52 60 53 61 51 60 61 58 54 55 49 68 55 49 65 63 67 61 59 51 66 56 62 64 69 52 52 58 58 70 66 68 56 64 56 65 64 52 49 57 58 64 69 58 73 56 62 59 44 60 60 52 60 64 63 60 58 51 61 57 67 61 54 64 59 66 54 64 54 62 57 58 58 59 62 58 59 
63 57 50 61 61 57 51 60 55 66 60 61 60 59 52 64 58 59 62 48 58 59 55 58 55 64 47 63 57 60 66 53 57 57 64 54 49 59 54 51 63 56 60 61 61 62 60 54 55 57 54 58 47 63 60 60 58 52 55 51 54 64 55 60 49 52 52 55 55 54 57 52 51 63 67 64 55 61 58 59 64 53 55 53 57 56 62 60 56 47 69 53 57 53 57 55 59 53 60 48 58 61 57 53 66 47 64 59 65 55 60 60 57 55 49 72 64 62 53 62 63 56 55 68 58 56 57 61 58 57 53 54 56 62 58 63 58 55 61 65 54 50 45 61 56 63 57 56 62 54 52 63 49 61 53 55 51 55 61 48 61 59 68 65 55 60 60 52 55 60 64 55 57 60 61 50 57 54 44 58 58 64 55 56 61 59 57 58 58 48 60 62 58 62 52 54 56 56 54 53 50 51 63 51 55 52 57 52 60 53 60 53 54 54 63 53 47 48 60 60 61 61 63 57 56 53 53 51 56 49 61 57 57 54 50 54 58 62 56 56 60 53 57 60 58 54 62 46 54 69 56 57 57 63 60 60 
64 72 58 70 64 69 53 64 58 59 59 65 57 58 57 54 62 65 63 61 70 61 47 59 64 67 60 72 68 64 58 63 54 69 61 58 51 56 63 44 71 60 63 65 68 65 58 53 59 66 54 55 54 70 59 62 65 59 54 55 68 64 51 60 58 60 59 58 57 66 56 66 55 60 61 67 58 66 54 69 70 62 59 58 68 56 70 63 60 53 62 68 48 57 56 62 67 46 69 57 67 66 61 63 56 50 57 64 67 72 64 59 66 62 59 66 68 59 63 68 60 63 68 65 60 53 58 61 57 61 62 58 66 60 68 55 53 63 70 60 59 49 58 66 61 66 60 55 53 63 54 61 56 63 61 63 55 64 70 56 59 56 66 60 55 56 60 49 59 56 67 55 59 58 67 63 55 68 51 52 62 57 60 54 60 61 61 69 61 53 69 57 53 64 61 65 62 61 58 62 52 58 65 61 51 57 67 52 63 49 59 50 62 60 63 67 52 51 55 59 58 63 64 67 60 62 56 61 62 55 60 65 61 54 58 59 61 60 54 58 65 49 62 64 59 55 61 51 64 67 69 63 62 75 60 61 
68 68 63 57 67 64 60 72 66 74 75 70 69 65 68 58 66 70 77 66 73 64 58 72 62 75 63 67 76 63 61 72 68 74 67 66 54 70 66 54 73 60 71 60 75 74 66 64 64 73 74 61 62 72 70 64 71 65 65 55 69 74 66 75 62 64 68 68 73 68 53 68 63 74 63 79 63 64 62 81 68 76 65 65 69 58 75 69 62 52 70 73 65 66 65 55 75 74 69 66 75 77 72 68 68 62 73 62 66 67 70 66 77 71 55 78 78 64 63 72 73 68 61 62 66 56 71 67 75 63 72 73 63 63 63 68 63 63 77 70 61 66 62 74 63 76 73 59 66 69 66 73 57 64 69 63 66 63 69 53 64 69 72 71 63 64 64 60 66 60 71 65 62 65 69 64 72 64 61 59 75 64 66 64 61 70 57 70 66 53 59 69 59 73 69 80 75 60 66 65 63 70 81 69 65 63 62 57 79 62 64 63 63 60 72 65 60 61 59 63 64 73 63 73 73 60 72 59 77 69 63 74 71 61 64 59 67 72 61 62 65 62 72 76 70 61 73 58 63 64 62 67 66 77 74 73 
64 55 64 57 66 69 50 67 59 70 60 71 61 57 62 55 57 69 63 60 65 65 60 59 62 66 56 65 62 61 60 61 59 71 57 60 52 68 61 50 67 58 70 68 71 65 57 60 59 65 59 54 52 68 63 57 68 60 63 57 64 62 61 65 55 61 63 71 62 69 52 63 54 63 64 66 53 64 54 68 64 65 66 60 65 58 67 72 53 44 68 65 64 61 68 55 68 60 68 56 67 61 68 60 67 48 72 59 62 65 60 62 66 69 56 67 65 62 56 71 65 64 60 60 63 50 60 62 67 62 61 61 58 62 62 65 60 56 66 65 58 63 55 59 56 65 63 59 63 65 52 68 59 67 58 58 56 64 54 50 60 65 62 67 56 63 63 54 56 64 67 54 57 64 69 63 58 62 52 57 57 57 55 55 58 54 57 57 65 55 69 59 55 65 64 63 65 58 62 65 57 64 62 64 58 59 58 61 56 59 58 50 64 61 63 58 64 55 63 64 64 67 61 65 60 59 58 59 64 67 64 66 60 52 56 59 64 64 61 64 56 48 64 62 70 59 62 56 59 65 56 64 57 72 58 64 
63 64 57 57 57 59 58 62 73 69 53 64 67 50 64 58 62 66 66 58 62 62 53 61 58 64 53 67 66 72 58 62 68 65 61 65 49 64 62 57 68 56 73 59 68 64 56 65 59 66 58 56 50 64 61 59 61 59 60 59 63 67 64 58 54 53 56 67 59 71 59 61 53 59 60 66 63 61 62 69 66 62 68 57 65 56 64 61 56 47 65 60 69 63 73 55 61 61 72 58 64 57 61 51 58 51 70 57 60 70 55 56 61 61 60 67 65 49 62 60 68 60 62 56 67 56 62 56 66 60 64 59 61 63 61 55 55 58 67 65 57 58 62 66 60 70 64 52 62 63 59 62 50 67 60 53 58 57 61 55 59 63 62 65 57 67 65 59 54 60 60 53 70 60 62 55 54 62 55 59 65 54 58 58 57 57 51 61 59 51 60 68 51 66 57 65 72 68 57 59 54 55 63 64 56 56 57 52 62 53 59 61 59 58 60 60 51 46 59 65 63 69 58 68 56 58 67 55 61 60 61 62 65 60 51 55 61 64 65 62 60 59 59 61 56 53 57 59 57 65 56 72 57 64 56 69 
72 81 58 64 65 69 59 62 70 80 74 77 70 62 64 61 61 67 71 70 67 76 59 60 70 69 62 73 75 64 59 71 71 68 69 66 58 69 66 57 70 68 70 74 71 78 72 68 72 74 65 67 71 67 65 64 74 72 61 68 73 71 64 68 56 72 72 72 73 75 58 66 60 65 77 73 65 73 63 74 74 71 76 66 68 61 76 69 62 49 75 69 58 56 63 65 68 57 68 61 71 75 69 73 70 62 68 66 75 68 69 67 70 70 65 80 68 70 61 74 70 61 61 64 65 63 76 68 68 61 68 74 66 64 56 62 65 64 66 66 62 64 62 67 62 75 67 63 69 67 64 75 71 68 68 61 61 67 69 63 65 61 77 71 66 60 68 60 63 69 71 68 66 81 69 66 64 65 61 64 74 62 70 61 66 63 62 73 68 53 77 64 57 65 62 73 72 68 64 63 64 68 70 68 70 62 65 60 67 68 61 59 71 68 77 60 61 56 63 69 64 80 72 67 68 63 61 62 75 71 69 69 67 60 63 67 61 73 65 65 73 58 75 68 63 57 67 62 63 74 67 64 69 64 69 71 
72 72 63 65 66 61 59 72 73 77 65 74 66 66 56 63 64 68 78 66 60 64 66 61 61 73 57 74 73 73 69 69 72 71 65 69 51 60 68 56 73 60 74 71 71 70 66 67 67 72 68 59 62 66 65 63 74 64 55 60 71 73 62 61 64 61 71 71 72 67 53 63 65 66 66 76 65 66 61 75 70 68 68 66 66 57 65 77 65 59 70 74 61 60 69 65 70 60 68 66 72 66 67 67 71 57 72 69 63 72 68 60 67 73 65 73 81 65 62 75 70 60 66 66 68 55 67 66 69 63 72 66 65 67 68 65 53 70 77 68 59 60 65 71 66 74 72 61 66 63 66 71 58 75 68 69 59 61 71 52 67 66 68 69 62 66 62 61 66 61 68 60 64 77 70 69 57 67 53 56 72 60 59 61 63 62 60 74 68 67 73 75 64 63 68 69 67 71 64 64 59 61 74 66 66 61 67 62 69 64 65 55 68 67 71 57 60 55 74 67 62 75 75 67 68 57 62 57 75 62 67 73 65 59 59 65 64 62 59 62 56 59 77 62 73 60 63 56 59 68 71 67 69 75 64 70 
74 79 74 74 76 80 70 75 76 79 73 77 77 72 76 68 70 80 82 75 77 69 63 80 74 78 59 78 79 75 78 83 72 83 72 67 62 72 74 64 80 78 80 78 86 79 71 63 69 77 68 67 68 72 78 70 78 74 75 69 82 78 72 69 75 77 69 70 78 79 62 72 67 74 78 81 74 80 71 84 80 78 71 68 78 62 84 79 64 60 70 80 74 69 80 68 79 72 87 65 74 80 82 70 72 66 79 80 75 81 76 78 71 80 71 98 81 74 70 84 74 74 75 76 79 71 72 74 72 78 82 76 74 83 69 74 65 74 83 84 72 70 63 78 74 81 77 75 72 73 68 73 70 78 71 77 65 72 70 66 62 70 78 77 60 74 77 70 70 76 75 71 77 75 67 68 69 72 67 68 70 66 75 69 67 74 76 75 78 65 82 75 71 77 78 81 74 69 80 77 68 69 79 76 74 65 72 71 76 72 79 58 76 70 70 74 77 64 76 83 73 80 81 82 73 76 65 63 76 71 72 77 66 67 66 66 77 80 76 77 71 62 75 75 70 74 76 70 72 75 73 80 72 90 75 73 
62 69 60 63 67 66 63 64 66 72 61 71 65 61 65 61 67 67 65 71 64 60 60 68 63 72 58 73 73 70 65 69 60 63 58 66 62 65 63 56 69 61 72 72 73 64 57 63 64 67 63 55 59 73 73 56 69 68 61 59 65 68 64 60 60 60 66 69 59 72 63 64 68 64 74 67 64 72 58 81 73 69 68 58 61 46 74 68 55 49 60 71 55 62 71 65 63 60 67 64 68 63 64 60 62 56 76 67 64 70 63 66 57 62 63 78 78 64 65 70 62 64 68 71 67 48 67 63 66 62 65 63 65 64 61 62 56 66 73 68 55 62 56 66 68 71 61 58 74 64 61 72 57 70 65 60 60 66 61 66 71 67 67 66 56 64 69 62 62 67 61 56 68 62 66 54 58 73 53 61 68 62 67 56 66 61 60 59 59 54 74 62 53 69 58 65 66 68 67 62 52 59 73 69 49 59 64 60 65 54 66 63 66 57 67 62 56 55 60 62 59 72 71 69 60 56 65 59 66 69 59 70 63 59 62 58 64 64 57 66 63 58 64 64 68 54 57 56 61 70 63 65 60 76 68 69 
64 69 64 58 58 63 56 62 57 71 65 66 63 63 67 59 58 67 64 61 64 59 58 63 59 64 56 73 75 66 65 70 61 62 58 66 53 58 63 60 66 63 55 72 71 70 59 61 60 61 59 66 59 60 66 63 56 59 64 58 74 63 62 64 56 63 55 60 59 65 57 62 60 67 65 70 66 71 67 75 65 71 66 58 61 54 78 68 60 48 68 69 60 55 65 60 69 55 69 60 60 63 66 61 65 58 70 68 65 68 71 65 66 65 65 78 71 64 61 68 62 61 60 58 67 53 74 62 60 63 63 65 66 61 63 71 58 60 65 64 56 63 54 65 65 69 64 56 66 63 59 72 56 68 67 65 63 63 65 51 60 65 71 65 57 62 61 50 57 57 69 55 63 65 67 58 54 64 49 59 73 56 61 61 64 60 58 64 60 56 61 63 53 61 58 62 66 64 63 64 50 54 69 61 58 60 65 57 68 52 68 65 70 72 67 70 53 58 58 64 57 79 73 60 66 59 57 60 72 62 53 68 63 55 57 60 61 66 61 67 64 59 63 66 58 60 60 55 62 68 59 59 62 70 60 72 
71 76 78 74 66 71 62 78 79 90 70 73 70 71 66 73 70 77 73 66 74 70 67 72 70 72 64 70 78 72 72 73 70 76 65 82 60 78 72 62 78 72 78 74 78 78 70 69 71 71 73 67 68 70 84 68 73 70 72 61 82 83 62 73 59 75 70 74 75 78 69 74 64 68 83 67 70 74 67 84 78 74 76 72 81 71 78 71 68 61 69 72 63 66 76 67 77 68 76 64 81 69 70 69 72 60 82 77 75 76 73 69 68 74 68 84 74 71 72 81 74 62 65 74 76 68 75 71 83 68 73 72 74 72 68 72 64 67 80 78 72 72 57 70 65 81 81 68 74 69 66 77 65 69 70 69 68 73 69 62 73 74 79 67 65 73 79 67 72 68 71 63 72 73 71 73 64 76 61 67 70 69 78 68 76 73 68 72 69 62 72 77 66 69 70 68 78 68 71 74 71 74 80 63 69 67 66 66 73 69 74 67 74 73 71 66 69 60 72 68 75 81 81 76 73 69 73 64 76 72 69 78 72 61 62 78 73 72 67 78 83 65 80 69 75 68 71 64 69 79 65 71 73 75 72 79 
62 63 52 51 58 59 56 59 60 65 55 63 59 61 43 51 59 56 69 62 56 59 52 56 62 60 51 67 66 64 54 55 54 59 61 62 55 60 55 51 58 54 60 64 64 61 55 51 56 60 61 51 54 61 60 58 63 50 57 59 60 58 57 57 59 54 58 58 60 64 45 57 56 63 61 58 52 62 52 65 61 54 62 58 58 51 65 63 57 44 59 61 51 52 56 55 57 57 63 53 70 56 56 54 57 55 57 58 55 62 66 59 55 60 56 64 62 59 53 62 54 54 59 64 59 53 56 62 54 59 59 53 63 60 59 58 56 61 62 63 56 57 45 65 62 56 57 58 53 58 59 65 58 63 57 60 61 61 60 55 62 61 62 60 64 60 55 50 56 51 55 51 54 58 59 48 50 60 51 48 62 58 58 56 57 57 53 56 54 47 61 48 49 59 55 65 57 55 56 63 45 50 60 62 48 54 60 52 63 55 53 47 54 55 57 60 54 55 64 53 53 64 61 56 61 64 54 45 60 54 54 68 58 56 52 55 55 60 53 56 59 47 61 58 53 49 67 52 53 59 57 54 49 65 60 57 
77 67 68 68 64 67 65 70 73 74 68 81 66 60 63 66 73 73 71 71 73 66 65 75 61 74 65 78 74 71 60 72 71 65 68 57 59 60 68 58 72 64 65 69 79 72 65 67 64 70 67 66 65 68 68 66 63 63 62 61 80 69 60 72 56 65 65 69 66 72 58 71 63 66 71 71 64 73 61 74 69 67 69 66 65 65 72 73 69 54 65 71 73 65 68 58 75 66 76 62 69 69 75 66 66 61 75 70 65 75 79 56 69 71 70 80 77 72 67 72 70 69 65 69 67 60 73 66 72 69 68 66 71 69 65 67 62 63 75 67 64 62 65 65 65 78 69 65 71 66 68 69 66 71 63 65 57 68 67 66 70 63 74 69 64 71 74 58 64 68 72 62 75 66 66 67 57 65 60 63 70 64 67 63 66 74 59 70 66 56 71 63 57 67 64 67 79 73 64 61 56 60 73 65 64 65 70 73 73 65 67 61 69 60 67 66 65 61 64 72 69 82 78 63 62 64 66 60 75 71 67 71 70 60 49 68 65 71 68 64 67 56 76 73 70 60 63 62 68 68 71 63 73 77 75 68 
63 68 62 63 62 72 57 64 62 73 69 62 58 66 66 58 59 72 71 63 61 59 60 56 63 73 53 67 73 63 61 63 60 70 66 63 51 65 64 54 67 61 68 63 65 59 66 61 65 68 65 66 55 65 67 57 68 65 60 61 64 68 58 68 53 64 57 62 67 70 58 65 65 64 64 66 69 66 65 70 62 67 61 60 61 57 71 61 58 52 65 59 57 60 71 51 62 58 65 60 66 67 64 61 60 60 74 64 63 62 68 58 58 67 58 75 65 63 63 73 69 55 58 66 62 56 65 70 72 64 63 60 66 67 54 59 55 64 70 64 63 57 60 64 59 73 66 60 69 63 62 71 55 63 60 63 58 65 59 54 62 63 64 68 59 66 58 58 64 62 65 55 65 66 61 59 50 68 53 56 63 56 58 58 63 65 55 56 64 62 64 67 56 65 61 68 60 62 55 60 53 62 71 74 55 53 66 62 63 55 64 64 59 52 61 55 54 52 62 62 60 68 68 59 63 53 58 58 77 62 63 67 60 61 53 61 67 63 61 65 70 60 66 68 66 55 63 51 54 61 66 64 62 71 64 66 
71 61 64 65 58 65 54 64 63 63 64 69 59 58 66 66 59 67 64 63 66 58 58 63 54 71 50 65 58 67 63 69 65 64 62 61 53 66 64 55 74 61 58 69 64 66 65 60 60 72 65 61 58 69 57 59 67 58 56 58 70 58 57 67 59 60 59 64 64 70 59 63 56 68 64 72 59 62 62 74 67 67 69 61 61 53 70 71 63 51 65 69 60 58 68 53 66 57 70 61 67 59 70 60 61 48 69 60 61 67 61 59 64 59 58 71 73 64 59 69 68 61 59 59 61 58 73 65 66 55 65 65 66 62 59 57 57 62 69 62 65 58 60 61 61 67 65 56 67 61 57 63 61 68 67 57 54 62 64 55 61 62 71 63 62 63 69 61 52 59 60 64 64 67 64 63 60 63 56 63 61 62 61 59 59 53 61 74 61 52 67 67 55 65 55 67 66 69 61 57 56 60 71 66 58 57 63 47 60 58 60 56 73 64 63 61 58 53 58 58 61 73 67 62 52 52 66 47 66 67 54 65 64 60 59 62 57 64 59 64 62 58 62 61 59 48 58 55 60 60 65 60 59 67 55 61 
64 62 64 60 59 62 56 65 69 73 54 62 64 59 62 62 67 65 69 65 75 68 57 63 54 64 47 64 69 67 64 59 67 67 62 62 49 67 62 57 68 54 61 63 67 65 63 63 52 66 59 57 59 64 63 50 70 57 61 63 66 66 58 65 58 59 63 61 68 69 58 63 51 62 58 61 58 60 61 63 65 62 63 60 65 51 66 67 60 47 66 68 57 61 64 62 65 67 67 51 59 68 57 60 63 59 63 64 58 69 67 56 68 66 56 71 60 59 60 71 70 59 54 66 68 52 68 71 65 61 73 62 57 64 61 61 55 58 76 64 57 60 53 64 61 67 62 57 67 63 60 63 64 70 65 58 56 58 64 52 60 61 61 66 65 66 59 54 60 59 67 53 62 72 65 67 46 63 51 56 63 65 58 55 64 61 62 68 60 59 65 69 56 64 61 64 61 64 64 62 50 60 70 68 65 60 60 58 67 60 58 58 61 57 59 63 57 50 62 65 50 67 62 65 59 64 61 56 62 67 62 70 61 65 66 63 61 66 58 66 63 59 71 56 67 55 64 59 58 68 70 72 58 67 56 65 
55 62 61 54 65 53 48 55 59 67 63 54 52 57 56 56 63 53 65 60 51 55 49 59 49 58 47 61 69 57 57 53 67 60 58 57 47 58 62 47 58 57 58 65 60 63 53 50 56 56 60 53 61 67 61 49 60 64 48 59 63 59 53 53 50 47 58 58 60 54 43 54 62 57 55 62 58 64 55 71 69 60 62 51 55 48 56 57 56 44 64 63 56 48 66 51 57 55 63 52 59 56 55 54 58 49 57 56 52 57 60 52 54 58 62 76 65 47 54 64 65 51 53 54 58 43 58 56 64 57 62 61 64 63 52 53 49 53 70 67 41 50 51 61 58 55 65 46 59 56 51 63 51 58 60 54 51 52 54 51 56 54 57 61 43 59 63 46 56 60 60 46 59 64 54 52 49 66 37 45 62 63 53 52 57 49 55 53 57 45 62 57 53 56 55 58 61 56 44 54 51 51 61 62 53 52 51 53 62 49 59 56 62 53 53 56 51 46 58 60 48 65 58 60 51 59 51 52 60 52 48 56 53 48 53 58 55 53 58 60 59 55 58 53 63 49 51 48 51 62 48 58 58 64 52 60 
69 67 59 62 68 69 58 65 71 70 62 73 63 53 66 65 69 71 71 71 64 63 60 68 54 67 68 67 67 66 62 61 75 74 66 75 54 72 66 59 68 62 62 73 68 75 64 72 57 66 56 63 60 71 69 65 70 67 65 55 63 75 56 71 52 66 64 73 70 76 58 64 59 65 70 67 58 68 65 73 70 78 65 62 66 61 65 73 61 57 71 74 70 58 73 63 67 67 66 61 65 66 67 66 63 55 68 69 64 68 60 61 67 61 64 75 72 54 61 76 66 61 68 62 72 58 69 64 71 62 69 72 66 63 68 61 61 62 73 73 65 60 60 66 66 73 71 61 70 61 59 70 57 65 67 55 58 69 65 64 65 67 73 61 66 60 77 61 64 64 70 59 68 68 62 62 58 68 57 57 67 62 68 58 62 65 59 70 69 46 64 64 59 70 65 70 68 66 59 62 56 64 69 69 68 63 61 51 76 53 67 60 70 60 72 62 62 52 62 68 71 72 67 70 67 65 68 59 72 69 62 71 67 55 58 70 68 71 63 64 67 63 63 63 67 61 63 49 54 71 68 64 61 70 65 66 
66 73 58 64 62 69 55 74 62 70 64 71 62 58 58 65 63 69 66 62 64 65 58 65 62 75 53 73 68 73 57 66 65 61 62 67 53 63 65 61 69 59 61 68 66 76 63 65 70 66 67 60 62 65 58 61 67 67 62 63 70 68 56 63 62 66 64 64 69 71 54 66 57 68 66 72 60 66 67 65 73 72 63 52 60 58 72 63 63 51 72 67 59 62 71 63 61 59 73 54 64 69 64 63 69 56 64 64 64 69 69 59 68 67 63 80 74 68 64 72 72 66 60 69 66 54 66 62 71 63 73 69 73 71 65 66 51 59 76 72 51 60 57 63 65 69 66 59 62 64 63 67 65 69 66 65 63 58 64 54 63 61 69 64 64 61 75 58 64 63 63 60 60 70 69 63 58 66 55 59 71 56 67 56 63 58 54 64 69 53 68 66 50 71 57 61 68 67 61 67 53 56 70 59 59 61 61 50 67 57 59 55 64 68 66 61 67 51 61 65 62 71 66 70 64 65 59 60 61 61 59 64 68 57 55 60 67 64 61 73 58 59 74 60 59 54 60 60 57 67 67 60 63 67 57 62 
66 76 62 62 67 67 61 72 67 78 63 66 57 70 64 64 55 71 68 68 69 62 60 65 65 73 61 71 69 65 63 74 69 72 67 62 54 65 69 56 72 63 74 67 72 76 69 71 69 75 61 68 62 62 70 68 71 73 66 65 73 73 63 63 65 69 67 66 72 71 53 59 60 67 65 66 70 74 58 72 80 68 74 56 70 62 71 64 58 50 72 68 58 62 63 55 68 65 76 56 65 65 65 64 61 61 72 67 67 73 73 66 63 78 66 80 66 63 69 80 69 64 60 71 68 59 76 63 71 66 71 67 69 75 66 66 64 67 80 71 57 67 57 73 65 65 74 64 72 62 65 68 62 75 64 66 72 71 68 63 68 67 74 66 66 64 64 48 61 70 63 59 67 63 63 62 62 62 57 58 67 62 60 61 73 65 53 68 73 61 68 60 52 71 70 72 73 64 59 68 63 62 69 61 72 74 60 59 69 60 61 64 70 72 71 61 59 60 67 60 61 67 63 73 64 62 61 53 70 70 68 67 66 64 60 67 67 72 69 76 68 66 72 59 67 65 68 63 60 72 71 72 61 74 66 67 
64 65 62 66 63 54 57 63 71 70 67 69 67 64 63 63 67 65 74 62 65 63 58 66 60 63 60 70 72 67 66 65 66 67 59 56 61 70 57 56 75 56 62 65 66 65 56 60 61 62 62 52 65 63 67 62 65 60 63 49 70 69 57 69 61 66 62 65 63 68 57 65 57 61 66 66 68 66 57 76 67 68 68 66 71 54 70 64 60 55 64 66 58 57 65 69 66 61 62 59 70 65 63 60 61 59 67 66 60 69 67 54 61 63 57 73 75 71 59 71 65 66 57 63 63 65 68 70 69 58 73 69 71 75 64 63 61 62 71 55 66 63 57 66 64 72 62 64 68 67 70 69 60 65 66 65 62 60 68 58 64 67 76 63 58 61 64 56 71 57 65 54 67 67 68 60 66 59 50 59 64 63 70 46 62 61 57 69 63 50 67 58 61 64 56 65 66 71 60 68 56 59 72 59 58 57 60 61 72 58 61 53 61 63 63 66 58 57 66 64 68 69 75 64 67 67 61 53 68 70 58 69 67 61 52 62 67 74 60 66 67 61 70 69 64 55 55 63 55 68 64 62 64 64 61 67 
68 73 65 65 60 64 62 68 64 80 63 76 61 62 62 61 68 71 67 67 71 66 61 67 60 67 52 67 68 73 60 72 73 64 62 62 55 63 65 60 69 63 63 73 72 65 66 61 59 67 62 64 61 66 66 61 64 72 64 60 77 72 74 65 65 67 61 65 63 70 58 68 61 62 68 66 68 61 58 74 73 65 56 59 69 61 65 62 60 50 64 64 60 59 68 63 69 70 76 59 64 69 63 67 65 61 68 63 71 71 70 58 68 60 62 76 71 59 57 68 64 62 56 57 64 56 64 66 64 61 64 65 60 74 61 69 63 62 74 66 56 59 48 69 66 65 73 60 65 67 66 68 62 66 64 67 50 56 72 57 64 71 66 67 63 65 65 53 66 63 63 54 62 61 68 64 63 65 52 59 73 67 74 56 67 61 62 66 68 53 67 64 54 73 55 69 64 66 59 62 55 60 74 68 62 70 66 58 76 62 67 59 61 61 71 61 56 55 58 66 66 67 77 65 61 66 61 54 76 64 71 68 71 67 63 58 68 67 58 66 63 64 72 65 66 55 65 61 55 70 71 61 68 67 66 69 
65 56 55 70 58 62 60 63 59 61 58 60 56 56 54 63 56 62 62 61 64 62 61 56 52 61 51 71 67 63 58 56 62 61 62 59 55 57 57 57 72 56 59 68 62 60 58 53 58 65 55 54 54 62 56 63 69 58 63 49 66 72 57 62 56 64 56 60 50 66 56 59 56 60 65 60 57 66 59 68 59 63 58 53 59 58 72 65 51 51 64 66 63 50 60 52 56 59 64 54 60 59 58 52 61 49 64 66 59 60 62 55 65 59 55 66 69 61 63 58 59 56 53 63 59 58 61 57 61 57 56 60 58 64 54 67 54 62 66 57 55 59 53 50 59 60 63 57 63 61 52 73 49 68 61 55 61 61 63 55 62 62 63 59 52 59 60 53 61 56 63 48 63 63 62 61 51 62 52 58 59 51 57 51 59 57 59 63 59 54 60 60 50 64 58 58 64 61 58 57 48 47 65 64 53 52 60 59 62 54 61 51 66 60 51 57 55 51 50 71 52 63 67 68 57 54 52 52 64 66 64 58 56 64 53 65 55 69 64 70 61 53 68 65 59 51 56 56 49 60 61 61 59 68 60 64 
75 80 69 65 71 67 63 72 68 79 72 70 65 71 71 68 66 75 79 72 70 65 57 72 65 76 60 83 76 76 68 73 66 77 71 76 54 65 65 57 70 63 67 70 74 78 61 73 64 76 68 61 71 70 69 74 83 73 69 65 75 69 63 77 67 72 70 74 65 73 60 70 67 72 76 71 72 65 62 81 73 79 69 61 67 61 71 74 60 54 73 67 59 61 64 69 78 69 71 66 71 66 76 74 68 67 68 64 66 74 69 68 69 66 67 83 80 71 62 80 71 73 61 68 65 53 70 67 73 63 78 67 69 77 67 69 64 74 74 67 59 65 60 72 70 72 76 70 72 68 64 74 64 67 67 73 66 69 76 53 69 65 77 71 59 60 70 62 60 64 70 61 70 63 74 67 67 71 57 67 74 64 67 61 55 61 59 70 66 54 69 65 60 71 70 72 64 71 70 66 60 66 74 74 62 68 69 61 75 62 72 64 72 72 75 69 65 59 66 64 61 70 77 69 72 61 65 58 75 67 65 71 69 66 67 61 71 75 75 72 68 65 78 71 70 65 68 59 63 72 71 65 61 84 71 69 
63 65 69 64 63 63 54 57 60 78 58 65 67 64 56 58 60 63 62 62 66 57 48 60 61 62 58 65 59 54 58 57 58 63 55 64 50 57 57 57 69 55 58 64 63 68 60 52 59 70 53 64 55 63 51 65 65 60 60 47 69 63 53 68 53 60 58 58 57 68 50 62 59 61 62 56 67 65 58 66 56 62 60 55 53 61 63 64 61 56 63 65 48 59 63 62 63 58 63 52 65 59 54 56 60 55 56 58 59 65 60 56 64 55 55 68 69 56 57 67 64 51 59 59 60 51 64 58 61 50 62 59 60 58 65 54 49 62 69 62 55 50 50 64 55 67 63 58 64 60 59 67 59 61 57 52 63 53 65 54 62 66 57 56 59 53 70 50 53 60 60 52 59 63 60 49 54 58 55 50 61 54 66 49 64 47 58 60 60 50 64 67 54 65 64 59 57 61 53 59 49 61 65 63 55 54 53 54 62 55 61 53 59 60 57 59 57 49 62 52 60 60 65 64 60 57 54 58 61 53 52 67 63 54 48 50 55 62 58 61 67 60 60 59 65 50 56 48 57 63 63 60 61 63 55 61 
65 70 62 67 63 76 62 66 69 73 69 68 67 68 62 59 70 70 74 72 72 64 63 60 63 73 59 66 65 64 68 63 73 70 61 67 50 71 67 61 81 60 69 60 69 71 60 67 61 74 69 62 55 66 64 64 73 61 57 59 74 61 64 57 60 66 64 61 68 67 60 62 63 65 63 71 65 70 61 75 67 65 62 65 70 60 77 76 64 57 70 66 61 57 63 61 67 63 69 63 65 62 67 64 64 64 73 69 67 71 71 61 70 71 55 76 74 69 58 75 71 62 66 57 69 55 77 61 66 58 65 66 67 60 66 64 64 64 75 68 62 62 60 74 66 77 75 61 72 64 63 70 66 70 74 61 58 65 72 63 66 76 64 64 63 62 67 62 62 62 68 66 65 64 66 61 59 67 59 63 75 61 67 54 63 63 64 69 65 57 69 76 56 78 61 68 68 62 57 67 52 61 68 64 61 55 66 58 71 58 67 60 74 63 62 65 65 57 65 62 59 73 78 69 60 62 67 51 61 58 66 60 65 61 61 67 65 79 61 62 63 59 69 58 68 60 71 61 58 66 71 62 61 81 66 64 
71 76 72 73 67 72 64 80 71 74 80 80 72 66 66 71 71 79 75 73 75 76 61 73 70 83 64 81 76 65 74 69 78 81 67 75 62 73 69 68 79 68 73 75 71 75 66 68 66 81 71 66 68 73 71 68 80 82 71 61 84 79 72 75 59 72 71 73 73 76 65 73 71 74 76 79 69 73 66 84 73 74 72 69 76 63 81 78 61 57 76 70 63 63 70 70 72 66 73 68 74 80 72 74 63 73 77 74 73 70 77 69 75 74 73 87 88 70 72 78 78 64 69 71 75 65 80 67 78 74 69 76 70 72 69 73 72 70 79 70 64 72 60 70 66 84 78 69 77 71 80 76 71 85 72 75 76 71 84 67 76 72 78 76 70 71 78 59 75 68 74 64 73 74 70 65 64 80 57 60 75 69 68 71 74 64 71 72 66 69 75 76 55 72 71 70 72 74 65 72 58 64 79 77 58 60 64 63 77 72 76 70 82 72 68 73 60 67 78 76 69 86 77 82 64 69 74 68 76 71 72 77 68 67 66 74 70 75 66 82 67 68 79 74 79 71 66 64 68 74 71 64 73 77 70 75 
60 59 60 49 62 61 61 58 60 72 68 66 61 64 59 59 60 70 68 59 63 69 54 62 60 67 53 60 64 63 64 60 64 61 63 64 43 56 63 55 69 63 65 61 69 65 62 64 63 62 56 57 57 59 55 62 65 66 54 62 69 62 63 67 54 66 60 63 61 69 61 64 60 64 68 59 56 66 62 65 65 62 63 64 60 61 67 67 63 48 66 62 60 55 68 54 66 62 64 53 68 65 61 67 68 47 69 64 58 56 64 60 57 62 56 73 69 62 54 73 74 62 60 63 62 57 63 60 59 58 54 66 64 64 59 67 52 51 67 63 61 56 55 58 62 67 62 53 65 63 58 69 53 62 59 59 59 54 63 54 58 65 62 66 63 63 69 61 58 61 70 59 63 61 67 56 58 56 58 60 68 61 67 54 61 53 60 64 66 52 63 66 59 69 60 67 54 58 68 59 55 62 66 64 54 54 56 59 63 53 65 66 60 59 67 57 57 57 59 65 61 66 66 67 63 59 57 56 67 65 62 63 59 61 61 61 64 67 57 61 61 54 62 69 64 60 68 63 62 69 67 61 61 69 55 61 
76 69 61 66 74 68 65 67 67 83 73 75 62 65 68 65 74 73 87 70 79 69 64 61 66 71 60 72 73 68 62 77 71 75 66 66 59 71 69 65 71 65 67 75 77 70 76 72 58 74 61 60 65 68 71 71 70 69 69 62 79 73 68 68 67 70 60 73 62 71 64 73 73 67 69 69 71 73 63 81 69 75 72 76 74 62 76 75 66 58 76 75 70 62 70 67 78 67 67 66 66 68 64 66 71 61 73 63 71 68 76 65 71 65 71 84 82 65 65 76 71 64 68 67 69 55 74 66 71 63 71 72 70 73 68 77 76 62 78 65 67 66 57 74 66 79 78 69 78 65 62 70 61 76 74 70 61 74 69 63 69 74 74 69 58 66 69 61 67 63 70 56 70 66 72 62 61 69 59 64 71 72 69 64 63 66 63 70 66 59 78 72 68 72 67 71 62 75 56 69 56 64 74 69 65 63 73 63 69 64 70 68 69 68 71 68 62 59 64 67 66 81 76 68 60 66 68 63 74 78 64 72 68 66 64 69 67 80 66 63 68 63 73 75 64 66 72 60 60 80 74 67 72 70 69 74 
72 69 75 72 66 67 57 70 67 80 70 76 66 72 62 68 64 73 76 65 64 64 56 67 64 76 58 72 77 64 70 71 68 75 63 73 62 67 72 57 74 71 68 76 77 68 64 59 65 71 68 60 65 70 75 64 75 67 64 59 77 71 64 70 68 71 71 65 74 73 53 70 68 69 68 68 68 74 69 66 76 75 67 59 59 64 77 69 66 58 64 74 60 62 65 55 70 70 77 63 69 67 77 65 65 60 73 72 63 72 72 70 68 61 64 80 76 68 66 73 63 65 69 69 66 61 70 68 67 64 68 78 69 73 60 69 57 73 74 74 61 69 56 64 63 69 69 66 71 69 64 72 60 67 70 65 70 60 68 57 65 68 73 64 61 64 72 61 73 61 71 68 68 66 74 68 69 69 62 64 75 64 72 65 72 67 65 62 65 51 68 68 64 70 63 70 73 66 65 66 58 70 71 71 60 67 64 67 78 59 63 59 76 68 73 70 68 70 65 72 70 71 76 68 75 54 67 59 80 69 63 73 66 57 60 67 63 66 63 78 72 58 72 71 72 57 72 61 67 68 67 67 68 83 72 74 
59 56 50 51 50 59 51 60 56 55 48 67 60 50 55 53 51 67 60 54 54 54 52 56 46 59 46 56 58 57 52 50 53 55 54 62 42 48 55 51 59 49 60 58 60 55 53 60 53 58 62 54 44 53 57 56 55 53 49 59 55 54 52 51 44 54 56 57 49 58 51 59 54 58 54 58 41 53 43 60 58 61 56 53 48 55 61 58 58 45 52 51 51 46 55 49 61 55 65 53 64 60 54 51 53 57 61 58 63 58 51 55 57 55 52 58 62 51 48 55 60 48 56 55 56 47 59 55 48 51 51 52 49 54 56 47 51 62 60 55 50 41 44 63 53 60 53 45 61 56 55 59 51 60 47 53 52 51 51 49 58 63 59 50 58 49 54 55 41 44 56 49 56 55 57 50 48 55 52 54 59 51 49 40 56 49 50 52 52 48 53 55 43 57 51 60 51 55 61 57 46 45 57 56 50 47 53 46 58 55 59 51 59 43 56 53 51 45 54 54 56 60 61 54 47 58 55 41 59 51 52 57 53 57 47 52 54 61 53 51 51 51 50 55 55 47 54 50 49 47 56 52 55 52 57 53 
61 67 63 61 61 65 62 68 61 69 61 68 58 58 56 61 57 66 66 68 65 66 62 61 48 72 58 69 65 69 65 71 59 65 68 62 60 59 63 61 73 56 71 62 70 59 63 65 57 68 61 60 56 65 59 62 72 60 63 64 61 69 65 63 58 68 55 64 61 64 60 69 61 58 62 73 54 71 63 72 61 67 56 63 62 58 73 72 57 49 61 67 65 55 64 60 67 62 67 67 63 63 67 62 62 61 70 59 72 66 65 63 62 70 58 75 71 58 54 66 67 59 63 67 72 59 71 66 60 60 72 64 59 65 63 72 58 60 74 58 56 60 49 70 65 67 65 54 63 59 57 71 55 69 64 62 61 60 67 55 59 60 70 60 58 58 58 58 62 63 66 57 65 66 59 59 58 64 55 65 69 59 61 61 62 58 58 63 69 57 65 70 53 73 64 67 54 69 59 65 54 54 64 70 62 59 72 57 69 58 63 58 63 53 71 66 51 52 64 69 60 63 63 61 60 56 64 49 63 62 64 64 58 65 56 62 60 73 65 58 55 59 63 68 53 54 67 58 62 62 63 62 60 76 72 64 
67 69 66 65 71 67 62 75 76 76 78 72 65 70 73 65 70 71 73 71 73 67 62 77 68 70 68 75 83 66 77 74 72 73 74 61 62 71 71 62 78 68 68 65 79 79 67 70 70 74 62 64 64 66 74 69 76 74 57 69 74 64 61 69 62 65 68 74 65 71 69 69 69 71 83 78 63 81 64 81 78 74 76 62 71 64 79 72 63 58 73 77 71 57 79 65 68 68 71 69 71 70 73 72 62 61 75 69 69 68 72 68 68 76 64 81 74 73 63 80 74 73 70 63 70 56 82 69 74 68 71 78 65 72 65 77 72 60 75 70 65 65 66 71 62 79 74 61 75 75 62 74 58 80 61 72 62 70 71 66 70 76 80 67 66 67 66 56 65 72 77 69 70 70 70 63 65 71 56 65 76 53 68 60 74 66 62 72 69 62 75 74 61 78 73 74 71 71 68 71 68 66 67 66 62 64 68 64 68 67 69 69 70 63 68 66 62 61 64 73 66 74 69 65 64 65 66 61 73 70 68 72 68 65 65 68 62 78 71 69 68 61 79 69 79 74 67 71 61 81 72 68 65 76 69 70 
67 65 59 66 57 58 48 60 57 63 53 59 48 59 54 56 61 56 58 65 56 61 59 55 52 57 50 59 61 68 51 57 61 63 61 61 50 55 54 40 59 55 59 54 53 58 53 55 60 60 51 50 56 67 63 58 63 57 53 52 65 65 51 60 47 56 52 59 59 56 45 54 49 59 60 66 56 57 56 68 66 58 53 53 56 56 64 64 55 41 63 59 64 52 57 53 55 63 60 52 55 60 59 48 51 52 69 55 63 62 60 61 63 56 50 66 61 57 60 62 58 53 57 55 56 61 61 56 67 53 56 65 52 63 51 55 56 52 65 55 51 57 55 50 54 60 66 53 68 56 54 63 53 62 59 55 45 64 62 53 55 60 67 56 48 56 54 61 60 53 53 59 51 63 59 60 62 55 48 60 62 57 53 54 56 55 61 55 55 44 56 67 51 59 50 58 65 55 49 56 53 52 54 58 60 51 53 48 64 51 50 49 61 52 65 53 56 47 58 59 58 58 64 57 59 52 65 44 67 63 56 54 54 51 53 57 52 56 62 63 64 53 58 60 54 46 60 55 52 55 65 57 57 68 55 59 
71 77 62 64 55 62 59 65 67 77 71 74 64 62 59 66 63 72 72 59 69 60 63 64 61 69 57 68 76 73 65 70 70 70 64 65 57 69 68 51 67 64 65 63 70 71 64 63 66 70 69 65 67 63 69 63 72 63 63 64 74 73 65 73 58 67 74 63 69 72 55 66 60 75 74 68 60 61 61 78 80 72 67 60 61 58 73 62 64 51 70 68 63 53 67 68 70 63 69 56 66 67 70 67 65 59 67 64 64 70 70 63 67 64 63 77 74 62 62 68 64 69 63 62 66 61 62 66 64 66 70 66 68 74 60 64 61 63 75 64 65 62 56 71 62 69 68 66 67 67 64 68 63 65 70 62 60 61 72 52 64 68 78 65 59 63 73 60 67 59 58 65 64 63 72 69 67 69 57 68 74 64 72 60 59 67 60 62 62 48 61 69 59 69 62 65 67 61 67 60 58 62 68 68 60 67 61 56 74 63 69 54 70 69 73 59 58 58 56 71 58 72 73 72 63 66 59 62 69 64 64 58 70 57 56 66 67 72 66 67 59 58 72 65 66 56 65 65 64 72 63 65 67 68 64 78 
60 57 52 65 65 60 54 67 64 66 58 63 56 58 61 63 53 67 66 61 64 62 55 70 59 62 57 69 65 64 57 61 68 64 62 58 56 57 69 54 69 52 62 63 61 68 57 53 57 66 59 52 58 63 61 60 67 67 59 55 71 72 58 66 59 61 63 61 53 59 55 62 61 59 66 63 59 65 54 68 61 68 61 63 60 50 65 64 53 44 71 66 61 63 61 57 55 63 64 57 68 65 64 61 61 57 59 64 58 64 65 60 61 66 54 63 75 62 58 67 64 58 54 60 66 52 62 62 57 63 61 66 58 67 58 61 55 64 73 59 53 60 54 61 58 67 63 58 67 56 60 68 56 59 58 66 54 59 63 51 62 58 62 58 50 54 57 60 59 58 63 59 58 61 67 59 61 63 49 58 63 62 52 48 65 61 60 62 62 63 66 63 53 58 60 57 61 59 59 57 60 62 64 66 53 56 55 55 61 56 59 52 66 55 63 53 56 51 52 60 59 65 69 70 66 56 63 50 67 64 59 59 64 59 56 52 57 62 56 60 54 56 58 63 62 56 63 52 62 57 63 56 59 71 60 65 
80 72 69 70 70 72 67 67 77 79 70 73 68 64 63 64 68 78 78 72 67 65 66 76 67 81 66 76 74 74 70 75 68 73 68 64 54 60 65 56 77 63 73 68 73 75 67 64 65 71 60 68 61 78 69 66 65 70 64 72 68 72 64 72 64 64 68 74 69 75 61 65 60 67 70 75 65 78 62 80 71 74 67 70 66 61 69 76 65 57 67 78 70 60 75 60 80 72 77 67 80 71 78 65 73 61 79 65 72 68 75 67 70 72 65 82 77 63 63 72 68 67 67 69 74 67 79 65 66 70 77 69 62 69 70 67 74 64 83 68 71 59 66 78 74 71 71 64 71 64 66 72 56 75 68 69 61 71 67 53 63 78 69 63 63 61 69 58 61 63 74 67 73 73 66 64 72 72 58 62 68 63 70 69 69 59 65 76 72 61 69 71 58 68 68 76 65 73 66 74 67 61 76 71 62 67 64 63 69 58 65 61 72 67 74 64 67 65 64 66 67 70 78 71 71 76 66 56 72 70 64 79 74 65 61 72 68 76 65 68 63 58 68 74 70 69 68 72 71 70 70 73 71 86 71 70 
73 66 62 57 64 74 61 65 68 78 70 69 63 72 62 65 63 66 73 72 70 57 62 67 60 71 58 77 73 69 70 64 66 64 66 67 51 63 64 53 74 65 74 68 69 72 66 67 64 72 60 58 64 70 64 61 76 59 59 65 59 64 48 65 58 53 65 65 63 67 56 55 61 70 68 72 75 66 59 74 72 70 65 60 60 60 69 63 58 51 68 58 55 56 63 60 67 66 71 54 72 67 68 70 65 52 67 63 61 68 63 62 61 66 63 78 66 68 67 77 66 61 67 66 71 62 72 64 72 62 65 67 63 61 61 60 63 60 72 74 59 59 55 67 62 66 61 57 67 67 58 72 60 69 61 60 56 63 63 55 58 61 63 62 60 58 69 55 64 58 60 57 64 67 73 64 63 71 56 55 64 61 68 59 64 59 55 64 62 57 64 61 56 65 51 66 71 61 58 60 62 64 65 61 64 58 58 60 66 60 70 64 75 67 67 60 59 47 61 63 58 69 72 67 64 68 61 51 64 56 67 71 68 63 58 60 69 68 59 66 67 51 74 69 77 60 60 57 66 65 58 61 65 74 67 69 
67 70 67 63 59 60 59 73 62 73 67 67 61 63 60 67 63 63 75 63 67 54 60 60 66 67 54 76 65 61 65 69 59 69 61 62 54 60 64 54 72 60 72 66 75 71 62 59 55 72 59 62 54 65 64 59 74 71 62 58 70 61 59 63 56 58 59 65 63 71 54 59 63 68 64 66 68 59 64 79 68 65 69 61 64 54 73 67 60 52 65 62 57 58 65 58 71 59 61 57 73 68 70 59 56 56 67 60 63 66 71 64 60 67 63 71 76 61 66 71 68 57 57 58 63 62 65 60 67 64 70 70 61 70 60 61 63 61 72 63 61 57 57 67 62 74 71 55 63 63 63 70 62 68 62 59 60 56 65 59 66 63 70 64 62 56 62 56 61 57 62 59 61 63 62 63 62 64 61 58 66 63 63 63 66 63 61 65 61 64 74 63 56 57 60 64 68 66 56 57 58 62 71 64 62 59 68 60 63 66 64 56 66 62 69 68 52 57 58 67 60 69 63 71 65 67 66 49 62 68 62 71 67 67 59 63 57 66 58 64 65 53 72 69 69 53 73 56 63 62 70 68 61 77 61 62 
67 67 62 63 58 58 59 64 68 73 66 71 66 60 59 60 56 63 63 67 73 63 58 62 63 65 58 70 65 60 62 62 71 74 64 66 57 65 63 57 71 66 59 67 64 71 61 64 61 63 60 63 60 67 64 59 64 64 55 63 71 67 59 71 57 67 68 63 64 75 55 67 55 61 71 69 59 76 59 64 68 66 70 56 60 58 64 66 65 50 68 68 55 50 57 53 59 60 65 59 59 61 60 63 63 53 68 67 69 67 62 63 65 64 61 74 66 65 61 69 72 66 60 67 58 55 68 68 66 61 60 59 60 61 55 69 60 59 68 73 64 61 57 60 57 66 65 56 68 57 59 64 57 71 63 60 58 66 68 52 59 65 66 63 66 64 66 49 59 66 64 59 60 61 64 60 54 65 57 61 62 55 66 54 57 55 59 68 63 52 67 64 52 66 69 68 64 64 63 63 53 67 70 67 62 52 60 56 64 55 60 63 63 62 67 65 55 65 64 64 59 66 62 70 51 48 65 59 65 67 57 67 54 58 57 57 63 67 56 65 61 64 60 67 71 55 61 62 55 72 64 70 67 72 57 64 
64 68 64 64 51 54 54 64 60 65 66 68 58 59 54 51 63 61 60 56 60 65 58 64 53 63 50 61 65 63 59 59 60 68 48 69 53 64 58 54 64 60 69 63 69 59 62 56 59 63 64 52 57 65 63 53 68 59 57 57 64 65 56 56 54 65 56 65 63 63 54 65 53 57 59 68 62 64 55 71 62 63 55 56 66 51 60 65 58 47 54 58 52 46 58 53 65 48 69 57 60 51 63 54 62 57 70 64 57 63 61 59 52 60 55 77 63 57 55 64 61 52 67 58 62 51 68 57 61 62 56 65 60 56 51 53 50 64 65 60 55 64 55 60 63 56 60 51 62 63 55 58 53 64 61 58 61 59 58 43 61 59 61 57 50 63 62 53 56 56 63 63 62 54 61 66 62 66 53 57 62 54 66 57 51 59 54 63 49 52 57 62 53 63 55 64 60 58 62 69 50 54 68 62 55 56 70 49 64 50 60 52 65 58 65 58 47 50 55 62 54 65 66 60 59 56 53 55 64 62 57 66 57 58 54 60 61 63 49 64 57 51 63 62 62 48 60 55 57 66 55 64 60 64 55 59 
62 67 57 60 59 56 47 61 62 74 59 68 61 56 59 59 57 65 67 60 62 62 54 67 64 63 51 66 67 61 57 62 63 66 64 62 48 60 58 53 60 58 70 65 63 66 61 64 58 60 67 55 65 61 59 64 71 57 54 51 65 69 57 56 55 52 63 57 66 70 56 63 59 69 71 64 57 65 58 64 71 55 71 66 67 57 67 63 54 43 63 65 57 53 59 62 68 55 68 51 71 67 51 63 57 51 68 59 66 70 63 60 59 65 59 74 66 58 60 65 57 56 59 63 66 52 57 62 67 61 68 57 54 68 58 53 52 60 69 61 57 57 57 59 58 69 62 64 63 60 58 64 63 56 55 58 58 66 67 57 59 64 66 64 58 56 58 48 62 59 59 53 56 60 66 59 55 61 47 50 61 57 61 55 55 60 50 62 64 48 60 61 55 65 60 77 64 61 52 59 52 56 61 59 55 53 54 61 66 58 60 51 56 59 62 56 61 47 58 66 55 62 67 74 59 62 62 55 63 52 65 65 61 55 59 54 67 65 61 60 63 50 65 65 61 56 62 57 59 72 59 66 55 64 66 56 
73 78 64 72 67 68 60 76 77 76 70 71 67 74 65 74 67 70 75 69 75 73 59 73 72 74 64 77 82 71 66 68 71 73 78 72 62 69 68 54 75 66 72 70 72 75 67 71 62 72 64 70 71 78 68 70 71 62 69 67 75 74 67 69 57 70 66 60 75 71 57 75 58 67 71 76 71 74 63 72 70 73 76 70 68 65 72 80 61 55 71 78 66 66 69 63 73 64 76 71 81 69 73 68 64 62 72 68 66 73 76 70 70 70 73 87 78 64 73 74 74 68 69 69 73 62 72 64 76 71 72 77 73 76 61 72 64 70 80 70 56 64 62 69 71 77 66 66 75 65 67 81 65 81 75 68 68 67 74 65 71 68 78 67 64 72 74 59 69 62 74 66 71 74 71 71 65 75 55 64 73 75 70 70 65 66 60 73 66 62 65 72 63 73 66 69 78 71 68 65 68 69 69 77 60 56 72 65 78 60 65 66 74 65 76 71 60 57 67 73 58 81 72 69 70 64 69 61 81 71 72 66 69 60 62 61 68 71 74 70 62 67 72 73 69 64 68 62 69 74 75 70 72 73 70 75 
65 72 65 59 65 62 58 73 75 75 70 65 71 72 71 61 70 67 68 61 72 68 58 71 62 66 65 77 64 63 75 68 69 67 66 70 53 63 71 54 74 65 71 68 70 76 59 69 55 62 64 62 63 62 67 60 75 67 67 59 72 67 61 66 56 65 67 65 64 71 57 58 61 69 72 73 67 64 59 73 76 71 73 56 62 62 68 74 64 60 70 66 58 63 71 61 75 65 69 64 76 62 76 69 67 64 65 68 61 69 70 64 65 67 62 78 71 65 63 72 71 63 68 56 74 59 83 63 66 64 66 68 68 68 64 69 68 63 75 69 64 70 67 76 58 71 75 59 76 69 65 78 63 75 72 65 62 62 74 65 71 68 72 64 61 65 66 64 63 62 70 66 64 61 66 65 69 67 59 64 73 58 64 63 67 65 58 68 63 56 63 70 61 70 68 62 72 68 67 62 59 56 65 67 58 60 66 52 68 57 63 61 75 65 72 61 47 57 66 63 57 78 75 76 59 58 66 55 71 65 59 75 74 60 57 60 66 78 67 73 63 60 70 64 75 67 73 63 59 64 68 72 63 66 62 70 
65 72 59 63 65 67 60 63 66 68 56 71 65 70 62 67 62 66 63 71 63 66 59 67 67 69 64 72 70 64 65 67 69 71 66 69 57 62 68 54 69 64 73 66 65 72 55 60 60 68 54 59 63 73 65 70 72 65 57 63 74 63 63 61 51 70 59 69 70 72 60 60 60 64 67 65 64 70 66 75 71 68 62 57 62 68 68 70 56 54 62 70 62 58 71 55 62 63 74 62 68 70 65 63 68 56 69 69 72 68 60 66 67 68 58 76 72 67 61 68 62 60 58 66 67 57 63 65 71 63 68 70 65 69 65 62 59 64 68 67 59 61 57 66 60 68 67 61 69 59 62 78 54 67 63 49 64 63 68 60 70 70 71 63 60 68 64 63 68 63 67 55 68 74 70 61 63 66 56 58 70 63 69 59 64 58 59 65 65 55 60 60 57 77 57 66 70 64 70 60 59 63 70 65 62 62 61 63 67 62 68 58 69 64 71 65 59 63 64 68 63 72 67 63 69 72 64 55 73 62 68 65 66 66 59 62 60 66 64 73 66 65 74 65 75 56 66 56 61 64 68 61 56 75 61 65 
74 70 68 62 78 68 56 69 74 74 65 73 61 64 61 72 62 70 76 67 70 64 59 64 58 68 61 73 76 66 68 66 73 67 71 67 53 56 62 60 72 72 76 72 74 74 69 75 70 63 61 59 63 71 73 68 75 69 60 67 76 75 60 67 62 58 58 62 69 71 52 73 68 75 76 72 67 71 61 74 72 70 77 66 69 66 70 72 63 57 71 78 66 57 72 62 74 60 71 59 69 65 66 61 68 62 69 59 70 69 68 69 65 75 64 80 79 57 55 71 76 68 66 73 74 55 68 63 72 65 65 64 63 71 62 68 61 58 79 70 61 61 63 69 61 71 66 71 71 75 68 75 57 78 64 65 61 59 72 63 74 68 75 68 62 61 64 63 65 72 65 59 73 66 69 60 64 62 56 60 76 69 62 60 65 66 65 67 67 64 68 67 64 77 66 71 70 73 71 67 64 53 69 68 68 62 59 63 66 73 74 70 77 58 70 62 64 53 70 68 67 78 69 73 66 62 58 63 76 59 68 75 59 66 55 62 67 76 69 69 64 62 70 65 66 69 63 59 60 72 68 69 67 69 63 75 
60 58 57 59 57 52 50 59 61 65 66 63 58 54 60 52 58 65 67 56 61 55 48 62 64 57 54 62 65 62 56 62 59 58 53 59 54 63 59 48 63 48 63 59 59 61 50 55 60 62 58 50 52 66 58 61 59 59 60 51 63 60 55 66 55 55 54 53 62 62 55 62 57 58 67 62 53 63 54 61 63 63 62 56 58 51 61 65 50 50 62 59 56 50 62 43 60 57 61 55 68 54 59 50 52 49 53 60 54 53 56 53 54 63 56 69 68 53 59 60 67 53 58 51 56 48 56 66 64 52 55 64 56 60 50 51 53 57 61 56 54 55 49 59 59 62 58 50 63 62 56 65 56 62 55 55 55 57 57 54 63 64 61 52 48 51 55 50 64 57 61 56 53 59 54 55 59 59 47 54 64 56 54 54 52 48 54 55 51 55 53 57 49 63 50 61 58 57 52 57 58 62 59 60 53 47 51 55 58 54 54 51 62 55 61 58 57 44 57 59 58 63 70 56 61 55 63 51 61 60 52 57 65 50 55 55 60 63 53 54 65 50 57 59 56 48 59 55 55 57 53 45 54 73 53 62 
69 62 65 60 65 71 60 66 74 68 71 69 67 68 61 63 71 71 77 65 64 60 54 67 64 68 62 69 78 74 66 59 61 71 64 63 59 62 63 60 76 63 71 68 80 80 61 64 67 72 63 55 62 69 63 70 75 64 62 60 65 65 55 67 58 62 56 69 60 66 59 66 65 75 68 66 66 72 54 78 73 67 61 58 69 69 68 64 65 54 67 68 65 52 69 61 67 65 71 59 74 64 73 70 61 58 69 67 66 65 76 62 64 70 59 72 73 66 62 75 61 67 65 69 62 59 71 67 60 70 68 65 67 62 64 70 57 65 69 67 58 51 58 73 65 76 71 67 68 66 56 68 57 62 67 65 58 62 67 55 65 64 72 66 56 60 61 51 65 63 73 61 67 64 74 56 54 73 58 62 64 64 64 57 62 66 57 70 59 51 67 64 58 72 65 73 64 64 61 69 58 63 74 68 61 63 69 63 66 58 68 56 66 66 65 67 59 60 66 66 66 71 71 59 63 62 59 54 76 63 68 73 60 62 61 62 67 77 63 69 63 56 64 75 66 64 63 60 57 69 65 64 66 77 69 68 
62 61 57 60 61 63 55 56 61 65 65 63 63 50 60 59 54 62 65 62 64 57 48 67 60 68 52 69 67 62 53 63 58 59 59 65 54 64 62 45 63 62 61 62 62 67 57 57 57 66 53 55 59 64 64 56 69 56 60 59 68 64 52 60 52 55 53 58 57 66 49 60 60 62 62 66 54 63 55 64 67 67 65 56 63 52 64 64 61 44 66 71 58 57 61 66 69 50 63 56 62 70 68 61 52 57 60 61 64 64 66 62 61 66 57 68 63 56 62 67 59 58 59 55 67 54 65 58 59 62 65 61 59 56 58 53 63 61 64 67 57 55 51 61 62 67 65 54 68 60 54 67 58 58 59 58 58 59 68 53 57 65 66 59 58 55 65 50 57 56 60 63 52 62 64 54 55 65 54 54 61 62 58 56 58 50 60 66 59 47 63 72 55 57 59 69 60 65 61 52 57 53 59 63 57 56 58 54 65 65 63 52 66 59 65 59 56 54 69 69 60 68 66 65 67 52 70 57 66 62 55 63 65 48 60 59 54 55 57 66 60 58 56 58 65 55 62 47 52 55 62 65 67 65 59 64 
73 76 75 71 77 65 67 74 76 84 69 83 68 69 65 71 71 74 75 73 78 69 70 80 68 74 69 80 76 67 72 75 73 72 71 70 70 70 67 60 85 69 76 73 78 73 70 67 75 72 71 66 64 75 71 68 78 68 70 67 83 75 73 74 60 66 77 75 72 79 66 81 74 79 70 75 66 80 63 79 77 72 74 67 74 71 76 83 69 61 73 72 68 68 74 70 80 69 75 69 78 74 73 75 71 77 74 66 70 74 80 69 77 79 70 83 83 81 66 74 83 69 70 65 69 59 77 72 81 68 76 84 81 75 67 73 68 75 78 70 63 65 66 78 70 74 73 68 75 75 75 80 66 85 67 73 66 67 76 66 74 74 75 78 68 73 67 66 71 70 69 59 78 75 77 65 74 70 58 66 72 64 70 66 74 63 66 66 62 64 79 73 54 83 70 75 74 81 66 74 61 66 80 74 62 59 74 67 69 74 69 66 72 65 76 70 64 69 74 74 74 76 77 72 68 70 72 61 77 70 67 73 76 68 64 66 65 78 57 69 69 58 74 71 75 66 73 63 68 74 72 75 73 80 65 75 
65 62 53 59 59 56 55 57 63 69 57 64 53 58 52 58 55 67 60 50 54 50 50 58 57 60 51 61 69 60 53 63 57 66 49 58 53 57 53 48 67 51 62 63 62 60 51 54 65 67 51 51 55 60 54 60 60 55 53 56 59 56 50 60 55 61 55 61 62 59 51 61 51 62 62 59 63 64 59 68 63 51 66 52 55 52 61 57 55 49 60 60 47 47 62 50 60 54 65 56 66 58 55 54 59 51 63 63 62 64 50 57 52 59 60 63 63 57 57 72 55 62 54 59 65 55 60 56 59 56 59 57 60 62 57 54 47 54 63 54 54 50 50 58 60 56 68 49 54 59 59 60 46 63 50 62 50 54 62 49 63 52 65 66 51 53 64 53 54 54 57 54 63 61 62 49 62 60 51 51 57 51 60 54 58 51 50 54 60 51 65 56 51 61 52 61 61 60 51 60 43 54 62 55 53 56 62 52 61 57 54 46 68 56 62 56 49 52 58 60 58 58 64 51 60 56 61 52 59 54 51 53 60 54 56 53 55 62 54 56 57 50 60 58 55 45 55 52 53 57 53 48 60 66 59 67 
77 80 70 74 78 78 65 70 79 83 76 76 69 77 82 64 67 77 83 77 81 66 66 69 69 80 74 82 79 73 68 73 80 76 70 76 57 74 74 64 78 73 68 77 77 80 71 74 72 78 70 70 67 75 75 73 77 77 73 71 79 80 71 79 57 77 75 72 75 79 68 76 68 75 75 80 77 77 71 75 78 83 75 71 72 70 80 72 67 66 76 77 64 67 79 73 75 70 72 68 77 74 75 74 76 63 75 77 74 82 79 67 71 75 68 83 85 72 67 87 75 74 74 67 74 63 80 69 78 71 76 73 74 70 69 76 69 73 83 70 73 71 61 76 64 83 79 75 76 82 67 78 65 80 74 66 71 75 68 70 74 70 72 74 71 71 79 63 70 69 75 67 66 79 80 69 67 78 60 66 82 65 79 61 72 64 68 71 82 68 72 72 72 81 62 72 73 73 70 69 64 76 78 71 72 61 75 66 76 70 76 70 73 76 70 70 70 58 73 70 71 82 80 73 75 68 74 66 83 81 71 77 74 66 68 72 68 79 73 70 80 64 75 79 79 65 70 73 65 70 71 66 70 80 70 84 
71 71 70 63 69 63 61 71 72 75 69 70 57 65 59 58 69 68 75 61 63 69 60 67 65 72 61 71 78 69 69 68 71 66 68 65 59 68 57 64 67 62 66 65 70 61 64 59 66 63 64 49 63 76 67 63 72 68 63 65 71 61 56 67 63 65 63 68 63 73 60 71 65 69 67 71 68 71 63 70 70 63 74 63 67 61 67 70 72 51 69 68 61 57 62 59 69 66 74 61 72 67 65 63 56 61 70 66 61 68 78 67 70 66 67 87 70 64 61 69 68 68 70 66 79 57 63 72 61 63 60 69 68 78 68 67 63 63 76 63 65 68 55 74 66 71 70 59 70 67 65 68 63 65 67 70 63 62 67 55 55 72 72 67 55 61 60 54 64 67 72 59 63 67 70 63 64 67 50 61 69 66 65 56 61 64 65 63 55 51 71 68 52 66 65 73 65 67 58 76 54 57 80 72 56 59 67 65 76 58 64 56 67 63 71 66 63 64 64 62 69 62 68 71 61 69 64 58 71 67 63 69 66 61 63 61 65 70 60 71 68 59 64 71 65 61 66 67 64 74 75 62 66 70 65 70 
67 72 62 64 68 77 61 70 64 76 69 74 66 66 65 68 71 66 71 68 75 63 65 67 66 74 64 77 73 71 64 65 73 69 71 70 53 75 65 57 69 65 74 68 75 74 66 74 66 72 71 63 66 68 71 71 66 72 57 66 76 67 60 65 53 66 72 76 68 79 64 68 64 73 71 64 68 67 65 80 70 63 67 73 66 68 74 69 67 53 68 75 62 64 70 65 72 65 70 64 72 80 69 68 64 65 79 62 77 72 68 67 69 65 59 79 76 70 64 80 71 64 63 72 67 62 71 68 76 59 69 72 71 72 67 72 66 70 73 68 66 64 62 69 65 77 74 71 80 60 62 71 62 73 65 65 60 66 67 61 69 75 76 73 70 67 62 64 57 58 68 70 67 69 66 60 60 65 55 59 71 66 65 60 68 70 59 76 70 48 72 68 61 68 73 68 69 71 66 66 62 60 72 67 63 62 64 58 70 64 67 64 67 63 69 66 64 61 70 71 75 71 74 70 67 68 71 59 78 73 62 75 68 62 62 62 70 70 72 75 68 59 75 66 77 58 65 60 58 73 67 68 70 69 71 69 
67 69 66 70 67 65 51 72 68 78 67 73 64 61 63 64 71 67 76 69 73 71 63 69 67 65 58 73 71 74 61 60 68 64 59 61 49 63 61 59 69 67 73 69 70 71 70 62 65 72 63 63 67 68 76 70 77 62 66 59 74 76 57 61 61 69 65 68 69 66 55 69 56 71 70 74 64 79 59 71 71 66 71 69 67 69 74 75 66 50 78 71 70 61 70 59 76 66 72 60 71 70 70 61 66 58 71 68 71 69 76 60 72 71 54 77 79 64 62 77 71 66 71 62 71 56 71 69 70 63 74 70 66 66 66 69 66 67 73 67 57 72 60 65 68 68 71 64 68 64 59 75 59 74 72 66 56 59 64 56 71 67 71 64 62 57 60 63 60 60 72 66 69 77 68 68 61 65 57 57 69 67 64 57 61 55 63 75 67 55 64 64 58 66 63 71 68 67 72 67 65 59 69 74 67 65 64 61 69 67 65 59 71 57 79 68 64 50 63 67 63 74 75 69 65 69 62 56 68 74 61 72 71 62 54 69 65 67 66 67 64 58 74 63 65 55 67 62 62 71 69 61 66 76 69 68 
71 75 67 62 71 72 60 69 71 79 72 72 70 69 60 63 67 64 78 62 71 74 68 69 71 78 60 81 78 74 72 62 71 75 63 71 57 71 67 60 70 68 77 73 74 74 70 68 65 72 59 70 73 71 74 69 76 70 73 70 72 68 62 68 62 68 63 68 71 73 62 65 64 75 75 71 71 70 72 76 75 73 75 63 77 62 72 74 57 55 73 68 65 60 77 68 77 62 73 63 75 77 73 65 63 58 63 73 76 71 72 56 63 70 62 87 77 69 62 77 79 69 74 71 69 56 70 68 73 70 65 68 68 74 63 71 65 68 80 77 63 69 69 74 67 76 68 63 75 68 72 74 63 80 65 65 73 63 75 65 71 71 75 76 68 66 73 58 67 68 72 60 69 71 69 60 67 75 53 65 71 68 66 68 69 57 62 72 67 64 69 71 64 73 68 68 73 74 71 66 59 63 75 75 70 65 63 61 70 72 69 67 71 63 70 67 61 57 69 73 72 78 74 74 62 65 65 60 76 64 67 73 71 66 65 61 67 73 71 71 68 67 68 73 75 56 71 57 68 71 72 71 69 75 70 76 
68 65 56 67 58 63 55 58 65 66 59 58 64 55 54 60 58 68 66 62 55 55 53 64 59 64 49 65 72 67 52 67 63 66 53 63 46 62 61 51 59 55 63 58 63 66 58 58 62 67 53 62 56 56 55 57 71 57 62 53 68 67 59 64 58 47 60 62 66 63 59 54 55 65 65 64 66 61 54 70 66 64 62 53 59 50 64 55 57 51 60 62 52 56 65 52 64 55 64 52 61 58 64 51 58 52 63 61 58 66 63 55 59 64 60 75 67 54 65 62 63 61 52 63 66 49 65 58 64 60 63 59 59 61 57 55 54 54 70 59 53 58 54 58 68 64 58 54 58 58 57 55 56 69 60 56 57 65 64 57 63 67 63 53 54 57 70 52 62 53 60 50 64 65 50 57 58 60 42 53 61 47 65 58 63 58 54 60 60 48 64 63 55 58 58 67 55 63 65 63 55 56 62 55 54 56 51 57 66 49 63 47 62 62 61 59 52 46 52 64 51 64 62 58 56 63 60 51 56 63 50 52 65 57 54 61 55 58 52 59 67 53 53 51 56 49 60 51 51 55 58 60 56 67 55 52 
75 79 69 72 72 79 59 75 80 76 68 76 67 69 75 74 79 76 77 68 79 67 62 73 68 80 66 80 74 69 68 72 75 70 79 74 57 73 62 62 79 68 71 73 76 72 73 68 69 72 68 58 68 76 70 63 74 81 68 65 78 69 64 75 59 68 76 73 73 76 66 70 60 76 74 69 72 74 67 81 78 69 74 68 65 61 77 68 67 51 74 78 64 65 67 65 70 72 74 67 73 71 72 65 67 63 80 73 61 74 80 71 73 65 65 80 77 66 70 81 71 74 63 68 69 60 75 75 73 69 66 70 66 76 66 72 66 71 80 68 64 69 59 69 68 80 82 71 77 61 71 75 69 78 69 68 65 69 71 60 67 71 75 69 67 74 77 65 61 75 69 68 69 68 68 70 64 71 60 72 70 70 62 57 70 70 74 72 63 61 80 72 61 75 63 78 70 71 65 65 64 74 79 82 56 66 69 68 77 64 70 67 72 73 72 69 62 59 65 71 63 72 70 81 67 65 69 65 75 75 70 80 68 67 69 67 71 79 70 67 70 58 75 75 76 65 71 71 60 78 76 76 65 80 70 73 
62 70 73 67 64 71 60 79 75 82 74 73 68 71 68 68 63 72 71 67 71 66 63 70 68 75 60 74 76 66 73 69 75 76 72 78 68 76 66 61 75 63 77 74 75 79 64 71 70 77 70 64 68 77 76 68 80 67 61 64 73 76 60 76 61 70 67 77 76 74 60 62 66 67 74 75 71 72 64 74 76 70 68 68 69 66 77 71 66 54 78 79 71 56 77 62 74 64 80 64 73 72 76 69 62 62 73 68 67 75 69 73 65 71 68 81 72 65 68 72 67 66 61 69 70 63 74 69 73 68 75 80 75 80 68 70 64 66 73 71 57 58 62 67 71 75 78 69 76 67 67 73 55 73 70 71 71 65 74 65 73 74 76 77 63 70 77 60 69 69 64 67 62 69 72 66 68 72 64 63 75 65 70 70 74 64 57 68 68 57 79 70 67 73 65 76 73 68 68 68 67 69 70 74 65 60 65 60 76 72 64 66 76 69 65 70 58 61 73 80 66 77 73 73 71 72 76 59 72 70 65 70 75 61 65 67 75 71 71 76 70 63 74 69 80 57 61 60 68 79 71 62 70 76 70 76 
59 70 56 57 53 57 57 59 69 63 58 54 55 61 58 53 57 63 59 62 62 55 51 56 53 58 55 56 62 57 59 62 57 60 60 60 50 50 59 48 64 56 59 60 66 56 58 57 63 65 49 54 45 59 61 55 60 61 51 55 66 56 66 51 50 64 53 52 60 69 55 56 54 60 59 66 60 62 50 66 66 59 61 52 56 50 53 61 52 49 60 66 59 50 69 52 66 59 63 56 54 58 59 59 56 52 64 66 55 63 62 69 55 58 52 69 66 58 58 58 54 64 52 56 55 56 64 58 58 60 59 62 66 55 50 61 55 52 67 56 57 54 53 61 61 59 59 61 61 63 61 64 49 60 61 57 53 57 58 62 60 58 65 60 51 64 59 51 54 56 59 52 61 54 63 58 55 66 55 61 67 51 65 48 56 60 56 59 60 52 58 61 57 71 53 66 65 62 65 58 56 57 59 53 56 53 64 53 72 51 60 59 62 65 53 60 48 53 60 63 45 69 66 61 59 56 44 51 71 61 61 63 54 55 58 56 60 66 63 57 60 56 64 66 62 60 56 60 52 66 64 66 64 69 59 69 
62 72 65 65 65 61 56 67 73 66 61 64 61 65 61 47 72 73 69 71 64 52 55 60 64 67 64 72 72 61 63 62 67 67 59 58 50 63 66 58 69 60 63 70 72 62 60 66 57 60 65 57 57 61 65 60 73 61 59 59 71 65 65 67 59 60 64 62 70 70 57 56 61 60 69 68 66 69 51 63 68 59 69 57 67 61 61 66 55 52 64 72 66 53 67 51 70 51 69 60 68 55 69 65 56 56 58 63 55 73 62 58 65 62 65 81 68 56 62 67 57 67 58 69 66 54 66 61 56 69 68 61 63 62 64 60 57 62 72 66 57 56 52 64 69 66 67 57 70 64 65 64 61 66 61 63 64 53 60 54 72 60 59 65 51 61 70 56 60 55 59 55 69 59 59 62 62 68 49 49 67 52 70 61 54 64 55 59 64 53 67 59 56 63 59 67 63 66 61 59 52 63 63 68 56 60 61 61 71 56 65 65 72 62 66 62 56 53 62 54 57 71 68 73 62 66 57 60 64 62 56 66 66 65 52 53 62 70 58 60 53 57 66 65 68 59 57 63 62 77 62 60 67 74 61 61 
61 63 59 59 57 53 62 63 65 65 66 63 64 64 61 59 69 66 62 61 63 56 56 61 61 64 61 65 67 56 62 69 65 61 59 57 50 65 62 45 72 63 61 62 69 70 55 54 55 65 57 56 53 61 63 69 64 65 64 52 65 61 57 66 53 60 56 63 66 70 55 62 58 68 63 64 59 61 62 67 64 60 63 47 64 62 63 55 63 46 67 68 56 49 67 43 65 63 65 50 64 61 68 58 66 52 60 60 51 62 62 61 58 59 49 72 73 59 58 64 63 60 58 54 65 59 68 64 63 71 61 68 67 64 54 64 61 57 67 59 59 56 53 64 65 58 68 56 59 59 61 61 53 60 62 62 58 60 61 51 58 61 63 64 53 62 65 58 59 64 63 44 63 63 64 52 61 62 53 53 61 49 58 56 59 52 51 63 58 51 58 53 55 61 52 67 64 66 62 51 51 61 67 54 56 58 58 55 65 54 63 63 60 63 63 63 53 60 59 61 57 67 60 66 59 64 54 54 68 61 56 61 65 60 65 61 56 57 50 63 64 54 64 67 67 58 63 62 57 63 60 64 66 75 61 59 
67 73 68 71 65 73 59 68 70 79 70 75 63 61 72 62 70 64 74 73 71 68 63 73 64 75 59 82 74 68 71 69 73 71 65 72 58 71 61 62 67 61 69 70 71 68 60 61 70 77 59 68 59 71 69 65 81 66 65 69 76 70 66 69 62 63 72 69 64 76 62 66 63 76 69 71 73 72 63 75 71 63 71 56 67 60 73 72 59 58 72 77 68 62 68 63 67 62 70 67 64 66 70 59 61 66 75 73 72 72 68 68 79 70 68 81 71 67 65 68 61 71 65 65 74 60 69 69 64 66 67 75 63 75 63 75 65 69 79 69 65 64 60 72 73 70 74 67 77 65 69 72 62 71 66 67 68 66 71 62 65 71 72 70 62 69 65 60 64 69 64 59 63 74 66 61 58 68 54 63 68 59 65 59 65 62 58 66 69 57 77 77 54 70 67 76 66 73 67 66 60 64 74 71 55 60 66 61 74 67 73 60 72 69 68 63 67 57 68 68 62 74 68 71 71 60 61 61 74 71 66 69 65 69 64 62 63 68 67 71 70 60 74 70 72 55 64 57 57 71 69 64 67 80 66 74 
69 67 68 58 68 64 55 63 67 67 61 64 63 53 56 60 67 67 65 65 55 64 55 62 60 70 52 66 66 66 63 57 60 63 60 66 54 62 61 61 72 61 63 68 66 58 52 58 59 67 64 54 58 63 66 57 63 60 56 58 64 59 58 60 54 60 70 66 61 70 50 57 59 69 65 64 51 63 60 69 67 62 64 51 63 63 72 66 59 53 62 67 61 52 66 52 66 58 69 61 68 67 62 60 64 54 63 68 63 63 64 58 65 71 61 73 63 61 52 66 54 61 53 60 62 58 66 64 57 64 64 67 60 55 58 60 55 61 69 70 55 56 52 67 60 71 66 59 64 65 56 68 52 58 60 58 56 57 60 53 63 62 57 68 58 57 67 53 57 65 60 50 59 65 72 54 58 60 53 56 59 54 56 50 56 59 63 61 63 50 81 61 51 66 61 68 69 68 58 63 49 55 61 67 56 56 54 61 63 64 56 54 67 57 64 61 58 56 65 70 62 67 63 58 61 59 56 50 70 61 64 66 56 62 64 56 57 60 64 59 64 56 63 58 60 51 62 54 51 67 65 63 57 73 62 67 
74 65 54 59 61 66 65 70 62 72 60 71 57 61 56 65 61 59 69 58 68 62 58 62 64 59 56 64 63 62 56 61 63 68 63 71 53 58 63 55 67 64 70 62 73 72 59 66 61 68 58 58 57 58 58 62 69 60 56 59 72 63 58 65 58 60 57 56 61 69 55 69 60 62 61 63 61 68 59 70 67 70 57 64 68 56 70 65 53 56 58 63 62 60 61 64 72 61 56 62 62 66 56 65 63 53 63 63 62 66 63 70 60 60 55 63 69 70 54 71 66 59 54 63 63 55 66 55 61 61 63 61 54 61 59 60 58 68 62 58 66 55 60 66 55 71 65 69 64 58 63 59 57 63 59 65 56 62 61 52 57 66 73 69 58 62 69 53 58 56 60 54 67 61 64 59 63 60 54 56 66 56 71 56 55 58 60 64 67 49 60 66 54 71 70 68 62 65 55 59 52 61 61 60 62 57 61 56 63 63 66 48 63 56 64 59 54 57 66 63 67 65 71 54 69 63 57 53 70 66 66 64 60 50 57 59 62 68 61 56 62 53 64 61 60 64 56 63 55 66 57 66 62 67 61 65 
68 63 59 57 59 63 55 63 65 68 64 69 65 57 55 51 59 66 67 59 65 56 54 63 55 65 56 65 68 72 67 62 60 63 63 68 56 61 67 53 70 66 69 70 71 64 60 59 58 61 67 54 58 65 66 57 71 60 60 57 69 72 58 72 51 60 61 61 60 65 59 59 56 68 65 63 59 67 63 74 68 59 54 60 54 56 73 63 65 53 66 69 67 51 67 66 70 62 66 64 67 62 68 55 63 49 74 55 59 71 65 59 63 66 57 74 71 60 58 63 57 59 60 58 68 58 65 58 55 60 61 60 56 64 72 69 60 59 63 66 62 65 52 64 66 69 72 57 68 63 64 60 51 64 59 60 52 59 75 54 64 66 67 63 54 66 66 62 54 50 63 60 62 59 64 59 58 64 49 57 70 60 61 50 65 60 59 58 60 52 63 75 56 67 59 69 60 57 57 63 55 55 69 70 51 56 56 66 65 59 65 54 64 61 69 59 53 57 56 64 58 74 66 71 63 59 54 58 70 65 60 60 56 52 54 58 67 67 58 61 65 50 57 71 65 56 60 55 55 69 64 61 67 68 63 62 
74 70 70 69 67 77 64 63 76 77 65 68 73 69 62 61 67 78 71 68 73 64 63 72 59 67 65 70 77 67 69 63 66 75 71 65 55 64 69 63 81 69 73 70 75 68 67 68 72 73 63 68 68 72 68 69 72 65 57 63 74 68 57 76 57 70 65 75 61 76 64 65 65 65 64 69 65 71 59 76 73 71 66 60 68 71 68 67 67 63 73 69 65 61 70 56 70 69 78 65 77 69 76 66 65 65 76 68 57 80 65 65 71 68 69 74 77 72 60 72 67 72 66 64 68 61 79 66 66 60 68 73 72 72 70 75 63 65 72 71 60 61 69 69 67 76 78 67 75 65 67 73 61 71 63 66 56 70 70 66 68 70 69 65 65 63 74 72 61 63 71 61 67 67 67 67 58 69 57 62 80 65 57 51 69 65 68 73 59 59 75 65 59 70 59 75 77 65 67 58 60 62 63 77 64 63 68 68 70 59 67 58 74 67 70 71 71 58 68 66 70 80 71 72 60 65 65 58 70 67 63 76 67 60 58 66 67 65 62 66 63 64 59 67 76 64 64 59 69 76 72 66 72 81 76 72 
