5574 5288 5384 5497 5338 5849 5641 5442 5475 6025 5225 5774 6115 5483 5732 5557 5526 5368 6057 5161 5102 5382 5898 5688 5747 5430 5856 5582 5633 5755 5604 5705 5477 5733 5216 5301 5768 5819 5855 5588 5771 5788 6139 5414 5835 5716 5821 5820 5749 5279 5537 5526 5307 5252 5542 5475 5522 5811 6207 5793 5386 5697 5883 6087 5634 5566 5956 5419 5471 5540 5915 5563 6149 5682 5464 5662 5849 5515 5781 5805 5397 5708 5387 5303 5691 5438 5450 5762 5927 5839 5885 5602 5843 5395 5647 5536 5678 5685 5655 5125 6094 5668 5307 5409 5090 5299 5438 5728 5651 5355 5833 5533 5443 5645 5913 5769 5121 5697 5567 5667 6040 5726 5554 5968 5568 5393 5509 5719 5655 5564 5570 5255 5430 5228 6044 5497 5633 5228 5927 5855 5530 5605 5617 5540 5915 5825 5731 5770 5727 5677 5492 5662 5523 5316 5237 5732 5210 5786 5584 5460 5434 5508 5467 5842 5599 5812 5876 5146 5582 5229 5699 5699 5511 5820 5655 5996 5040 5295 5586 6036 5681 5864 5564 5497 5400 5877 5442 5675 5913 5416 5499 5849 5843 5412 5383 5613 5729 5525 5598 5578 5503 5889 5511 6204 5794 5709 5644 5811 5955 5280 5813 5742 5804 5784 5199 5702 6450 5366 6120 5571 5598 5762 6293 5771 5433 5881 5989 5938 5876 5922 5843 5438 5247 5511 5515 5653 5763 5683 5762 5852 5700 5344 5746 5295 5839 5070 5371 5476 5745 5976 5664 5769 5597 5543 5723 5787 
4876 4406 4801 4562 4408 4781 5027 4594 4637 5018 4508 4734 5141 4691 4755 4902 4821 4464 5151 4599 4485 4350 4710 4666 4848 4637 4817 5054 4820 4641 4753 4519 4464 4764 4470 4576 4507 5073 4868 4570 4728 4850 4891 4844 4714 4357 4849 4846 4855 4597 4683 4898 4687 4472 4808 5046 4533 4790 5144 4725 4619 4788 4771 5143 4836 4797 4903 4508 4774 4799 5244 4658 5267 4646 4792 5031 4972 4664 4939 4592 4485 4870 4808 4276 4878 4604 4571 4735 4989 4896 5142 4628 4913 4567 4580 4947 4606 4757 4619 4302 5093 4404 4359 4632 4768 4097 4582 4994 4586 4556 4873 4854 4267 4589 4951 4643 4342 4558 4782 4572 5112 5159 4698 5055 4542 4642 4627 4770 4418 4605 4741 4509 4758 4528 4977 4983 4747 4639 4964 4764 4513 4762 4467 4882 5048 4763 4707 4871 4979 4940 4755 4774 4623 4286 4298 4972 4323 5316 4467 4775 4962 4564 4540 4783 4630 4918 5082 4379 4903 4473 4901 4733 4866 5015 4825 5017 4408 4541 4738 5198 4852 5082 4797 4563 4512 5106 4814 4912 5010 4686 4476 5067 4852 4452 4516 4751 4771 4727 4782 4690 4584 4631 4449 5057 5128 4838 5131 4857 4901 4553 4880 4657 4952 4854 4468 5037 5248 4354 5111 4636 4878 4521 5191 4829 4538 4832 4987 5011 4665 5085 4786 4625 4611 4809 4522 4974 4919 4693 4601 4734 4748 4706 4941 4867 4992 4326 4529 4656 4798 5004 4865 4902 4669 4852 4868 4661 
5477 5069 4949 5021 4895 5504 5701 5426 5243 5642 5242 5677 5669 5307 5159 5390 5120 5090 5534 5171 4995 4985 5362 5247 5154 4796 5352 5482 5194 5580 5273 5091 5003 5513 5072 5124 5587 5291 5397 5273 5486 5359 5717 5028 5550 5326 5611 5315 5875 5185 5417 5414 5230 4918 5418 5313 5338 5734 6048 5425 5041 5310 5664 5747 5302 5193 5378 5249 4938 5402 5511 5084 5747 5857 5363 5525 5820 5430 5396 5455 5437 5549 5235 5364 5388 5163 5027 5742 5163 5411 5410 5386 5216 5249 5229 5526 5312 5537 5275 4709 5513 5471 5104 5354 5064 4942 4946 5631 5290 5076 5292 5365 5085 5199 5583 5469 4882 5394 5224 5428 5762 5364 5186 5980 5467 5182 5206 5387 5216 5177 5269 4861 5182 4995 5910 5205 5669 5349 5527 5777 5230 5112 5240 5261 5658 5299 5135 5461 5461 5275 5438 5332 5517 5228 5387 5524 4982 5708 5397 5210 5344 5290 5251 5417 5224 5414 5672 5381 5307 5096 5376 5332 5334 5367 5718 5515 5001 5261 5467 5563 5118 5460 5316 5351 5049 5700 5216 5388 5654 4956 5263 5503 5684 5044 5319 5520 5337 5331 5505 5468 5154 5527 5213 5577 5749 5676 5508 5274 5446 5138 5897 5385 5621 5468 5078 5157 5921 4897 5644 5357 5339 5392 5983 5402 5258 5458 5826 5322 5475 5668 5560 5180 4965 5163 5493 5603 5482 5314 5299 5392 5281 5038 5551 5125 5723 4818 5149 4945 5305 5637 5428 5304 5421 5293 5455 5429 
5102 4570 4958 5018 4896 5461 5204 5108 4946 5174 4741 5030 5435 4861 5112 5242 4854 4819 5349 4836 4736 4727 5293 4974 4884 4783 5186 5230 4707 5394 5018 4918 4846 5081 4717 4746 5067 5269 5192 5023 5006 4988 5476 4743 5023 5052 5083 4972 5297 4849 4844 4948 4839 4875 5008 5015 4704 4847 5459 4941 4871 5382 4751 5501 4856 4803 5240 4645 4719 5188 5153 4918 5625 5168 5151 5289 5169 5240 4996 5196 5090 4966 4649 5033 5173 5000 4764 4985 5183 5042 5185 4778 5249 4670 4985 5229 5153 5244 5084 4570 5152 4874 4761 5048 4554 4688 4758 5211 5083 4954 4910 5279 4497 4943 4930 4980 4578 5045 4869 4822 5224 5134 4998 5540 5137 4470 5035 4907 4880 4806 4695 4397 5055 4710 5279 4813 5493 4879 5015 5109 4778 4897 4829 4806 5306 4992 5179 5159 5345 4910 5040 5125 5049 4945 4706 5029 4580 5292 5024 4792 5212 4775 4796 4965 4729 5305 5476 4771 5339 4844 5130 5011 4840 5143 5299 5326 4459 4890 4960 5268 4907 5163 4948 5049 4692 5205 4843 5048 5195 4926 4857 5331 5186 4774 5008 5202 4856 4825 4890 5103 4920 5119 5075 5269 5204 5006 5475 5273 5089 4882 5138 4944 5213 5235 4923 5199 5466 4834 5089 5204 5260 5091 5506 4800 4862 5035 5137 5246 4957 5330 5175 4521 4653 4881 5144 5236 5198 5071 5078 5072 5100 4739 5010 4785 5332 4590 4887 4656 5105 5039 4974 5173 4924 4975 5169 4957 
5627 4962 5131 5220 5218 5684 5512 5222 5365 5423 4821 5228 5859 5094 5487 5406 5179 5109 5294 5333 4834 5151 5559 5045 5447 5005 5584 5479 5367 5652 5192 5214 5240 5505 5088 5080 5509 5693 5325 5557 5330 5368 5561 5210 5190 5211 5441 5304 5503 4950 5237 5638 5019 5095 5284 5235 5078 5434 6007 5414 5150 5559 5412 5846 5568 5335 5621 5091 5124 5326 5475 5342 5913 5468 5560 5537 5551 5612 5453 5308 5184 5449 5172 5108 5444 5101 5052 5427 5650 5817 5383 5318 5440 4978 5432 5454 5154 5402 5437 5002 5547 5262 5201 5315 5133 4966 5045 5707 5387 5115 5368 5314 5125 5168 5407 5582 4679 5290 5314 5223 5895 5543 5193 5832 5201 4832 5250 5235 5000 5001 5268 5121 5147 5069 5583 5219 5450 5333 5588 5522 5098 5583 5155 5082 5613 5359 5300 5501 5426 5510 5581 5540 5697 5339 5382 5339 4952 5549 5300 5365 5566 5611 5200 5464 5234 5431 5492 4982 5248 5191 5348 5407 5418 5504 5338 5630 4748 5421 5189 5482 5522 5350 5498 5207 5039 5215 5148 5515 5675 5112 5230 5568 5730 5237 4987 5557 5422 4968 4890 5244 5131 5459 5315 5666 5222 5208 5736 5521 5629 5172 5553 5154 5527 5554 5184 5450 5796 5161 5973 5136 5232 5444 5497 5216 5145 5685 5491 5431 5206 5554 5695 5191 5062 5153 5681 5478 5452 5257 5408 5395 5343 5269 5532 5246 5598 5147 5186 5240 5562 5210 5584 5636 5132 5574 5400 5432 
5338 4875 4963 5087 4886 5260 5382 5090 5323 5349 5156 5047 5651 4750 5220 5397 5256 4623 5349 5032 4544 5126 5307 5040 5162 4926 5326 5199 5181 5394 5150 4906 4839 5297 5109 5148 5161 5427 5262 5485 5123 5248 5732 5065 5385 5272 5244 4978 5330 4979 5167 5349 5237 4868 4852 4907 4944 5060 5781 5287 4720 5184 5285 5600 5132 5346 5581 5098 4710 5235 5339 5352 5636 5263 5123 5350 5602 5269 5487 5136 4907 5080 5008 4741 5289 5085 4989 5199 5329 5152 5426 5256 5347 4774 5497 5369 5350 5216 5144 4722 5436 5167 5103 5012 4981 4626 5061 5463 5171 5038 5181 5415 4959 5132 5265 5119 4666 5244 5113 5177 5732 5565 4885 5811 5186 5162 5192 5110 4963 5044 5072 4664 4909 4882 5379 5077 5458 4824 5317 5434 5123 5204 4912 5161 5476 5549 5142 5120 5320 5086 5182 4885 5327 4985 4863 5570 4973 5561 5231 5212 5166 5198 5268 5477 5044 5397 5562 4819 5110 4969 5709 5056 4869 5337 5413 5527 4701 5249 5212 5256 5316 5189 5082 5093 4892 5178 4906 5517 5536 5067 4935 5290 5120 4977 5234 5453 4968 5037 4968 5106 5012 5229 5050 5622 5705 5268 5659 5325 5302 4924 5375 5091 5557 5300 4605 5352 5599 4999 5650 5312 5123 5537 5635 5226 5007 5514 5447 5389 5169 5056 5560 4771 4901 4796 5220 5339 5554 5280 5441 5155 5194 4667 5319 5173 5248 4531 4695 5204 5392 5328 5410 5489 5062 5034 5223 5429 
5515 4869 5035 5286 4987 5170 5212 5227 5263 5521 4860 5244 5659 5055 4947 5039 5237 4965 5371 4996 4780 5037 5255 4985 5115 5165 5438 5298 5233 5437 5193 4866 4963 5316 5087 5233 5531 5162 5368 5282 5219 5453 5397 5136 5194 5218 5214 5317 5513 4866 5296 5263 5147 4916 5224 5337 5177 5456 5741 5277 5017 5329 5393 5568 5248 5280 5501 5046 4879 5247 5670 5339 5644 5319 5367 5625 5394 5300 5580 5391 5367 5347 4959 5248 5442 5086 4942 5446 5474 5458 5439 5213 5441 5094 5054 5554 5245 5221 5381 4798 5884 4995 4814 5294 5005 4860 4970 5452 5297 5028 5145 5327 5089 5071 5448 5281 4912 5393 5147 5209 5785 5316 5246 5628 5310 4847 4889 5299 5024 4950 5216 4921 5048 5140 5673 5216 5433 5115 5380 5305 5023 5295 5278 5202 5643 5462 5029 5064 5500 5012 5452 5397 5155 4928 5031 5309 4934 5211 5187 5251 5544 5382 4907 5498 5148 5535 5550 5077 5201 4819 5395 5109 4979 5306 5369 5730 4655 4899 5325 5509 5365 5431 5306 5205 5333 5261 4975 5305 5587 4939 5096 5355 5532 5391 5220 5124 5488 5046 5215 5158 5176 5342 5245 5624 5337 5160 5552 5344 5360 4847 5712 5319 5439 5311 5121 5362 5797 4827 5651 5119 5343 5359 5711 5178 4932 5619 5487 5576 5294 5281 5380 5115 4833 5006 5328 5396 5531 5341 5431 5217 5225 4959 5180 5285 5358 4753 4857 4992 5358 5491 5359 5365 5235 5451 5421 5401 
5305 4782 4974 4923 5036 5116 5465 5153 5251 5369 5190 5339 5585 4816 5039 5456 5353 4772 5273 4816 4925 5092 5277 5196 5052 5262 5114 5278 5261 5212 5105 4907 4958 5040 5159 4848 5200 5236 5292 5108 5010 5374 5471 5197 4980 5392 5490 5244 5340 4780 5120 5146 4975 4802 5297 4916 5008 5297 5903 5381 5120 5366 5406 5661 5380 4960 5372 4999 4989 5145 5790 5027 5468 5223 5194 5188 5363 5405 5333 5072 4964 5207 5009 5080 5365 5243 4968 5346 5135 5526 5300 5187 4801 5110 5130 5243 5044 5117 5051 4806 5474 5163 5121 5027 5033 4689 4900 5606 5374 4980 5116 5155 5006 5030 5260 5457 4801 5120 5047 5185 5733 5050 4913 5700 5144 5198 5149 5374 5002 5142 4883 4798 5126 4791 5314 5247 5028 4906 5581 5523 4906 5335 5143 5038 5817 5290 5011 5183 5364 5254 5301 5257 5194 4900 4826 5308 4884 5392 5166 5122 5327 5140 4924 5377 5168 5306 5325 4950 5078 4485 5251 5165 5450 5512 5462 5321 4476 4986 5236 5306 5153 5524 4768 5201 4883 5359 5144 5409 5451 5033 5042 5227 5241 5005 5270 5528 5108 4886 4781 5119 5060 5005 4819 5344 5507 5406 5432 5215 5018 4919 5428 4853 5240 5291 4902 5227 5702 5021 5672 4924 5335 5194 5606 5271 5180 5404 5345 5517 5214 5450 5435 5114 4853 4842 5233 5316 5516 5217 5505 5218 5066 4697 5434 5081 5467 4843 4911 5012 5427 5497 5119 5331 5065 5242 5436 5348 
5257 4729 5033 4948 4721 5292 5117 5002 5239 5298 4800 5369 5291 4971 5213 5035 5019 4794 5031 5073 4869 4663 5335 4962 5022 4867 5391 5298 5087 5357 5232 4932 4839 5260 4914 4827 5109 5191 5401 4927 5054 5050 5460 4889 5249 5305 5369 5223 5206 4689 5074 5238 4882 4726 5033 5055 4727 5241 5840 5229 4850 5065 5324 5503 5103 5032 5302 4693 4976 4941 5317 4784 5802 5084 5176 5040 5420 5137 5253 5368 5162 5406 5037 4672 5020 5137 5070 5361 5321 5478 5386 5038 5151 4854 4909 5404 5022 5129 5185 4774 5544 5262 4839 5282 4859 4573 4904 5334 4917 5054 5156 5331 4753 4873 5365 5062 4622 5344 5167 5218 5621 5129 4935 5620 5182 4618 5055 5205 4956 5159 5003 4698 4716 4941 5380 5073 5176 4804 5191 5449 5003 4919 4940 4865 5729 5353 5007 4981 5114 5067 5153 5131 5072 5064 5056 5091 4755 5378 5206 5005 5090 4978 4725 5521 4772 5288 5427 4683 5049 4528 5013 4977 5033 5463 5410 5241 4718 4766 4869 5567 5044 5228 4913 4977 4635 5001 5010 5301 5410 4859 5043 5253 5517 4892 4876 5281 5203 4839 4978 5100 4931 5241 4965 5364 5534 5365 5567 5185 5489 4880 5216 4910 5505 5426 4910 5056 5516 4864 5438 4978 5422 5169 5580 5177 4854 5298 5248 5453 4991 5363 5208 4861 4781 4950 5106 5106 5509 5046 5304 5330 5275 4832 5288 4826 5434 4769 4933 4804 5089 5232 5143 5367 5139 5389 5542 5216 
5196 4847 4886 4907 4895 5415 5271 4960 5152 5219 4829 5179 5543 5018 5151 5370 5211 5045 5021 5175 4645 4732 5411 4832 4902 4857 5613 5313 5155 5367 5192 4978 5046 5254 4894 4909 5211 5192 5055 5285 5129 5176 5360 5071 5186 5233 5311 5129 5458 4755 5250 5211 5008 5014 5100 5235 5183 5274 5582 5088 4820 5342 5389 5526 5301 5302 5226 4774 4936 5134 5296 5084 5654 5218 5184 5299 5262 5316 5192 5395 5174 5323 5222 4834 5199 4982 5054 5072 5289 5345 5386 5154 4946 4826 5026 5297 5116 4945 5066 4597 5522 5173 5050 5073 5011 4923 4776 5391 5092 5093 5242 5165 4853 5122 5221 5273 4600 5114 5028 4963 5623 5288 4810 5343 5161 4843 4985 5381 5058 4975 4948 4572 4951 4865 5360 4891 5386 4747 5384 5309 4870 5194 5074 4989 5412 5195 4797 5122 5298 5395 5289 5342 5119 4779 4962 5124 4586 5375 4994 4970 5173 5297 4888 5331 5115 5266 5424 4735 5271 4766 5377 5089 5249 5358 5385 5401 4628 5164 5334 5365 5205 5225 5073 5201 4774 5046 5192 5140 5515 4998 4919 5580 5415 4871 4807 5200 5074 4836 4940 5253 4796 4938 4983 5320 5493 5286 5693 5220 5338 4904 5266 4745 5215 5590 4866 5089 5637 4634 5596 4981 5280 5259 5864 5119 4863 5319 5367 5359 4960 5519 5520 4953 4768 4875 5101 5295 5618 5075 5590 5173 5182 4971 5353 4935 5408 4869 5041 4952 5071 5109 5165 5276 4963 5166 5435 5252 
5148 4874 4926 5041 4604 5220 5213 5147 5277 5291 4693 5075 5616 4845 5221 5318 5213 4710 5159 4814 4704 4978 5012 5088 5041 5015 5232 5297 5338 5306 4935 5103 4888 5268 4899 4772 5383 5413 5176 5123 5145 5068 5289 4821 5064 5111 5022 5120 5416 4883 5250 5188 4701 5113 4986 5132 4963 5388 5535 5257 4740 5429 5245 5529 5023 5516 5535 4813 4894 5056 5183 5142 5555 5229 5116 5050 5287 5095 5271 5404 5218 4981 5125 4997 5424 4674 4975 5570 5381 5337 5306 5000 5274 5021 5185 5266 5432 5006 5231 4633 5485 4991 4949 5056 4938 4927 4964 5461 4952 4981 5279 5230 4737 4936 5197 5235 4643 5183 4657 5021 5588 5093 4970 5506 5151 4662 5184 5189 4797 4808 5058 5037 5133 5018 5395 5301 5341 4847 5287 5204 4869 5129 5077 4759 5488 5418 5203 5036 5169 5144 5410 5075 5274 5061 4780 5263 4489 5297 5182 5126 5288 5150 5027 5304 5055 5063 5279 4684 5032 4712 5390 4975 5169 5286 5456 5306 4527 4865 5026 5287 5298 5099 5157 4802 4808 4952 4789 5333 5400 4799 5102 5446 5394 5250 4924 5115 5363 4923 4946 5223 4931 4834 4828 5509 5097 5226 5616 5331 5586 4820 5352 5090 5534 5317 4803 5534 5531 4510 5528 4903 5033 5176 5629 5124 5126 5316 5265 5341 4906 5353 5353 5104 4932 5109 5300 5240 5150 5242 5477 5119 5275 4956 5305 4794 5394 4808 4997 5209 5203 5453 5023 5221 4907 5096 5119 5402 
4767 4582 4564 4307 4460 4657 4576 4517 4726 4799 4398 4713 5187 4599 4717 4659 4598 4528 4739 4384 4402 4623 4768 4674 4783 4454 4992 4851 4569 4815 4658 4510 4521 4829 4680 4326 4848 5129 4542 4833 4762 4942 5010 4626 4598 4849 4740 4816 4956 4149 4875 4673 4611 4305 4586 4632 4774 4717 5246 4858 4417 4655 4938 5184 4647 4851 4871 4808 4453 4536 4966 4821 4927 4673 4846 4927 4882 4774 4810 4678 4756 4946 4776 4519 5066 4463 4584 4889 4780 4938 4820 4611 4692 4402 4670 4996 4564 4729 4557 4065 5271 4674 4419 4648 4458 4547 4528 4911 5106 4320 4766 4828 4482 4479 4780 4586 4179 4578 4585 4677 5236 4523 4693 4979 4617 4459 4833 4724 4318 4601 4307 4523 4499 4448 5100 4593 4762 4282 5005 4987 4612 4806 4504 4507 4954 5025 4714 4853 5068 4801 4982 4751 5094 4648 4190 4820 4515 4967 4727 4601 4758 4724 4620 5097 4461 4677 4935 4293 4551 4531 4624 4653 4471 4740 4968 5009 4498 4686 4678 4957 4646 4858 4726 4325 4457 4480 4962 4855 4956 4307 4720 4560 4942 4418 4520 4677 4848 4472 4465 4680 4671 4803 4487 4950 4708 4903 5080 4603 4740 4184 4968 4695 4603 4828 4145 5026 5418 4377 4982 4602 4979 4750 5181 4713 4520 4830 4944 4868 4845 4768 5037 4439 4393 4771 4750 4732 4741 4555 4986 4722 4990 4818 4819 4501 5010 4308 4699 4464 5019 4729 4727 4686 4631 4507 4776 4795 
5301 4720 4807 4820 4899 5083 5016 5167 5229 5239 4809 5166 5661 4795 5211 5108 5067 4527 5379 5025 4683 4699 5234 5143 5141 4986 5332 5024 5139 5118 5269 4946 4923 5120 5040 4806 5178 5529 5223 5108 4942 5314 5391 5056 5145 5148 5229 5102 5105 4741 5188 5063 4833 5009 5143 5013 4990 5309 5974 5522 5024 5053 5235 5428 5259 5100 5600 5052 5084 5198 5490 5036 5470 5226 5184 5076 5697 5251 5213 5035 4956 4921 4836 5050 5356 5103 5019 5428 5419 5355 5160 5003 5255 4990 5057 5430 4968 5136 5082 4548 5821 5065 4856 5083 5017 4499 5198 5499 5197 5139 5058 5175 4860 4817 5123 5219 4706 5178 5008 5046 5720 5151 4881 5498 5165 4647 5105 5378 4862 5192 5088 4815 4949 4995 5455 4981 5361 4997 5254 5428 5100 5345 5062 4913 5550 5280 4972 4943 5553 5277 5305 5072 5474 4897 4806 5416 4770 5342 5202 5119 5503 5153 4933 5146 5183 5392 5563 4894 5021 4799 5475 5176 4949 5305 5389 5318 4568 4876 5288 5335 5269 5311 5166 5221 4800 5435 5094 5321 5378 4893 5034 5288 5266 4973 4945 5467 5389 4991 4881 5059 4849 5316 4915 5622 5293 5340 5508 5136 5212 4688 5469 4881 5352 5026 4663 5373 5852 4951 5428 5087 5103 5328 5511 5157 5143 5448 5489 5285 5322 5296 5360 4919 4907 4988 5151 5202 5415 5272 5325 5359 5178 4915 5185 5042 5333 4817 4956 4776 5372 5468 5316 5285 5088 5053 5311 5351 
5418 5281 5117 5146 4981 5414 5282 5082 5265 5153 5077 5138 5908 4885 4899 5528 5210 4927 5462 5048 4874 5099 5395 5065 5330 5014 5304 5395 5247 5564 5278 5089 5227 5309 4945 5269 5509 5436 5281 5229 5206 5396 5348 5120 5375 5417 5490 5077 5601 5017 5423 5125 5003 4909 5464 5318 5090 5468 5766 5277 4905 5430 5353 5708 5269 5360 5488 4984 5053 5295 5746 5258 5669 5199 4908 5501 5588 5495 5332 5328 5368 5364 5162 5113 5544 5106 4943 5487 5427 5413 5247 5225 5297 4936 5147 5366 5100 5143 5441 4830 5433 5105 4962 5111 4904 4860 5009 5628 5249 5039 5182 5506 5204 5055 5214 5349 4707 5295 5120 5407 5807 5358 5043 5493 5083 5010 5155 5483 4994 4968 5228 4705 4996 4842 5613 5165 5483 4913 5529 5408 5247 5553 5190 5030 5728 5351 5060 5044 5334 5105 5329 5274 5284 5172 4961 5512 4845 5425 5066 5312 5252 5298 4878 5414 5254 5693 5465 4923 5319 4819 5537 5382 5230 5281 5445 5496 4638 5096 5411 5328 4986 5288 5449 5160 5019 5334 5084 5431 5301 4896 5176 5614 5599 5210 5148 5352 5531 4971 5202 5165 5186 5226 5296 5705 5371 5315 5548 5277 5293 5017 5710 5308 5465 5397 4989 5617 6002 5142 5838 5261 5412 5167 5571 5313 5355 5644 5421 5288 5341 5540 5676 5200 5045 4950 5541 5179 5610 5410 5553 5256 5384 5054 5346 5228 5616 4876 5311 5292 5181 5556 5399 5413 5107 5065 5469 5549 
5857 5495 5423 5370 5376 5784 5817 5721 5626 5915 5425 5563 5939 5606 5664 5799 5789 5339 5920 5395 5136 5397 5667 5637 5596 5360 5915 5790 5440 5838 5588 5474 5390 5912 5524 5491 5567 5657 5707 5795 5391 6005 6088 5496 5498 5477 6104 5603 5599 5368 5650 5528 5294 5536 5853 5746 5458 5815 6489 5548 5350 5581 5716 5893 5483 5569 5857 5451 5347 5563 5977 5397 6030 5598 5703 5611 6126 5712 5980 5674 5637 5571 5568 5420 5834 5512 5458 5922 5780 5947 5860 5362 5715 5410 5501 5613 5778 5830 5540 5199 5849 5669 5447 5492 5534 5241 5221 5967 5679 5522 5767 5602 5503 5482 5645 5733 4868 5986 5596 5563 6010 5851 5827 6332 5492 5222 5687 5572 5355 5375 5402 5057 5595 5234 5650 5632 5780 5330 5634 5647 5334 5751 5643 5484 5842 5717 5502 5624 5897 5602 5694 5512 5710 5644 5278 5867 4993 5743 5426 5707 6021 5460 5448 5911 5464 5650 5959 5336 5596 5521 5794 5665 5673 5651 6012 6021 5262 5422 5635 6135 5698 5683 5777 5232 5568 5802 5433 5741 6032 5455 5645 5656 5882 5890 5581 5782 5689 5197 5391 5654 5122 5590 5493 5691 5755 5620 5869 5454 5818 5386 5753 5564 5982 5801 5421 5869 6058 5567 6143 5685 5881 5984 6214 5733 5524 5906 6023 5906 5585 5922 5999 5378 5617 5356 5626 5778 5717 5800 5814 5542 5811 5493 5809 5511 5850 4939 5802 5472 5852 5952 5826 5726 5590 5796 5817 5846 
4905 4873 4779 4835 4495 5117 5107 5102 4988 5229 4563 5080 5424 4759 4988 5139 5226 4605 5241 4993 4877 4954 5111 4885 4974 4839 5302 5242 5152 4961 5226 4631 4856 5122 4766 4868 5005 5141 5110 4822 4999 5281 5394 4823 5211 5327 5122 5055 5189 4771 5230 4907 4863 4964 5115 5148 4988 5060 5668 5131 4633 5118 5228 5281 5071 5071 5273 5002 4769 4985 5323 4932 5487 5074 5365 5162 5193 5243 5253 5156 5000 4920 4787 5002 5372 4942 4642 5136 5152 5216 5159 5152 5075 4642 4869 5009 5253 4865 4981 4583 5524 4880 4801 5086 4898 4560 4867 5169 5052 5039 5038 5264 4644 4984 5255 5275 4540 4996 5092 5021 5424 5032 4989 5071 4957 4718 4808 5080 4789 4890 4854 4610 4891 4772 5399 5050 5146 5030 5171 5136 4899 4749 5111 4930 5308 5029 4732 4882 5409 4931 5194 5043 5020 5166 4896 5246 4592 5523 4859 5262 5142 4864 4947 5141 5156 5085 4996 4819 4956 4852 5214 5021 5155 4972 5390 5196 4582 4724 5013 5653 5211 5249 5135 4923 4985 5257 4848 5265 5362 4847 4758 5087 4972 4953 5170 5301 5000 4881 4939 4854 4773 5090 4842 5331 5199 5168 5416 5146 5172 4644 5359 5030 5370 5388 4887 5165 5729 4939 5386 4841 4983 4969 5741 5307 4829 5217 5200 5182 4953 5303 5257 4912 4924 4823 5041 5195 5162 5001 5414 4990 5052 4911 5229 5051 5100 4574 4827 4783 5344 5261 5189 5146 4968 5256 5111 5102 
5264 5127 5089 5120 4900 5244 5388 5431 5109 5229 4885 5269 5509 4796 5279 5299 5133 4952 5332 4805 5003 5091 5186 5069 5243 5200 5493 5276 5285 5365 5110 5205 4954 5434 5134 4824 5409 5202 5335 5386 5362 5445 5559 5476 5166 5220 5539 5322 5305 5020 5155 5177 4693 4723 4941 5066 5107 5254 5634 5048 5101 5190 5298 5713 5489 5161 5459 5060 4858 5074 5610 5246 5692 5061 5289 5179 5209 5136 5576 5183 5258 5495 5099 5183 5400 5174 4836 5421 5212 5580 5326 5093 5298 4966 5192 5456 5384 5261 5321 4757 5732 5183 5133 5205 4852 4743 5040 5520 5423 5048 5077 5042 5222 5223 5413 5416 4739 5232 5097 5127 5781 5237 5278 5637 5169 5073 5197 5131 5371 4915 5055 4887 5011 4793 5627 5141 5419 4760 5447 5507 4895 5160 5293 5229 5578 5398 5138 5261 5528 5331 5184 5161 5305 5232 4716 5454 4656 5272 5183 5365 5324 5000 5034 5259 5023 5113 5589 5063 5050 4889 5410 5105 5246 5443 5399 5310 4632 4895 5242 5681 5225 5223 5190 4962 5146 5448 5093 5402 5603 4986 5148 5211 5438 5127 5012 5237 5159 4765 5156 4994 4855 5279 4930 5508 5380 5311 5384 5478 5390 4839 5332 5237 5437 5492 5148 5394 5636 4793 5525 5242 5267 5169 5889 5214 5164 5321 5443 5328 5222 5536 5434 5092 4988 5079 5275 5224 5481 5200 5383 5030 5258 5048 5445 5366 5162 4918 5138 5139 5075 5108 5348 5478 5322 5128 5271 5403 
5431 4980 4972 4978 5126 5362 5161 5169 4883 5372 4912 5074 5412 4685 4857 5323 5340 4818 5219 4856 4656 5195 5232 4964 5121 4812 5428 5219 5042 5413 5087 5128 4855 5224 5084 4673 5297 5088 5232 5039 5191 5525 5473 5081 5118 5276 5118 5143 5321 4978 5316 5265 5135 4836 5071 5161 4967 5512 5795 4939 4947 5178 5145 5710 5009 5142 5426 4854 4941 5361 5484 5178 5474 5046 5284 5441 5393 5358 5294 5190 5150 5152 4895 5148 5411 4741 4866 5228 5253 5132 5213 4887 5065 4965 5025 5352 5318 5195 5351 4715 5465 5073 4956 4877 4971 4675 4931 5584 5427 4998 4990 5199 4887 5201 5534 5248 4614 4844 4934 4973 5487 5352 5241 5459 5113 4876 5004 5075 4848 4908 4630 4864 4993 4716 5351 5261 5162 4620 5333 5260 4916 5161 4952 5015 5455 5102 4868 5326 5570 4981 5270 5138 5145 4878 4717 5159 4660 5565 4951 5147 5256 5195 4952 5277 5059 5190 5547 4983 5015 5022 5347 5146 5112 5521 5610 5207 4633 5181 5034 5485 5026 5079 5029 4993 4917 5148 5085 5305 5619 4861 4869 5164 5235 5217 5158 5350 5338 4880 5016 4993 4873 5201 4760 5531 5225 4942 5340 5432 5124 4702 5373 4974 5309 5378 4998 5316 5438 4869 5474 5207 5074 5139 5519 5209 5002 5572 5365 5367 5462 5266 5847 4979 4908 5127 5121 5155 5520 5364 5517 4992 5336 4879 5411 5012 5452 4911 4917 4806 5222 5230 5245 5281 4965 5253 5285 5216 
5646 5426 5239 5463 5241 5860 5755 5175 5552 5549 5100 5656 6060 5284 5721 5603 5333 5330 5639 5380 5074 5093 5893 5446 5452 5410 5865 5622 5484 5661 5536 5392 5335 5414 5311 5062 5857 5931 5482 5947 5577 5793 5722 5423 5211 5660 5747 5372 5664 5144 5422 5615 5209 5224 5424 5548 5174 5771 6047 5504 5135 5601 5690 5930 5573 5427 5855 5099 5181 5740 5681 5457 6136 5403 5516 5517 5840 5641 5770 5402 5519 5474 5458 5392 5790 5451 5531 5853 5491 5879 5704 5418 5694 5285 5412 5958 5525 5629 5349 4993 6007 5610 5181 5482 5334 5091 5422 5826 5677 5334 5526 5554 4988 5519 5821 5696 5091 5722 5321 5574 6162 5510 5440 6063 5427 5151 5650 5647 5350 5235 5137 5092 5313 5445 5872 5528 5754 5280 5753 5697 5198 5535 5536 5377 5814 5778 5287 5681 5775 5932 5853 5470 5681 5346 5245 5451 5078 5631 5454 5490 5760 5515 5400 5811 5667 5702 5904 5251 5440 5289 5622 5585 5399 5661 5691 5872 5117 5488 5634 5919 5561 5649 5482 5474 5347 5712 5428 5829 5827 5425 5406 5652 5724 5438 5411 5641 5302 5331 5386 5278 5361 5554 5400 5877 5825 5632 5578 5694 5822 5381 5631 5425 5994 5689 5360 5485 5915 5363 5784 5556 5592 5403 6088 5276 5404 5822 5749 5771 5659 5812 5702 5259 5294 5393 5523 5657 5877 5526 5741 5642 5476 5358 5821 5442 5655 5332 5387 5440 5567 5615 5497 5796 5472 5431 5538 5515 
5429 4963 5093 5117 4926 5321 5410 5247 5286 5482 4976 5384 5436 5097 5184 5268 5526 4932 5349 4820 4837 4798 5361 5242 5398 4955 5627 5228 5237 5636 4987 5023 4868 5361 4981 5039 5267 5403 5564 5165 5287 5273 5531 5036 5317 5358 5458 5277 5454 4893 5224 5261 4822 4947 5228 5216 5128 5507 5856 5157 4945 5157 5351 5643 5267 5348 5404 4987 4834 5263 5447 5089 5948 5061 5017 5401 5703 5221 5172 5329 5031 5365 5229 4978 5339 5324 5060 5487 5285 5268 5343 5248 5360 5058 5152 5465 5364 5305 5268 4778 5509 5019 5114 5329 4973 5037 5080 5642 5273 5150 5171 5324 5140 5331 5309 5313 4519 5183 5118 5223 5893 5382 5057 5684 5258 5361 5296 5201 5006 5026 5300 4910 5145 4956 5452 5207 5372 4855 5309 5564 5013 5374 5288 5100 5490 5298 5272 5474 5668 5341 5124 5404 5326 4856 4897 5404 4775 5279 5167 4983 5293 5253 5170 5682 5296 5551 5510 4873 5065 4993 5462 5128 5202 5485 5370 5472 4369 5150 5117 5482 5491 5421 5268 5003 4995 5320 5062 5202 5507 5142 5178 5134 5756 5150 5117 5399 5127 5221 5180 5121 5066 5382 5208 5679 5336 5252 5322 5449 5513 4920 5324 5117 5503 5420 5154 5359 5868 4768 5717 5305 5276 5277 5835 5298 5311 5658 5299 5332 5461 5387 5364 5154 5028 5227 5164 5471 5562 5105 5433 5067 5265 5078 5363 5193 5568 4826 5156 5186 5381 5353 5427 5413 5130 5304 5732 5387 
5198 4920 4977 4734 4625 5393 5374 5153 5096 5063 4702 5250 5611 4771 5123 5328 5125 4657 5273 4746 4780 4991 5093 4961 4895 4936 5498 5439 4972 5301 5037 4846 4832 5041 4931 4701 5115 5252 5203 5199 5333 5323 5444 4816 5068 5181 5458 5079 5175 4853 5136 5117 4603 4938 4989 5036 4696 5241 5696 5097 5015 5271 5179 5652 5122 5115 5303 4637 4697 5107 5511 5089 5649 5134 5153 5110 5153 5206 5116 5313 5141 5083 4952 5068 5374 4899 4856 5351 4959 5229 5151 4977 5354 4960 4835 5473 5086 5076 4968 4548 5577 5002 4741 4938 4882 4715 5062 5422 5445 5010 5339 5029 4952 4942 5322 5167 4697 5209 5088 4975 5448 5299 4899 5622 5169 4790 5040 5187 5099 5122 4914 4835 5026 5086 5178 4985 5140 4787 5340 5405 4925 4981 5122 4909 5475 5368 5030 4912 5496 5342 5018 5080 5179 4842 5043 5249 4550 5175 5072 4985 5186 5091 4943 5147 4927 5038 5419 4925 5100 4781 5258 4842 5148 5283 5332 5184 4727 5077 5077 5318 5126 5171 5188 5148 4854 5398 5220 5092 5527 4690 4735 5131 5175 5163 5099 5101 4742 4786 5075 4857 4836 5012 4839 5269 5540 5390 5567 5267 5149 4706 5095 5123 5076 5334 4763 5302 5446 4870 5244 4988 5212 5320 5688 4974 4821 5247 5402 5284 5118 5391 5063 4718 4872 4963 4943 5328 5389 5186 5297 5040 4921 4813 5194 5003 5111 4674 4929 5080 5136 5237 5361 5197 4958 5233 5384 4999 
5042 4833 4751 4819 4537 5198 5129 5000 4912 5250 4857 4841 5277 4573 4975 4927 4880 4672 5180 4624 4866 4461 5163 4876 4869 4894 5083 5294 5136 5374 5216 5015 4870 5329 5030 4615 4969 5057 5015 4889 4844 5237 5409 4908 4936 5024 5071 5020 5183 4674 5083 5059 4698 4591 4836 4784 4621 5159 5403 5174 5046 5094 5085 5535 5131 5064 5218 4593 4889 4856 5308 4832 5404 4996 4994 5090 5221 5067 5303 5057 5027 4904 4819 4843 5130 4769 4698 5156 5009 5301 5102 5024 5013 4823 4867 5260 5148 5120 5072 4353 5240 5064 4890 4634 4854 4434 4702 5160 5195 4920 4830 5238 4696 4858 5158 5267 4622 4831 4936 4826 5393 4935 4738 5291 5370 4929 4868 4860 4707 4750 4854 4597 4721 4707 5225 4785 5297 4707 5026 5174 4946 4973 4915 4768 5416 5220 5016 4890 5209 4946 5109 4922 5057 4485 4618 5132 4626 5177 4891 4841 5077 4791 4829 5210 5108 4913 5363 4758 4888 4652 5029 4883 4970 4970 5189 5047 4617 4852 5070 5331 5166 4816 4686 4778 4824 5089 4853 5321 5277 4876 4943 4913 5165 4780 4954 5058 4895 4856 4741 4989 4785 4771 4753 5283 5398 5086 5297 5269 5224 4963 5296 4877 5331 4883 4807 5241 5427 4631 5113 4915 5053 4926 5297 4765 4851 5108 5027 5028 4955 5111 5192 4881 4726 4976 5010 4853 5179 4985 5321 4701 4962 5066 5256 4802 4871 4620 4806 4792 5118 5116 5032 5358 4845 4986 4996 5091 
5296 5124 4778 5275 4844 5384 5563 5223 5217 5466 5244 5415 5565 5275 5481 5290 5333 4999 5392 5068 4803 5099 5279 5231 5262 5010 5388 5720 5380 5373 5161 4886 4916 5169 5295 5036 5370 5607 5361 5221 5492 5361 5554 5411 5130 5287 5383 5354 5325 5247 5267 5157 4904 5192 5352 5012 5103 5294 5835 5319 5069 5299 5496 5649 5305 5374 5345 5048 5041 5404 5383 5451 5658 5153 5435 5430 5477 5339 5433 5375 5275 5377 4960 5018 5567 5190 5041 5631 5352 5569 5443 5184 5503 4845 5159 5603 5322 5390 5323 5103 5637 4800 4881 5058 5185 4922 4974 5276 5086 5224 5507 5352 5076 5043 5352 5449 4724 5317 5324 5136 5693 5311 5258 5529 5270 4920 5141 5210 4978 5096 5249 4738 5002 4908 5691 5030 5234 4789 5643 5397 5052 5283 5000 5286 5513 5514 5223 5419 5316 5362 5361 5457 5320 4909 5043 5227 4757 5451 5295 5131 5518 5182 5239 5512 5216 5660 5492 5110 5253 5008 5551 5307 5045 5246 5395 5554 5073 5413 5290 5572 5332 5299 5292 5263 4896 5344 5037 5554 5360 5099 4939 5254 5611 5384 5024 5386 5427 5302 5250 5105 5179 5629 5162 5617 5116 5291 5579 5241 5318 5131 5864 5266 5568 5309 4939 5503 5903 5006 5546 5171 5431 5284 5649 5444 5081 5618 5307 5262 5176 5334 5535 5180 5326 4937 5240 5378 5525 5096 5234 5145 5194 4991 5521 5303 5546 4719 5064 5044 5381 5379 5559 5412 5291 5413 5427 5317 
5440 4911 5116 5207 5112 5163 5263 5285 5372 5378 5177 5264 5965 5114 5325 5114 5232 4918 5442 5003 4774 5081 5425 5193 5103 5108 5621 5332 5261 5355 5131 5204 4891 5329 5006 5078 5183 5619 5213 5451 5225 5049 5486 5056 5242 5472 5242 5045 5249 4810 5128 5189 5051 4994 5394 5284 5144 5620 5927 5528 5070 5394 5315 5736 5268 5218 5316 4819 5079 5250 5734 5175 5680 5298 5277 5353 5516 5279 5481 5353 5096 5076 5131 5008 5158 5222 5133 5388 5526 5314 5478 5047 5551 5339 4742 5323 5213 5403 5317 4737 5555 5300 5077 5286 5164 4877 5201 5494 5119 5042 5266 5287 5029 4992 5437 5593 4797 5176 4954 4951 6000 5245 5096 5469 5260 5104 5044 5107 4904 5150 5201 4836 5222 5031 5422 5183 5341 5159 5394 5408 4949 5285 5081 5061 5857 5437 5327 5193 5375 5286 5395 5374 5091 4888 5217 5293 4809 5448 5007 5203 5275 5302 5442 5420 5297 5374 5708 4802 5023 4874 5345 5137 5401 5374 5662 5621 4714 5377 5325 5551 5281 5319 5310 5094 4870 5250 5029 5320 5186 5009 4946 5489 5517 5286 4809 5476 5031 4805 5101 5030 4977 5148 5023 5572 5603 5486 5391 5274 5515 5029 5569 5112 5392 5446 4755 5190 5719 4898 5614 5467 5303 5113 5747 5366 4707 5268 5276 5391 5300 5282 5564 4978 5213 5107 5369 5354 5540 5466 5528 5312 5323 5024 5423 5136 5460 4878 5100 5161 5522 5373 5171 5486 5290 5439 5110 5368 
5090 4632 4847 4743 4694 5074 5006 5001 4895 5146 4744 5003 5304 4557 4699 4912 4909 4449 5069 4844 4496 4607 5280 4689 4713 4612 4968 5276 4881 4952 4799 4846 4930 5088 4852 4633 5020 5144 5045 5040 4959 4792 5253 4981 4659 5043 4978 5021 5235 4728 4986 4756 4780 4615 5050 4881 4987 5201 5318 4920 4693 4497 5254 5300 4874 4975 4996 4917 4388 4620 5290 4946 5581 5006 4781 4933 5240 4939 5112 4863 5018 5105 4731 4680 5183 4743 4936 5356 5062 5091 5162 4766 5126 4958 4873 5075 4939 5109 4764 4509 5352 4999 4624 4787 4791 4665 4865 5164 5007 4749 4731 4911 4632 4785 4951 4926 4480 5115 4886 4743 5523 5114 4899 5450 4694 4991 5005 4850 4633 4777 4571 4323 4931 4638 5256 4924 5126 4756 5085 5202 4666 5145 4865 4803 5120 5080 4851 5057 4916 4785 5140 4832 5105 4702 4749 4986 4483 4865 4832 4736 5005 4950 4897 5144 4825 5128 5266 4832 4859 4824 5069 4786 4686 4796 5101 5389 4453 4943 4760 4960 4975 5074 4861 4900 4645 5079 4717 4999 5276 4797 5006 5019 5173 4891 4857 4954 4939 4793 4575 4780 4645 4718 4744 4880 5318 4957 5034 5050 4953 4631 5401 4588 5228 5001 4661 4908 5545 4658 5111 4889 5024 4867 5617 4668 4784 5148 5222 5291 5067 4789 5251 5129 4690 4928 5001 5010 5394 4561 5090 4686 4813 4665 5194 4808 5309 4478 4748 4715 4932 4987 4976 4910 4817 4863 4920 4806 
5378 4871 5193 5142 5006 5327 5191 5156 5246 5497 5004 5320 5765 5260 5225 5337 5309 4872 5522 4958 5013 5034 5242 4921 5315 5367 5629 5509 5401 5279 5064 4866 5110 5266 5019 4920 5414 5410 5266 5366 5244 5421 5523 5100 5156 5309 5433 5371 5368 5120 5255 5583 5139 5151 5010 5429 5334 5495 5709 5572 5227 5216 5593 5601 5189 5188 5586 5069 5169 5187 5365 5429 5754 5299 5278 5375 5189 5299 5575 5236 5403 5385 4777 5218 5506 5304 5024 5601 5489 5572 5351 5393 5397 5053 5223 5628 5195 5426 5130 5052 5835 5065 4917 5118 5218 4806 5099 5309 5111 5146 5422 5187 5087 5074 5349 5244 4770 5311 5072 5300 5790 5238 5349 5595 5208 5119 5193 5312 5399 5142 5244 4826 5223 4946 5657 5388 5380 4962 5391 5249 4818 5339 4965 5181 5813 5371 5052 5303 5435 5262 5131 5438 5252 4797 4862 5370 4618 5314 5315 5062 5511 5122 5003 5647 4866 5630 5297 4981 5221 5130 5233 5302 5325 5635 5465 5439 4868 4974 5389 5484 5276 5413 5204 5138 5148 5407 4968 5611 5520 5149 5081 5266 5225 5229 5116 5093 5392 5299 4973 5239 5372 5300 5147 5542 5339 5168 5512 5488 5296 5141 5617 5256 5455 5528 4966 5455 6046 5174 5546 5378 5223 5267 5715 5335 5129 5688 5371 5414 5197 5600 5466 5073 5019 4966 5310 5404 5353 5291 5374 5055 5228 5149 5391 4889 5234 4876 4987 5131 5474 5142 5321 5534 5297 5539 5559 5428 
5422 5146 4809 4893 4860 5356 5551 5093 4937 5330 5091 5256 5701 5107 4872 5218 5072 5158 5354 5319 4772 4974 5518 4888 5206 5116 5405 5415 5165 5195 5392 5014 4991 5211 4891 5163 5249 5556 5653 4987 5040 5612 5317 5143 5318 5217 5171 5186 5213 4751 5336 5396 5059 4954 5126 5138 4942 5436 5768 5527 5174 5445 5433 5538 5232 5112 5268 5023 5465 5223 5513 5130 5663 5329 5401 5209 5440 5201 5187 5511 5393 5383 5277 5030 5401 4951 4885 5330 5283 5356 5216 5149 5154 5125 5134 5369 4863 5283 5102 4664 5575 5340 4974 5034 4967 4989 4816 5521 5376 5129 5217 5340 5169 5111 5421 5339 4793 5078 5189 5172 5533 5438 4978 5666 5440 4976 5054 5389 5286 5028 5033 4875 4983 5046 5454 5360 5265 4917 5352 5418 5132 5342 4967 5031 5624 5546 5042 5187 5334 5402 5235 5346 5326 4974 5025 5489 4634 5468 5239 5329 5292 5048 5075 5476 5390 5400 5524 4872 5237 4859 5395 5432 4908 5279 5549 5602 4668 5215 5186 5472 5230 5503 5156 5209 4841 5513 5151 5300 5685 5123 5094 5144 5546 5489 5026 5259 5396 5137 5186 5232 4920 5510 4925 5640 5542 5561 5352 5413 5115 4875 5672 5217 5367 5217 5236 5349 5857 4920 5497 5081 5420 5422 5735 5195 5204 5562 5435 5523 5176 5518 5435 5032 5087 5000 5188 5396 5433 5221 5208 5266 5292 5229 5448 5211 5324 4740 4982 5092 5405 5218 5356 5161 5036 5451 5301 5410 
5602 4964 4939 5244 5191 5257 5271 5433 5382 5466 4998 5518 5933 5000 5298 5540 5618 5032 5574 5109 4905 5130 5536 5462 5220 4990 5510 5465 5400 5269 5366 5035 5045 5419 5021 5085 5566 5777 5647 5635 5394 5487 5635 5218 5309 5448 5556 5419 5289 4973 5474 5539 5507 5216 5169 5347 5286 5782 5990 5398 4776 5623 5426 5605 5089 5523 5734 5130 5175 5610 5709 5291 5625 5483 5361 5603 5770 5595 5597 5577 5341 5423 5065 5251 5538 5422 5237 5551 5624 5315 5651 5365 5293 5052 5202 5638 5402 5278 5399 5112 5579 5253 5205 5455 5233 5079 5110 5744 5699 5302 5559 5341 5047 5309 5396 5359 4722 5252 5191 5245 5903 5344 5436 5904 5313 5030 5525 5266 5210 5326 5106 4900 5381 5111 5744 5512 5667 5084 5650 5440 5237 5117 5320 5329 5859 5280 5141 5427 5601 5400 5297 5516 5426 5090 5217 5519 4809 5609 5386 5553 5798 5206 5337 5755 5653 5649 5532 5008 5597 5192 5677 5282 5345 5435 5695 5636 4768 5350 5456 5465 5378 5607 5316 5216 5159 5471 5080 5422 5745 5217 5024 5517 5399 5462 5409 5534 5557 5128 5318 5175 5227 5168 5277 5550 5616 5397 5754 5221 5595 5110 5547 5132 5784 5612 5189 5345 5834 5215 5604 5447 5428 5387 5907 5346 5193 5650 5360 5666 5351 5607 6080 5396 5175 5214 5230 5603 5584 5408 5717 5657 5322 5093 5552 5359 5632 5109 4959 5043 5567 5581 5456 5591 5047 5589 5606 5409 
5040 4497 4753 4753 4668 5098 5038 4889 4785 5213 4807 4640 5479 4781 4786 4995 5185 4552 5072 4783 4399 4745 5087 5050 4819 4717 5075 5078 5024 4884 4801 4905 4782 5154 4693 4784 5081 5091 4946 5148 4945 5160 5185 4752 4826 4861 4900 5002 5218 4740 4756 4930 4908 4752 4779 4848 4877 5219 5469 5135 4570 4859 4899 5467 4868 4897 5356 4686 4709 4915 5209 4917 5530 5110 5022 4956 5126 5052 5036 5046 4977 4984 4854 4664 5343 4629 4465 4989 4957 4738 5177 4936 5316 4624 4730 5176 4990 4904 4825 4733 5301 4695 4769 4647 4863 4418 4664 5226 5121 4793 5105 4888 4522 4785 5270 4797 4532 4963 4813 4910 5437 5051 4928 5298 4660 4631 4560 4779 4815 4884 5057 4715 4848 4739 5051 4939 5225 4781 5259 5051 4741 4990 4788 4659 5060 5086 4871 5105 5238 4852 5111 5037 4881 4533 4539 4897 4375 5298 4853 4716 5077 4857 4765 5104 4837 5070 5199 4495 4975 4790 5339 5099 4949 5121 5080 5028 4548 5012 4901 5247 4729 5058 4816 4779 4780 4967 4943 5005 5337 4791 4625 5224 5184 4986 4804 4994 4879 4590 4973 4805 4681 4828 4826 5296 5208 4750 5073 5035 4989 4701 5229 4899 4907 5227 4638 4988 5202 4647 5327 5066 4928 5126 5395 4826 4778 5077 5372 5155 4846 5242 5035 4804 4869 4799 4845 5028 5117 4783 5217 4819 5004 4565 4934 4753 5171 4603 4643 4811 5196 5139 5186 5112 5030 4963 5114 4804 
5328 4961 5186 4749 4781 5467 5152 5153 5056 5261 4699 5268 5590 4675 5108 5155 5209 5033 5180 5149 4854 4765 5411 5137 5298 4767 5314 5383 5394 5085 5116 5144 5096 5108 4963 4780 5291 5339 5322 5143 5209 5596 5557 4970 4966 5445 5095 5323 5581 4933 5140 5017 4983 4806 5031 5138 4923 5306 5771 5188 4847 5185 5340 5449 5178 5048 5376 5129 4963 5359 5288 5084 5818 5249 5222 5358 5268 5297 5226 5125 5027 5351 4883 4932 5247 4996 4936 5189 5391 5443 5445 5020 5436 4977 5144 5442 5116 5109 4989 4569 5547 5121 5141 5085 4967 4587 4743 5464 5303 5247 5376 5232 4622 5044 5293 5142 4666 5231 5211 5271 5427 5235 5239 5608 4943 5051 4954 5278 4967 5105 4957 4771 5105 4760 5462 5169 5442 4878 5281 5160 4952 5271 5178 4845 5457 5272 5124 5115 5529 5220 5071 4990 5187 4994 5005 5325 4717 5415 5166 5175 5267 4973 4880 5368 5053 5343 5246 5001 5178 4809 5628 5246 5077 5442 5173 5387 4572 5094 4894 5257 5058 5270 5130 5234 4924 4948 5206 5404 5703 4881 5164 5538 5305 4943 4946 5266 5315 5015 4855 4956 5002 5385 4969 5557 5099 5059 5308 5135 5246 4793 5504 4881 5395 5275 4959 5277 5833 5111 5673 5093 5161 5513 5674 5230 5363 5624 5408 5353 5194 5411 5621 5070 4601 4906 5150 5304 5393 5119 5369 5168 5072 4868 5160 5148 5481 4851 5036 5057 5234 5217 5355 5391 4927 5261 5304 5330 
5121 4390 4944 4872 4528 5042 5234 4819 5054 4966 4746 5034 5403 4924 4978 4963 5257 4783 5197 4903 4461 4968 5244 4924 4762 4710 5299 5038 5191 5275 5084 5083 4942 5392 5134 4917 5128 5107 4909 5262 5209 5129 5204 4732 5087 5271 5148 4972 5242 4903 4991 5313 4678 4390 5413 5031 4910 5251 5676 5085 4818 5391 5054 5440 5223 5276 5056 4845 5019 5211 5061 5065 5561 5214 5061 5459 5357 5065 5111 5130 5295 5177 4843 4901 5144 4761 5026 5272 5109 5478 4985 5010 5268 5185 4952 5014 5056 5152 5015 4732 5546 5198 4928 4820 4650 4612 4673 5534 5099 4838 5052 5116 4698 5065 5348 5118 4518 5131 5051 5101 5462 5371 4821 5220 4925 4659 4759 5129 4794 4864 4751 4807 5059 4794 5173 4828 5103 4867 5157 5168 4874 4906 4931 5028 5268 5212 4955 4914 5344 4792 5007 5136 5217 4855 4874 5177 4513 5317 4961 5056 5254 5105 4854 5346 4686 5030 5285 4881 4921 5018 5274 4917 4851 5241 5234 5397 4583 4770 4941 5561 4918 5159 5081 4989 4808 5201 4940 4980 5364 5023 4833 5164 5213 5043 4864 4982 5214 4802 4905 4957 4898 5222 4982 5222 5058 5152 5440 5402 5274 4785 5195 5079 5234 5266 4849 5129 5493 4743 5438 4977 5035 4920 5470 5254 4697 5312 5172 5092 4966 5271 5168 5095 4836 4922 5099 5425 5337 4996 5326 4879 5406 4864 5264 4787 5146 4639 4963 4673 5277 5308 5076 5427 5237 5092 5166 4905 
5523 4972 5156 5062 4656 5443 5532 5126 5371 5370 5069 5154 5564 5062 5477 5292 5172 4917 5321 4979 4969 4956 5301 5364 5413 5066 5469 5627 5284 5558 5275 4937 5042 5257 5243 4828 5406 5488 5503 5209 5120 5655 5635 5081 5108 5039 5390 5148 5512 4945 5099 5166 4922 5240 5328 5274 5072 5372 5769 5364 4946 5234 5698 5813 5534 5305 5581 5101 4971 5119 5471 5092 6108 5458 5394 5049 5500 5238 5326 5520 5373 5536 5079 5106 5545 5046 4981 5564 5489 5583 5474 5444 5305 5280 5060 5443 5327 5403 5461 4902 5855 5142 5076 5325 5127 4916 5115 5332 5247 5041 5351 5489 5014 5104 5441 5536 4703 5229 5303 5156 5750 5368 5186 5682 5228 4983 5338 5404 4795 4959 5324 4995 5244 5017 5684 5175 5358 4973 5418 5382 4983 5417 5317 5229 5673 5588 5239 5296 5485 5645 5313 5405 5194 5285 4910 5539 4931 5254 5443 5263 5533 5205 5040 5508 5169 5340 5453 5188 5228 5115 5390 5027 5187 5377 5661 5749 5041 5177 5421 5755 5442 5107 5213 5072 5155 5387 5312 5632 5498 5041 5392 5506 5751 5102 5089 5343 4940 5261 4930 5129 5200 5289 5187 5754 5573 5564 5416 5696 5793 5195 5443 5071 5619 5199 5052 5352 5900 5129 5739 5256 5425 5406 5730 5145 5246 5483 5242 5610 5387 5594 5534 5028 5360 5235 5296 5228 5561 5194 5483 5165 5310 5339 5477 4933 5454 4784 4988 5186 5241 5374 5536 5509 5175 5346 5410 5267 
5174 4739 4956 4731 4564 5228 5518 4959 5166 5201 4918 4954 5138 4907 5054 5263 5066 4617 5328 4836 4773 5016 5157 5132 4967 4842 5259 5584 5134 5466 5237 4815 4927 5097 4981 4969 5066 5387 5118 5002 5098 5425 5438 4857 4989 5420 5525 4996 5182 5005 5171 5343 4957 4735 5083 5161 4814 5237 5491 4930 4748 5111 5339 5414 5130 4996 5544 4722 5019 5166 5034 4963 5662 5222 4964 5180 5320 5170 4995 5151 5161 5269 5010 4647 5315 5185 4932 5333 4987 5203 5281 5085 5202 4834 5198 5360 5248 5168 5229 4698 5541 5050 4996 5107 4956 4742 4866 5587 5199 4843 5102 5126 4989 5126 4862 5047 4689 5129 4984 5232 5776 5122 4813 5445 4938 5097 4949 5017 4894 4916 5176 4814 4998 4841 5363 5283 5317 4837 5099 5507 4831 5015 4964 4963 5477 5317 4909 5027 5402 5230 4967 5059 5019 4772 4694 5406 4850 5442 5348 5094 5155 5037 4863 5531 4997 5157 5382 5060 4872 4733 5330 4988 5010 5614 5362 5236 4771 5205 5008 5435 4998 5163 4796 4886 4790 5383 5061 5323 5503 4941 4850 5302 5456 5046 5034 5046 5093 4957 4935 4882 4871 5267 4942 5390 5359 5272 5315 5174 5371 5045 5439 4979 5547 5142 4949 5043 5486 4725 5525 5053 5113 5181 5604 5149 5159 5444 5158 5057 4955 5491 5302 4855 5305 4814 4837 5290 5350 5237 5108 4808 5196 4960 5219 4931 5296 4762 4826 4810 5327 5282 5298 5411 4896 5092 5139 5067 
5177 4596 4914 4745 4644 5047 4763 4491 5033 5113 4481 4786 5360 4689 5132 4898 5136 4511 4977 4813 4248 4700 4887 4967 4961 4703 5183 5145 4980 5212 4761 4738 4648 5042 4589 4595 5053 5100 5111 4862 4903 5153 5221 4701 4743 4837 5274 4937 5042 4640 4978 5083 4630 4691 4788 4871 4689 5088 5463 4954 4556 5140 4813 5599 5013 4858 4963 5023 4685 4756 5478 4782 5148 4699 4977 4979 5075 4947 5169 4831 4893 4883 4929 4850 4901 4695 4608 5008 5009 4875 4868 4833 5011 4794 4753 4985 4723 4897 4861 4527 5213 4973 4840 4735 4772 4548 4623 5330 5097 4686 5001 4895 4672 4939 5175 4951 4631 4816 4998 4840 5443 5169 4772 5283 4669 4510 4768 4779 4457 4906 4474 4620 4671 4821 5316 5090 4813 4486 4898 5162 4642 4903 4966 4946 5411 4930 4757 4946 5340 4901 4984 5010 4985 4932 4787 4818 4580 5033 4963 5060 5076 4851 4903 5117 4791 4656 5141 4628 4749 4763 5195 4863 4709 5155 5390 5251 4502 4823 5028 5297 4879 5011 4958 4842 4587 5045 4881 5186 5054 4822 4651 5238 5405 4890 4811 5015 4976 4738 4702 4786 4622 4974 4986 5212 5002 4808 5017 4882 4983 4513 4804 5099 5011 5065 4734 4971 5426 4659 5433 5063 4858 4759 5183 4897 4714 5313 5235 5065 4907 5447 5270 4769 4617 4823 4896 4871 5282 4921 5300 4912 4933 4635 5233 5139 4893 4643 4909 4734 5056 5086 5120 4947 4783 5083 4988 4987 
4546 4382 4318 4853 4391 4726 4689 4474 4632 4931 4470 4654 5122 4676 4793 4509 4649 4245 4823 4553 4301 4403 4808 4696 4511 4669 4854 4691 4563 4905 4639 4478 4544 4868 4437 4295 4635 4827 4787 4622 4362 4550 4966 4617 4751 4725 4861 4754 4563 4259 4436 4743 4378 4421 4485 4646 4548 4955 5089 4721 4424 4526 4948 4942 4717 4673 4795 4496 4526 4416 4844 4598 5081 4629 4616 4966 4859 4715 5091 4677 4695 4658 4447 4535 4930 4530 4353 4778 4676 4821 4845 4664 4683 4496 4683 4822 4491 4620 4392 4289 4711 4424 4228 4647 4557 4215 4501 4812 4823 4676 4838 4566 4348 4351 4847 4755 4031 4561 4601 4604 5121 4626 4669 4775 4614 4527 4608 4675 4460 4599 4540 4291 4612 4275 4813 4627 4483 4453 4835 4870 4255 4627 4561 4583 4793 4382 4626 4890 4713 4604 4414 4699 4763 4177 4302 4783 4037 4785 4518 4571 4825 4485 4432 4696 4698 4520 4738 4309 4620 4334 4659 4676 4774 5023 4862 4818 4294 4611 4494 4767 4708 5008 4705 4502 4472 4815 4515 4857 4806 4617 4559 4819 4704 4468 4566 4838 4548 4611 4652 4539 4575 4723 4603 4911 4789 4678 4705 4904 4819 4651 4593 4391 4964 4697 4535 4753 5244 4583 4999 4704 4727 4913 4812 4602 4557 4924 4778 4909 4456 4834 4803 4358 4606 4519 4703 4506 4654 4362 4841 4566 4580 4500 4801 4545 4917 4179 4530 4358 4829 4732 4895 4924 4479 4786 4746 4652 
5423 4671 4823 5060 4962 5327 5441 5545 5149 5453 4826 5434 5535 5021 5564 5283 5147 5110 5413 4968 4909 5013 5191 5169 4980 5120 5311 5179 5185 5335 5269 4896 4787 5270 5149 4984 5553 5468 5178 5312 5352 5214 5281 5365 5259 5162 5358 5332 5364 4695 5219 5566 5367 4946 5150 5141 5133 5678 5806 5436 5052 5357 5437 5779 5232 5201 5520 5071 4889 5046 5454 5021 5750 5361 5483 5370 5686 5221 5336 5221 5221 5291 5020 4971 5317 5119 5013 5369 5483 5527 5314 5148 5117 5100 4950 5483 5101 5245 4998 4648 5580 5219 5019 5291 5012 4779 4882 5636 5356 5113 5205 5525 4949 5167 5476 5376 4830 5217 4855 4892 5710 5001 5200 5419 5208 4942 5003 5216 5086 5321 5199 4871 5206 5065 5796 5310 5306 5128 5235 5390 5095 5072 5187 5129 5829 5143 4800 5229 5663 5321 5416 5537 5266 5074 4901 5520 4817 5573 5375 5192 5380 5001 5062 5474 5073 5083 5447 5036 5269 4938 5346 5127 5165 5270 5426 5568 4689 5027 5418 5232 5123 5057 5053 5116 5040 5385 4895 5220 5732 5151 4979 5256 5371 5321 5341 5402 5321 5130 5179 5315 5125 5243 4999 5490 5368 5426 5772 5271 5453 4765 5391 5191 5786 5396 5006 5422 5769 4844 5583 5301 5301 5366 5558 5236 5213 5329 5568 5443 5286 5624 5510 5127 4745 5117 5185 5502 5626 5230 5455 4819 5532 5131 5494 5134 5475 4861 5333 4955 5419 5359 5343 5337 5167 5482 5586 5376 
5492 5180 5181 5202 5084 5772 5472 5491 5478 5649 5053 5362 5975 4845 5372 5253 5458 5089 5602 5339 4989 5303 5897 5446 5434 4823 5688 5658 5380 5581 5357 5378 5117 5586 5382 5407 5620 5682 5638 5550 5341 5401 5766 5191 5238 5324 5672 5676 5464 5058 5346 5453 5173 4970 5364 5330 5217 5875 5873 5364 5394 5498 5478 5805 5132 5337 5395 5217 5245 5326 5575 5366 5684 5498 5556 5484 5677 5377 5496 5516 5646 5460 5041 5482 5481 5275 5302 5624 5465 5548 5400 5317 5374 5438 5246 5717 5515 5366 5317 4938 5762 5527 5089 5499 5029 5110 5157 5959 5592 5273 5532 5479 5423 5315 5311 5518 4961 5250 5299 5285 6173 5188 5303 5731 5401 4980 5515 5645 5152 5327 5142 4965 5327 5047 5883 5369 5392 4854 5496 5701 5079 5367 5425 5136 5586 5088 5317 5475 5769 5388 5568 5557 5342 4955 4937 5399 4929 5385 5510 5496 5647 5159 5253 5860 5400 5371 5731 5037 5609 5003 5537 5359 5269 5693 5606 5634 4991 5392 5532 5669 5447 5637 5258 5385 4956 5370 5608 5370 5721 5233 5353 5319 5856 5160 5309 5301 5237 5298 5259 5384 5388 5316 5568 5818 5556 5388 5630 5539 5798 5263 5631 5172 5521 5721 5094 5635 6441 5033 5644 5299 5494 5721 5826 5547 5303 5757 5585 5496 5277 5775 5793 5157 5065 5262 5392 5405 5573 5322 5878 5424 5556 5120 5614 5303 5648 5187 5242 5167 5530 5351 5132 5578 5268 5433 5622 5482 
4595 4713 4435 4666 4460 4863 4641 4713 4795 4519 4483 4769 4978 4389 4650 5063 4725 4379 4556 4353 4357 4478 4930 4750 4834 4574 4922 5118 4844 4966 4819 4651 4368 4631 4528 4432 4454 5052 4723 4672 4628 4927 5108 4659 4671 4726 4921 4677 4876 4612 4593 4647 4426 4494 4541 4432 4683 4899 5098 4791 4473 4758 4883 5240 4737 4701 4973 4491 4781 4471 5028 4742 5110 4546 4867 4871 5067 4934 4861 4709 4820 4646 4608 4652 4956 4656 4498 4832 4869 4906 5061 4715 4612 4369 4667 5073 4567 4839 4899 4095 4927 4695 4618 4802 4537 4371 4483 5131 4842 4941 4695 4794 4359 4497 4897 4940 4127 4410 4684 4640 5106 4903 4321 5013 4699 4508 4835 4642 4447 4662 4620 4350 4627 4485 4994 4714 4784 4451 5030 5073 4405 4890 4574 4301 4972 4621 4367 4590 4819 4777 4950 4884 4939 4608 4529 4822 4276 4756 4647 4603 4882 4810 4564 4789 4743 4913 5108 4532 4597 4319 4790 4598 4702 4897 4897 4715 4323 4744 4667 5030 4617 4823 4745 4536 4622 4881 4598 4871 5046 4660 4414 4856 4845 4772 4462 4766 4864 4652 4597 4487 4671 4752 4817 4974 4670 4813 4835 4682 4767 4426 4853 4467 4910 4772 4674 4846 5239 4557 4945 4515 4731 4610 5044 4392 4617 4866 4819 4885 4765 5037 5015 4424 4393 4637 4613 4778 5054 4737 4960 4831 4740 4732 4769 4737 4860 4459 4518 4561 4756 4896 4805 4837 4485 4721 4735 4767 
5224 4980 5060 5238 4851 5584 5499 5079 5134 5502 5092 5121 5744 5189 5258 5382 5483 5027 5514 5459 4833 5091 5412 5290 5276 5065 5380 5424 5370 5581 5372 5089 5205 5334 5223 4962 5291 5472 5412 5297 5383 5482 5640 5210 5438 5415 5501 5299 5405 4990 5222 5458 5228 5333 5233 5294 5341 5341 5791 5471 5025 5524 5136 5777 5530 5313 5645 5112 4956 5085 5569 5051 5771 5223 5537 5564 5532 5478 5663 5477 5259 5234 5308 5139 5397 5135 4772 5368 5433 5416 5386 5211 5117 5035 5224 5453 5210 5331 5248 4710 5821 5043 5319 5157 5056 4833 4908 5605 5524 5312 5330 5482 5025 5156 5550 5641 4770 5364 5216 4901 5671 5279 4949 5548 5305 4905 5094 5173 5090 5215 5381 4936 5200 4909 5545 5201 5381 4856 5513 5482 5107 5234 5280 5363 5509 5435 5197 5408 5366 5178 5247 5534 5150 4960 5001 5405 4723 5603 5279 5094 5582 5354 5132 5328 5234 5353 5497 4946 5453 5031 5721 5408 5235 5695 5522 5472 4966 5259 5379 5712 5183 5499 5284 5436 5111 5636 5267 5539 5720 5221 5144 5568 5389 5272 5124 5303 5351 5226 5171 5082 5037 5546 5241 5702 5319 5449 5598 5409 5331 5185 5477 4975 5507 5541 5197 5652 5740 5121 5757 5261 5312 5398 5729 5256 5064 5753 5476 5484 5113 5780 5653 5216 5103 5123 5507 5615 5586 5062 5588 5422 5297 5161 5428 5308 5359 4836 5073 5104 5140 5427 5157 5338 5207 5345 5215 5384 
5401 5064 5174 5091 5091 5416 5232 5234 5616 5392 5078 5603 5697 5286 5242 5405 5136 5320 5487 5149 5098 5172 5109 5274 5316 5104 5514 5391 5076 5375 5265 5103 5182 5289 5236 5295 5619 5420 5425 5494 5529 5523 5487 5098 5298 5638 5551 5432 5408 5022 5622 5387 5285 5159 5206 5286 5288 5393 6049 5372 4826 5383 5449 5658 5228 5073 5666 5266 5003 5260 5695 5203 5637 5063 5525 5357 5571 5446 5455 5517 5194 5556 5167 5228 5518 5147 4795 5551 5474 5577 5604 5282 5515 5024 5289 5695 5253 5197 5512 4678 5749 5326 5332 5226 5213 4706 4939 5554 5239 5148 5334 5394 5275 5258 5493 5540 4991 5363 5247 5523 5665 5187 5227 5731 5420 4940 4986 5153 5416 5005 5217 5084 5153 4774 5668 5338 5550 5021 5464 5555 5163 5016 5351 5253 6035 5448 5134 5219 5616 5385 5168 5238 5389 5601 5033 5266 4953 5596 5391 5385 5441 5216 5181 5630 5442 5390 5531 4991 5221 4972 5391 5408 5377 5355 5716 5459 4860 4881 5499 5617 5179 5365 5302 5289 5103 5382 5259 5522 5693 4868 5116 5430 5531 5251 5328 5624 5568 5114 5283 5221 5024 5541 5224 5709 5412 5537 5721 5325 5514 5128 5456 5198 5431 5771 5229 5499 5906 5008 6043 5382 5299 5407 5825 5323 5274 5584 5597 5385 5207 5709 5547 5272 5127 5104 5485 5468 5584 5350 5583 5272 5377 5318 5520 5366 5471 4976 5218 5311 5545 5480 5504 5336 5044 5393 5592 5475 
5601 4859 5255 5272 5066 5354 5107 5137 5371 5362 5019 5089 5960 4946 5420 5365 5177 5144 5411 5182 4713 4991 5501 5200 5121 4797 5505 5390 5229 5608 5512 4745 4975 5452 5179 5263 5321 5340 5309 5254 5211 5309 5585 5109 5082 5451 5411 5339 5498 4772 5271 5347 4806 4911 5243 5046 4963 5532 5907 5283 4851 5470 5275 5909 5264 4922 5374 5123 5052 5007 5729 5231 5681 5248 5356 5369 5285 5423 5361 5097 5212 5371 5133 5015 5453 4922 5031 5396 5450 5460 5462 5249 5370 5029 5131 5566 5155 5358 5397 4964 5624 5454 5223 5280 4898 4873 5122 5714 5164 5284 5171 5333 4984 4907 5509 5488 4870 5380 5169 5083 6136 5253 5288 5589 5239 4883 5041 5017 5150 5215 5109 4897 5218 4822 5433 5387 5380 5050 5465 5479 5219 5270 5161 5025 5551 5372 5208 5262 5557 5368 5636 5401 5110 4977 4889 5288 4831 5376 5166 5237 5364 5293 5277 5366 5071 5270 5708 4901 5386 4890 5271 5317 4985 5395 5665 5509 4800 5277 5248 5486 5317 5230 5204 5258 5119 5282 5054 5485 5424 5134 5048 5336 5583 5155 5053 5286 5067 5067 5022 5073 5083 5457 5407 5597 5503 5208 5522 5348 5227 4877 5657 5083 5632 5266 5143 5270 5777 5055 5542 5108 5354 5307 5710 5253 5083 5305 5522 5617 5174 5554 5693 5106 4772 5018 5459 5486 5349 5291 5542 5424 5232 5169 5419 4984 5601 4946 4955 4892 5501 5043 5280 5310 5004 5484 5364 5157 
5413 5073 5034 5091 4953 5411 5345 4980 5111 5397 4771 5064 5384 4899 5202 5307 5191 4984 5563 4933 4845 5101 5061 5150 5245 4888 5290 5399 5222 5476 5323 4877 5139 5206 4938 4865 5417 5219 5035 5360 5120 5087 5598 5022 5078 5297 5500 5441 5432 5147 5197 5196 4844 4961 5399 5312 4959 5313 5835 4926 5063 5225 5228 5399 5200 4949 5218 4992 4713 5092 5492 5155 5687 5328 5240 5265 5283 5482 5257 5148 5240 5171 4814 5237 5250 4797 4842 5302 5251 5047 5128 5137 5525 4906 4984 5556 5147 5515 5222 4547 5608 5014 4852 5008 5213 4949 5076 5503 5393 5107 5225 5136 4949 5212 5332 5379 4468 5228 5259 5144 5659 5136 5205 5572 5127 4892 4984 4784 5032 5258 5017 4618 5145 4811 5535 5047 5282 5147 5470 5324 4981 4952 5001 5055 5200 5078 5041 5239 5486 5355 5115 5204 5067 4919 5036 5341 4693 5309 5087 4954 5298 5108 5102 5350 4971 5193 5312 4876 5228 4941 5275 5167 5132 5160 5499 5418 4917 5021 5094 5355 5214 5189 5221 5113 5109 5231 5192 5258 5497 4828 4944 5288 5232 5285 5152 5141 5108 5183 5109 4842 5025 5075 5070 5468 5178 5024 5366 5031 5218 5093 5434 5186 5352 5620 4958 5545 5654 4911 5356 5222 5220 5166 5525 5033 4731 5513 5158 5392 5271 5557 5534 5179 4902 5200 5134 5578 5290 5132 5429 4943 5058 5007 5319 4822 5113 4711 5063 4916 5285 5119 5282 5233 4785 5431 5341 5088 
5514 5183 5299 5288 5120 5538 5404 5254 5252 5389 5144 5349 5635 4896 5277 5399 5299 4818 5502 5184 4955 5182 5393 5398 5127 5033 5549 5343 5243 5620 5416 5200 5179 5520 5030 5333 5455 5464 5386 5198 5190 5436 5581 5406 5345 5422 5508 5479 5607 5097 5358 5397 4997 4884 5417 5110 5218 5550 5998 5412 5052 5138 5333 5397 5184 5040 5590 5234 5288 5173 5710 5376 5873 5341 5218 5540 5699 5452 5552 5284 5222 5049 5261 5226 5649 5275 5060 5642 5478 5428 5425 5211 5276 5062 5291 5558 5223 5329 5390 4884 5942 5351 4852 5207 5135 4744 5072 5893 5437 5410 5308 5488 4939 5160 5622 5336 4706 5220 5269 5259 5801 5198 5460 5579 5281 5049 5353 5314 5447 5270 5207 4856 5286 5000 5743 5329 5612 5212 5266 5355 5120 5126 5183 5433 5719 5067 5133 5362 5616 5322 5266 5282 5378 5060 4807 5341 4540 5677 5146 5305 5370 5059 4867 5538 4999 5359 5477 5184 5109 5080 5595 5203 5191 5611 5493 5477 4515 5028 5131 5502 5342 5608 5222 5064 5179 5513 5275 5625 5613 5435 5181 5437 5631 5162 5318 5502 5374 5283 5303 5115 5212 5316 5221 5622 5455 5200 5316 5525 5409 5046 5777 5260 5616 5444 5175 5605 5773 5170 5420 5409 5449 5414 6029 5367 5113 5539 5560 5304 5305 5666 5427 5330 5007 5118 5219 5360 5464 5186 5469 5257 5437 5083 5507 4910 5519 4873 5225 4991 5564 5260 5275 5597 5437 5253 5349 5389 
5102 4855 4836 4906 4817 5370 5198 5172 4998 5425 4832 5354 5462 5157 4986 5492 5326 4706 5422 4991 4732 4902 5362 4969 5208 4802 5152 5336 5019 5179 5043 4901 5111 5340 4874 4955 5275 5241 5327 5193 5303 5314 5439 4906 5224 5188 5587 5160 5173 4851 5317 5315 5200 4952 5082 5161 5001 5445 5461 5278 4979 5228 5398 5675 4847 5503 5343 5041 5088 5154 5477 5134 5458 5326 5304 5621 5414 5004 5360 5171 5494 5145 4999 5001 5517 5254 5133 5441 4981 5421 5405 5137 5089 4926 5310 5440 5277 5062 4935 4962 5543 5268 4842 5043 4947 4908 4788 5431 5058 5041 5140 4993 4934 5051 5216 5033 4818 4949 5277 5195 5700 5091 5232 5732 5087 4988 5206 5422 4714 5050 4821 4711 4868 5297 5500 5379 5226 4872 5403 5623 5158 5230 4939 5130 5362 5100 4866 4871 5470 5004 5152 5198 5280 4844 4973 5408 4532 5416 4976 5075 5364 5215 5057 5519 5228 5302 5494 4883 5285 5081 5174 4955 5045 5186 5417 5378 4689 5129 5210 5446 5205 5282 5332 4981 4718 5365 5071 5113 5699 4897 5133 5254 5173 5070 5189 5110 5378 5181 5154 5138 5183 5158 5032 5222 5447 5509 5659 5000 5123 4810 5458 4858 5442 5284 4881 5338 5938 4921 5434 5165 5289 5116 5647 5023 4890 5505 5255 5617 5055 5357 5651 4823 4834 4978 5113 5162 5342 5126 5292 5212 5170 4947 5238 4988 5271 4743 5052 4726 5329 5248 5155 5327 5038 5313 5330 5141 
4957 4503 4703 4787 4592 5126 4898 4767 4773 4698 4521 4627 5102 4445 5027 4920 4881 4667 4587 4625 4439 4591 4675 4914 4645 4529 5129 5092 4815 5006 4545 4636 4596 4907 4733 4750 4904 5070 5098 4922 4585 4925 4854 4536 4571 4898 4756 5070 4837 4605 4895 4778 4494 4674 4696 4742 4652 5002 5178 4846 4691 4646 5061 5056 4770 4757 4843 4685 4529 4693 5143 4626 5240 4969 4885 4649 5289 4690 4894 4850 4767 4890 4905 4583 5123 4350 4390 4849 4895 4901 4894 4774 4657 4599 4697 5104 4722 4627 4779 4493 5274 4635 4806 4707 4600 4528 4581 5039 4844 4794 4850 4955 4727 4739 4848 5126 4311 4720 4821 4797 5361 4834 4571 5090 4740 4594 4690 4877 4617 4672 4605 4399 4638 4439 5021 4661 4922 4423 5028 4900 4724 4823 4805 4607 5089 4993 4477 4917 5016 4913 5002 4739 4948 4467 4506 4879 4269 4665 4586 4518 4835 4630 4752 5071 4829 4758 5098 4691 4584 4464 4902 4815 4579 4805 4923 4992 4330 4841 4932 5144 4630 4857 4760 4763 4528 4920 4789 4858 5058 4635 4697 5072 5067 4736 4691 4996 4634 4772 4653 4850 4468 4659 4703 5053 4780 4989 5148 5044 4878 4553 4983 4666 4961 5047 4416 4914 5158 4566 5250 4755 4974 5006 5306 4746 4726 4928 5088 4826 4750 5144 5038 4840 4465 4542 4631 4868 5282 4883 5032 4579 4804 4564 4754 4655 5080 4484 4663 4504 4777 5135 4815 5044 4553 4980 4971 4885 
5049 4973 4831 4879 5217 5081 5293 4894 5043 5320 4921 5053 5278 4977 5080 5110 4980 4563 5138 4611 4545 4934 5104 4805 4669 4938 5312 5190 5076 5242 5372 4933 4846 5054 4796 4942 5016 5186 4808 5140 5072 5064 5254 5139 4657 5218 5303 5290 4942 4691 5273 5359 4553 4712 4971 5172 4894 5166 5710 5163 4729 4974 5447 5486 5449 5212 5323 4984 4869 5310 5357 4995 5579 5137 5088 5208 5250 5409 5289 5092 4779 5136 5107 4495 5136 5057 4916 5173 5109 5293 5441 4792 5205 4947 4903 5338 4921 5006 5145 4553 5458 5122 4883 4960 4747 4724 4852 5521 5013 4997 5227 5084 4910 5086 5257 5308 4615 5066 5010 4716 5607 5059 4945 5307 5109 5050 5084 4806 5023 4982 4981 4398 5029 4723 5446 5079 5204 4721 5294 5464 4749 5027 4884 4885 5334 5103 4786 5209 5272 4880 4960 4872 5243 4853 4752 5136 4745 5326 4950 4942 4894 5210 4887 5218 5048 5021 5407 4595 4910 4642 5168 5035 5203 5166 5371 5451 4560 4951 4878 4862 5160 5194 5079 4959 4771 5156 5074 5616 5201 4914 4813 5374 5130 4875 4956 5364 4922 4849 4911 4895 4724 5053 5125 5379 5360 5029 5412 5071 5354 4773 5270 4847 5458 5264 4686 5119 5528 4869 5490 5006 5214 5247 5519 4829 4912 5259 5178 5397 4800 5360 5413 4723 5007 4821 4899 5244 5253 4975 5246 4993 5105 4845 5194 4953 5288 4502 4841 4764 5056 4972 5072 5279 4901 5172 5194 5102 
5587 5171 5031 5535 5293 5429 5580 5148 5138 5489 5105 5280 5868 5106 5448 5541 5510 4928 5739 5230 4738 5150 5406 5118 5341 5193 5579 5375 5466 5780 5376 5358 5262 5476 5296 5229 5460 5535 5235 5358 5432 5396 5676 5386 5411 5487 5398 5639 5577 5264 5713 5492 4921 5217 5374 5110 5394 5629 5814 5155 5127 5354 5554 5895 5335 5285 5368 5029 5228 5401 5617 5296 5809 5252 5359 5465 5656 5433 5478 5558 5371 5234 5093 5475 5391 5092 5005 5420 5236 5499 5583 5199 5516 5193 5566 5481 5406 5522 5236 4929 5609 5225 5008 5220 4986 4878 4954 5782 5405 5323 5399 5447 5002 5370 5528 5519 4520 5222 4950 5166 5900 5434 5319 5621 5536 5061 5464 5481 5061 5115 5403 4853 5227 4827 5641 4985 5576 5080 5600 5540 5223 5418 5215 5315 5450 5311 5276 5689 5530 5324 5332 5570 5596 4939 5058 5548 4907 5399 5174 5152 5399 5383 5286 5636 5281 5358 5638 5047 5428 4986 5416 5427 5192 5526 5568 5520 4636 5421 5213 5620 4879 5434 5375 5189 4915 5471 5120 5397 5733 5167 5545 5523 5601 5700 5280 5693 5318 5294 5592 5436 5208 5460 5343 5667 5254 5310 5534 5563 5358 4830 5483 5573 5600 5618 4886 5489 5835 5264 5601 5218 5379 5500 5768 5343 5102 5541 5561 5113 5385 5550 5787 5162 5150 5268 5551 5524 5309 5163 5811 5700 5499 5090 5237 5287 5608 4687 5286 4972 5651 5418 5412 5665 5090 5430 5575 5632 
5914 5605 5527 5352 5260 5652 5598 5653 5497 5731 5357 5525 6064 5202 5539 5537 5757 5199 5771 5327 5304 5288 5576 5705 5405 5169 5728 5585 5756 5862 5381 5533 5590 5620 5272 5293 5841 5749 5636 5457 5431 5548 5996 5401 5552 5697 5731 5475 5745 5223 5468 5610 5139 5377 5788 5429 5268 5863 6289 5457 5401 5511 5710 6009 5675 5656 5663 5227 5058 5547 5993 5189 6007 5777 5682 6010 5830 5651 5688 5651 5525 5747 5341 5389 5770 5453 5438 5693 5636 5806 5541 5591 5824 5264 5475 5750 5578 5669 5526 5079 5823 5405 5424 5630 5392 5089 5362 5798 5583 5142 5516 5795 5576 5456 5562 5848 5066 5447 5536 5608 6123 5743 5434 5757 5490 5205 5593 5737 5395 5371 5462 5205 5524 5473 5807 5278 5560 5562 5540 5606 5371 5651 5683 5611 5854 5432 5737 5777 5938 5620 5562 5589 5661 5451 5372 5670 5136 5756 5366 5648 5816 5693 5451 5859 5492 5539 5846 5342 5633 5343 5711 5510 5597 5787 5838 5844 4913 5509 5611 5927 5676 5822 5775 5469 5262 5787 5284 5594 5735 5207 5646 5441 5986 5423 5700 5802 5467 5447 5325 5416 5386 5679 5243 6145 6040 5512 5862 5907 5709 5275 5688 5314 5911 5635 5400 5496 6213 5361 6058 5873 5581 5604 5968 5414 5364 5957 5759 5905 5829 5836 5881 5582 5448 5493 5727 5554 5738 5729 5676 5708 5510 5436 5990 5523 5601 5024 5571 5340 5650 5682 5733 6141 5637 5684 5710 5541 
5085 5220 5142 5087 5141 5609 5520 5357 5273 5677 5085 5263 5907 5397 5431 5485 5452 5060 5442 5025 4775 5062 5378 5276 5224 5057 5434 5420 5323 5420 5404 5078 5043 5259 5016 5202 5084 5577 5574 5117 5355 5595 5681 5190 5346 5295 5764 5263 5536 4958 5330 5240 4985 5029 5323 5113 5239 5351 5762 5594 5009 5596 5396 5879 5092 5412 5335 5021 5278 5500 5503 5439 5810 5415 5452 5575 5342 5417 5806 5506 5563 5478 5051 5266 5539 5242 5014 5578 5715 5598 5456 5356 5421 4926 5547 5565 5417 5463 5250 4891 5599 5284 5223 5466 4992 5074 5135 5671 5280 5207 5476 5577 4857 5318 5502 5670 4771 5551 5464 5217 5890 5804 5257 5764 5191 5111 5332 5437 5094 4972 4953 4885 5149 4999 5840 5213 5190 5295 5551 5523 5101 5323 5250 5382 5699 5334 5146 5231 5759 5139 5559 5522 5421 4930 5269 5415 5042 5378 5296 5081 5124 5069 5232 5501 5274 5546 5946 4810 5324 5378 5499 5292 5161 5287 5482 5628 5181 4917 5492 5691 5340 5454 5133 5182 4913 5459 5481 5391 5682 5118 5067 5506 5670 5211 5017 5666 5566 5087 5108 5343 5180 5211 4904 5556 5675 5410 5796 5268 5757 5224 5558 5278 5876 5631 4924 5215 5900 5009 5503 5246 5370 5401 5884 5322 5110 5733 5433 5555 5594 5577 5703 5330 5238 5246 5424 5418 5498 5405 5452 5235 5564 5378 5546 5273 5603 5010 5117 4955 5633 5251 5511 5617 5225 5656 5381 5504 
5386 4881 4993 4847 5040 5311 5236 5365 5052 5032 4688 5196 5524 4746 5324 5455 5003 4959 5279 4680 4618 5098 5113 4830 4930 4983 5307 5093 5159 5062 5029 4967 4877 5194 4760 4688 4977 5226 5044 5009 5259 5145 5344 5054 4990 5110 5370 5065 5373 4904 5059 5092 4613 4724 5058 4837 4791 5215 5529 5083 4985 5238 5180 5486 5242 5053 5191 5031 4793 5077 5306 5170 5545 5089 5279 5345 5051 5171 5200 5269 5032 4925 4963 4957 5295 5182 4863 5151 5301 5627 5048 4830 4993 4674 5049 5370 5127 5036 5080 4662 5624 5109 4965 4904 4739 4526 4957 5480 5268 5240 5012 5093 4688 4958 5139 5086 4574 5245 5076 4893 5755 5198 5038 5580 4892 4993 5048 5108 5006 5160 4944 4699 4742 4970 5489 5179 5293 4864 5353 5359 4916 5201 5105 4879 5514 5187 4880 4980 5426 5088 5221 5204 4997 4755 4770 5225 4581 5197 5037 5053 5203 5125 5012 5302 5059 5195 5242 4776 5089 4836 5258 5090 5118 5405 5214 5345 4592 4973 5028 5497 5093 5076 4882 5043 4943 5286 5031 5386 5507 4889 4726 5367 5216 5214 5206 5101 5091 4797 4997 4908 4853 5259 4769 5410 5159 4951 5197 5096 5104 4809 5286 5020 5407 5147 4926 5280 5714 4876 5365 5182 5333 5129 5689 5016 4996 5293 5433 5095 5131 5156 5227 5036 4575 5130 5050 5292 5507 5114 5325 4941 5144 4853 5315 4891 5158 4629 4871 4805 5109 5096 5243 5446 4794 5292 5263 5397 
5282 5184 5311 5247 5054 5378 5552 5394 5326 5328 5223 5256 5771 5030 5449 5190 5372 5157 5447 5213 5235 5116 5585 5110 4941 5107 5447 5394 5324 5338 5259 4950 4997 5349 5054 5217 5533 5680 5147 5551 5116 5591 5372 5222 5227 5246 5502 5389 5281 4918 5259 5236 5336 4958 5225 5252 5142 5282 5891 5313 5187 5463 5568 5769 5303 5018 5609 5035 4935 5052 5499 5357 5625 5185 5340 5153 5422 5440 5287 5428 5443 5329 4888 4934 5539 5195 5098 5397 5623 5523 5414 5213 5339 4936 5370 5638 5469 5330 5271 4789 5803 5158 5550 5240 5219 4866 5039 5670 5319 5148 5398 5494 5135 4959 5400 5789 4965 5370 5170 5259 5766 5440 5250 5508 5070 4881 5198 5243 5234 5071 5196 4909 5442 4902 5512 5384 5446 4953 5509 5418 4899 5209 5278 5179 5719 5412 5025 5152 5356 5439 5449 5396 5353 4973 5098 5412 4624 5517 5184 5370 5593 5192 5262 5608 4917 5519 5412 5078 5258 4900 5641 5377 5157 5477 5304 5528 4763 5078 5314 5528 5205 5292 5099 5108 5208 5373 5145 5537 5525 5223 4856 5486 5616 5040 5156 5390 5305 5223 4989 5160 5010 5181 4979 5629 5431 5615 5397 5563 5457 5022 5657 5037 5728 5775 5113 5341 5595 5097 5601 5174 5444 5383 5961 5071 5051 5374 5446 5516 5037 5380 5651 5286 5034 5241 5422 5529 5543 5285 5526 4986 5073 5113 5574 5003 5369 4733 5192 5004 5465 5414 5251 5582 5242 5307 5185 5360 
5745 5055 5229 5207 5184 5428 5557 5260 5378 5290 5076 5205 6025 4900 5410 5477 5545 5076 5495 5225 4870 5153 5706 5160 5251 5094 5289 5579 5423 5583 5475 5112 5422 5498 5106 5212 5574 5587 5473 5487 5342 5542 5462 5164 5321 5278 5718 5294 5433 4938 5453 5296 5104 5108 5477 5458 5082 5504 5872 5394 5103 5641 5449 6151 5518 5545 5631 5117 4895 5337 5926 5324 6083 5529 5362 5592 5759 5609 5433 5539 5602 5358 5452 5014 5641 5215 5258 5503 5612 5517 5505 5298 5187 5188 5292 5401 5603 5565 5337 5022 5601 5276 5030 5364 5162 4981 5288 5899 5566 5223 5366 5727 5193 5239 5342 5257 4794 5232 5422 5439 6031 5496 5432 5809 5605 5284 5415 5573 4918 5296 5272 4927 5571 5109 5635 5408 5604 5078 5488 5428 5006 5549 5192 5274 5599 5350 5241 5216 5701 5613 5456 5384 5324 5088 5209 5480 4896 5456 5108 5378 5769 5527 5334 5609 5425 5394 5606 5287 5512 5013 5568 5197 5282 5559 5767 5897 4813 5367 5329 5681 5457 5352 5275 4996 5224 5747 5071 5596 5789 5217 5316 5641 5774 5534 5385 5374 5307 5252 5070 5204 5308 5421 5088 5539 5455 5487 5640 5532 5605 4892 5535 5252 5691 5326 5046 5653 5817 5261 5670 5280 5447 5290 5782 5128 5207 5631 5590 5662 5242 5566 5759 5329 4979 5144 5545 5537 5847 5402 5697 5276 5289 5162 5598 5228 5503 4884 5150 5063 5586 5355 5618 5442 5198 5599 5568 5374 
5413 4998 5009 5022 4998 5395 5231 5070 4889 5348 4623 5031 5542 4718 5129 4945 5182 4587 5073 4981 4595 4779 4983 4972 4950 4829 5174 5255 5059 5103 5006 4956 4946 5030 4735 4852 5301 5087 5118 5000 4648 5023 5177 4814 4841 5235 5303 5164 5167 4817 5153 5293 4831 4998 5188 5100 5121 5362 5592 5018 4984 5039 5267 5523 4947 5049 5187 4993 4920 5153 5174 4622 5303 5174 5174 5109 5226 5308 5238 5191 5123 5031 5079 4876 5167 4954 4666 5346 5068 5062 5259 5081 5122 5013 4934 5178 5150 5099 5033 4865 5510 4969 4978 5225 5270 4939 4881 5402 5082 4972 5145 5311 4901 5020 5301 5044 4610 5066 4973 4997 5746 5107 4981 5342 5063 4768 5272 5142 4864 4851 5123 4584 4985 4866 5222 5055 5118 4839 5057 5231 4837 5109 5195 4965 5338 5272 4837 4914 5099 5008 5009 5052 5198 4858 4912 5460 4394 5252 4994 4949 5205 5115 4860 5076 4971 5326 5119 4467 4868 4577 5306 5075 5208 5141 5268 5350 4397 5275 4888 5271 4902 5067 5225 4787 4685 5100 4745 4941 5416 4754 4971 5291 5401 4989 4910 5068 5318 4946 5051 5013 5044 5096 4921 5267 5220 5266 5421 5108 5272 4788 5470 5096 5012 5081 4761 5313 5604 4523 5425 4797 5205 5277 5711 4941 4932 5441 5279 5239 4945 5182 5235 4894 4754 4753 5091 5136 5431 5138 5464 4998 5230 4833 5104 4866 5345 4810 4861 5060 4909 5238 5144 5274 4917 5176 5066 5228 
5301 4830 4730 4824 4764 4967 5301 5185 5147 5112 4688 5107 5444 4899 5002 5135 5333 4937 5305 4837 4763 4895 5142 5085 5093 4922 5206 5219 5295 5344 5109 4943 4965 5138 5044 4901 5352 5368 4996 5428 5162 5306 5289 5168 5033 5145 5251 5209 5172 4763 4907 4991 4937 4696 4869 4906 4880 5223 5666 5103 4817 5036 5256 5502 5071 5124 5303 5054 4648 5182 5295 4840 5581 5022 5138 5143 5315 4989 5353 5082 5010 5114 5073 4833 5292 5002 4849 5157 5290 5423 5280 5050 5112 4787 4851 5310 5028 5178 4853 4901 5629 4843 5043 5054 5049 4489 5043 5386 5106 4818 5112 5104 4847 4799 5234 5299 4691 5084 4801 5059 5537 5077 5078 5318 5001 4824 5110 5023 4866 4912 4982 4965 4868 4801 5413 4977 5235 4970 5249 5195 4856 5265 5061 5080 5470 5277 5060 5137 5235 5050 5385 5185 5078 5068 4887 5150 4488 5299 5043 5151 5283 4895 4962 5545 5066 4902 5275 4811 5050 4875 5156 5264 5032 5167 5160 5360 4690 5018 5429 5371 5074 5093 4973 4772 4959 5343 5138 5303 5638 4664 4916 5161 5354 5376 5143 5018 5127 4814 5004 5001 4995 4885 4898 5358 5343 5125 5455 5252 5131 4743 5279 5066 5393 5405 4849 5240 5637 4699 5510 5104 5125 4985 5566 5176 4984 5312 5226 5455 5098 5377 5420 5351 4722 4929 5295 5149 5582 4832 5501 5021 5067 4819 5263 5004 5210 4855 4838 5024 5013 5095 5014 5337 5109 5114 5153 5220 
5289 4992 4985 5192 4634 5297 5091 5162 5177 5337 5067 5157 5583 4733 5184 5341 5227 4848 5227 5157 4888 4936 5230 5171 4869 4709 5360 5486 5165 5456 5236 4930 4847 5296 5084 5062 5265 5347 5325 5395 5049 5174 5325 5189 5110 5325 5207 5137 5201 5094 5202 5271 5126 4933 5314 5282 4831 5368 5736 5102 5060 5299 5059 5439 4997 4940 5406 5211 4746 5081 5343 5098 5549 5429 5341 5296 5503 5646 5382 5251 5003 5218 4828 5092 5209 5051 4686 5543 5015 5137 5316 5059 5249 4799 4866 5434 5316 5159 5122 4674 5577 4967 4956 5034 5081 4904 4782 5472 5252 4969 5285 5532 4845 5015 5407 5349 4650 5293 5130 5159 5453 5101 4927 5720 5426 5080 4958 5060 5139 5320 5179 4656 5114 4992 5490 5233 5374 4928 5402 4986 4823 5199 5211 5153 5260 5155 5033 5103 5547 5112 5172 5122 5180 4814 4967 5187 4513 5552 4969 5163 5510 5140 5132 5357 4976 5204 5288 5086 5265 5054 5458 5027 5198 5012 5673 5671 4808 5159 4985 5220 5137 5278 5120 5081 4792 5268 5110 5382 5497 5064 4993 5206 5443 5043 4955 5198 4980 5090 5043 4788 4918 5189 4963 5399 5309 5395 5284 5337 5512 5120 5678 4906 5409 5380 4973 5403 5675 4892 5448 5163 5392 5287 5764 5163 4963 5266 5242 5533 4843 5449 5381 4890 4923 4974 5146 5306 5204 5263 5592 4961 5014 4822 5364 4852 5244 4728 4995 4706 5357 5295 5195 5330 5375 5267 5267 5238 
5620 5294 5344 4990 5300 5650 5649 5305 5465 5541 5070 5492 5820 5174 5451 5582 5452 5220 5487 5269 5115 5387 5560 5180 5270 5407 5522 5589 5573 5704 5494 5103 5178 5484 5217 5196 5561 5710 5585 5526 5287 5681 5962 5273 5436 5532 5430 5694 5644 5012 5294 5437 5433 5127 5591 5441 5087 5552 6026 5466 5384 5583 5595 5821 5655 5309 5623 4915 5329 5552 5706 5291 5901 5413 5325 5209 5509 5606 5648 5431 5332 5631 5229 5217 5682 5017 5214 5501 5635 5543 5412 5465 5385 5235 5307 5625 5296 5332 5207 4943 5872 5440 5039 5499 5350 4984 5293 5896 5477 5645 5589 5586 5349 5246 5944 5348 5084 5353 5464 5316 6136 5606 5622 5852 5530 5186 5368 5431 5214 5401 5221 5297 5600 5204 5771 5422 5492 5334 5796 5699 5160 5273 5299 5272 5786 5489 5352 5547 5786 5677 5551 5444 5302 5074 5327 5608 5080 5563 5289 5556 5674 5519 5175 5666 5459 5472 5491 4904 5499 4983 5377 5409 5462 5558 5871 5689 4878 5327 5151 5819 5481 5381 5050 5301 5265 5527 5357 5852 5932 4854 5130 5577 5565 5353 5551 5450 5400 5261 5255 5092 5073 5462 5129 5809 5643 5355 5723 5668 5572 5254 5683 5470 5856 5699 5319 5620 6027 4900 5629 5271 5507 5609 5852 5566 5446 5619 5744 5523 5306 5601 5692 5410 5206 5282 5553 5613 5609 5307 5646 5243 5433 5291 5608 5100 5606 4815 5277 5345 5738 5446 5753 5646 5109 5623 5578 5571 
5420 4846 4913 4901 5183 5204 5484 4913 4924 5166 4804 5059 5386 4949 5191 5238 5041 4941 5124 4806 4708 4713 5134 4978 4860 4805 5193 5087 5071 5154 5130 5016 4943 5054 4951 4841 5468 5239 5121 4961 4809 5283 5036 4954 4989 5226 5273 5089 5120 4711 5195 5072 4877 4740 5054 4907 4814 5194 5551 5128 4876 5106 5479 5422 5095 4838 5199 4650 4747 5267 5431 4921 5500 4814 4863 4894 5243 5240 5102 4939 5171 5286 4823 5023 4948 4970 4729 5170 5276 5251 5204 5070 4973 5129 4850 5044 5021 5002 5139 4568 5286 5214 4921 5006 5125 4894 4795 5247 5215 4781 4996 5104 4949 4973 5362 5109 4466 5006 4940 5153 5599 5036 4926 5437 4995 4896 4949 5228 4658 5030 4891 4410 4861 4667 5251 4844 4978 4800 5217 5117 4748 4981 5077 5091 5190 4927 5001 5094 5340 5099 5161 5159 5091 4674 4401 5053 4495 5002 4982 5009 5195 4821 4711 5194 4953 4959 5205 4633 5141 4524 5090 4892 5034 5152 5435 5156 4569 4702 5008 5408 5022 5170 4855 5054 4679 5178 4921 5359 5292 4841 4757 5243 5589 4968 4986 5230 4897 4750 4887 5185 4672 5251 4845 5342 5285 5212 5374 5243 5064 4860 5238 5044 5393 5175 5131 5373 5367 4633 5170 4917 5060 5222 5586 4972 5103 5272 5167 5330 4957 5227 5202 5045 4877 4597 5198 5159 5284 5009 5111 4987 5213 4808 5151 4719 5314 4623 4925 4645 5079 5252 5030 5102 4747 5143 5136 5311 
5468 5011 5007 5391 4982 5465 5390 5373 5159 5347 4926 5180 5699 4983 5103 5416 5252 4814 5446 4722 4851 4988 5237 5221 5067 5056 5355 5364 5391 5164 5249 4959 5082 5226 4994 5047 5571 5531 5430 5306 5286 5288 5429 5161 5201 5217 5447 5368 5484 4820 5322 5301 5095 4969 5327 5304 4969 5471 5690 5421 4874 5400 5408 5895 5141 5156 5456 5115 4748 5268 5639 5154 5534 5312 5308 5487 5212 5133 5313 5267 5418 5217 4894 5202 5245 5232 4685 5626 5344 5380 5532 5246 5450 5077 5262 5399 5359 5049 5112 4745 5429 5023 5070 5122 5343 4734 4978 5374 5190 5237 5358 5186 4852 5301 5218 5483 4841 5124 5320 5230 5511 5122 5040 5643 5242 5022 5312 5183 5032 5011 5175 4886 5309 5191 5504 4946 5203 4791 5217 5398 5011 5350 5249 5267 5332 5161 5385 5025 5525 5318 5462 5522 5281 5024 5033 5286 4769 5486 5122 5172 5413 5277 5003 5352 5144 5300 5296 4863 5074 5043 5455 5219 5130 5318 5350 5447 4846 5305 5132 5576 5095 5135 5245 5022 5198 5331 5044 5504 5517 5007 4956 5254 5583 5104 5132 5310 5250 5110 5120 5234 4900 5236 5197 5542 5757 5306 5373 5310 5373 5100 5432 5132 5372 5578 5111 5462 5826 4953 5720 5248 5301 5235 5592 4982 4996 5619 5377 5441 5112 5836 5386 5034 5057 4869 5337 5406 5388 5209 5543 4984 5056 4840 5375 5020 5335 4920 5171 5022 5247 5381 5314 5251 5225 5426 5459 5386 
5337 5022 4984 4918 4771 5144 5390 5344 5227 5520 4957 5251 5605 5056 5219 5256 5343 4972 5310 5042 4886 4968 5043 5079 5152 4971 5313 5382 5330 5442 5071 4894 4854 5367 5080 4842 5408 5409 5145 5331 5312 5304 5567 5192 5179 5248 5400 5112 5339 4745 5247 5122 5105 4662 4898 5190 4856 5282 5573 5142 5033 5258 5410 5484 4991 5233 5354 5078 4819 5242 5380 5136 5503 5189 5280 5513 5264 5358 5380 5369 5298 5232 5130 5176 5419 5063 5036 5276 5222 5420 5305 5076 5023 4887 4934 5405 5260 5067 5120 4812 5520 5380 5098 5245 4999 4862 4964 5624 5303 5167 5227 5153 5152 5149 5318 5216 4749 5186 5169 5232 5732 5162 5261 5574 5342 5335 4961 5139 4879 5268 5189 4859 5010 4928 5566 5031 5348 4911 5492 5402 4832 5352 5025 5179 5522 5262 5039 4982 5386 5313 5208 5041 5426 4789 5008 5338 4518 5500 5144 4921 5562 5202 5085 5533 5020 4940 5269 4768 5192 5057 5374 5308 5220 5327 5595 5635 4607 5177 5256 5417 5281 5307 4937 5200 4912 5158 5304 5317 5507 5131 5045 5391 5634 5280 5229 5077 5133 5017 4858 5065 4898 5215 5100 5537 5512 5483 5562 5115 5286 4937 5387 5173 5303 5471 5058 5232 5922 4737 5304 5162 5407 5109 5601 5324 4940 5269 5605 5472 5170 5362 5477 5145 4915 4953 5385 5497 5400 5046 5431 5032 5196 4922 5511 5244 5127 4790 4948 5038 5464 5201 5551 5584 5108 5276 5473 5563 
4757 4837 4568 4546 4718 4867 4933 4954 4611 4748 4430 4872 5320 4906 4990 4982 4988 4722 5118 4590 4349 4681 4736 4653 4666 4840 5029 5196 4790 5131 4861 4685 4662 4786 4681 4639 4902 4953 5062 4791 4600 5033 5122 4854 4832 4872 5056 5119 4860 4621 4965 5029 4690 4788 4835 4782 4722 4872 5441 5048 4646 4947 4881 5414 4898 4704 5108 4631 4601 4936 5374 5105 5254 4834 5048 5181 5197 4886 5138 5023 4738 5167 4638 4705 5012 4869 4762 5015 4816 5158 4979 4971 5052 4617 4764 5265 5028 4793 4896 4435 5071 4617 4530 5107 4697 4717 4877 5465 4996 4986 5022 5051 4727 4794 5047 4637 4552 4616 4723 4699 5327 4829 4984 5184 4693 4621 4793 4992 4683 4800 4735 4442 4784 4563 5226 4819 4887 4721 5064 5105 4612 5095 4600 4608 5149 4710 4710 4996 5016 4721 4781 4928 4864 4392 4359 5067 4586 5075 4851 4716 5042 4598 4617 4984 4799 4887 5147 4655 4874 4595 4949 4856 4983 5064 5227 5169 4602 4836 5051 5162 4740 5080 4788 4850 4690 5146 4627 5215 5156 4593 4692 4927 5193 4752 4726 5022 4807 4862 4818 4543 4506 4948 4901 5033 4857 4931 5145 5074 4690 4744 5003 5021 5245 5122 4503 5105 5514 4608 4832 4959 4697 4959 5360 4884 4633 5126 4745 4960 4791 4912 5143 4690 4776 4834 4844 5246 5023 4802 4905 4931 4755 4703 4970 4878 5022 4634 4633 4562 4884 4888 5317 4919 4715 5110 5024 4932 
5257 4758 4983 4797 5003 5245 5212 4959 5279 5088 4877 5120 5401 4759 5085 5200 4991 4789 4890 4769 4559 4589 5257 4924 4982 4919 5284 5269 5216 5218 4941 4925 4966 5098 4835 5029 5255 5107 5287 4927 4906 5236 5318 4990 5092 5042 5112 5082 5153 4784 5119 4920 4766 4557 5044 4825 4776 5117 5636 5140 4993 5085 5369 5384 5241 4994 5270 4753 5141 4903 5155 5032 5696 5273 4903 4960 5411 4946 5154 5014 5050 5069 4775 4892 5098 4890 4957 5301 5345 5215 5426 5040 5130 4986 4972 5219 4904 5376 5068 4692 5263 5035 4714 5023 4840 4605 4782 5586 5133 4723 5089 5089 4676 4985 4983 5109 4433 5139 4974 4966 5450 5116 4997 5634 5172 4665 5062 5090 4849 4947 5036 4550 4995 4738 5190 5136 5077 4657 5236 5301 4790 4824 5108 4836 5403 5032 4923 5152 5508 5375 5279 4894 5104 4846 5064 5246 4569 5174 4924 5058 5209 5220 4694 5349 5079 5407 5303 4685 4979 4685 5191 5046 5069 5179 5170 5357 4680 4905 4805 5241 4864 4963 4797 4819 4975 4934 4816 5215 5252 4824 4623 5042 5446 5279 5176 5127 5197 4799 4842 5103 4762 5010 4786 5673 5247 5130 5232 5167 5347 4867 5255 5029 5154 5267 4822 5204 5654 4942 5468 4839 5237 5302 5484 5043 4979 5193 5323 5339 4903 5217 5322 4775 4984 4966 5290 5362 5474 4996 5371 4928 5430 5030 5135 4868 5284 4659 4695 4893 5370 5144 5190 5430 4856 5237 5383 5015 
5170 4810 5038 5010 4795 5153 5180 4988 5072 5323 4823 5059 5667 5125 5270 5073 5140 4765 5198 4862 4670 4889 5238 4977 5143 4864 5264 5233 4952 5022 4987 5069 5200 5312 4789 5055 5404 5157 5142 5165 5187 4930 5304 5038 5193 5416 5409 5105 5354 4887 5217 5173 4626 4833 5066 5158 5083 5212 5866 5472 4866 5344 5072 5605 5357 4995 5205 5001 4862 4957 5378 5161 5210 5317 5345 5101 5182 5119 5239 5275 4875 5070 5005 5147 5266 4707 4847 5289 5068 5258 5002 4837 5209 4917 4904 5203 4864 4903 5079 4640 5591 4890 4792 5145 4685 4877 4649 5479 5103 5020 5210 5175 4866 4861 5271 5257 4447 5056 5259 4981 5716 5159 5095 5422 5028 4701 4806 5040 5057 4861 4987 4826 5088 4870 5153 4876 5301 4861 5306 5256 5137 5176 4937 4888 5388 5172 4821 4987 5221 5066 5135 5019 5111 4850 5011 5498 4428 5288 5249 4860 5062 4907 5172 5025 4877 5108 5085 4741 4844 4752 5312 5211 4691 5144 5670 5123 4097 4999 5025 5204 5009 5216 5391 5145 4935 5114 5020 5376 5391 4920 5189 5400 5407 4833 4929 5056 5185 4929 4956 4966 4950 5121 5218 5411 5022 5043 5485 5163 5010 4779 5512 5164 4944 5259 4758 5130 5729 4869 5668 4805 4906 5045 5446 5270 4902 5445 5282 5113 5044 5367 5382 4911 4663 4801 5147 5176 5056 5033 5168 5302 5093 5073 5283 4872 5171 4645 5118 4950 5190 5194 5121 5257 5136 5220 4962 5190 
5212 4951 5127 5193 4858 5189 5441 5090 4979 5466 4816 5257 5397 4917 5210 5163 5220 4866 5248 5106 4900 4724 5379 5090 5056 4810 5403 5266 5214 5540 5280 5002 4838 5538 5073 4648 5105 5361 5239 5221 5401 5248 5499 5288 5113 5347 5337 5289 5330 4835 5285 5183 4970 4892 5399 5092 4815 5329 5894 5230 4911 5112 5240 5506 5288 5206 5423 4911 4942 5175 5392 5050 5543 5019 5276 5346 5350 5268 5253 5127 5136 5164 5183 5151 5456 4841 4925 5340 5250 5349 5466 5059 5350 5143 5091 5077 5064 5407 5261 4716 5391 5367 4859 4897 5048 4801 5154 5565 5259 4918 5046 5282 4633 5121 5710 5304 4638 5177 4996 5137 5507 5275 5195 5496 5182 4919 4836 5224 4956 5097 4988 4940 5017 4997 5568 5051 5237 4938 5187 5205 5047 5099 5084 5206 5449 5168 5098 5227 5398 5083 5460 5299 5065 4967 4860 4999 4834 5420 5161 4960 5342 5303 5058 5505 4843 5166 5421 5146 5110 5086 5191 5076 5231 5213 5519 5702 4713 4986 5386 5628 5125 5103 5054 5010 4998 5195 5016 5411 5666 5022 5140 5193 5453 5047 5099 5185 5084 5029 5048 4836 4951 5393 5162 5513 5405 5198 5148 5479 5245 4802 5591 5172 5278 5404 5010 5470 5753 4644 5531 5190 5209 4937 5657 5108 5046 5175 5237 5532 5294 5520 5363 5009 4813 5127 5339 5399 5250 5197 5428 5040 5184 4837 5454 5172 5423 4919 5095 5251 5366 5213 5264 5252 5284 5009 5278 5221 
5321 4717 4908 4990 4944 5340 5218 5286 4959 5021 4830 4975 5439 4716 5013 5297 5017 5019 5043 4705 4543 4902 5089 5053 4871 4838 5313 5108 5213 5303 5080 4668 4773 5122 4674 4683 5243 5286 5149 5015 5197 5199 5443 4838 5059 5327 5321 5126 5319 4753 4972 5149 4910 4609 5118 5000 4805 5529 5517 5089 4948 5156 5230 5480 4987 4820 5255 4808 4754 5047 5320 4987 5672 5307 5206 5431 5474 5215 4978 5046 5043 5062 4855 4950 5233 4975 4610 5205 4981 5103 5284 5367 4927 5018 4987 5338 5047 5122 5006 4566 5573 5191 4798 4897 4942 4653 4869 5380 5158 5054 4948 5247 4730 5194 5192 5159 4894 5242 4953 4855 5355 5065 4835 5394 4891 4984 4981 5053 5026 4824 4942 4590 5069 4684 5429 5024 5096 4832 5303 5299 4865 5132 5005 4854 5462 5378 4885 4984 5493 5031 5037 5109 5131 4803 4759 5317 4511 5310 4777 5048 4976 5216 4641 5363 5044 5165 5320 4814 5101 4786 5567 5307 5027 5329 5299 5275 4701 5076 4879 5336 5039 5126 5181 4994 4939 5313 5102 5091 5409 4803 4755 5265 5145 5038 4988 5195 5033 4743 5193 4869 4861 5224 4722 5548 5576 5241 5349 4996 5195 5075 5297 4930 5334 5294 4767 5174 5595 4726 5309 5084 5258 5170 5742 5032 5084 5216 5402 5343 5230 5416 5464 4706 4648 5173 5040 5238 5483 4933 5272 4926 5235 4690 5030 4855 5132 4967 4845 4705 5278 4998 4952 5178 4899 5177 5280 5088 
5425 4990 5151 5183 5098 5620 5223 5311 4953 5515 4984 5280 5738 4991 5259 5409 5312 4591 5554 4803 4490 4901 5494 5236 5218 4899 5292 5196 5508 5416 5399 5118 5234 5498 5037 5157 5250 5277 5318 5287 5340 5502 5651 5289 5248 5343 5581 5082 5322 4995 5294 5067 4870 5085 5281 5075 5241 5508 5754 5374 4864 5450 5379 5696 5090 5386 5471 5049 4926 5352 5532 5259 5653 5224 5304 5520 5467 5294 5560 5343 5201 5227 4990 4951 5417 5048 4811 5543 5618 5572 5338 5286 5468 5034 4990 5383 5389 5260 5309 4981 5475 5204 5128 5368 5048 4830 4913 5891 5305 5114 5275 5280 4936 5213 5549 5288 4711 5053 5090 5341 5870 5230 5216 5692 5155 5026 5272 5187 4898 5108 5296 4802 5077 5172 5444 5271 5359 4996 5452 5382 5204 5190 5242 5110 5371 5353 5284 5054 5651 5094 5485 5338 5362 4972 5014 5248 4840 5327 5311 5215 5333 5410 5157 5244 5221 5318 5597 5078 5210 5062 5424 5230 5301 5232 5378 5440 4669 5183 5302 5385 5115 5152 5305 4999 5014 5285 4846 5079 5653 4903 5116 5247 5677 5248 5220 5380 5377 5051 5071 5133 5239 5358 5071 5597 5219 5110 5538 5282 5463 4579 5488 5233 5393 5429 5059 5549 5773 5010 5695 5222 4979 5353 5948 5131 5201 5517 5478 5328 5480 5572 5449 5230 5080 4917 5438 5335 5455 5137 5425 5371 5420 5403 5287 4990 5603 4854 5037 5263 5133 5511 5476 5278 5129 5401 5419 5206 
5799 5344 5451 5208 5226 5786 5618 5452 5483 5998 5241 5691 6006 5316 5556 5603 5499 5384 5633 5344 5084 5380 5873 5636 5500 5385 5886 5707 5745 6110 5528 5266 5450 5613 5425 5416 5643 5764 5727 5597 5721 5624 5831 5648 5605 5572 5803 5735 5772 5177 5672 5515 5215 5505 5683 5438 5461 5763 6098 5602 5328 5802 5794 6068 5844 5503 5883 5233 5337 5715 5809 5430 6130 5406 5568 5879 5830 5905 5752 5876 5327 5958 5527 5258 5613 5400 5123 5631 5783 5914 5701 5703 5836 5399 5307 5769 5531 5653 5780 5017 6000 5695 5435 5592 5453 5378 5313 5882 5615 5475 5475 5876 5211 5431 5876 5721 5215 5505 5490 5415 6193 5742 5519 5961 5455 5464 5676 5574 5172 5604 5694 5103 5391 5200 5994 5553 5782 5239 5709 5708 5311 5716 5408 5518 5939 5624 5558 5580 5952 5765 5641 5780 5606 5274 5306 5608 5134 5776 5592 5709 5642 5529 5354 5779 5581 5522 6000 5319 5589 5090 5900 5602 5558 5622 5976 5850 4921 5445 5352 5793 5646 5563 5534 5406 5346 5603 5307 5641 5805 5309 5289 5703 6193 5616 5405 5813 5639 5276 5652 5339 5476 5596 5515 5978 5483 5669 5801 5758 5780 5066 5661 5505 6018 5727 5523 5614 6236 5349 6079 5958 5692 5865 6194 5684 5597 6145 5648 5642 5577 5718 5677 5377 5392 5410 5919 5921 5901 5683 5685 5669 5621 5621 5780 5506 5919 5088 5501 5482 5647 5698 5762 5857 5461 5744 5829 5683 
4922 4563 4958 4635 4588 5278 5032 4720 5074 5333 4807 5200 5338 4564 4873 4965 4937 4623 4894 4784 4508 4720 5106 4919 4551 4777 4993 5126 4795 5037 4892 4827 4620 4866 4602 4809 4905 5322 4997 5229 4859 4995 5202 4953 4878 4859 5042 4966 5129 4676 5041 4952 4786 4587 4912 4914 4698 5048 5319 4961 4693 4994 4869 5261 4900 4780 5197 4829 4661 4932 5101 4916 5535 4804 4954 5121 4941 5077 5075 4976 5119 5078 4812 4777 5330 4673 4868 5076 5254 5237 5061 4655 5133 4625 4874 5246 5052 5160 4973 4472 5356 4858 4793 4957 4786 4535 4852 5265 4727 4628 4951 5060 4905 4924 5140 5035 4161 4745 4972 4772 5432 4873 4937 5189 4875 4741 4962 5028 4790 4773 4741 4549 4731 4745 5237 4887 5022 4786 4879 4989 4559 4920 4798 4777 5530 4911 4754 4856 5206 4965 4921 4894 4804 4727 4819 5126 4328 5037 4911 4765 5166 4848 4900 5115 4895 5249 5107 4747 4960 4952 5107 4971 4829 5002 5182 5085 4229 4740 5002 5050 4852 5089 5001 4829 4869 4915 4882 4945 5212 5007 4764 4940 5028 4838 4851 4922 5138 4745 4592 4805 4961 4889 4975 5234 5087 4930 5213 5103 5037 4597 5381 4915 5072 5153 4798 4941 5465 4775 5128 4910 5004 5204 5248 4858 4714 4945 5165 5060 5081 5240 5224 4892 4568 4774 5178 5197 5309 4708 5148 4745 4809 4842 5186 4776 5130 4911 4896 4786 5182 4907 4968 5268 5020 5069 5125 4852 
5340 4902 5134 4839 4926 5417 5440 5079 5097 5268 4982 5236 5685 4669 5368 4999 5120 4974 5384 4965 4822 4838 5341 5162 4917 4907 5356 5257 5253 5401 5141 4958 4918 5268 5101 4647 5200 5259 5322 5198 5303 5278 5613 4906 5164 5420 5373 5379 5518 4957 5152 5140 4710 4869 5230 4969 5057 5161 5774 5259 5348 5244 5305 5508 5207 5029 5291 5142 5003 5394 5507 5190 5688 5308 5151 5071 5396 5229 5266 5201 5134 5375 5072 5227 5333 4880 5107 5267 5129 5682 5291 5083 5218 5080 4992 5478 4968 5330 4943 4500 5589 5143 4862 5139 4870 4833 4884 5549 5318 5078 5409 5026 5073 4989 5388 5332 4626 5243 5213 5212 5973 5087 5107 5393 5322 4963 5139 5232 5073 4939 4858 4705 5096 4927 5656 5119 5272 4638 5306 5410 4983 4874 5160 4934 5630 5383 5278 5359 5530 5122 5207 4976 5205 5018 4852 5292 4813 5290 5227 4938 5310 5002 5075 5151 4929 5097 5497 4898 5276 4625 5162 5133 4977 5515 5690 5340 4489 5149 4955 5397 4936 5380 5149 5246 5011 5200 5157 5358 5273 4917 5085 5279 5659 5083 5257 5123 5174 5168 4894 5151 5000 5192 5202 5369 5247 5222 5576 5328 5232 4691 5763 5204 5370 5408 4763 5416 5739 4738 5572 5019 5146 5358 5508 5437 5112 5137 5396 5107 5258 5264 5608 5105 4857 5062 5248 5342 5469 5148 5413 5222 5058 4892 5370 5033 5362 4659 5154 5158 5506 5261 5298 5383 4913 5210 5325 5341 
5714 5136 5152 5002 5026 5601 5537 5550 5471 5659 5391 5561 5823 5373 5434 5451 5665 5034 5948 5158 5106 5136 5613 5475 5210 5332 5749 5778 5610 5795 5494 5426 5359 5577 5269 5316 5665 5666 5560 5442 5319 5594 5852 5462 5528 5504 5694 5755 5719 5050 5599 5425 5250 5014 5491 5386 5257 5498 6064 5683 5229 5673 5358 5956 5542 5430 5538 5446 5240 5381 5851 5625 6104 5682 5514 5510 5569 5433 5704 5517 5669 5628 5251 5357 5465 5435 5251 5580 5679 5518 5256 5525 5490 5316 5545 5850 5555 5687 5613 5158 5704 5386 5119 5317 5448 5183 5220 5709 5323 5333 5473 5554 5243 5291 5611 5800 5069 5273 5512 5262 6107 5626 5393 5676 5549 5165 5447 5396 5251 5045 5245 5003 5409 5253 5944 5271 5469 5370 5684 5786 5295 5454 5224 5666 5963 5286 5599 5370 5769 5284 5374 5742 5335 5188 5104 5720 4891 5867 5604 5583 5727 5258 5388 5296 5362 5662 5743 5198 5478 5293 5747 5659 5349 5385 5602 5751 5068 5377 5611 5672 5370 5733 5388 5429 5335 5855 5209 5783 5607 5418 5367 5557 5700 5356 5340 5530 5564 5481 5346 5284 5383 5352 5407 5758 5910 5548 5611 5694 5642 5250 5826 5613 6029 5838 5264 5562 6062 5332 5565 5549 5619 5673 5785 5537 5489 5688 5600 5612 5598 5640 5829 5641 5228 5575 5576 5598 5624 5300 5839 5540 5557 5216 5741 5340 5702 5111 5025 5199 5648 5577 5425 5671 5324 5622 5531 5517 
4957 4539 4622 4869 4457 5009 5031 4902 5078 5194 4717 4990 5189 4806 4792 5100 4957 4470 5272 4692 4527 4538 4954 4856 4527 4792 5035 5086 5306 5043 4806 4612 4795 4995 4497 4656 4827 4993 4861 4918 5078 4958 5174 4919 4525 4991 4974 4886 4968 4849 4924 4913 4621 4776 5112 5174 4919 4884 5566 4836 4628 4968 5113 5272 5062 5137 5004 4771 4699 4913 5184 4782 5356 5078 5150 5220 4989 4812 5264 5066 4859 4810 4837 4606 5040 4772 4654 5002 5076 5238 5038 4849 4930 4674 4961 4963 4835 4997 4991 4550 5387 4774 4706 4588 4985 4389 4722 5215 5096 4688 4944 5194 4726 4877 5073 4954 4414 4959 4710 4716 5305 5156 4735 5097 4919 4552 4927 4964 4546 4775 4738 4646 5148 4678 5129 4864 4883 4814 5092 4987 4676 4962 4778 4849 5077 4953 4948 5030 5288 4983 4819 5009 5182 4775 4647 5099 4346 5357 4765 5138 5111 4986 4620 5394 4768 4903 5305 4558 5094 4624 4966 4887 4953 4869 5240 5167 4490 4765 4897 4922 4739 5073 5042 4865 4879 4962 4821 5313 5401 4580 4685 5093 5065 5023 4924 4941 4993 4827 4670 4647 4766 4629 4675 5321 4994 4698 5309 5108 5196 4946 4814 4816 5208 5032 4506 5098 5283 4512 5192 5167 5055 4896 5382 4852 4654 5121 4898 5231 4767 4997 5096 4644 4725 4773 4854 5316 5110 4903 4951 4932 5016 4890 5061 4878 4827 4472 4844 4795 5289 4996 5046 5141 4829 5109 5122 4763 
5117 4614 4995 5109 4661 5055 5249 5331 5175 5341 4930 5269 5433 4843 5164 5076 5017 4908 5252 4883 4869 4742 5334 4716 4979 4912 5380 5265 5082 5262 4962 4882 4953 5201 4735 5034 5336 5043 5270 4982 5217 5053 5438 4820 5113 5238 5345 5299 5401 4663 5203 5138 4754 4557 5100 4894 4911 5202 5727 5184 4761 5243 5143 5625 5155 5066 5006 4899 4793 4652 5300 4994 5656 5147 5183 4860 5569 5048 5110 5171 5065 5065 4781 4896 5126 4809 4793 5193 5085 5055 5249 4843 5079 4898 4987 5292 5428 5401 5055 4539 5504 5069 4682 5003 4916 4538 4923 5342 5205 5079 5007 5112 4705 5003 5362 5204 4572 5277 4875 5002 5473 5235 4791 5478 4990 4836 4854 5179 4833 4657 5071 4801 4981 4760 5313 4956 5269 4948 5143 5235 4834 5081 5134 5202 5434 5377 4930 5146 5102 5035 4913 5209 5072 4783 5082 5265 4672 5381 5209 4944 5178 5065 5006 5131 4831 5181 5230 4911 4973 4757 5209 5124 5032 5264 5133 5383 4423 4690 5027 5402 4951 5177 4862 5006 4919 5356 4886 5387 5411 4943 5049 5285 5348 4975 4978 5091 5068 5059 4953 4902 4677 4987 4896 5552 5035 5033 5094 5458 5429 4843 5517 5116 5265 5149 4804 4998 5708 4529 5293 4865 5088 5138 5731 5039 5061 5239 5320 5237 5107 4910 5218 4922 4862 5014 4993 5245 5440 5007 5287 4988 4980 4758 5300 5063 5169 4650 4571 4820 5086 5257 4993 5294 4805 5244 5121 5248 
5343 5044 4814 4664 4717 5104 5023 4953 4958 5429 4737 5067 5278 5027 5048 4915 5200 4732 5219 5083 4710 4989 5144 5188 4974 5019 5137 5103 5118 5044 5169 5009 4854 5063 4774 5025 5116 5195 5241 4977 5151 5226 5155 5178 4933 5124 5356 5059 5302 4532 5132 5189 4795 4762 5037 5082 4926 5293 5700 5292 4790 5116 5180 5483 5076 4887 5200 4883 4774 5130 5665 5040 5507 5004 5001 5486 5249 5198 5372 5185 5015 5232 5123 4805 5049 5043 4900 5129 5311 5363 5241 4898 5140 4657 4709 5064 4951 5127 4979 4732 5474 4919 4709 5112 4840 4759 4508 5457 5250 4878 5141 5105 4654 5047 5325 5171 4573 5009 5025 4919 5658 5186 5058 5309 5148 4965 4860 5036 4612 5020 4942 4761 4892 4808 5356 4957 5100 5045 5373 5420 4713 5251 4825 5213 5271 5193 4940 5337 5164 4908 4961 5265 5241 4982 4976 5005 4662 4983 5120 4810 5327 5259 5104 5095 5044 5033 5315 4657 4866 4778 5220 5016 5001 5307 5319 5310 4516 5001 4878 5332 5229 5101 5007 4926 4943 5243 4833 5137 5379 4700 4762 5324 5563 5140 4816 5088 5060 4839 5091 5040 4919 4823 4876 5350 5202 5198 5427 4960 5309 4605 5329 5033 5424 5181 5186 5083 5568 4723 5267 4993 5035 4943 5455 4938 4795 5422 5363 5432 5230 5201 5580 5235 4801 4853 4889 5091 5251 4933 5120 5191 4949 5011 5175 5078 5280 4469 4811 4910 4981 4972 5250 5448 5078 5142 4933 5237 
5246 5101 5337 5126 4704 5275 5237 4928 5323 5188 4898 5199 5680 5120 5199 5370 5350 4808 5288 5012 4955 4923 5250 5013 5017 5044 5390 5265 5131 5450 5394 4865 5069 5209 4957 4902 5219 5212 5182 5229 5083 5569 5332 5014 5259 5498 5365 5326 5703 4734 5436 5105 4904 4969 5188 5318 5250 5332 5743 5496 5015 5388 5212 5767 5282 5162 5176 5105 4819 5253 5524 5344 5752 5192 5148 5245 5348 5229 5506 5394 5129 5180 5264 5164 5361 4902 4638 5374 5375 5473 5425 5267 5257 4888 5074 5286 5006 5173 5139 4593 5517 5086 4993 5143 4995 4739 4885 5242 5314 5025 5195 5156 4853 5149 5464 5239 4759 5153 5328 5159 5768 5253 4946 5349 5333 4915 5009 5097 4980 5060 4921 4669 5233 4944 5582 5215 5197 4763 5292 5515 4866 5014 5090 5039 5450 5401 5032 5267 5373 5089 5186 5351 5072 4969 5139 5262 4756 5320 5200 5097 5246 5019 5037 5211 5238 5300 5307 4735 4966 4742 5285 5138 5052 5175 5529 5515 4836 5056 5104 5547 5208 5452 5221 4977 5172 5384 4901 5472 5371 4724 5123 5250 5441 5235 4945 5180 5057 5163 4938 5107 4816 5132 4974 5396 5413 5208 5539 5125 5310 4716 5563 4893 5004 5219 4852 5426 5724 4962 5439 5053 5354 5183 5721 5157 4989 5276 5105 5158 5139 5333 5686 5107 4925 5041 5221 5160 5365 5091 5629 5267 5178 4961 5328 4951 5279 4660 4901 5111 5136 5300 5395 5198 5035 5032 5227 5382 
5086 4965 4842 5206 4761 5203 5165 5053 5180 5386 4912 5107 5706 5029 5245 5328 5444 4852 5197 5026 4697 4841 5124 5099 5008 4805 5260 5177 5152 5395 5035 4800 5080 5085 5127 4983 5023 5136 5171 5151 5285 4909 5477 5133 5191 5226 5467 4999 5465 4720 5335 5118 4836 4824 5092 4960 4920 5340 5501 5000 4780 5256 5287 5474 5224 5043 5310 4721 4710 5086 5464 5183 5717 5055 5119 5460 5307 5109 5225 5392 5043 5035 5082 4936 5488 4861 4755 5157 5263 5297 5443 5169 4961 4833 4984 5083 5165 4895 4933 4473 5411 4997 4995 5005 4867 4913 4746 5629 5238 5023 5032 4881 4824 5205 5108 5102 4541 5289 5094 5082 5650 5307 4989 5872 4934 4788 5015 5270 4957 4935 5152 4678 5015 5103 5316 5003 5221 4717 5421 5266 4795 5088 5103 5096 5529 5308 4798 5137 5515 5204 4925 5270 5124 4741 4948 5215 4676 5196 5102 4840 5221 5187 4944 5141 5194 5015 5378 4691 4977 4850 5245 5202 4994 5583 5396 5393 4251 4915 4977 5343 4929 5471 4998 5221 5011 5054 5170 5206 5340 5190 4720 5139 5395 5131 5089 5008 4930 5020 5045 5317 4741 5098 4886 5341 5463 5128 5336 4958 5235 4741 5285 5168 5222 5408 4852 5064 5740 4609 5443 5037 5240 5082 5849 5276 5079 5243 5102 5237 5189 5280 5269 5001 4825 4745 5266 5115 5370 4916 5273 5088 5342 4991 5038 5119 5302 4258 4733 5066 5290 4949 5233 5410 5006 5156 5206 5280 
5523 4915 4965 4963 4922 5360 5251 5091 5046 5148 4959 5205 5647 4838 5052 5220 5206 5100 4996 5119 4683 4852 5358 4867 5198 4706 5571 5494 5050 5222 5004 5024 4801 5077 4796 5008 5312 5424 5033 5418 5185 5212 5402 4718 5144 5077 5276 5248 5416 5055 5196 5406 4846 4883 5231 5046 5083 5447 5971 5218 4965 5266 5172 5392 5128 5160 5265 5138 4883 5167 5392 4902 5833 5185 5288 5130 5353 5434 5277 5230 5072 5335 5146 4984 5426 4840 5024 5142 5214 5415 5262 4980 5042 4839 4968 5549 4967 5146 5117 4903 5293 5137 5087 5015 5016 5000 5046 5409 5250 5068 4984 5020 5024 4958 5139 5200 4632 5237 5226 4932 5498 5178 4993 5558 4941 5069 5339 5268 5279 4944 4927 4564 5055 4787 5594 5106 5565 5029 5189 5278 4815 5239 5164 5126 5584 5412 4963 4875 5191 5267 5243 5214 5187 4949 4993 5209 4787 5186 5162 4956 5324 5269 4784 5592 4875 5502 5477 4722 5332 4936 5255 5348 5110 5355 5478 5200 4742 5035 5294 5120 5228 5224 5140 5199 4575 5258 5106 5119 5380 4994 4968 5335 5344 4981 5005 5332 5145 5007 4745 4906 5062 5018 5422 5277 5240 5185 5380 5356 5328 5126 5460 4874 5103 5308 5046 5248 5852 4740 5690 4978 5242 5140 5782 5264 5099 5317 5272 5256 5244 5345 5451 4992 4679 4970 5276 5334 5422 5204 5424 5019 5143 4840 5358 5223 5401 4762 5262 5040 5392 5368 5269 5261 4961 5229 5412 5061 
5545 5159 5037 5299 5057 5604 5280 5172 5312 5197 5169 5153 5696 4939 5220 5465 5495 4839 5548 5303 4862 5077 5431 5256 5084 5178 5639 5425 5380 5058 5409 5105 5155 5287 4959 5295 5240 5391 5381 5288 5489 5299 5564 5488 5327 5206 5655 5230 5399 4968 5321 5102 4854 5023 5354 5162 4991 5369 5858 5343 5159 5445 5373 5645 5334 5286 5502 5083 5169 5224 5571 5082 5820 5252 5277 5320 5441 5566 5513 5282 5185 5247 5200 5065 5464 5331 4839 5503 5465 5586 5498 5153 5336 5025 4767 5582 5360 5349 5339 4977 5638 5205 5168 5166 5221 4846 5014 5690 5580 5249 5631 5434 4933 5384 5429 5775 4764 5414 5238 4956 5842 5163 5097 5725 5283 4994 5273 4971 4872 5044 5490 4863 5040 5114 5401 5116 5415 5185 5720 5568 5017 5122 5293 5223 5779 5546 5336 5311 5543 5471 5363 5324 5270 5157 5165 5108 4642 5430 5090 5235 5257 5271 5057 5439 5176 5424 5526 4961 5508 4863 5627 5417 5427 5445 5543 5289 4686 5120 5234 5495 5439 5457 5275 5375 5032 5570 5031 5412 5539 5065 4930 5371 5665 5374 5201 5447 5226 5026 5277 5041 4933 5330 5106 5560 5273 5274 5472 5062 5600 5155 5564 5403 5533 5715 5041 5368 5882 5119 5610 5300 5434 5145 5697 5247 5135 5537 5688 5417 5227 5652 5553 5209 5299 5207 5274 5336 5856 5321 5563 5393 5338 5081 5426 5423 5482 4601 5115 5308 5445 5225 5287 5551 5099 5386 5444 5415 
5421 5298 4958 5186 5033 5454 5654 5086 5547 5231 5000 5132 5675 5202 5134 5688 5286 5218 5535 5221 4923 5277 5417 5043 5230 5198 5473 5497 5160 5486 5289 5145 5050 5299 5256 5084 5435 5417 5431 5528 5267 5768 5501 5241 5321 5369 5564 5388 5605 5081 5542 5431 4929 5216 5373 5465 5166 5470 5959 5342 4914 5479 5383 5796 5545 4909 5619 5138 5274 5291 5693 5132 5969 5169 5344 5510 5519 5565 5694 5287 5286 5545 5237 5117 5489 5110 5135 5716 5181 5417 5482 5310 5370 4984 5066 5478 5312 5375 5380 4739 5734 5224 5141 5162 5068 5070 5239 5818 5289 5262 5423 5523 5090 5192 5854 5266 5008 5369 5253 5218 6026 5315 5152 5789 5270 5180 5100 5144 5356 5354 5045 4923 5230 5174 5625 5302 5532 5011 5743 5419 5037 5354 5133 5116 5641 5574 5077 5266 5668 5340 5475 5451 5106 5043 4864 5406 4887 5516 5077 5394 5301 5469 5155 5663 5308 5508 5479 5258 5437 5183 5633 5309 5387 5481 5777 5600 5040 5326 5339 5493 5363 5526 5189 5166 5101 5644 5223 5806 5706 5053 5106 5409 5480 5081 5352 5490 5212 5341 5322 5123 5193 5336 5422 5408 5600 5216 5560 5496 5418 5058 5564 5125 5520 5430 5231 5631 6043 5323 5706 5400 5251 5272 5653 5142 5283 5612 5535 5647 5263 5747 5483 5074 5179 5095 5345 5660 5418 5267 5605 5448 5171 5021 5695 5317 5578 4855 5365 5235 5273 5212 5397 5243 5232 5461 5432 5279 
5295 4945 4901 5047 4937 5337 5501 5158 5227 5476 5065 5484 5682 5117 5321 5523 5414 5125 5456 5226 4933 4910 5360 5243 5218 5164 5391 5409 5553 5590 5402 5308 5241 5451 5167 4919 5143 5421 5286 5261 5049 5485 5706 5204 5147 5189 5225 5195 5338 4970 5353 5204 5018 4987 5079 5244 5069 5296 5794 5277 5114 5175 5600 5524 5408 5339 5515 5059 4939 5499 5645 5369 5863 5118 5435 5431 5278 5348 5398 5380 5410 5162 5121 4892 5267 5040 4891 5398 5389 5410 5459 5237 5471 4930 5168 5387 5162 5236 5224 4830 5658 5432 4722 4956 5062 5036 5118 5388 5439 5259 5548 5212 4941 5182 5427 5079 4850 5221 5159 5144 5969 5402 5195 5511 5442 4912 5375 5401 5341 5166 5037 4807 5079 4963 5515 5002 5423 5005 5519 5398 5254 5500 4953 5029 5690 5404 5278 5302 5478 5300 5417 5395 5339 4749 4686 5230 4932 5642 5190 5242 5605 5290 5143 5697 5041 5536 5696 4946 5119 4894 5380 5289 5277 5414 5610 5541 4868 5036 5299 5454 5181 5275 5040 5307 4946 5608 4942 5436 5477 5066 4952 5373 5545 5076 4982 5364 5368 5172 4961 5260 4791 5225 5335 5571 5564 5274 5406 5500 5289 5120 5637 5127 5461 5465 4912 5456 5913 5128 5431 5245 5435 5435 5660 5163 5222 5484 5379 5345 5338 5610 5538 5291 4992 5156 5472 5277 5351 5103 5425 5299 5619 5028 5203 5156 5715 4877 4926 5203 5405 5447 5202 5389 5417 5186 5614 5368 
5217 4727 4898 4993 4837 5321 5113 5093 5056 5191 4839 5252 5695 4961 4894 5324 5101 4732 5136 4892 4720 4815 5099 4926 4958 4807 5208 5078 5086 5355 5018 5048 5036 5403 5099 4857 4945 5219 5171 5225 5104 5216 5275 4727 5089 5112 5244 5128 5205 4824 5266 5017 4864 4879 5078 4950 4888 5236 5822 5193 4777 4963 5086 5499 5139 4865 5599 4953 4631 5299 5405 4927 5458 5095 5272 4975 5561 5064 5477 5016 5133 5139 5044 4813 5355 4824 4631 5441 5246 5289 5195 5110 5256 4910 4973 5252 5174 5210 5227 4658 5360 5099 4903 5077 5050 4692 4844 5571 5241 5101 4797 4867 4848 4766 5195 4949 4670 5159 5135 5103 5887 5297 5087 5590 4944 4963 4896 5249 4954 4878 4885 4835 4726 5065 5403 5042 5352 4854 5054 5377 4937 4971 4744 4979 5224 5205 4989 4990 5561 5170 5176 5021 5121 4971 4523 5154 4731 5225 5150 4800 5160 5299 5058 5251 5148 5337 5685 4802 5145 5081 5320 5228 5180 5140 5411 5349 4957 4942 5143 5290 5146 5237 5140 5047 5014 5567 4803 5097 5488 4663 4821 5384 5410 4940 5102 5304 5040 4760 4783 5229 4778 5042 4995 5429 5394 5223 5212 5426 5012 4908 5226 5041 5383 5339 5121 5211 5388 4793 5543 5063 5196 5334 5727 5254 5185 5249 5303 4954 5317 5344 5123 4859 5001 5022 4998 5427 5242 5166 5221 5201 5343 4877 5293 4882 5627 4660 4949 4896 5164 5452 5216 5342 4979 5155 5307 5137 
5046 4572 4467 4806 4701 5044 4656 4903 4870 5119 4463 4884 5107 4746 4888 4883 4690 4398 5176 4752 4442 4720 4765 4870 4738 4523 5025 4700 4859 5032 4700 4716 4598 4870 4622 4679 4913 4927 5006 4765 4654 4793 5253 4534 4865 5030 5190 4874 5007 4636 4825 4854 4455 4609 4794 4816 4895 4928 5143 4611 4776 4922 4874 5289 4636 4706 4926 4486 4459 4600 5027 4771 5130 4860 4676 5164 4998 5134 5011 5086 4744 4823 4579 4653 4885 4618 4634 4939 5050 4771 4879 4723 4919 4675 4758 4931 4985 4954 4689 4349 4967 4872 4389 4737 4608 4611 4721 5138 4977 4562 4884 5131 4616 5064 4903 4894 4355 4722 4795 4789 5302 4881 4758 5208 4710 4503 4583 4834 4532 4930 4629 4265 4981 4346 4966 4646 4693 4724 5096 4874 4438 4768 4711 4631 5004 4753 4400 4815 4955 4728 4757 4809 4638 4368 4798 4782 4410 4814 4812 4637 5027 4948 4542 4930 4923 4925 4809 4405 4788 4698 5058 4639 4871 5066 5203 5088 4279 4839 4616 5144 4736 5220 4838 4657 4527 5054 4741 4755 4808 4396 4922 4843 4923 4910 4551 4666 4640 4580 4660 4616 4733 4725 4619 5210 4990 4835 5243 4768 4965 4468 5037 4854 4768 4740 4462 4801 5380 4436 5140 4778 5041 4834 5280 5062 4538 5193 4994 5009 4823 4957 4962 4891 4464 4538 5015 5034 5070 4646 5151 4602 4906 4765 5150 4803 4975 4264 4649 4639 5034 4789 5107 5131 4601 4986 4857 4926 
4896 4624 4400 4392 4394 4847 4666 4670 4563 4675 4523 4906 4858 4515 4685 4651 4538 4181 4801 4515 4197 4357 4754 4726 4301 4404 4809 4519 4824 4814 4891 4350 4508 4738 4303 4385 4689 4773 4731 4604 4584 4929 5042 4561 4840 4641 4796 4527 5048 4161 4760 4578 4367 4380 4488 4664 4547 4734 5246 4709 4263 4906 5023 4949 4609 4727 4972 4368 4409 4761 4834 4485 4996 4867 4499 4820 4980 4629 4831 4979 4783 4898 4459 4238 4746 4635 4352 4725 4554 4724 4744 4808 4880 4156 4585 4860 4638 4676 4518 4416 5067 4528 4194 4542 4413 4324 4297 4867 4996 4411 4686 4499 4475 4774 4873 4654 4388 4734 4634 4718 5063 4508 4504 4983 4874 4310 4492 4767 4455 4643 4547 4166 4375 4450 4805 4610 4768 4174 4998 4989 4305 4523 4618 4539 4874 4779 4563 4809 5031 4619 4534 4818 4679 4539 4583 4740 4345 4874 4635 4722 4663 4779 4456 5046 4635 4704 4991 4523 4901 4432 4800 4773 4633 4541 4780 4873 4279 4682 4582 4714 4571 4695 4391 4647 4524 4728 4600 4814 4921 4327 4536 4573 5173 4531 4711 4789 4556 4587 4891 4584 4550 4591 4441 5121 5012 5019 5050 4664 4732 4129 4952 4546 5160 4807 4497 4828 5237 4459 5002 4680 4971 4649 5046 4527 4609 4862 4689 4952 4640 4883 5161 4488 4697 4390 4600 4772 4795 4510 4704 4617 4602 4542 5004 4476 4656 4121 4534 4562 4764 4779 4881 4804 4532 4509 4803 4467 
5265 5213 5319 5271 5456 5490 5528 5490 5406 5661 5299 5533 6120 5320 5461 5642 5624 5303 5725 5243 5024 5139 5554 5436 5375 5340 5376 5564 5491 5491 5381 5292 5179 5436 5121 5307 5291 5522 5626 5287 5539 5423 5740 5400 5648 5516 5741 5446 5531 4876 5253 5387 5304 5147 5567 5455 5345 5550 5978 5474 5355 5325 5622 5731 5672 5141 5661 5114 5248 5477 5909 5327 5837 5391 5452 5558 5723 5457 5586 5444 5366 5382 5323 5177 5589 5223 5288 5498 5615 5441 5620 5284 5399 5109 5131 5756 5441 5617 5359 4785 5718 5397 5084 5508 5323 4893 5208 5832 5376 5547 5512 5362 5151 5368 5604 5448 5123 5538 5248 5235 6114 5406 5350 5718 5564 5244 5386 5219 5399 5328 5494 4839 5484 5185 5753 5534 5473 5419 5666 5850 5135 5408 5277 5326 5886 5444 5358 5714 5728 5429 5383 5416 5360 5347 5278 5660 5046 5775 5293 5293 5469 5418 5539 5375 5385 5595 5433 4833 5073 5006 5468 5284 5472 5474 5687 5847 4928 5283 5281 5637 5267 5625 5222 5333 5298 5749 5101 5718 5730 5382 5095 5736 5614 5387 5485 5546 5344 5413 5432 5511 5209 5326 5323 5907 5701 5373 5685 5364 5586 5096 5604 5377 5615 5616 5323 5419 6043 5132 5675 5379 5515 5422 5918 5382 5445 5409 5548 5584 5522 5483 6051 5268 5213 5180 5295 5534 5680 5307 5646 5491 5239 5200 5384 5345 5676 4786 5104 5475 5731 5400 5572 5647 5314 5516 5470 5667 
5214 4676 4866 4911 4740 5082 4899 4914 5123 5123 5070 4898 5437 4853 4942 5277 4965 4712 5134 4999 4793 4712 5547 4882 5020 4649 5130 5212 4927 4977 4986 4723 4907 5275 4944 5255 5101 5350 5200 4911 4976 5179 5288 5086 5111 4911 5226 5284 5037 4822 4830 5095 5000 4547 5150 5094 4968 5322 5454 5237 4866 4999 5023 5581 5261 5080 5122 4854 5257 4738 5126 5032 5414 5216 5013 5129 5337 5017 5518 4965 5406 5196 5138 4752 5315 4724 5052 5214 5078 5073 5251 5125 5237 4860 4939 5364 5062 5134 5150 4852 5502 5021 4787 5109 4732 4651 5002 5295 5051 4894 5092 5059 4773 4961 5164 5136 4646 4803 5219 5087 5527 4911 5218 5379 4950 4785 4879 5064 4708 4881 4899 4778 4859 4915 5325 5017 5129 4855 5035 5441 4796 5115 4751 4984 5341 5170 4993 5228 5281 5080 5015 5063 5037 4781 4639 5264 4749 5277 5015 5098 5134 4965 4769 5291 4838 5238 5153 4738 4982 4834 5100 4946 5025 5342 5633 5125 4435 5023 5158 5322 5227 5193 4958 5009 4736 5129 4731 5220 5291 4673 4853 5140 5716 5112 4959 5192 5033 4968 4833 4932 4890 4820 4993 5457 5043 4819 5454 5523 5317 4673 5464 4809 5206 5084 4933 5175 5647 4957 5291 5109 4908 5166 5333 4924 5163 5446 5364 5373 5017 5159 5462 4733 4856 4901 4936 4866 5342 4968 5118 4861 5092 4722 5239 5203 5056 4519 4769 4745 5136 5293 5260 5381 4902 5314 5238 4997 
5327 4862 4956 5179 5214 5634 5445 5225 5444 5508 5106 5399 5798 5140 5428 5649 5474 5069 5577 5106 4918 5175 5545 5232 5325 5137 5749 5416 5372 5500 5496 5129 5101 5420 5321 5205 5180 5492 5601 5465 5530 5556 5662 5417 5410 5311 5773 5391 5422 5131 5230 5549 5032 5338 5492 5427 5285 5803 6036 5454 4949 5651 5456 5930 5705 5439 5640 5250 5261 5442 5717 5520 5752 5355 5445 5621 5785 5468 5717 5483 5347 5465 5331 5170 5850 5150 4980 5700 5702 5304 5624 5433 5458 5103 5115 5544 5377 5323 5483 5175 5771 5168 5177 5365 5149 4965 5128 5790 5577 5272 5495 5494 5113 5747 5534 5539 4777 5310 5288 5451 5719 5425 5119 5809 5246 4785 5126 5449 5199 5335 5222 4675 5303 5249 5626 5445 5564 5052 5679 5719 5133 5348 5393 5269 5674 5350 5136 5505 5762 5272 5653 5483 5428 5391 5266 5502 5035 5652 5359 5391 5499 5262 4978 5405 5267 5575 5622 5102 5179 5216 5693 5248 5418 5575 5649 5544 4940 5424 5239 5714 5128 5537 5369 5147 5212 5543 5434 5737 5657 5125 4802 5598 5610 5583 5371 5645 5376 5254 5341 5434 5196 5310 5412 5817 5676 5290 5630 5196 5520 5185 5577 5504 5444 5651 5175 5625 5807 5197 5931 5401 5530 5382 5940 5466 5141 5720 5737 5385 5168 5859 5755 5080 5217 5065 5282 5507 5729 5405 5619 5253 5215 5199 5545 5454 5510 4746 4916 5259 5463 5858 5627 5656 5260 5694 5596 5429 
5185 5248 5035 4964 5138 5401 5320 5042 5227 5214 5075 5030 5578 5057 5453 5513 5227 4706 5363 4972 4851 5007 5434 5167 5150 5183 5470 5301 5074 5249 4978 5035 4979 5383 4963 5089 5316 5294 5210 5378 5211 5538 5431 5204 5212 5350 5560 5242 5327 4917 5409 5344 5021 4881 5352 5244 5042 5151 5452 5500 5056 5380 5512 5632 5249 5102 5369 4905 5123 5089 5340 5269 5604 5126 5237 5286 5530 5343 5648 5364 5353 5152 5381 4997 5370 5139 4924 5390 5341 5292 5419 5241 5358 5206 5061 5449 5149 5266 5137 4798 5354 5228 4940 5214 4827 5024 5079 5388 5401 5028 5254 5275 4950 5382 5205 5345 4761 5003 5278 4965 5805 5244 4951 5463 5124 4961 5076 5374 5139 4929 4934 5049 5043 4999 5536 5232 5205 4991 5232 5574 4764 5158 4930 5250 5608 5325 4912 5274 5399 5402 5249 5216 5126 4925 4936 5158 4862 5397 4944 5361 5200 5230 4897 5361 4982 5599 5561 4927 5157 4915 5447 5212 5209 5473 5519 5483 4699 5366 4953 5399 5245 5509 5067 5200 4987 5430 4837 5300 5441 4819 4963 5300 5638 5177 4906 5579 5252 4877 5035 4965 5010 5057 4865 5156 5398 5239 5327 5396 5442 4922 5327 4939 5362 5487 4835 5179 5758 5025 5567 5415 5359 5256 5654 5019 5003 5419 5269 5188 5234 5183 5279 5070 5194 5202 5470 5249 5345 5376 5644 5240 5236 5160 5559 5070 5379 4764 5298 5044 5317 5182 5241 5546 5334 5250 5424 5463 
5312 4838 4497 4968 4883 5318 5198 5001 5177 5062 4982 5165 5660 4952 4876 5273 5013 4771 5333 5097 4702 4790 5080 5125 4970 4734 5104 5105 4981 5229 4821 4738 4819 5297 5063 4905 4998 5221 5267 5128 4779 4944 5468 5119 4954 5239 5382 4868 5220 4891 5067 5165 4727 4786 4954 4689 4713 5088 5593 5130 5086 5193 5110 5570 5047 5044 5096 4961 5037 4894 5181 5157 5515 5128 5196 5259 5101 5183 5248 4974 5302 5013 4705 4904 5218 4772 4638 5347 4868 5090 5094 5065 5183 4855 5125 5435 4814 5063 5200 4769 5167 5143 4669 4913 4925 4752 4979 5352 5052 5218 4966 5113 4815 4929 5083 4988 4744 5093 5070 5205 5470 5381 4974 5570 5071 4777 4925 4929 4941 4996 4799 4596 4993 4733 5339 4846 5281 4878 5441 5503 5102 4913 4672 4787 5314 5233 4767 4731 5119 5126 5069 5009 5234 4879 4657 5135 4822 5048 4931 5002 5220 5213 4921 5153 5145 5125 5428 4660 5061 4876 5254 5324 4901 5115 5360 5338 4738 5231 4903 5156 4903 4973 4962 5038 4687 5104 5070 5031 5310 4754 4672 5112 5169 4984 5031 5217 5101 4852 5051 4805 5003 4871 5111 5346 5309 5318 5532 5299 5284 4756 5273 4873 5170 5284 4632 5316 5653 4738 5470 5180 5162 4957 5481 5046 4803 5173 5190 5154 4984 5120 5062 4751 4626 5066 5087 5093 5198 4967 5284 5008 5230 4924 5179 5005 4941 4594 4660 4916 5080 4755 5210 5230 4826 5058 5303 4979 
5825 5265 5414 5447 5450 5792 5678 5342 5637 5795 5308 5533 5864 5293 5499 5420 5335 5106 5828 5353 5125 5253 5573 5372 5397 5249 5720 5504 5621 5682 5326 5352 5415 5719 5465 5206 5734 5567 5518 5844 5649 5496 5783 5528 5628 5743 5623 5486 5698 5207 5501 5474 5192 5258 5391 5542 5394 5828 6348 5756 5212 5450 5664 5715 5628 5654 5821 5236 5203 5321 5814 5172 5903 5737 5739 5581 5738 5314 5866 5551 5276 5538 5463 5387 5719 5448 5347 5838 5757 5652 5612 5182 5680 5310 5375 5896 5450 5515 5511 5021 6223 5401 5457 5089 5239 4861 5342 5689 5633 5251 5398 5631 5183 5675 5624 5850 4953 5695 5770 5542 6012 5360 5390 5852 5583 5312 5256 5409 5405 5342 5569 5199 5003 5406 5995 5467 5673 5437 5714 5623 5611 5610 5432 5357 6016 5627 5530 5483 5711 5403 5640 5394 5530 5114 5239 5667 5146 5829 5491 5496 5606 5623 5481 5856 5626 5594 5911 5089 5510 5368 5812 5506 5508 5516 5869 5844 4849 5386 5587 6064 5613 5409 5618 5377 5331 5467 5735 5620 5766 5481 5403 5727 5572 5319 5463 5728 5453 5278 5368 5457 5169 5540 5324 5821 5613 5582 5836 5657 5648 5287 5915 5384 5864 5605 5328 5572 6064 5325 5885 5680 5512 5636 5899 5441 5314 5977 5732 5624 5488 5758 5795 5416 5230 5522 5613 5694 5434 5440 5845 5483 5685 5368 5753 5601 5454 5187 5366 5189 5554 5830 5577 5942 5594 5704 5686 5841 
5313 4670 4611 4845 4815 5145 4979 4887 5153 5145 4693 4812 5530 4970 4996 5054 5087 4536 5283 4771 4657 5029 5226 4815 5147 5101 5028 5284 5095 5329 4983 4854 4771 5221 4965 4759 5431 5244 5152 4894 4960 5061 5156 5043 4905 5246 5082 4920 5342 4800 5121 5217 4940 4932 4738 5097 4893 5284 5399 5190 4756 5097 5128 5616 4983 4871 5082 4614 4708 4980 5314 5170 5431 4934 5059 5240 5305 5265 5086 5031 5054 4897 4897 4775 4908 4796 4628 5265 5255 5089 5202 4865 5310 4786 5010 5010 4864 5064 4957 4467 5159 4878 4658 4869 4970 4747 4624 5081 5135 4816 4927 5197 4593 4969 5116 5167 4407 4761 4799 4998 5337 5122 5010 5288 5159 4732 4803 5016 4806 4824 4810 4535 4853 4557 5367 4954 5191 4856 5179 5278 4903 5185 4787 4760 5359 5118 4929 5069 5246 4982 5046 5135 5000 4676 4781 5222 4662 5233 4888 4911 4993 5027 5005 5245 4917 5081 5042 4847 4860 4646 5055 4725 4822 5023 5393 4986 4437 4928 5019 5340 5026 5080 5012 4835 4547 5106 4765 5096 5028 4784 5029 4895 5062 5170 4953 5004 5148 5141 5038 4925 4853 4877 4816 5342 5259 5275 5252 4993 4987 4821 5159 5160 5055 4926 4713 4978 5593 4750 5395 4952 5223 4863 5348 5027 4856 5339 5083 5348 5063 5187 5346 4955 4624 4865 4906 4847 5239 5119 5316 5147 5206 4840 4989 4789 5112 4616 4896 4951 5310 5356 4981 5239 4857 4983 5332 5038 
5427 5124 5346 5189 5323 5607 5616 5196 5292 5483 4825 5337 5899 4998 5484 5542 5333 4987 5404 4893 4804 5112 5372 5188 5475 5145 5645 5579 5459 5708 5365 5343 5283 5224 5191 5061 5597 5707 5406 5408 5226 5784 5788 5262 5288 5496 5403 5472 5599 5148 5420 5579 4964 5113 5478 5345 5144 5759 5839 5546 5380 5242 5704 5781 5415 5272 5486 4983 5266 5755 6068 5323 6008 5170 5173 5713 5587 5439 5607 5395 5349 5409 5276 5173 5592 5189 5091 5645 5592 5707 5513 5537 5344 5182 5248 5552 5259 5402 5365 5128 5776 5210 5186 5230 5189 4769 5175 5643 5280 5116 5422 5426 5113 5321 5465 5622 4848 5204 5256 5380 5920 5351 5091 5699 5250 5082 5364 5215 5114 5234 5275 4973 5035 5128 5637 5278 5248 5025 5359 5283 5121 5409 5375 5097 5485 5688 5209 5485 5482 5258 5424 5435 5428 5029 5141 5570 5067 5511 5430 5436 5364 5345 5174 5504 5130 5536 5891 5003 5043 4851 5538 5241 5251 5445 5469 5615 4876 5342 5463 5721 5227 5660 5549 5241 5217 5411 5477 5622 5390 5179 5210 5344 5577 5369 5371 5454 5582 5412 5029 5445 5132 5898 5196 5741 5574 5284 5593 5450 5490 5161 5725 5310 5629 5259 5119 5681 5636 5125 5711 5336 5347 5364 5957 5266 5335 6126 5412 5378 5517 5634 5888 5339 5176 5314 5562 5639 5673 5203 5586 5278 5359 5284 5622 5256 5623 4817 5021 5147 5431 5651 5463 5447 5346 5398 5295 5793 
5024 4654 4579 4585 4609 4939 4973 4795 5030 4787 4669 5055 5101 4730 4965 4993 4860 4530 5011 4517 4413 4587 4646 4801 4695 4620 5004 4622 4833 4687 4795 4771 4634 5033 4413 4832 5047 5040 4719 5023 5027 4880 4991 4860 4854 4868 5193 4753 5007 4592 4754 4905 4699 4403 5064 4961 4765 4949 5676 4793 4471 4999 4966 5239 4703 4624 4918 4730 4496 4670 5203 4894 5069 4881 4882 4913 5247 4686 5060 4940 4611 4845 4716 4656 5093 4715 4688 4915 5068 5004 4813 5013 4803 4811 4602 4916 4665 4897 4841 4411 5049 4628 4511 4857 4599 4469 4766 5124 4789 4772 4789 4892 4401 4681 5024 4976 4338 4713 4859 4713 5203 4679 4823 5094 4824 4589 4727 4767 4609 4797 4716 4308 5080 4682 5019 4872 4841 4863 5002 4887 4420 4993 4621 4810 5250 4918 4596 4933 4810 4627 4908 4812 4854 4830 4552 4883 4417 5123 4709 4813 4955 4902 4718 4905 4698 4811 5105 4644 4585 4431 4859 4802 4862 4843 5056 5232 4204 4775 4888 4941 4740 4688 4828 4471 4680 5016 4611 4794 5019 4641 4508 5041 5093 4807 4784 5023 4672 4595 4849 4578 4741 4797 4771 4924 5007 5032 5005 4758 4940 4704 5029 4852 5062 5018 4526 5188 5493 4550 5131 4655 4878 4649 5273 4571 4689 4920 5084 4667 4855 4981 5133 4728 4593 4916 4792 5065 4842 4948 4903 4688 4843 4501 5083 4942 4986 4240 4724 4636 4887 5018 4751 4857 5024 4984 4963 4949 
5157 4736 4685 4575 4892 4947 4968 5159 5169 4874 4887 4876 5267 4878 5110 4876 5142 4629 5292 4550 4654 4753 4698 4976 5047 4820 5238 5323 4732 5065 4923 4795 4811 4920 4860 4889 4959 5146 5074 5021 4684 5176 5272 5036 4648 4828 5234 5164 5028 4612 4926 5053 4928 4476 5048 4962 4983 5115 5551 5120 4772 5029 4979 5262 4958 4856 5052 4688 4693 4722 5386 4858 5357 4601 5000 4851 5159 4777 5383 5039 5070 5102 4496 4831 5320 4945 4843 5091 5039 5135 4846 4845 4945 4912 4928 5259 5073 5136 4806 4565 5583 4771 4761 5138 4957 4522 5044 5441 5157 4966 5101 5130 4986 4699 4863 5131 4596 5072 4702 4736 5506 4747 5069 5187 4726 4753 4955 4810 4932 4735 5211 4928 5125 4586 5167 4891 5128 4696 5220 4980 4486 4900 4898 5014 5265 5129 4804 4801 5162 5033 5175 5113 5090 4795 4632 5380 4488 4865 4933 5077 5316 4778 4784 5248 4965 5088 4970 4728 4715 4711 4921 4869 4864 5192 5065 5179 4639 4838 4872 5128 4993 4897 4853 4686 4894 4966 4717 5155 5607 4716 4788 4995 5148 4943 4954 5077 5076 4628 4724 4529 4900 5050 4809 5193 5142 4796 5200 4846 5217 4697 5120 5061 5134 5079 4799 4959 5405 4756 5318 5041 4875 4934 5476 4913 4752 4902 5238 5191 5143 4900 5155 4898 4614 4785 4804 5061 5227 4854 5249 4862 5208 4892 5066 4776 5192 4612 4824 4715 5048 5199 5071 4911 4950 5078 4830 5143 
5213 4696 4885 4963 4687 5141 5111 4984 5220 5300 4895 5113 5199 4847 5294 5162 4964 4889 5086 4740 4616 4560 5033 5019 4893 4760 5069 5220 4850 5296 4906 4633 4873 5215 4783 4823 5015 5090 5221 5215 4949 4889 5371 4855 5057 5254 5189 5070 5134 4820 5199 4991 4973 4971 5002 4793 4732 5014 5747 4986 4873 4966 5131 5522 4773 4767 5561 4687 4689 4969 5296 4809 5596 5021 5252 5095 5359 5269 4927 5077 5067 4898 4920 4815 5163 4454 4678 5108 5236 5322 5275 4873 5129 4666 4843 5090 5166 5199 5085 4509 5173 5112 4965 4961 4902 4610 4748 5305 5017 4823 5065 4784 4812 4888 5055 5143 4254 5136 5035 4951 5379 5240 4975 5617 4971 4866 4888 5090 4676 4808 4944 4848 4902 4857 5091 5047 5301 4944 5249 5175 4908 5077 4973 4815 5357 5035 4875 5006 5262 5273 5235 5073 4917 5021 4949 5143 4466 5309 4951 4824 5262 5083 4974 5264 4899 5116 5386 4780 5022 4825 4934 5053 4946 4906 5377 5354 4501 4979 4802 5348 4647 5254 5057 4965 4751 5125 4876 5139 5312 4791 4927 5104 5207 5118 5051 5101 5145 4796 4716 4995 4557 5182 4776 5299 5231 5043 5116 4949 5135 4696 5646 5137 5148 5253 4649 4857 5674 4798 5712 5055 5201 5105 5503 4959 4974 4908 5181 4925 5127 5250 5092 5203 4851 4861 5147 5211 5142 4948 5329 4913 5094 4856 5240 4682 5435 4775 4925 4808 5210 5159 5254 5118 4910 5321 5366 4871 
5295 4817 4928 4636 4833 5500 5196 5041 5225 5517 4780 4864 5674 4919 5244 5435 5284 4922 5457 4661 4552 5085 5306 5288 5140 4746 5323 5218 5102 5331 5180 5041 4847 5258 5292 4855 5404 5263 5272 5117 5051 5510 5391 5033 4927 5276 5049 5294 5402 5043 5161 5263 4834 4776 5302 4988 5032 5484 5751 5301 5210 5376 5328 5491 5061 5182 5219 4888 5039 4991 5360 5195 5443 5385 5238 5111 5360 5059 5304 5227 5089 5419 5064 5245 5322 4920 5084 5220 5214 5253 5154 5147 5085 5223 5219 5345 5190 5396 5151 4658 5684 5228 4960 5028 5063 4781 4976 5807 5087 4950 5188 5364 5269 5065 5408 5207 4569 5068 5155 5223 5669 5195 4892 5426 5160 5064 4882 5304 4879 4982 4920 4688 5172 4925 5333 4986 5353 4983 5334 5245 5001 5165 5024 5286 5381 5311 5039 5146 5350 4991 5432 5203 5316 4797 5032 5558 4709 5354 5231 5024 5280 4883 5071 5184 5083 5101 5260 4858 4979 4883 5201 4986 4957 5228 5382 5404 4598 4977 5292 5463 5037 5342 5149 4904 5117 5136 5060 5203 5624 4822 5324 5427 5349 5108 5074 5171 5447 5171 4841 5047 4972 5222 4986 5184 5403 5244 5518 5209 5168 4906 5426 5242 5352 5341 4964 5412 5827 4704 5407 5043 5177 5559 5605 5066 4975 5347 5245 5243 5217 4939 5280 5210 4710 4742 5260 5503 5464 4892 5492 4912 5357 5040 5331 4989 5202 4645 4986 4779 5184 5286 4955 5133 5084 5281 5267 5225 
5413 4984 4743 5175 4968 5308 5428 5307 5184 5414 5028 5337 5550 5248 5137 5468 5311 5122 5458 5021 5064 5129 5290 5325 4969 5058 5529 5273 5165 5441 5213 4963 5108 5269 5102 5067 5378 5528 5294 5186 5503 5605 5503 5089 5001 5424 5556 5291 5385 4956 5415 5256 5101 5061 5195 5297 5131 5408 5684 5405 5145 5297 5666 5612 5208 5385 5595 5406 5044 5250 5531 5456 5839 5208 5305 5453 5310 5490 5466 5480 5468 5480 5088 4944 5697 5016 5134 5466 5485 5728 5347 5251 5277 5216 5125 5472 5273 5344 5340 4882 5696 5063 5084 4959 4997 4934 4938 5587 5395 4860 5363 5486 4902 5219 5368 5440 4941 5211 5201 5360 5717 5374 5459 5714 5364 5111 4958 5212 4915 4974 5102 4873 5043 5093 5707 5242 5331 4930 5207 5238 5023 5356 5096 5266 5417 5427 5102 5515 5395 5272 5515 5280 5331 5073 4808 5434 4768 5566 5233 5171 5662 5202 5164 5530 5462 5382 5480 4983 5361 5056 5342 5485 5324 5484 5653 5517 4874 5103 5079 5759 5210 5350 5345 4884 5358 5317 5001 5287 5423 4891 5219 5496 5830 5373 5313 5277 5418 5159 4935 5199 5171 5374 5229 5786 5256 5560 5659 5363 5311 5080 5674 5256 5629 5414 5268 5104 5623 4855 5611 5451 5423 5451 5763 5477 4997 5642 5539 5492 5206 5554 5344 5319 5170 5085 5534 5545 5505 5342 5332 5153 5315 5148 5411 5238 5480 4719 4985 4950 5642 5540 5536 5490 5265 5501 5415 5593 
5059 4725 4614 4550 4476 4996 4846 4741 4791 4940 4741 5068 5223 4713 4654 4845 4866 4732 4785 4591 4284 4567 4946 4717 4833 4840 5079 4700 4753 4866 4728 4757 4739 4884 4501 4733 4921 4995 4861 4933 4657 5002 4979 4649 4579 4882 4929 4930 4789 4462 5068 4651 4691 4441 5066 5012 4624 4944 5220 4909 4797 5022 4800 5194 4816 4789 4780 4586 4563 4888 5017 5157 5109 4895 4802 4879 4860 4925 5149 4733 4805 5164 4706 4681 5126 4659 4384 4861 4936 5388 4987 4826 4861 4551 4514 5021 4766 4883 4881 4424 5097 4577 4531 4818 4558 4577 4744 5158 4893 4406 4707 4902 4643 4753 5015 4951 4442 4618 4799 4897 5452 4683 5029 4947 4854 4622 4726 4820 4730 4688 4459 4568 4649 4834 4954 4770 4801 4715 4937 5007 4618 4823 4621 4752 4998 4849 4487 4681 5142 4956 4989 4821 4863 4781 4452 4739 4473 4794 4700 4781 4888 4731 4821 4998 4735 4915 5209 4487 4735 4473 4742 4971 4773 4716 5095 4873 4565 4608 4782 5071 5115 4878 4708 4607 4871 5045 4602 5034 5254 4393 4873 5123 5038 4590 4873 5093 4884 4377 4493 4770 4852 4642 4844 5046 4802 4888 5308 4971 4993 4368 4821 4569 5121 4974 4624 4956 5476 4617 5490 4805 5110 4682 5090 5026 4491 5119 4879 4880 4886 5233 5223 4717 4743 4957 4681 4928 5324 4757 5054 4891 4856 4610 5105 4678 5090 4372 4453 4637 5071 5036 4970 5084 4587 4858 4897 5005 
5402 5084 4860 4950 5018 5820 5338 5177 5514 5588 5033 5331 6022 5035 5499 5516 5498 5159 5412 5019 4756 5309 5371 5552 5394 5176 5604 5536 5368 5480 5688 5292 5281 5585 5346 5110 5363 5687 5459 5566 5281 5905 5712 5386 5204 5511 5611 5355 5534 5185 5089 5591 5048 5312 5473 5267 4993 5667 6099 5482 5043 5477 5569 5796 5554 5190 5590 5135 4961 5387 5847 5409 5915 5543 5619 5444 5514 5252 5590 5187 4990 5588 5171 5197 5528 5239 5241 5621 5751 5585 5522 5188 5359 5068 5310 5716 5266 5396 5373 4917 5965 5421 5028 5436 5214 4955 4878 5655 5449 5094 5418 5398 5102 5293 5314 5735 4516 5236 5275 5503 6018 5213 5139 5613 5324 5130 5360 5493 5294 5276 5382 4853 5273 5077 5584 5353 5452 5113 5672 5505 4949 5496 5357 5269 5570 5763 5213 5235 5594 5246 5668 5379 5267 5064 5165 5605 4982 5476 5461 5298 5526 5294 5344 5485 5305 5318 5474 5078 5189 5052 5481 5183 5271 5593 5425 5712 5017 5260 5417 5691 5481 5547 5366 5224 4924 5171 5470 5556 5682 5395 5111 5474 5498 5260 5262 5501 5495 5283 4969 5214 5100 5343 5168 5574 5660 5608 5639 5261 5571 5330 5593 5219 5662 5597 5153 5499 5972 5092 5720 5389 5301 5458 5994 5214 5332 5608 5490 5668 5109 5779 5922 5321 5162 5054 5295 5258 5574 5389 5642 5455 5229 5350 5566 5229 5358 5035 4901 4992 5629 5668 5243 5623 5407 5457 5174 5396 
5564 5158 5349 5335 5081 5481 5927 5469 5528 5658 5308 5549 6103 5082 5779 5414 5852 5277 5506 5176 5317 5400 5707 5449 5472 5183 5623 5626 5532 5611 5555 5277 5526 5594 5274 5151 5795 5639 5607 5758 5528 5669 6006 5497 5503 5905 5610 5439 5672 5015 5359 5669 5266 5270 5465 5542 5433 5589 6186 5545 5410 5594 5650 6038 5417 5548 5691 5357 5253 5501 5853 5494 6044 5730 5557 5711 5661 5663 5854 5707 5504 5545 5271 5366 5772 5199 5288 5886 5564 5647 5683 5544 5717 5031 5388 5870 5648 5512 5493 5299 5892 5352 5356 5400 5179 5168 5282 5744 5535 5200 5524 5619 5345 5381 5965 5534 5026 5559 5522 5364 6267 5696 5514 5914 5524 5495 5535 5662 5258 5506 5318 5111 5659 5347 5869 5674 5720 5350 5729 5630 5494 5459 5690 5528 5934 5814 5229 5493 5778 5415 5731 5536 5716 5229 5086 5797 5199 5877 5362 5509 5578 5245 5541 5544 5314 5613 5708 5175 5485 5011 5785 5577 5403 5611 6069 5988 4896 5475 5292 6037 5680 5770 5395 5445 5314 5559 5268 5615 5904 5311 5482 5648 5698 5541 5369 5624 5653 5406 5306 5409 5240 5441 5377 5589 5761 5579 5673 5607 5631 5297 5764 5335 5958 5810 5263 5740 5988 5192 5831 5642 5796 5446 5966 5522 5316 5616 5915 5814 5363 5898 5836 5448 5435 5421 5434 5551 5628 5756 5815 5393 5614 5159 5739 5381 5750 5018 5297 5286 5775 5655 5614 5761 5582 5571 5667 5482 
5632 5155 4991 5093 5066 5646 5373 5407 5240 5314 5070 5194 5573 4978 5252 5409 5354 4970 5450 5182 5148 4979 5397 5327 5404 5007 5425 5678 5365 5034 5364 4927 4896 5348 5109 5202 5417 5644 5503 4894 5285 5365 5677 5076 5345 5441 5334 5525 5178 4986 5436 5297 5366 5021 5563 5189 5114 5481 5475 5490 5445 5419 5492 5524 5210 5341 5497 5226 5506 5267 5485 5174 5678 5209 5314 5273 5618 5406 5499 5476 5680 5431 4952 5261 5469 5083 4896 5526 5250 5533 5352 5267 5363 4992 5083 5456 5422 5301 5064 4852 5671 5059 4965 5104 5227 4966 5188 5474 5450 5135 5132 5602 4813 5375 5456 5214 4984 5248 5388 5204 5709 5155 5176 5665 5249 5031 5492 5294 5067 5253 5060 4710 5166 5086 5809 5416 5362 4836 5430 5550 5080 5117 5363 5119 5499 5480 5046 5218 5457 5219 5468 5380 5474 5044 4904 5412 4856 5654 5136 5395 5494 5084 5057 5477 5223 5582 5540 4905 5390 4925 5236 5496 5304 5239 5657 5504 4854 5282 5166 5557 5347 5488 5210 5192 4859 5501 5101 5431 5672 4810 5072 5371 5643 5114 5276 5231 5209 5056 5370 5202 5370 5260 5158 5460 5320 5317 5898 5625 5368 5077 5615 4986 5658 5407 5168 5582 6029 5108 5633 5277 5262 5318 5594 5221 5330 5711 5376 5501 5149 5500 5774 5267 4969 5224 5331 5184 5534 5224 5531 5083 5404 5185 5608 5199 5449 4887 5320 4888 5505 5314 5266 5380 4977 5359 5378 5430 
5218 4716 4563 4912 4587 5029 5379 5013 5078 5230 4933 5075 5389 4874 5067 5255 5210 4698 5488 4797 4608 4910 5018 4952 5071 4713 5304 5250 5117 5280 5020 4665 4667 5055 4900 4934 5044 5144 5048 5108 4932 5277 5493 4885 5063 5118 5224 5119 5117 5108 5168 5164 4893 4810 5257 5037 4839 5146 5629 4947 4941 5210 5030 5115 4952 4970 5190 4889 4855 5161 5180 5050 5493 4879 5149 4924 5239 5140 5140 4952 4911 5090 4805 4945 5083 4992 4828 5376 5050 5080 5067 4986 5152 4782 4971 5119 5136 5148 5123 4750 5347 5005 4952 4930 4801 4511 4905 5189 5250 4973 5216 5015 4905 4689 5248 5027 4385 5143 5055 4948 5551 5078 5139 5349 5093 4821 5005 4798 4762 5006 4965 4536 4878 4751 5301 4981 5435 4678 5315 5277 4853 4911 4956 4811 5308 5137 5139 5274 5127 5214 5098 4956 4998 4929 4593 5259 4843 5460 4996 5185 5207 4745 5155 5440 4932 5313 5210 4772 5029 4747 5157 5263 4979 4998 5268 5096 4803 4883 4821 5151 5248 5161 5064 4924 4864 5168 4912 5198 5352 4687 4908 5198 5044 4882 4945 5244 5001 4883 4912 4745 4701 5114 4815 5337 4923 5044 5248 5114 5075 4937 5292 5005 5135 5123 4706 5155 5548 4870 5221 5222 5198 5017 5542 5281 4839 5113 5045 4962 4944 5072 5178 4729 4827 4863 5147 5278 5211 4923 5183 4992 5112 4773 5038 5028 5341 4531 4741 4756 5315 5036 5175 5297 4901 5020 5316 5109 
5644 4950 5013 5030 5159 5369 5266 5429 5345 5397 4876 5485 5764 5057 5132 5407 5237 5109 5516 5032 4955 4796 5361 5101 5353 4874 5347 5643 5464 5360 5272 5143 5087 5385 5138 5230 5413 5451 5441 5329 5382 5531 5347 5277 5250 5205 5543 5466 5341 4966 5375 5152 5092 5002 5426 5225 4986 5216 5807 5338 5193 5500 5246 5883 5227 5434 5526 5295 4945 5333 5860 5160 5696 5182 5405 5308 5587 5194 5571 5379 5439 5242 5185 5166 5526 5388 5290 5442 5399 5476 5447 4947 5510 4872 5034 5486 5391 5263 5316 4805 5760 5014 4961 5345 5251 5041 5013 5662 5397 5098 5310 5236 5150 5278 5541 5347 4731 5201 5268 4799 5896 5201 5002 5537 5346 5142 5190 5423 5233 5293 5313 5038 5266 5073 5723 5391 5652 4931 5596 5667 5194 5070 5211 5253 5819 5432 5236 5278 5444 5347 5500 5552 5149 5050 5044 5506 5011 5336 5196 5335 5747 5371 5146 5745 5439 5823 5590 4832 5382 5040 5385 5254 5345 5310 5370 5609 4981 4924 5563 5269 5031 5422 5367 5139 5189 5520 5152 5389 5605 4862 4771 5429 5671 5255 5207 5236 5553 5088 5138 4961 5263 5123 5085 5411 5362 5354 5636 5293 5371 5022 5612 5088 5424 5466 5010 5611 5932 4916 5529 5184 5228 5227 5795 5181 5117 5471 5375 5641 5372 5461 5630 5271 5025 5199 5566 5662 5602 5380 5439 5173 5227 5129 5387 5305 5482 5022 5353 5206 5209 5432 5614 5390 5238 5225 5456 5323 
5250 4701 5053 5008 4987 5197 5395 5203 5192 5306 4654 5127 5665 5118 5089 5316 5247 4931 5188 4898 4787 4806 5241 4955 5114 4682 5375 5490 5017 5184 4929 5029 4859 5414 5154 4853 5186 5353 5441 5172 5161 5271 5331 5157 5128 5588 4987 5298 5029 4730 5096 5120 5038 4765 5093 5192 5031 5271 5551 5137 5037 4996 5287 5407 5012 5229 5411 4740 4666 5071 5426 5100 5424 5200 5244 5328 5341 5214 5344 5221 5193 5238 5144 4951 5412 4815 4860 5256 5214 5121 5150 5024 5344 5137 4996 5188 5197 4983 5122 4706 5492 5090 4821 5098 4941 4991 5025 5500 5161 5012 4910 5233 4831 5203 5412 5139 4578 4938 5264 4852 5431 5294 5339 5549 5154 4936 5046 4985 4979 5118 4797 4786 5064 5030 5236 5173 5240 5111 5305 5336 5058 5126 4956 5084 5354 5059 5142 5474 5494 5223 5126 5076 5453 4920 4751 5133 4783 5276 5139 5028 5376 5052 5325 5449 5131 5129 5478 4643 4856 5063 5152 5073 5082 5198 5443 5199 4674 5188 5162 5327 4682 5276 5117 5107 4906 5230 5042 5366 5575 4856 4947 5291 5438 5186 5216 5288 5133 5090 5104 5427 4792 4850 4996 5294 5205 5263 5425 5272 5276 5100 5376 5141 5522 5418 5030 5110 5666 4857 5384 5004 5368 5287 5777 5325 5013 5511 5207 5269 5038 5295 5589 5129 5175 5206 5017 5323 5311 4965 5156 4990 5175 5032 5379 5094 5420 4816 4963 5099 4996 5392 5158 5526 4829 5227 5277 5252 
5356 4950 5002 5251 4983 5244 5284 4965 5333 5033 5117 5380 5688 4867 4995 5383 5290 5146 5010 4951 4591 4974 5337 4996 5297 4819 5326 5200 5397 5316 5144 4982 4759 5193 4734 5133 5296 5397 5183 5097 5028 5299 5630 4943 5164 5160 5427 5322 5278 4783 5138 5253 4895 4573 5239 5312 4998 5172 5732 5197 5018 5117 5112 5556 5081 5016 5211 5129 4808 5048 5705 5382 5624 5059 5052 5209 5332 4878 5526 5158 5224 5135 5085 4837 5438 5121 4942 5146 5120 5369 5271 5121 5143 4754 4956 5435 5003 5172 5295 4852 5636 5028 4702 5011 5048 4914 4993 5652 5180 5165 5060 5084 4859 4949 5626 5069 4761 5309 5108 5128 5977 5174 5114 5338 5229 4968 4942 5058 5302 4729 4970 4649 4881 5032 5546 5189 5351 5005 5342 5187 5061 5061 4869 5236 5327 5181 5109 5249 5493 5120 5041 4994 5217 4767 4702 5387 5029 5570 4961 5206 5371 5119 5272 5208 5030 5273 5223 4726 5102 4960 5426 5198 4938 5168 5560 5438 4645 4903 5209 5579 5128 5183 5027 4897 4987 5342 4944 5190 5376 5044 4733 5190 5241 5015 5103 5154 5112 5014 5044 4900 4956 5112 5055 5567 5303 5232 5552 5505 5217 4761 5269 4850 5600 5243 5181 5472 5514 4858 5036 4951 5286 5029 5626 4977 5181 5105 5129 5379 5302 5224 5372 4854 4566 4979 5188 5384 5161 4963 5333 5120 5045 4737 5127 5180 5580 4847 4895 4853 5363 5268 5237 5247 5249 5362 5127 5304 
5223 5103 5422 5270 4954 5512 5302 5309 5248 5610 5274 5385 5588 5126 5420 5334 5375 5026 5359 5355 5020 5250 5608 5305 5284 5317 5451 5526 5309 5699 5437 5037 5023 5636 5495 5303 5343 5705 5452 5409 5243 5409 5591 5240 5435 5575 5529 5360 5341 5243 5484 5482 5183 5086 5147 5090 5268 5416 5957 5578 5018 5291 5588 6108 5509 5137 5485 5294 5096 5266 5677 5346 5944 5410 5531 5634 5560 5523 5534 5503 5473 5475 5256 5187 5517 5153 4976 5386 5366 5636 5781 5463 5410 5267 5204 5755 5317 5371 5397 4846 5949 5249 5007 5489 5019 4758 5124 5646 5457 5234 5289 5477 4975 5219 5397 5636 4871 5066 5162 5160 5947 5280 5282 5489 5323 5109 5257 5592 5358 5081 5239 4918 5220 4982 5884 5314 5504 5031 5551 5765 5045 5415 5079 5156 5743 5146 5092 5314 5619 5327 5300 5307 5319 4944 5224 5535 5020 5476 5382 5229 5686 5292 5117 5468 5128 5358 5614 5174 5048 5024 5692 5226 5239 5556 5818 5625 4823 5212 5444 5943 5395 5554 5329 5062 5147 5536 5392 5363 5605 5184 5252 5474 5721 5358 5247 5453 5458 5213 5122 5280 5403 5480 5143 5755 5487 5523 5662 5694 5554 4982 5684 4985 5517 5617 5361 5219 5959 5103 5849 5240 5473 5407 5991 5277 5055 5491 5442 5560 5373 5558 5441 5368 4913 5228 5312 5506 5546 5103 5764 5186 5416 5204 5314 5467 5704 4881 5013 4918 5336 5291 5533 5673 5382 5366 5483 5410 
5206 4446 4782 4886 4725 5175 5301 4957 4811 5334 4867 5098 5428 4803 5115 4817 5033 4975 5237 5094 4659 4675 5039 5125 5082 4757 5464 5302 5065 5425 5035 4908 4839 5314 4839 4836 5344 5312 4828 5273 5185 5089 5441 5197 4959 5279 5059 5174 5240 4788 5326 5089 4863 4557 5267 5016 5020 5045 5672 5030 4812 5213 5047 5491 4837 5122 5239 4882 4699 5063 5406 5091 5477 4749 5137 5084 5318 5050 5278 5409 5166 4978 4882 4949 5312 4926 4915 5126 5092 5235 5121 4882 5077 4959 5211 5349 5124 5238 5143 4486 5168 4968 4853 4813 4997 4340 4668 5434 5253 4889 4704 5221 4874 4840 5197 4990 4690 5110 4865 4918 5465 5128 4997 5207 4867 4727 4978 4980 5031 4760 4862 4887 4846 4671 5429 5028 5329 4582 5123 5244 4814 5154 5125 4765 5359 5225 4872 5180 5206 5245 5303 4996 5299 4628 4732 5116 4868 5229 5241 5124 5591 5035 4956 5387 4836 5232 5332 4950 4955 4808 5192 5215 4859 5082 5177 5356 4572 4930 5149 5228 4667 5001 4816 4923 4949 4925 5014 5484 5350 4889 4894 5217 5145 4844 5005 5276 5244 4967 4915 4976 4777 5033 4999 5463 5226 4872 5411 5226 5355 4909 5266 5002 5232 5327 4709 5139 5197 4670 5530 5049 5112 5110 5494 5017 5162 5161 5347 5055 5295 5106 5345 5175 4802 4918 5381 5307 5223 5011 5280 4813 5149 5062 5173 5045 5165 4743 5023 4964 5183 5149 5148 5204 4871 4968 4937 5118 
4982 4695 4701 4696 4607 5059 4776 4803 4902 4917 4789 4828 5052 4630 5007 5069 4893 4779 4890 4941 4623 4853 4912 4948 4836 4704 5189 5107 4814 5116 4798 4454 4877 4863 4892 4964 5065 5179 4956 5162 4692 4889 5109 4752 5002 5154 5115 4929 5005 4396 5195 5045 4784 4626 5230 4880 4767 4872 5284 4907 4728 4988 5104 5050 4667 4891 5002 4828 4975 4669 5226 5117 5460 5027 5168 5022 5415 5108 4825 5119 4896 5020 4775 4543 4970 4762 4430 5163 4946 4849 5209 4782 4819 4815 4615 5160 4875 4947 4931 4348 5234 4751 4720 4977 4747 4391 4522 5508 5000 4607 4627 5070 4567 4937 5054 4942 4442 4640 4804 4788 5486 4887 4481 5109 4814 4650 5010 4867 4643 4695 4730 4567 4834 4536 5281 4945 4919 4804 4882 4888 4740 5129 5114 4773 5166 5129 4727 4937 5181 5080 4726 4728 4943 4799 4784 5119 4253 5244 4864 4700 5157 5109 4956 4999 5034 4930 5182 4760 4689 4441 5092 5145 4725 4915 5153 5149 4495 4864 4723 5166 4875 4905 4756 4807 4398 4887 4760 5057 5273 4718 4876 4930 5081 4775 4531 4974 4886 4766 4987 4920 4668 4909 4905 5222 4820 4987 5365 5145 5090 4586 5141 4584 5074 5134 4721 5030 5497 4625 5297 5005 5022 4823 5313 4793 4660 5298 5003 4808 4824 5112 5074 4655 4760 4834 5201 5166 5195 4793 5262 4672 5153 4919 5108 4932 4931 4805 4767 4803 5047 4844 4963 5318 4710 4843 5077 5100 
5614 5173 5200 5305 5242 5217 5492 5288 5319 5431 5142 5214 5990 5031 5539 5277 5168 5071 5451 5188 5003 4885 5599 5238 5175 5316 5462 5493 5292 5303 5173 4977 5109 5486 5138 5253 5288 5761 5184 5430 5191 5494 5413 5398 5314 5360 5638 5367 5348 5143 5532 5474 5135 5040 5171 5163 5121 5162 6054 5433 4960 5425 5632 5884 5491 4979 5467 5080 5414 5315 5737 5069 5836 5061 5073 5543 5469 5536 5522 5281 5328 5436 5324 5225 5514 5202 5102 5467 5564 5116 5306 5014 5604 5126 5409 5442 5274 5621 5375 5091 5415 5236 5034 5266 5154 4769 5134 5606 5251 5330 5183 5178 4906 5143 5414 5206 4644 4982 5197 5311 5845 5498 5140 5877 5135 4974 5290 5475 5163 5192 5237 4769 5216 4820 5659 5113 5533 5026 5532 5511 5153 5303 5285 5149 5720 5537 5157 5416 5433 5375 5240 5300 5420 5152 5084 5407 4749 5389 5132 5397 5414 5155 5141 5407 5246 5705 5693 5046 5165 4793 5426 5311 5328 5426 5679 5673 4777 5187 5216 5705 5137 5486 5161 5091 4959 5491 5177 5542 5732 4951 5019 5407 5413 5480 5227 5480 5153 5131 5493 5197 5078 5343 5319 5481 5626 5288 5507 5610 5394 5019 5664 5426 5391 5459 5015 5563 5872 5103 5762 5249 5165 5342 5739 5032 5276 5455 5783 5312 5088 5480 5757 5196 5216 5005 5648 5273 5551 5275 5477 5317 5276 5324 5434 5140 5559 4767 5037 5347 5288 5423 5556 5389 4970 5322 5339 5312 
5610 5148 5322 5159 5003 5616 5562 5346 5237 5500 5156 5203 5860 4807 5368 5226 5346 4947 5701 5107 5113 5318 5853 5485 5536 5420 5602 5462 5600 5675 5639 5246 5245 5341 5192 5327 5401 5725 5357 5544 5443 5775 5642 5409 5361 5368 5445 5377 5639 5070 5541 5579 4994 5065 5463 5113 5115 5447 6209 5485 5134 5527 5701 5862 5425 5356 5854 5118 5305 5378 5889 5333 5919 5310 5542 5455 5458 5377 5426 5589 5211 5510 5308 5167 5572 5150 5049 5636 5546 5689 5518 5366 5516 5175 5235 5595 5390 5492 5274 5084 6005 5357 5290 5432 5206 4838 4989 5760 5449 5305 5492 5384 5310 5312 5734 5651 4896 5325 5295 5373 5997 5263 5204 5670 5472 5012 5375 5427 5338 5317 5091 5249 5443 5155 5708 5375 5387 5284 5650 5548 5212 5379 5453 5275 5917 5522 5408 5399 5672 5384 5561 5608 5428 5230 5028 5337 5029 5550 5371 5571 5549 5473 5215 5552 5281 5456 5574 5085 5435 4978 5534 5457 5085 5638 5529 5583 4693 5295 5299 5688 5255 5501 5464 5155 5311 5470 5273 5472 5813 5331 5108 5365 5562 5490 5396 5442 5580 5428 5272 5490 5330 5560 5253 5735 5746 5403 5832 5574 5687 5040 5618 5333 5641 5813 5297 5810 6061 5354 5849 5339 5445 5274 5803 5488 5158 5612 5674 5515 5339 5972 5536 5220 5206 5240 5602 5504 5631 5348 5749 5586 5406 5180 5811 5128 5544 4925 5185 5601 5751 5637 5417 5791 5379 5377 5306 5251 
5439 4974 5176 4883 4882 5290 5370 5288 5260 5440 5111 5294 5874 5036 5304 5139 5319 4932 5290 4902 4884 4923 5220 5312 4951 5062 5520 5407 5602 5239 5122 5114 5146 5092 4959 5011 5354 5667 5294 5227 5242 5392 5449 5061 5054 5213 5305 5083 5249 4822 5138 5079 4923 4800 5274 4920 4825 5263 5696 5353 5146 5593 5090 5498 5179 5206 5160 5024 4486 5164 5638 4941 5633 5034 5007 5059 5184 5151 5394 5318 5113 5484 4977 5072 5375 5229 4859 5357 5339 5457 5282 5153 5289 4971 5134 5433 5214 5049 5139 4694 5502 5030 4846 4968 5116 4645 4882 5685 5267 4862 5277 5305 4973 5053 5384 5333 4848 5276 5119 4969 5763 5154 4967 5557 5125 5084 5172 5147 4999 4921 5088 4870 5202 4946 5655 5338 5444 5008 5509 5082 4947 5023 5066 5105 5591 5378 5231 5304 5579 5256 5280 5180 5387 4975 5002 5293 4950 5553 5038 5410 5443 5157 5485 5317 4929 5123 5777 4823 5268 5147 5260 5277 5302 5162 5235 5610 4452 5010 5202 5211 4945 5301 4958 5111 5182 5237 5091 5293 5497 5140 4758 5288 5461 4876 5119 5333 5509 5082 4772 4997 4978 5060 4951 5598 5379 5326 5386 5167 5443 5041 5551 5047 5425 5653 5047 5284 5862 4911 5639 5207 5252 5201 5730 5263 4929 5312 5295 5352 5155 5415 5592 5225 5253 5240 5190 5476 5304 5255 5381 4903 5180 5194 5605 5025 5597 4806 5166 5049 5594 5309 5206 5318 5434 5326 5292 5295 
5293 4946 5070 5170 4829 5220 5195 4878 5291 5281 5090 5016 5558 4875 5279 5184 5387 4720 5308 4955 4708 4973 5130 5108 4879 5031 5507 5109 5274 5275 5322 4788 4784 4854 5058 5200 5247 5248 5019 5321 5088 5165 5305 5096 5036 5143 5387 5322 5305 4850 5256 5014 5028 4937 5048 5044 5044 5378 5529 5124 4990 5200 5063 5335 5204 4931 5226 5057 5056 5239 5470 5197 5518 4959 5064 5217 5262 5321 5559 5188 5239 4927 5034 5146 5453 5165 4834 5176 5348 5156 5155 5191 5025 5065 4983 5219 5022 5126 5064 4861 5454 4982 4983 4946 4889 4638 4941 5357 5189 4948 5173 5254 4977 4948 5403 5099 4612 5129 5120 5098 5872 5217 5256 5351 4982 4995 5103 5148 5000 4992 5047 4539 4905 4781 5793 5386 5239 4806 5238 5355 4789 5002 5067 5357 5678 5094 4835 5151 5409 5178 5154 5250 5054 4770 4955 5380 4742 5412 4986 5093 5370 4952 4737 5154 4950 5372 5252 4876 5145 4868 5269 5149 5202 5219 5353 5559 4466 5088 5026 5238 5241 5401 5137 5096 5112 5261 4684 5366 5260 5055 5014 5333 5316 5146 5071 5375 5299 4969 5041 4857 5180 5075 5090 5257 5077 5298 5059 5164 5258 4731 5404 5160 5469 5199 4949 5400 5609 4926 5429 5191 5289 4936 5296 5226 4893 5170 5056 5219 5222 5326 5504 5084 5032 4963 5268 5380 5286 5162 5550 4941 5221 4872 5390 5315 5341 4468 5255 4984 5426 5330 5133 5151 5218 5284 5448 5378 
5185 4846 5042 4958 4939 5059 5134 4917 4957 5149 4838 5032 5502 4847 5122 5256 5277 4617 5418 4868 4711 4997 5140 5087 5007 5099 5121 5180 5109 5067 4997 4580 4882 5084 4914 4872 5205 5446 5138 5112 4959 5392 5516 5007 5127 4985 5534 5087 5074 4768 4961 5246 5182 4813 5098 4835 4905 5189 5424 5212 4791 5190 5284 5542 4871 5062 5073 4944 4928 5110 5374 5172 5609 5049 5138 5293 5139 5208 5314 5031 5084 4992 4857 4977 5402 5131 4760 5262 5187 5629 5187 5111 5193 4741 5097 5258 4900 5109 4847 5114 5268 4889 4809 4853 4879 4314 4997 5349 5317 4872 5228 5107 4662 4798 5086 5059 4695 5049 4940 4971 5483 5078 5162 5460 4865 5024 5020 4920 4956 4752 5070 4709 5057 4988 5538 5162 5373 4939 5176 5295 4868 5027 5004 4950 5342 5000 5057 5046 5419 5197 5222 5092 5208 4755 4676 5219 4676 5419 5019 5090 5285 5030 4701 5200 4997 5244 5348 4869 5018 5031 5064 4910 5057 5255 5134 5388 4548 5066 5096 5325 5101 5073 5089 4879 5048 5154 4609 5180 5709 4771 5066 5221 5188 5279 5176 5183 5185 4875 4780 4885 4993 5205 5043 5364 5085 4975 5185 5298 5022 4838 5213 5097 5284 4834 4717 5158 5540 5108 5440 5208 5284 5057 5495 4944 4978 5234 5260 5243 5025 5189 5281 4855 4776 4988 4963 5127 5374 4929 5343 5118 5048 4915 5419 4855 5448 4738 4778 4914 5077 5078 5199 5434 5176 5336 5135 5001 
5084 4691 4871 5081 4809 5114 5132 5282 5164 5381 4859 5132 5375 4779 5106 5265 5422 4719 5518 4768 4722 4780 5114 5152 4822 4808 5268 5287 5173 5362 5002 4949 4705 5147 5111 5123 5039 5177 5190 5104 5073 5019 5363 5070 5033 5217 5421 5420 5134 4541 4956 4958 4929 4924 4947 5132 4862 5133 5557 5121 4808 5097 5053 5736 5105 4931 5150 4784 4663 4957 5446 5113 5324 5186 5262 5433 5205 5160 5255 5430 5107 5001 4848 4859 5308 4854 4958 5276 5351 5160 5154 4952 5103 4844 4918 5087 5288 4992 5285 4593 5584 4831 4997 4931 4855 4775 4896 5327 5144 5096 5129 5296 5043 5122 5206 5221 4718 4966 5133 4880 5816 5502 4764 5697 4900 4808 5045 4966 4983 4878 4885 4878 4951 5160 5439 5042 5071 4989 5297 5437 4892 5074 5065 5260 5582 4975 4863 5020 5288 5051 5385 5156 5097 4755 4962 5329 4812 5159 4968 4865 5130 5199 5048 5261 5150 5262 5447 4835 4764 4791 5119 4883 5047 5239 5226 5256 4446 5008 5038 5272 5099 5253 5273 5120 5022 5177 4947 5400 5308 4650 4986 5365 5337 4873 5074 5232 5115 5128 4851 5090 5050 5184 4963 5304 5196 5399 5104 5168 5071 4704 5314 5122 5237 5229 4915 5034 5463 4709 5550 5028 5085 4821 5415 5011 4898 5250 5116 5225 5132 5311 5438 5090 4879 4985 5072 5412 5363 5149 5368 5187 4871 5124 5170 4885 5266 4504 4828 4924 5274 5103 5040 5282 5013 5027 5094 5209 
5581 4989 4771 5304 4999 5376 5536 5293 5363 5326 4973 5401 5817 5273 5210 5604 5494 4882 5562 5133 4878 4925 5420 5084 5027 5036 5386 5531 5413 5270 5273 5160 5157 5387 5302 5070 5359 5415 5528 5285 5376 5406 5389 5088 5260 5371 5380 5149 5480 4922 5232 5206 5035 4875 5272 5381 5189 5632 5585 5476 5129 5336 5622 5364 5303 5486 5498 4961 5142 5542 5497 5215 5543 5258 5263 5406 5837 5288 5767 5480 5410 5279 5257 5244 5723 5365 5126 5536 5211 5545 5522 5227 5335 4984 4960 5527 5516 5397 5327 4887 5668 5147 4904 5246 5201 4847 5034 5497 5402 5191 5348 5512 5134 5320 5459 5422 4549 5102 5214 5003 5749 5480 5106 5810 5391 5038 5254 5519 4883 5165 5181 5005 5288 5085 5520 4932 5496 4971 5327 5380 4988 5208 5319 5213 5491 5445 5290 5333 5575 5141 5288 5201 5403 4959 5108 5733 4946 5306 5092 5258 5384 5003 5257 5547 5073 5439 5490 4736 5340 5162 5402 4925 5367 5157 5666 5462 4876 5385 5317 5388 5267 5694 5196 5407 5017 5294 5160 5699 5408 5059 5018 5467 5448 5239 5311 5515 5484 5336 5198 5119 5330 5101 5122 5586 5548 5216 5614 5357 5294 5248 5591 5470 5462 5352 4877 5080 5556 4857 5353 5530 5510 5259 5868 5596 5234 5682 5504 5195 5285 5498 5418 5230 5339 5025 5215 5390 5683 5271 5470 5313 5114 5186 5336 5319 5402 4744 5213 4976 5716 5651 5453 5529 5402 5398 5381 5328 
5537 5201 5111 5010 5188 5270 5331 5133 5524 5483 4892 5412 5545 5160 5309 5358 5185 5245 5478 5091 4800 5048 5390 5120 5280 5112 5580 5292 5422 5391 5451 5202 5333 5410 4923 5086 5499 5406 5324 5417 5281 5318 5687 5014 5379 5581 5680 5175 5378 4932 5341 5190 4950 4861 5466 5402 5121 5640 5692 5448 5212 5318 5532 5444 5271 5290 5512 5112 5250 5281 5475 5145 5837 5456 5182 5486 5528 5365 5524 5450 5211 5435 5167 5190 5452 5192 5076 5325 5420 5546 5611 5397 5280 5075 4982 5403 5358 5310 5369 4765 5692 5658 4869 5381 5206 4928 5176 5836 5326 5012 5439 5589 5133 5345 5558 5356 4809 5289 5025 5259 5894 5245 5376 5699 5257 5271 5505 5290 5114 5351 5227 4686 5435 4940 5764 5464 5262 5117 5521 5424 5162 5100 5265 5021 5796 5227 5043 5192 5838 5593 5228 5006 5299 5209 5101 5389 5060 5399 5291 5237 5317 5212 5231 5593 5147 5325 5454 4774 5241 4858 5407 5284 5422 5343 5744 5565 4767 5070 5397 5404 5156 5393 5081 4956 4965 5521 5247 5653 5516 5029 5075 5572 5556 5502 5172 5287 5285 5203 5166 5216 5242 5002 5189 5565 5646 5382 5700 5160 5690 4977 5511 5285 5557 5701 4873 5492 5926 4938 5805 5329 5545 5432 6015 5476 5092 5501 5367 5443 5321 5754 5732 5307 5001 5067 5291 5553 5491 5199 5434 5471 5613 5225 5487 5290 5367 4935 5326 5323 5484 5170 5257 5655 5038 5426 5480 5604 
5280 5232 5121 5319 5196 5549 5678 5318 5493 5383 4988 5386 6067 5138 5264 5459 5476 5207 5473 5165 4982 5337 5509 5451 5225 5351 5479 5567 5304 5415 5362 5440 5261 5522 4993 5238 5456 5614 5477 5240 5511 5587 5410 5313 5119 5522 5527 5508 5536 5020 5177 5142 5051 5084 5207 5284 5107 5641 5897 5455 4877 5525 5324 5987 5380 5095 5457 5248 5139 4988 5551 5262 5881 5546 5422 5404 5522 5458 5359 5384 5453 5209 5190 5431 5616 5111 5168 5732 5148 5498 5486 5217 5364 5082 5496 5560 5629 5539 5351 4841 5761 5250 4932 5315 5095 5081 5169 5583 5797 5536 5545 5392 4844 5174 5570 5537 4907 5413 5532 5421 5906 5506 5295 5793 5365 5089 5464 5436 5275 5158 5117 5264 5269 5277 5848 5169 5588 5261 5525 5589 5168 5531 5243 5430 5730 5328 5256 5384 5698 5232 5468 5315 5406 5098 4997 5308 4892 5513 5342 5131 5510 5085 5176 5607 5193 5607 5317 4969 5225 5138 5456 5282 5288 5418 5738 5958 4855 5153 5430 5689 5443 5686 5405 5080 5295 5643 5145 5598 5483 5076 5237 5530 5594 5204 5425 5519 5467 5030 5095 5363 5193 5424 5348 5433 5473 5466 5586 5516 5405 5106 5634 5509 5621 5608 5136 5387 5998 5173 5791 5220 5380 5355 5791 5181 5241 5668 5880 5358 5460 5709 5515 5244 5278 5356 5640 5345 5590 5435 5677 5337 5582 5176 5687 5221 5494 4755 5142 4937 5820 5428 5458 5313 5140 5545 5298 5535 
5738 4935 5229 5448 5205 5514 5472 5432 5394 5762 4985 5250 5691 5277 5622 5367 5268 5169 5569 5080 4942 5209 5388 5528 5213 5224 5488 5366 5491 5765 5419 5292 5365 5646 5198 5241 5444 5354 5336 5496 5484 5440 5639 5323 5332 5488 5725 5484 5713 5272 5351 5440 5245 5124 5385 5398 5219 5569 6094 5358 4969 5289 5722 5791 5405 5488 5676 5439 5075 5327 5939 5220 5964 5440 5447 5537 5606 5662 5412 5623 5031 5548 5062 5076 5359 5287 5231 5434 5586 5946 5402 5255 5475 5291 5270 5456 5393 5466 5565 5072 5473 5377 5340 5495 5175 4946 4972 5623 5406 5170 5392 5561 5047 5156 5514 5668 4733 5469 5243 5352 6112 5507 5305 5764 5419 5315 5326 4933 5144 5316 5428 4752 5276 4906 5642 5286 5620 5153 5656 5645 5314 5313 5313 5246 5786 5686 5306 5518 5542 5318 5631 5249 5415 5181 5081 5472 4716 5723 5278 5398 5663 5132 5427 5651 5396 5403 5865 5155 5194 5009 5586 5143 5371 5345 5648 5568 4980 5012 5393 5592 5460 5339 5414 5176 5114 5568 5227 5440 5469 5306 5376 5498 5523 5267 5284 5333 5474 5339 5054 5268 5227 5436 5280 5708 5330 5344 5790 5488 5357 5073 5914 5094 5384 5201 5160 5581 5702 4760 5747 4982 5573 5541 5979 5252 5293 5799 5523 5499 5493 5426 5763 5412 5272 5223 5268 5510 5543 5482 5420 4819 5479 5221 5523 5150 5563 4914 5090 5041 5538 5615 5400 5837 5324 5434 5720 5379 
6112 5349 5483 5490 5521 5897 5917 5849 5488 5790 5660 5715 6053 5415 5777 5608 5731 5242 5863 5488 5258 5397 5573 5396 5635 5532 5905 5853 5704 5717 5602 5505 5248 5694 5497 5387 5694 5728 5692 5751 5677 5686 5955 5630 5519 5643 5885 5923 5712 5223 5779 5474 5475 5377 5504 5679 5651 5824 6225 5603 5659 5636 5740 6475 5520 5551 5624 5364 5361 5568 6087 5816 6154 5716 5855 5765 6066 5684 5718 5759 5804 5659 5438 5517 5771 5379 5296 5634 5880 5825 5777 5717 5637 5454 5529 5869 5663 5769 5540 5099 5915 5738 5502 5600 5200 5147 5491 6122 5622 5706 5622 5528 5256 5734 5822 5994 5095 5812 5654 5605 6025 5655 5640 6160 5466 5382 5718 5806 5516 5425 5377 4870 5752 5233 6014 5390 5970 5233 5920 5836 5314 5763 5579 5713 5961 5923 5485 5544 5923 5675 5662 5557 5563 5197 5399 5744 5095 5867 5536 5535 5790 5582 5607 5783 5576 5478 6142 5425 5668 5297 5903 6010 5317 5683 6060 5882 4843 5679 5621 5865 5513 5751 5638 5467 5183 5599 5419 5870 6089 5655 5454 5656 5852 5766 5518 5637 5479 5388 5532 5474 5498 5743 5516 6053 5931 5836 6007 5630 5775 5255 5920 5601 5898 5869 5425 5811 6370 5366 5776 5589 5594 5840 5922 5594 5493 5763 5824 5688 5815 5783 6105 5623 5174 5607 5865 6058 5752 5488 6129 5445 5747 5350 5915 5613 5883 5154 5526 5414 5823 5638 5917 5922 5571 5685 6229 5702 
5187 4681 4853 5008 4876 5351 5194 5059 5080 5298 4858 4859 5415 4778 5031 5310 5097 4616 5243 4810 4813 4990 5255 5027 5148 4856 5302 5129 5003 5206 5037 4997 4712 5069 4892 4941 5042 5136 4929 5162 5261 5070 5397 4993 5266 5113 5243 5130 5158 4666 5139 5065 4927 4816 5067 4942 4994 5180 5628 5042 4966 5328 5205 5701 5174 5011 5267 4855 4739 5246 5319 5112 5528 5080 5121 5323 5319 5352 5083 5463 5148 5039 4843 4882 5203 4732 4594 5116 5379 5298 5084 5102 5141 4772 4637 5070 5239 4983 5142 4649 5176 5154 4925 4857 4661 4890 5066 5523 5108 4880 4941 5184 4723 5010 5303 5259 4577 5016 4781 4959 5478 5250 4862 5410 4898 4804 4832 5199 4703 4804 4865 4743 4904 4706 5454 4981 5119 4826 5390 5397 4918 4857 4924 5076 5336 5225 4904 5072 5401 4820 5006 5071 5042 4660 4897 5041 4801 5385 4912 4992 5185 5135 4939 5070 4971 4987 5233 4824 5000 4850 5220 4969 5155 5321 5364 5322 4623 5005 4943 5244 5025 4739 4923 4788 4611 5225 4791 5126 5333 4538 4864 5177 5171 5035 4896 5310 4876 4837 4803 5004 4955 5027 4847 5367 5288 4945 5459 5274 5091 4513 5279 4831 5253 5346 4867 4989 5324 4806 5487 4949 5071 5182 5480 4704 4970 5261 5100 5152 5210 5141 5161 4846 4708 4953 5352 4976 5089 5017 5510 5003 5141 4685 5171 4978 5549 4675 4684 4856 5028 5253 5017 5217 5064 5272 5191 5046 
5512 5010 5058 5095 4928 5548 5654 5097 5004 5307 5178 5194 5765 5145 5197 5339 5633 4791 5374 5196 4949 5140 5323 5363 5113 5302 5420 5539 5106 5326 5232 5159 5101 5464 5333 5183 5212 5340 5473 5432 5296 5383 5515 5292 5056 5419 5741 5360 5414 4759 5382 5386 5114 4867 5421 5529 5098 5571 6009 5708 4823 5417 5365 5690 5336 5254 5566 5169 5178 5451 5660 5399 5706 5465 5360 5455 5595 5342 5499 5364 5317 5446 5366 5201 5740 5318 5073 5370 5205 5492 5637 5183 5212 5336 5196 5528 5254 5109 5303 4706 5682 5210 5028 5225 5113 4950 5141 5684 5307 5136 5379 5302 5189 5138 5501 5540 4824 5357 5331 5290 5888 5212 5140 5785 5215 5000 5245 5533 5087 4968 5114 4622 5164 5181 5629 5151 5310 4934 5337 5760 5159 5384 5299 5269 5616 5296 5248 5320 5590 5324 5278 5390 5396 5074 4980 5567 4807 5514 5498 5365 5652 5096 5074 5370 5219 5347 5449 4950 5120 4832 5490 5118 5415 5427 5529 5524 4706 5265 5345 5656 5405 5191 5481 4966 5096 5498 5494 5561 5652 5053 5150 5533 5530 5127 5400 5557 5213 4991 5125 5375 5174 5108 5289 5717 5720 5349 5697 5141 5492 4940 5684 5179 5629 5446 5028 5370 5688 5012 5851 5272 5570 5443 5817 5398 5128 5621 5473 5824 5357 5753 5502 5107 5065 4986 5156 5299 5539 5197 5450 5299 5332 5250 5253 5253 5587 4931 5104 5236 5335 5683 5237 5411 5310 5302 5459 5342 
4857 4596 4379 4568 4531 5023 4723 4777 4605 4752 4519 4727 5176 4710 5029 4875 4665 4410 5070 4623 4332 4594 4655 4557 4812 4672 4866 4992 4683 5075 4458 4493 4663 4757 4755 4574 4863 4932 4727 4681 4926 4824 4920 4695 5049 4504 5091 4760 4868 4391 5025 4488 4503 4428 4792 4751 4687 4725 5201 4820 4764 4868 4917 5091 4773 4691 4922 4698 4644 4806 5257 4933 5284 4752 4827 4517 5146 4774 4817 4846 4624 4886 4623 4642 4847 4762 4481 4879 4811 5001 4753 4809 4907 4518 4666 4975 4926 5001 4605 4342 4940 4657 4399 4801 4679 4378 4491 4974 4881 4806 4797 4778 4625 4659 4828 4910 4188 4704 4958 4649 5192 4647 4715 5246 4776 4331 4542 4679 4423 4563 4730 4486 4498 4372 5276 4459 4899 4565 4998 4949 4477 4855 4667 4848 4931 4690 4791 4697 5013 4866 4751 4804 4796 4514 4571 4877 4255 5003 4622 4686 4995 4718 4718 4816 4781 4819 4997 4555 4887 4558 4903 4733 4689 4658 5056 5006 4450 4650 4850 4963 4814 5070 4586 4631 4345 4989 4782 4923 4979 4420 4624 4907 5132 4695 4575 4867 4756 4570 4782 4631 4495 4863 4665 4959 4766 4763 5138 4761 4769 4581 4768 4916 4910 4944 4590 4888 5028 4384 4944 4957 4658 4994 5104 4776 4554 4946 4938 4788 4810 4751 4887 4542 4585 4732 5114 4890 5130 4600 4860 4648 4860 4663 4783 4699 5020 4276 4593 4672 5085 4736 5074 4940 4751 4829 4740 5072 
4898 4948 4625 4697 4679 5204 5327 5067 4877 5026 4937 4979 5473 4652 5047 5012 5207 4636 5028 4879 4674 4984 5100 4925 4943 4966 5113 5347 4753 5173 4881 4807 4706 4965 4779 4844 4871 5056 5045 5074 5055 5209 5055 4984 4820 5105 5339 5266 5145 4713 5021 5078 4800 4830 4876 5111 4771 5159 5377 5012 4861 5087 5045 5581 5107 4966 4962 4653 4933 4991 5210 5116 5698 5025 5118 5294 5344 5509 5054 4968 5080 5105 5040 4744 5149 4816 4695 5263 5173 5145 5085 4981 5005 4708 4686 4985 4935 5090 4870 4407 5427 4797 4816 5060 4590 4650 4840 5193 5139 4976 5166 5239 4669 4920 5100 5234 4624 4928 5007 4868 5594 5022 4866 5328 4891 4926 4934 4962 4795 4855 4500 4665 5114 4594 5242 4806 4855 4829 5171 5148 4603 4797 5030 4842 5149 4930 5037 5196 5319 5119 4980 4770 4879 4725 4672 5184 4611 5183 4893 5094 4980 4764 4931 4928 4926 5167 5293 4782 5042 4581 5215 5140 5149 5169 5309 5065 4643 5207 4884 5181 5221 5226 5000 4774 4661 5293 4770 5170 5456 4829 4778 5088 5163 4992 5138 5321 4888 4809 5012 4785 4834 5201 4758 5213 5209 5318 5260 5165 5350 4824 5500 4694 5253 5187 4617 5136 5503 4617 5341 4973 5115 5107 5428 5181 5072 5285 5011 5237 4998 5379 5352 5046 4791 4964 4987 5040 5188 5110 5409 5000 5040 4855 5394 5073 5461 4657 4925 4857 5304 5218 5204 5092 4843 5139 5121 4703 
5236 4946 4600 4760 4850 5238 5080 4893 4997 4982 4701 4892 5402 4650 4958 4854 5080 4681 4907 4726 4597 4919 5274 4948 4834 4857 4993 5069 5068 5229 5088 4877 4876 4853 4691 4752 4980 5382 5232 5159 4896 5232 5265 4852 5065 5096 5069 4822 5044 4570 4943 5017 4740 4835 5019 5022 5064 5129 5481 4956 4655 5271 5151 5360 4911 4794 5104 4595 4707 5090 5300 5063 5583 4952 5022 5172 5108 5134 4979 5197 4732 5220 4855 4711 5050 4952 4825 5214 5158 5057 5249 4963 5163 4469 5025 5338 4902 4860 5122 4479 5249 4813 4672 5089 4960 4682 4729 5282 4784 4759 5133 4916 4937 4867 5044 5296 4378 5127 4942 4811 5594 5072 4870 5415 5048 5040 4836 4763 5006 4903 4819 4607 5080 4546 5160 4891 5149 4662 5190 5037 4715 5062 4914 4849 5239 5282 4829 4920 5133 4913 5000 5266 4965 4569 4776 5034 4396 4962 5146 4958 5044 5002 4989 5184 5022 5091 5159 4660 4977 4518 5475 5012 4846 5246 5209 5115 4399 4984 4790 5071 4982 5015 4689 4904 4648 5227 4799 5039 5330 4758 4679 4935 5170 4890 4907 5165 5223 4913 4916 4891 4786 5202 5060 5360 5342 5041 5168 4814 4876 4614 5203 4771 5377 5191 5043 5210 5693 4801 5131 5164 4960 4993 5427 4990 4858 5124 5235 5214 4710 5222 5202 4964 4801 4813 4847 5005 5356 4836 5060 4902 4838 4833 5233 4733 4814 4664 4658 5109 5250 5083 5117 5257 4960 4947 5033 4777 
5275 4709 5056 4844 4910 5237 5068 5398 4825 5233 4579 5129 5277 4804 4976 5270 5118 4814 5252 4734 4599 4857 5050 4861 4897 4947 4961 5134 4910 5170 4844 4891 4971 4814 4681 4748 5052 5222 5220 4942 5009 5167 5004 4858 5051 5173 5308 4939 5233 4777 5138 5019 4817 4683 4890 4861 4785 5014 5334 4977 4977 5079 5201 5556 4992 4714 5174 4892 4628 5231 5245 4838 5520 5090 5087 5087 5048 5270 4759 5058 4987 5131 4754 4742 5046 4997 5057 4986 5172 5341 5021 4646 4810 4659 4979 5250 5272 5011 5156 4581 5398 4843 4808 4981 4711 4628 4860 5409 4878 4847 4983 5109 4875 4998 5066 5028 4753 5044 4904 4876 5623 4839 5015 5543 5079 5026 4841 5098 4977 4877 4939 4621 4858 4634 5435 4863 5199 4800 5135 5301 4628 5229 5011 4934 5244 5015 4828 4824 5354 4990 5144 5285 4853 4661 4677 5082 4505 4931 5004 4916 5165 4819 4919 5116 5035 5283 5289 4877 4969 4798 5202 4867 4863 5127 5279 5219 4307 4995 4814 5028 4992 5034 4770 4823 4658 4967 4721 5109 5469 4958 4962 5211 5143 4759 5081 5227 5072 4795 4681 4815 4810 5294 5026 5427 4962 5117 5217 5252 5008 4699 5263 5036 5170 5151 4749 4803 5744 4940 5405 5031 4954 5039 5632 5159 4995 5255 5080 5285 4912 5181 5278 4850 4614 4703 4960 5331 5406 4932 5262 4750 4943 4711 5255 4954 5240 4646 4689 4683 5137 5036 5032 5062 5043 5247 5234 5083 
5210 4758 4959 4754 4878 5365 4849 5059 4948 4818 4629 4932 5163 4853 5085 5095 5038 4691 4975 4814 4468 4737 5045 4831 5018 4736 5106 5307 4973 5214 4833 4788 5041 5231 4844 4828 4988 5160 4921 4938 4931 4874 5135 4741 5117 5150 5322 5033 4937 4740 4937 4808 4495 4751 4993 4870 4807 4950 5491 5026 4911 5116 5241 5498 4572 4948 5085 4876 4888 4549 5196 4975 5391 5182 5028 4880 5221 5050 5026 5261 5138 4973 4754 4803 5108 4733 4750 5104 5227 5172 5131 4759 5028 4484 4726 5109 5023 5081 4881 4469 5207 4779 4860 5063 4799 4774 4638 5312 5324 4946 5229 4944 4434 4834 4999 5289 4334 4885 4967 4764 5352 4950 4630 5355 5051 4673 4996 4853 4703 4850 4819 4630 4790 4699 5228 5095 4848 4621 5375 5337 4664 4971 4850 4490 5313 4963 4844 5113 5046 4883 4978 4931 5122 4647 4848 4909 4553 5107 5028 4735 5059 5076 5107 5064 5005 5233 5084 4781 4967 4726 4954 5098 4837 5015 5141 5243 4528 4804 4783 5431 4763 4877 4884 4830 4697 5092 4854 5025 5344 4736 4713 5017 5288 4827 4846 4904 5100 4714 4854 4905 4752 5061 4663 5241 4832 4996 5356 4880 5393 4671 5240 4722 5066 5215 4745 5046 5737 4867 5216 5113 4980 5084 5345 4981 4887 5318 5109 5055 5042 5261 5291 5070 4588 5005 5071 5025 5391 4935 5317 4722 5209 4985 5111 4801 5221 4507 5096 4965 4946 5045 5204 5209 4698 5131 5006 4980 
5412 5030 5195 5171 5066 5298 5520 4957 5222 5422 5136 5407 5474 5229 5100 5347 5217 5001 5593 4863 4858 4940 5447 5119 5037 4871 5280 5417 5187 5290 5270 4814 4996 5331 5023 5161 5228 5415 5170 5160 5355 5316 5585 5119 5233 5600 5352 5378 5294 5028 5485 5140 4932 4773 5256 5216 5221 5505 6010 5227 5042 5192 5524 5706 5434 5124 5444 5277 4933 5095 5691 5150 5546 5266 5067 5388 5361 5396 5301 5231 5190 5266 4954 5165 5328 4929 4803 5476 5345 5234 5425 5084 5371 5096 4889 5260 5094 5329 5350 4676 5638 5323 4960 5096 5054 4933 4957 5567 5440 5011 5191 5286 4896 5147 5537 5344 4751 5307 5177 5451 5726 5478 5055 5643 5181 5153 5057 5119 5181 5151 4993 4593 5118 5183 5392 5376 5429 5020 5291 5533 5349 5065 4817 5275 5605 5307 5136 5245 5770 5280 5287 5207 5399 5012 5009 5410 5086 5404 5392 5144 5340 5174 5111 5232 5157 5495 5411 5105 5096 5106 5286 5166 4871 5306 5548 5547 4776 5026 5153 5264 4877 5383 5244 4882 5072 5531 5127 5389 5622 4766 4913 5336 5499 5096 5273 5235 5281 5021 4915 5270 5103 5229 4943 5702 5388 5353 5552 5075 5297 4863 5722 5057 5327 5558 5081 5252 5848 4993 5589 4936 5344 5302 5982 5048 5078 5279 5286 5268 5536 5524 5557 5112 4933 5167 5101 5421 5220 5105 5351 5148 5199 5172 5174 5074 5566 4551 5092 4824 5248 5314 5302 5309 5019 5407 5285 5180 
5143 4900 4758 4794 4782 4972 5321 4733 4813 5004 4705 4746 5416 4766 4832 5137 5074 4865 4867 4660 4553 4918 5154 4854 4774 5239 5275 5175 5244 5054 4955 5069 4812 5147 4993 4952 5173 5162 5035 5230 5096 5089 5218 4826 4847 5004 5315 4952 5100 4776 5252 4937 4665 4771 5074 5058 4693 5162 5459 4888 4619 5159 5358 5244 5104 5203 5200 4971 4854 5203 5168 5247 5484 5181 4906 5032 5118 5258 5194 5249 5047 5119 4989 4793 5403 4942 4681 5304 5146 5284 5087 4980 5057 4654 4998 5249 5133 4938 5141 4868 5228 4917 4841 4821 4735 4747 4818 5327 5097 4819 4954 5006 4935 5051 5191 5237 4361 5024 5016 5012 5798 5210 4886 5417 5056 4811 4898 4935 4771 4811 4729 4713 4900 4658 5325 4622 5187 4561 5262 5211 4885 5125 4941 5181 5384 5344 4840 4986 5369 4895 5212 5009 5229 4868 4751 5073 4683 5137 4761 5025 5074 4937 4983 5378 4941 5209 5269 4859 4920 4666 5125 4847 5069 4945 5280 5062 4533 4786 4937 5150 5031 4752 4875 4616 4940 5200 4911 5152 5254 4653 4834 4990 5402 4945 5025 5048 4981 4726 4780 5107 4833 4801 4946 5357 5141 5007 5444 5031 4908 4404 5271 4900 5337 5272 4770 5105 5302 4766 5484 4664 5254 4995 5428 4943 4752 5421 5155 5236 5038 5272 5189 4995 4916 5000 5081 5125 5286 5078 5313 4694 5171 4718 5271 4794 5214 4571 4764 4679 5277 5163 5123 5146 4815 5037 5246 5189 
5222 4676 4633 4887 4903 5085 5201 4821 4983 5156 4865 5073 5318 4768 5034 5298 5108 4900 5198 4629 4534 4825 5018 5102 4826 4759 5297 4981 5140 5241 5188 4990 4771 5013 4772 4873 5182 5449 5142 5216 5246 5077 5256 5010 5159 4939 5451 5108 4897 4725 4868 4887 4703 4540 5182 4954 4692 5007 5360 4961 4869 5121 5154 5362 5128 5086 5257 4868 4893 4988 5246 5128 5300 4918 4990 4906 5366 5147 5208 5030 4813 4957 4915 4657 5179 5012 4944 5334 5077 5410 5120 5039 5191 4924 4949 5258 5184 4991 5104 4658 5476 4950 4861 4981 4762 4825 4981 5325 4946 4808 5058 5157 4718 5021 5230 5122 4587 5091 5057 4846 5670 5136 5110 5423 4898 4825 5146 4901 4883 4884 5026 4795 4752 4843 5172 4987 4968 4789 5225 5271 4932 4975 5042 5405 5455 5299 5000 4961 5294 5176 4843 5099 5095 4837 4703 5242 4666 5312 5109 5083 5191 4706 4859 5374 5050 5174 4886 4724 5058 4641 5405 5007 4983 5162 5282 5280 4463 4960 4983 5016 5301 5123 4899 4944 4693 5242 4720 5207 5134 4815 4933 5079 5152 4996 4979 5107 5199 4780 4762 4613 4836 5075 4729 5308 5100 5110 5501 5106 5165 4684 5213 5108 5181 5186 4925 5026 5356 4642 5096 4851 5140 5084 5306 5249 4992 5379 5239 5219 5192 5359 5250 4917 4793 4891 5207 5383 5473 4912 5285 5001 4963 4739 5124 5064 5173 4734 4857 4854 5283 5340 5289 5079 5127 4951 5258 5276 
5512 4655 5139 5067 5089 5095 5456 5337 5183 5467 4853 5194 5440 5193 5408 5212 5388 4956 5354 4953 4874 5196 5160 5241 5263 5056 5300 5337 5242 5274 5186 5080 4924 5131 4998 4883 5361 5386 5188 5421 5193 5276 5575 5169 5123 5171 5358 5220 5263 5012 5224 5231 5090 4953 5055 5182 5309 5448 5751 5226 4943 5400 5490 5529 5130 5110 5534 5126 4687 5170 5453 5279 5628 5112 5442 5261 5409 5283 5204 5291 5190 5406 5031 5044 5361 4929 4758 5289 5473 5358 5209 5157 5299 4959 4943 5282 5142 5291 5309 4988 5649 5154 5063 5307 5118 5023 4944 5431 5333 5095 5271 5097 4948 5004 5359 5183 4738 5358 5230 4788 5649 5355 5226 5670 4935 4894 4982 5081 5078 4797 4947 4931 5290 4844 5564 5280 5415 5083 5240 5256 4893 5109 5176 5077 5509 5586 5132 5391 5325 5142 5185 5333 5081 5185 4822 5316 4778 5447 5148 5298 5436 4987 5197 5353 4938 5083 5266 4790 5229 4946 5507 5326 4916 5400 5582 5509 4621 5117 5252 5303 5032 5277 5094 5047 5094 5303 4971 5315 5606 5308 5086 5258 5342 5266 5054 5215 5031 5044 5078 4999 5135 5298 5204 5451 5459 5343 5390 5274 5180 4980 5565 5168 5478 5343 5080 5156 5745 4898 5411 5199 5272 5642 5922 5097 5212 5335 5493 5183 5224 5276 5151 5143 5043 4947 5341 5270 5108 5023 5293 5224 5244 4851 5143 5121 5606 4878 4961 4815 5405 5271 5213 5331 5361 5396 5279 5276 
4920 4730 4662 4799 4718 4801 4997 5028 4884 5206 4827 5204 5477 4879 4889 5202 4909 4671 5277 4861 4558 4450 5039 4768 5023 4960 5251 5300 4890 5070 5215 5145 4749 4898 4758 4874 4844 4916 4996 5114 5048 5048 5180 4814 5011 4833 5217 5255 5011 4701 5110 4853 4732 4593 4946 4829 4801 5145 5467 5236 4672 5085 4987 5316 4907 4803 5314 4540 4828 4938 5125 5036 5486 5013 5033 4982 5406 4890 5198 4760 4998 4933 4828 4747 5237 4947 4943 5201 4963 5326 5179 4824 5038 4738 4861 5395 5071 5027 4972 4594 5019 4991 4628 5014 4931 4699 4794 5638 5098 5131 5230 4880 4535 4888 5193 5156 4443 4938 4659 5003 5355 4981 5019 5431 4912 4646 4737 5046 4903 4720 4766 4578 4895 4617 5201 4915 5124 4824 5450 5230 4808 4829 5098 4968 5414 5199 4837 4973 5035 4970 4990 4976 4898 4569 4693 5046 4455 5089 4892 4752 5183 4919 4880 5010 5024 4994 5199 4729 4978 4698 5192 4756 4815 5178 5234 5322 4553 4760 5096 5025 4925 5131 5093 4861 4642 4983 4933 5357 5187 4917 4944 5033 4973 5074 4990 5044 5052 4677 4930 4898 4882 5107 4740 5315 5490 5163 5342 5016 5289 4740 5248 5078 5461 5350 4730 5004 5526 4864 5263 5028 4987 4774 5585 5104 4805 5207 5030 5063 5268 5196 5387 4883 4886 4891 5187 5091 4935 4849 5237 5175 5059 4955 5187 4935 5414 4582 4905 4815 5021 5138 5282 4929 4940 5126 5061 5106 
5158 5003 5354 4933 4974 5218 5291 5487 5060 5235 5157 5422 5614 5005 5270 5424 5310 4902 5380 5124 4805 5121 5216 5231 4792 5072 5580 5398 5442 5317 5132 5106 5010 5351 5072 4972 5214 5563 5234 5081 5415 5395 5412 5059 5163 5318 5327 5038 5266 5186 5167 5286 5029 5023 5044 4914 4884 5306 5653 5523 4862 5192 5551 5752 5179 4957 5559 4940 4831 5198 5439 5165 5978 5187 5193 5227 5570 5412 5228 5231 5181 5470 5035 4892 5491 5198 5001 5580 5340 5577 5494 5245 5152 5268 5094 5464 5166 5123 5077 4888 5601 5379 5163 5284 5078 4893 5143 5435 5421 5096 5251 5231 5100 5094 5337 5446 4774 5267 5237 5094 5667 5157 4965 5416 5106 5222 5326 5207 5068 5320 5015 4819 5127 4966 5698 5244 5143 5268 5297 5342 5015 5376 5208 4994 5675 5029 5133 5387 5460 5221 5426 5279 5235 4747 4921 5420 4691 5128 5119 5051 5330 5380 4912 5500 5174 5176 5534 5014 5388 5097 5351 4925 5080 5211 5322 5540 4645 5124 5300 5427 5083 5387 5188 5182 5090 5193 5112 5416 5599 5181 4812 5299 5570 5053 5106 5369 5329 4994 5076 5177 5075 5152 4962 5509 5293 5413 5744 5406 5649 5015 5396 5034 5742 5367 5166 5330 6050 5024 5623 5250 5175 5345 5756 5400 5137 5297 5290 5603 5350 5378 5369 5378 5030 5073 5122 5603 5435 5060 5451 5041 5288 5190 5402 5110 5520 4700 5181 4926 5292 5101 5430 5552 5266 5339 5377 5266 
5018 4890 4943 5079 5097 5274 5097 5080 4955 5333 4912 5179 5727 4814 5025 5059 4981 4721 5125 4684 4471 5144 5351 5069 4860 4903 5230 5117 5075 4973 5067 4855 4834 5368 4745 4923 5111 5239 4927 5209 5268 5134 5399 5001 4987 5107 5305 4942 5145 4720 4877 5186 4917 4554 5080 5150 4955 5353 5515 5165 4636 4943 5232 5572 4931 5049 5274 4970 4841 5177 5283 5005 5261 5118 4889 5399 5258 5236 5442 5186 5144 5246 4778 4910 5208 5032 4971 5255 5200 5338 5239 5032 5037 5140 4750 5143 5324 4934 4991 4600 5221 5152 4866 5112 4811 4762 4844 5406 5235 4820 5143 5139 4853 5174 5221 5099 4505 5071 4766 5223 5457 5179 4976 5562 4747 5009 4891 5048 4872 4803 4779 4474 4921 4823 5369 4995 5133 4888 5199 5285 4790 4990 4997 4956 5331 5178 5012 5284 5395 5009 5055 4952 5205 4686 4728 4937 4614 5256 4886 5097 5195 5087 4768 5215 4920 5100 5340 4642 5068 5067 5349 5012 5153 5285 5523 5417 4534 4860 5219 5381 4905 5319 4901 4685 4684 5132 5076 5160 5030 4787 4691 5141 5459 4839 5095 5173 4949 4943 4743 5042 4763 5056 4791 5366 5135 5251 5079 5209 5113 4816 5168 4923 5238 5423 4717 4931 5565 4695 5482 5048 4973 4966 5643 4954 4793 5169 5456 5099 5052 5377 5518 4931 4911 4825 5041 5029 4982 4968 5210 4877 4920 4924 5417 4999 5213 4641 4834 4959 5236 5207 4778 5350 5116 5017 5113 5206 
5386 4849 4877 4954 4985 5240 5224 5250 5356 5299 5018 5109 5576 4942 5235 5422 5430 4948 5371 4974 4993 5138 5230 4960 5300 4955 5400 5178 5349 5298 5068 4969 4961 5165 4909 5069 5198 5404 5249 5293 5049 5292 5424 5218 5437 5359 5386 4808 5357 5047 5199 5271 4995 4877 5311 5402 5100 5293 5777 5187 4887 5260 5156 5510 5177 5258 5414 5065 4954 5223 5415 4986 5756 5326 5241 5161 5263 5228 5383 4989 5146 5159 5068 4813 5168 4923 4806 5276 5372 5252 5192 5203 5143 4732 5133 5085 5106 5271 5137 4852 5597 5092 5157 5016 4979 4925 4794 5275 5202 5072 5133 5153 4831 5096 5413 5274 4659 5333 5158 5206 5678 5478 5132 5260 5276 4960 5186 5241 4904 4809 5101 4880 5029 4823 5327 4933 5182 4902 5427 5434 4900 5413 4900 5029 5374 5545 5034 5110 5443 5432 5141 5344 5275 4954 4888 5561 4756 5305 5143 5214 4902 5010 4910 5444 4971 5378 5379 4721 5069 4737 5525 5267 4971 5148 5422 5220 4772 5188 5106 5443 5224 5312 4899 5105 4870 4979 4990 5319 5349 4800 4819 5192 5150 5133 4987 5378 5072 4921 4745 4993 4837 5170 4885 5570 5461 5261 5620 5345 5412 4917 5268 5091 5246 5427 4813 5127 5871 5106 5453 5401 5316 5191 5832 5347 4982 5375 5526 5285 5369 5387 5392 5071 4834 5110 5176 5217 5545 5386 5327 5194 5217 4914 5071 5075 5263 4614 4875 5066 5327 5148 5191 5254 4955 5426 5457 5295 
5281 4662 4759 4801 4714 5216 5016 4959 5101 5282 4809 4959 5443 4219 4888 5049 4928 4772 4948 4833 4465 4604 5282 4736 4840 4547 5049 5010 5017 5209 5130 4920 4787 5053 4694 4675 5310 5153 4944 5053 5091 5010 5443 4823 5095 5066 4893 4888 5239 4924 4886 5202 4660 4747 5088 4920 4892 5316 5488 4878 4717 5003 4817 5427 4872 5058 5261 4929 4547 5019 5175 4983 5438 5038 4874 5004 5180 4913 5248 5146 4739 5156 4663 4829 5251 4877 4825 5259 5116 5007 5295 4971 5126 4572 4887 5304 4925 4969 4810 4585 5428 4710 4771 5026 4776 4783 4538 5223 4968 5030 4911 5150 4701 4841 5110 4891 4496 4951 4958 4746 5617 4854 4800 5298 5191 4856 4967 4714 4841 4971 5200 4261 4922 4731 5142 5053 5184 4606 5026 4966 4797 4930 4702 4645 5419 4928 4865 5084 4979 4912 5092 4830 4855 4708 4866 5108 4612 5057 5023 4833 4979 5038 4829 5353 4830 5305 5236 4486 4677 4595 5108 4855 4836 5184 5232 5115 4542 5036 4786 5305 4942 4830 4844 4790 4801 5155 4925 5123 5087 4865 4628 5005 5304 4923 5007 4993 5013 5095 4900 4929 4723 4922 5035 5293 5329 5085 5085 5071 5130 4801 5144 4841 5419 4972 4699 5412 5380 4842 5436 5010 4847 4975 5521 5054 4837 5284 5233 5064 4813 5359 5361 4777 4589 4828 5026 5131 5234 4912 5148 5098 4967 4686 4947 4691 4997 4423 4767 4890 5095 5342 5002 4978 4645 5092 4845 5013 
5255 4992 4869 4961 5014 5221 5367 5291 5115 5194 5136 5156 5762 5039 5027 5127 5245 4896 5219 4955 4876 4672 5263 5017 4912 4821 5491 5176 5212 5245 4763 4953 4904 5328 5094 4956 5236 5516 5216 5322 5202 5222 5419 5066 5141 5091 5357 5117 5220 4796 5062 4975 4984 4639 5010 5021 4980 4969 5626 5176 4827 4972 5234 5544 5201 5031 5261 4883 5005 5172 5461 5086 5569 4982 4984 5173 5395 5089 5320 5136 5121 4999 4899 4947 5412 4986 5029 5381 5328 5290 5255 4987 5209 4693 5072 5455 5155 5159 5043 5032 5446 5073 4825 5175 4877 4710 4809 5337 5200 5249 5103 5170 5019 5057 5411 5007 4619 5241 4985 5171 5850 5147 5071 5419 4964 4754 5125 5136 5129 4920 5004 4920 4926 4915 5333 4958 5087 4961 5124 4962 4930 5249 4941 4920 5331 5243 5140 5185 5474 4987 5323 5200 5257 4670 4750 5188 4618 5175 4960 4976 5072 5063 4896 5427 5001 5371 5299 4813 5341 4737 5127 4934 5082 5078 5159 5288 4611 5093 5146 5309 4826 5436 4932 5257 4979 5112 5123 5463 5278 5059 4714 5113 5470 5050 5056 5169 5053 5009 4838 5071 5005 5173 4915 5436 5365 5135 5194 5460 5113 4755 5528 5181 5470 5331 4861 5129 5472 4776 5366 5104 5220 5306 5719 5190 5165 5190 5384 5201 5202 5106 5309 5049 4967 4863 5382 5200 5441 4927 5169 5062 4997 4987 5361 5047 5369 4620 4908 4927 5426 5231 5331 5151 5036 5244 5354 5306 
5305 4872 5011 4954 4520 5318 5090 5074 5183 5164 4711 4944 5227 4826 5000 5342 4899 4706 5176 4673 4556 4715 5228 5048 4897 4600 5385 5212 5293 5357 5171 4825 4608 5227 4883 5172 4986 5114 5055 5004 5134 4928 5039 4915 5040 5081 5086 5235 4992 4877 5190 4841 4628 4427 5202 5123 4825 5166 5447 4981 4962 5114 5061 5294 4842 5123 5218 4920 4687 5216 5281 5071 5624 4942 5038 5440 5069 5046 5418 5134 5101 4856 5005 4889 5319 5022 4843 5190 5414 5226 4819 5020 5043 4811 4748 4910 4886 4984 5043 4902 5395 4801 4676 4854 4588 4606 4866 5243 4927 4839 4900 5116 4468 4941 5247 5086 4669 5159 5041 4754 5481 5122 4913 5298 4937 4983 4893 5026 4902 4864 4967 4659 4911 4743 5216 5099 5197 4697 5397 5486 4732 4886 4834 4982 5252 4877 4826 5101 5368 4998 5306 5077 5036 4713 4816 4970 4686 5438 4737 5062 5057 5077 4723 5195 4767 5164 5464 4784 5150 4992 5113 4939 5193 5078 5238 5214 4627 4785 4713 5129 4949 5015 5038 4839 4970 5208 4780 5115 5094 4834 4891 5073 5292 4903 5103 5068 5159 4883 4987 4818 4816 4989 5110 5353 5130 5022 5202 5326 5192 4712 5330 4829 5268 5119 4797 5263 5709 4884 5069 4996 5240 5024 5360 4971 4909 5211 4934 5194 5123 5253 5304 4957 4821 4964 5196 5102 5123 4744 5321 4869 5093 4888 5220 4807 5544 4749 4932 4862 5190 5054 4970 5136 5013 5150 5175 4917 
5170 4826 4896 4965 4711 5314 5180 4810 5194 5291 5070 5044 5308 4938 5067 5077 5279 4657 5259 4878 4779 4935 5242 4968 5131 5092 5372 5369 5249 4977 5152 4865 4715 5152 4985 4979 5191 5577 5052 5169 4904 5489 5659 5182 4959 5219 5042 5223 5220 4952 5224 5300 5066 4704 5207 5317 5084 5162 5775 5490 4860 5272 5205 5729 5279 5024 5324 5254 4828 5107 5663 5246 5467 5006 5197 5195 5338 5168 5165 4969 5199 4988 4910 5092 4998 4968 5031 5542 5418 5286 5263 5180 5256 4850 5083 5203 4695 5071 5016 4604 5603 5063 4841 4842 4837 4681 4911 5344 5291 5126 5284 5336 4736 5111 5423 5299 4671 5026 5066 4959 5509 4841 4932 5425 4996 4910 5227 5123 5092 5057 4867 4586 4995 4915 5569 5340 5197 4636 5126 5319 5010 5132 4714 5042 5524 5417 4925 5273 5235 5256 5144 5354 5076 4534 4986 5362 4985 5323 5111 5203 5209 5029 4904 5378 5092 5228 5253 4708 4971 4895 5183 5073 4850 5430 5253 5588 4735 5014 4992 5282 5119 5230 5196 4881 4792 5217 5029 5483 5257 4819 4950 4957 5377 5163 4815 5156 5195 5094 4670 4825 5137 5001 4856 5499 5223 4974 5326 4950 5080 4594 5569 4873 5452 5260 5056 5289 5677 5025 5318 5035 5153 5176 5448 5156 5155 5286 5118 5402 5374 5553 5409 4936 4604 5040 4982 5018 5183 5050 5556 5011 5015 4907 5107 5225 5209 4740 4991 4934 5390 4953 5001 5140 5218 5158 5174 5463 
4766 4381 4141 4567 4657 4845 4667 4489 4658 4760 4405 4798 5304 4477 4623 4832 4944 4712 4680 4611 4347 4639 4703 4901 4877 4616 4976 4890 4775 4935 4664 4464 4413 4529 4643 4371 4743 4780 4775 4667 4575 4779 4819 4634 4622 4904 4889 4837 4715 4300 4559 4814 4616 4675 4601 4799 4387 4969 5308 4593 4653 4586 4949 5206 4785 4581 4857 4604 4573 4704 5179 4610 5221 4646 4374 4794 4906 5066 4613 4844 4558 4783 4607 4500 4764 4790 4503 4530 4575 4763 4908 4466 4610 4498 4433 4891 4751 4888 4623 4156 4803 4692 4513 4737 4845 4332 4469 4992 4680 4477 4869 4610 4418 4579 4685 5015 4109 4671 4667 4710 5339 4842 4559 5154 4797 4673 4833 4561 4588 4446 4543 4356 4705 4451 5011 4702 4599 4372 4886 4811 4369 4526 4730 4684 4953 4858 4716 4947 4869 4965 4647 4604 4641 4684 4505 4731 4311 4706 4580 4741 5050 4510 4639 4854 4797 4697 4885 4241 4618 4622 4646 4715 4827 4881 4891 4837 4401 4535 4662 5040 4672 4950 4713 4393 4593 4939 4472 4850 4983 4518 4410 4717 4915 4785 4653 4790 4655 4565 4547 4499 4464 4482 4640 4877 4737 4870 4834 4796 4917 4560 4829 4392 5082 4838 4345 4512 5181 4377 5150 4721 4666 4805 5218 4818 4874 5033 4668 4954 4565 4938 5023 4733 4880 4538 4867 4915 5197 4804 4984 4655 4653 4626 4895 4462 4873 4477 4471 4476 4773 4831 4806 4822 4546 4693 4813 4903 
5715 5163 5006 5074 5167 5720 5388 5395 5335 5331 4980 5483 6104 5114 5573 5441 5410 5100 5328 5222 4904 5234 5276 5262 5264 5084 5575 5250 5398 5300 5593 5217 5365 5481 5230 5167 5292 5586 5724 5546 5394 5461 5787 5113 5532 5626 5608 5355 5627 4942 5543 5313 5155 5340 5546 5369 5160 5639 6010 5712 5112 5634 5477 5860 5096 5352 5731 5230 4936 5534 5887 5405 5766 5742 5678 5585 5740 5461 5569 5475 5278 5368 5414 5383 5556 5247 5183 5441 5711 5596 5524 5226 5306 5084 5179 5431 5491 5222 5174 4880 5741 5437 5101 5478 5238 5116 5132 5574 5507 5305 5465 5421 5217 5455 5715 5441 4909 5313 5394 5253 6057 5449 5289 5684 5549 5131 5291 5682 5245 5185 5349 4947 5236 5347 5793 5276 5365 5310 5512 5667 5321 5469 5353 5246 5767 5502 5299 5277 5809 5438 5417 5642 5505 5209 5146 5423 4966 5544 5313 5185 5526 5409 5368 5580 5405 5411 5775 4848 5563 5094 5604 5299 5298 5543 5566 5552 4815 5380 5538 5650 5284 5419 5519 5223 5167 5576 5287 5473 5874 5115 5103 5545 5547 5436 5205 5283 5494 5238 5171 5295 5122 5389 4814 5339 5575 5623 5678 5455 5520 5045 5789 5315 5570 5688 5090 5896 6140 5053 5753 5245 5667 5251 5874 5335 5064 5526 5611 5427 5356 5700 5882 5294 5369 5174 5331 5508 5469 5466 5513 5558 5402 5154 5611 5275 5628 5148 5216 5300 5592 5359 5503 5424 5324 5469 5729 5553 
5380 4879 4924 5120 4740 5333 5369 5198 5186 4874 4924 5100 5476 4966 5291 5430 5477 5081 5136 5214 4818 4854 5384 4939 5138 4873 5697 5190 5168 5364 5261 5027 5134 5345 5093 5082 5318 5412 5294 5181 5285 5331 5368 4908 5269 5262 5315 5173 5284 4896 5020 5048 5005 4868 5330 5113 5221 5334 5766 5132 4967 5385 5296 5431 5305 5196 5510 4878 4942 5238 5431 4979 5739 5115 5276 5231 5510 5208 5457 5323 5231 5302 5164 4967 5405 5022 5249 5212 5155 5218 5339 5298 5184 4841 5360 5518 5240 5200 5304 4971 5621 5223 4867 5191 5041 4899 5006 5229 5318 5214 5157 4923 4789 5141 5223 5368 4694 5277 4994 5127 5763 5244 5208 5497 5005 5089 5091 5257 4808 4940 5007 4542 5209 4806 5545 5107 5331 4758 5282 5416 5038 5208 5172 5042 5510 5122 5085 5063 5460 5272 5347 5259 5127 5112 4584 5294 4649 5480 5337 5133 5281 5163 4996 5545 4835 5211 5688 4834 5149 5007 5523 5178 4863 5207 5294 5279 4666 4884 5232 5413 5174 5230 5150 5136 4875 5410 5099 5100 5577 4918 4974 5525 5404 5123 4997 5348 5266 5128 5023 4978 4930 5270 5182 5600 5256 5064 5485 5384 5226 5110 5510 4887 5336 5345 5047 5158 5522 4942 5608 5071 5417 5305 5878 5383 5069 5467 5395 5325 5326 5278 5455 5032 4946 4912 5312 5406 5366 5254 5190 5150 5460 4856 5308 5170 5390 4845 5036 4786 5468 5627 5265 5390 5111 5109 5413 5425 
5345 4730 4751 4818 4841 5128 5243 4996 5143 5245 4937 4977 5355 4606 4844 4980 5157 4846 4998 4923 4766 4899 5214 5008 4952 4513 5198 5132 5244 5205 5030 4748 5003 5023 4954 5066 5179 5099 4919 5075 4980 4805 5280 4908 4845 5133 5238 5102 5143 4668 5008 5032 4880 4635 4883 5030 4715 5232 5363 4946 4707 5206 5365 5371 5114 4952 4933 4695 4793 5029 5319 5074 5430 5150 4968 5095 5200 5158 5223 5072 5277 4835 4761 4910 5104 4977 4732 5167 5017 5054 5065 5015 5010 4839 4893 5159 4930 5251 4879 4563 5380 4913 4667 4845 4961 4771 4860 5134 4939 4836 5033 5187 4654 4996 4934 5224 4281 4904 4929 5163 5512 5001 4781 5201 4814 4956 4904 5161 4854 4810 5079 4359 4857 4783 5293 4955 5077 4816 5050 5112 4734 5126 4998 4919 5370 4877 4728 4826 5004 4853 5353 4997 4984 4689 5035 5220 4594 5161 4721 5001 5241 4917 4969 5345 5088 5029 4987 4691 5039 4920 5236 4951 4806 5211 5163 5171 4594 4873 4895 5401 4975 5039 4797 4971 4662 5064 4940 5114 5323 5057 4663 5155 5216 5131 4892 5057 5174 4810 4938 4956 4686 4733 4715 5181 5213 5090 5151 5112 5240 4660 5373 4645 5402 5235 4845 5044 5565 4789 5283 5117 4955 4907 5353 5140 4863 5269 5047 5223 4948 5240 5344 4803 5216 4856 5286 4955 5203 5006 5401 4755 5084 4830 4988 4843 4997 4570 4735 4711 5206 5219 5077 5118 4840 4883 4895 5240 
5249 4650 5062 5064 4806 5125 5309 5102 4988 5265 5024 5238 5426 5153 4997 5191 5247 4904 5265 4964 4797 4678 5279 5041 5098 4774 5514 5134 5242 5323 5240 5094 5036 5159 4984 4773 4984 5455 5091 5094 5199 4967 5352 5124 4813 5151 5064 5088 5067 5051 5177 5145 4850 4706 4854 4725 4954 5372 5624 5022 4769 4965 5092 5482 5361 5342 5071 5082 4894 5383 5269 5046 5336 5010 5139 5157 5474 5227 5426 5258 5019 5372 4883 5021 5267 4854 4819 5280 5090 5215 5142 4977 5073 4946 4965 5377 5012 5003 5299 4818 5640 5161 4665 5167 5058 4667 5022 5241 4977 5204 4996 5148 4890 5038 5214 4888 4446 5238 5216 5037 5677 5178 5001 5638 4847 4921 5093 5006 4944 4873 4960 4488 4850 4943 5380 5043 5242 4751 5151 5343 5022 4993 4875 4954 5364 5289 4951 5033 5052 4967 5191 4939 5157 4858 4748 5102 4362 5093 5093 4829 5240 5026 4982 5310 5020 5329 5510 4454 5033 5022 5465 5321 4660 5205 5256 5401 4637 4842 5121 5184 4996 5170 5347 5130 4831 5136 5215 5391 5370 5112 4764 5374 5337 5166 4960 5135 5288 4964 5024 5166 4973 5504 5119 5666 5200 5185 5367 4955 5077 5107 5541 4930 5244 5307 5011 5251 5706 4975 5292 4975 4985 5384 5663 5301 4917 5354 5228 5040 5158 5240 5528 4867 4775 4964 4835 5126 5508 4909 5114 5084 5156 4807 5217 5026 5174 4673 4664 4636 5119 5135 4893 5382 4808 5045 5246 5270 
4839 4741 4972 5017 4483 5186 5089 5009 4798 5226 4786 4888 5476 4839 5013 5289 5086 4706 5442 4860 4427 4753 5247 4931 4978 4937 5338 5082 5213 5011 5041 4853 4556 5184 5004 4720 4910 5187 4990 4778 5177 5349 5133 4858 5222 5103 5173 4922 5079 4925 5232 4948 4661 4799 5018 4990 4974 5227 5409 5448 5078 5137 5255 5678 5109 5098 5149 5036 5017 4995 5271 5317 5293 5280 5216 4951 5288 4992 5107 5024 5088 4898 4990 5096 5119 4664 4831 5154 4965 5309 5147 5012 5065 4801 4775 5149 4852 4984 5163 4657 5320 5034 4614 4712 4580 4541 4856 5197 5151 4860 4899 4862 4868 5072 5150 5361 4455 5099 5028 4758 5473 5139 4707 5354 4941 4528 5000 5031 4832 4760 4698 4381 4731 4808 5453 4830 5085 4727 5486 5563 5195 5092 5083 4948 5292 5125 4927 5269 5256 4793 5158 5141 5023 4766 4668 5133 4702 5264 4852 5123 5197 5017 5004 4890 5021 5244 5149 4649 5059 4668 5166 5150 4839 5202 5175 5277 4690 4888 4940 5452 4910 5063 4931 4968 4790 5268 5095 5261 5198 4826 4861 5206 5198 4793 4826 5197 5077 4614 5023 5009 4841 5035 4796 5312 5135 5111 5459 5054 5127 4733 5228 4883 5308 5237 4510 5050 5764 4917 5240 5203 5070 5050 5363 4886 5053 5214 5227 4755 5154 5212 5184 4803 4667 4765 5314 5114 5126 4949 5495 4926 5139 4987 5109 4994 5189 4646 4792 4762 5075 5163 4978 5163 5043 5145 5072 5200 
5024 4693 4695 4973 4811 5221 5233 5056 5293 5251 5073 5261 5395 4939 5155 5348 5344 4898 5021 5182 4735 5189 5067 5069 5057 4835 5443 5395 5146 5307 5021 4923 4851 5226 5074 4982 5232 5104 5150 5162 5191 5228 5519 5114 5125 5198 5396 4872 5337 4796 5189 5085 4754 4729 5203 5110 5059 5337 5527 5090 4852 5158 5011 5441 5205 5063 5416 4878 5081 5025 5432 5107 5459 5162 5321 5139 5256 5306 5269 5141 5345 5079 4869 4967 5186 4911 4887 5333 5054 5289 5266 4997 4957 4728 4668 5304 5163 5073 4914 4669 5473 5118 4872 5145 4914 4792 5025 5397 5356 5111 5177 5371 4443 4931 5234 5214 4641 5200 5317 5021 5581 4990 5078 5541 5135 4664 4907 5191 4723 4791 5017 4725 5079 4791 5283 5134 5253 4819 5245 5452 4889 5016 4879 5167 5383 4906 4879 5071 5424 5442 5132 5105 4862 4675 4888 5216 4696 5253 5149 4933 5519 5065 4877 5364 4979 5087 5099 4896 4931 4841 5155 5256 5193 5209 5475 4991 4645 4946 5046 5445 5038 5273 4861 5098 4767 5285 5035 5221 5354 4979 4901 5056 5510 4927 4937 5140 4976 4661 5025 4883 4845 5137 4875 5210 5039 5219 5586 5211 5247 4772 5453 5109 5075 5423 4924 5176 5661 4690 5223 4972 5052 5167 5619 5292 5134 5132 5253 4998 5140 5265 5238 5014 4637 4856 5189 5137 5462 5131 5447 5295 5060 5114 5304 5263 5418 4661 5026 4673 5360 5241 5257 5236 4915 5307 5394 5283 
4902 4576 4507 4644 4447 5061 5031 4677 4598 4581 4451 4629 5224 4264 4935 4425 4815 4500 4746 4416 4336 4473 4853 4650 4534 4321 4858 4988 4758 4810 4907 4495 4800 4831 4577 4263 4794 4844 4710 4788 4513 4871 4982 4480 4612 4957 4753 4690 4901 4527 4702 4800 4363 4491 4587 4712 4232 4859 5193 4653 4582 4777 4893 5171 4782 4724 4825 4234 4327 4599 5125 4500 4978 4848 4677 4838 4986 4626 4826 4692 4661 4714 4710 4629 4623 4549 4664 5066 4843 4866 5019 4653 4622 4470 4558 4832 4634 4664 4568 4303 5067 4630 4327 4629 4474 4240 4249 4998 4747 4490 4730 4776 4593 4497 4568 5037 3963 4749 4479 4672 5348 4622 4544 5045 4702 4437 4659 4732 4574 4688 4629 4362 4653 4355 4909 4568 4782 4535 4820 4805 4472 4580 4800 4351 5016 4689 4359 4642 4808 4805 4972 4580 4535 4281 4565 4674 4313 4687 4646 4597 4907 4695 4641 4920 4714 4825 4980 4441 4747 4335 4916 4760 4730 4895 4723 4892 4298 4722 4775 5109 4491 4903 4523 4769 4476 4817 4570 4764 4992 4692 4414 4751 4810 4836 4403 4681 4583 4630 4423 4559 4462 4614 4544 4673 4766 4824 4710 4559 4577 4516 5193 4345 5144 4866 4202 4853 5141 4385 4879 4581 4710 4559 5068 4795 4639 4713 4709 4910 4517 5027 5054 4728 4562 4631 4567 4782 4897 4803 4937 4434 4707 4569 4978 4386 4859 4164 4315 4578 4790 4810 4825 5064 4555 4386 4657 4685 
4855 4508 4899 4925 4601 5118 4986 4780 4987 5106 4371 4854 5331 4661 4853 4999 5005 4396 4896 4573 4394 4928 4856 4710 4793 4711 4907 4886 4839 5022 5026 4762 4914 4828 4849 4704 4877 4953 4904 5217 4898 5047 4964 4938 4909 5086 5095 4850 5114 4638 4924 5082 4699 4694 4556 4886 4750 4889 5435 5177 4228 5017 5004 5224 4881 4917 5132 4655 4771 4774 5058 4866 5386 4942 5009 5273 4961 5081 5070 4843 4879 5052 4688 4763 5026 4586 4453 4918 5122 5139 4970 4854 5006 4511 4946 4924 4762 4904 4916 4665 5271 4829 4494 4723 4862 4139 4615 5109 5001 4896 4863 5133 4634 4802 5151 4968 4463 5025 4737 4845 5299 5065 4769 5279 4820 4738 4989 4885 4750 4925 4747 4636 4727 4593 5132 5029 4900 4492 4963 4989 4522 4851 4748 4758 5028 4943 4675 4804 5107 4747 5076 4759 5062 4746 4676 4891 4413 5033 4768 5007 4757 4730 4739 4821 4760 4930 5181 4592 4726 4566 5084 4815 4890 5038 5134 5113 4343 4946 4923 5075 4866 5051 5007 4653 4838 5151 4458 5157 5261 4766 4815 5027 5051 5132 4778 5095 4608 4598 4799 4790 4615 5036 4700 4846 4985 4903 5134 5017 4884 4684 5118 5096 5104 5021 4652 5054 5382 4808 5296 5040 5092 5111 5605 4744 4713 5149 5096 4951 4770 5126 5219 4793 4618 4526 4824 4859 5189 5086 5066 4946 4968 4653 4879 4899 5077 4637 4573 4950 4927 5000 4708 5088 4874 4920 5021 4793 
5595 5005 4907 5138 4884 5130 5195 5090 5007 5129 4901 5403 5263 4859 5135 5358 5245 4842 5402 4879 4726 4919 5133 5128 5046 4919 5182 5305 5363 5358 5230 5046 5070 5215 4916 4945 5468 5218 5271 5310 5090 5265 5427 4874 5161 5333 5462 5059 5359 5022 5081 4993 4941 4947 5154 5155 4941 5364 5496 5188 4989 5358 5197 5545 4981 5074 5440 4751 4710 5059 5404 5014 5577 5420 5091 5130 5500 5128 5046 5324 5134 5107 4748 5045 5105 5066 4884 5518 5116 5294 5252 4958 5272 4827 4991 5565 5279 5138 5010 4663 5730 5123 4818 5237 5140 4610 4807 5132 5403 5195 5069 5116 4795 5124 5391 5181 4725 5107 5289 5056 5569 5239 4858 5662 4940 5005 5348 5213 5104 5100 4976 4757 4893 4927 5335 5260 5512 5089 5289 5271 5029 5079 4924 4760 5702 5146 4998 5217 5135 5268 4954 4950 5103 4850 5074 5410 4628 5251 5078 5093 5180 5085 4795 5555 5197 5379 5057 4959 5261 4619 5364 4857 5297 5320 5404 5394 4760 5124 5107 5263 5061 5312 5288 5067 4787 5347 4861 5312 5293 4625 4716 5126 5391 5203 4928 5160 5362 4863 5219 4884 4898 5205 4873 5330 5283 5360 5574 5134 5200 4815 5561 5186 5442 5294 4835 5122 5839 5174 5429 5344 5055 4890 5694 5303 4870 5243 5118 5120 5139 5373 5384 5380 4960 4932 5081 5112 5381 5045 5371 5079 5067 5105 5237 4802 5081 4893 4974 4995 5314 5263 5447 5229 4935 5204 5076 5149 
5275 4742 5039 4871 4921 5560 5094 5303 5004 5082 4839 5053 5318 4722 5277 5251 5123 4688 5508 4576 4645 4705 5145 5128 4898 4606 5504 5186 5130 5099 4942 4898 4943 5274 4823 4840 5092 5185 5204 4887 5186 5155 5233 4878 5061 5220 5191 5185 5224 4946 5071 4981 4559 4574 5121 5039 5029 5248 5787 5161 5059 5177 5333 5573 4849 4988 5061 4787 5014 4989 5308 5150 5522 5429 5229 4996 5650 5053 5018 5232 4828 5271 4834 4844 5268 4967 4950 5329 5168 5089 5287 5094 5024 5304 4766 5025 5289 5027 5004 4584 5150 5194 4892 4928 4844 4699 4563 5415 5231 4838 5160 5054 4903 5152 5396 5222 4606 4983 4958 5012 5592 5254 4813 5364 5118 4805 5126 5270 4789 4960 4933 4450 4841 4827 5250 5270 4969 4969 5055 5166 5001 4951 5214 4830 5478 5278 4704 5112 5225 4893 5048 4924 5231 4584 4813 5132 4426 5208 5046 4978 5162 4901 5054 5072 5122 5209 5252 4867 4929 4536 5417 4943 4871 4898 5180 5443 4569 5074 5179 5441 4777 5086 5042 4934 4791 5273 5011 5400 5170 4701 4975 5086 5027 4958 4963 5051 5052 4781 4921 5058 4882 4999 4862 5439 5420 5121 5128 4962 5174 4746 5317 4890 5312 5241 4920 5033 5541 4880 5348 4835 4996 5054 5748 5098 4930 5327 5264 5226 5124 5139 5344 4989 4833 4796 4928 5352 5221 4918 5103 4929 5094 4871 5222 4682 5306 4652 4756 4828 5126 5155 5034 5281 4953 5290 5420 5041 
5405 4869 4803 4880 4574 5292 5243 4905 4782 5136 4625 5107 5421 4680 5160 5142 5059 4503 5279 4620 4482 4830 4924 5020 4917 4878 5035 4935 5056 5252 4985 4800 4783 5035 4903 4575 5250 5504 4865 5147 5146 5098 5276 5282 4948 5261 5022 5075 5348 4733 5192 4981 4880 4574 4960 5094 5009 5271 5513 4919 5029 4974 5231 5669 4980 4919 5392 4752 4592 5109 5337 4978 5335 4772 4765 5161 5264 5082 5183 5187 4937 4935 4985 4923 5377 4804 4820 5022 5232 5301 5210 4862 5172 4756 4774 5157 4961 5319 4948 4412 5346 5064 4731 4875 4749 4681 4921 5378 5391 4851 5216 5058 4823 4776 5066 5081 4268 4889 4828 5042 5605 4999 4919 5487 5101 4902 4994 5055 4844 5052 5036 4516 4844 4836 5155 4946 5054 4670 5124 5389 4868 5047 4695 4800 5439 5158 4910 5073 5089 5021 5336 4944 5045 4597 4478 5358 4639 5264 4897 4743 5131 5047 4763 5341 4694 5158 5377 4753 4956 4647 4899 4904 4870 5158 5262 5245 4447 4934 4869 5163 5066 5038 5031 4963 4675 5091 5166 5197 5392 4692 4682 5034 5173 5028 5044 5167 5103 4777 5112 4862 4850 5009 5033 5431 5323 5371 5326 5082 5098 4591 5139 5193 5403 4955 4607 5496 5447 4806 5418 4966 5123 4932 5284 4965 4835 5357 5192 5220 5343 5099 5269 5011 4638 5028 4971 5429 5385 5012 5258 4899 4945 4810 5079 4774 5178 4674 4819 4862 5144 5392 4949 5307 4949 5087 5108 5072 
5188 5055 5256 5276 5052 5419 5597 5244 5430 5471 5079 5508 5347 5106 5334 5386 5296 5050 5163 4999 4784 4987 5448 5064 5231 4820 5484 5281 5331 5563 5122 5141 5117 5226 5190 5002 5216 5479 5426 5551 5181 5465 5384 5063 5172 5297 5521 5289 5548 4938 5365 5336 5108 5063 4953 5537 5307 5492 5814 5535 4894 5111 5314 5542 5315 5322 5673 5019 5044 5305 5624 5361 5994 5440 5291 5518 5547 5490 5266 5361 5062 5373 5036 5012 5487 5158 4717 5311 5263 5428 5317 5398 5335 5137 5017 5606 5093 5290 5695 4693 5669 5063 4801 5086 4880 4878 5128 5524 5389 5260 5164 5220 5179 5145 5484 5336 4680 5313 5229 5256 6002 5326 5216 5797 5337 5229 5307 5414 5169 5136 4942 4728 5133 5108 5588 5221 5446 4864 5460 5489 5066 5234 5026 5268 5392 5163 5117 5369 5683 5382 5187 5162 5226 4833 5051 5604 4700 5472 5179 5134 5473 5173 5021 5556 5413 5416 5641 4893 5099 5004 5687 5137 5305 5367 5738 5266 4826 5056 5184 5517 5490 5249 5399 5140 5049 5436 5238 5613 5571 5182 5193 5611 5402 5180 5195 5337 5216 5171 5141 4986 5058 5358 5202 5751 5287 5609 5450 5281 5353 4956 5521 4977 5490 5142 5226 5416 5894 4977 5499 5006 5230 5409 5959 5294 5043 5635 5247 5382 5376 5518 5758 5027 5242 5290 5122 5347 5560 5260 5492 5351 5173 5166 5391 5064 5569 4915 5185 5161 5184 5384 5351 5476 4907 5410 5439 5398 
5463 4879 5030 5160 5245 5542 5632 5436 5418 5373 5176 5129 5474 5079 5469 5465 5533 4855 5420 5036 4921 5107 5155 5103 5250 5234 5324 5364 5487 5389 5378 5172 4952 5407 4983 5047 5123 5227 5284 5015 5231 5405 5493 5188 5225 5494 5668 5409 5330 5119 5149 5271 4909 5191 5401 5199 4947 5343 5821 5267 5244 5338 5466 5643 5091 5231 5023 5124 4898 5145 5463 5275 5629 5276 5352 5328 5470 5257 5526 5485 5359 5058 5167 5311 5253 5233 4756 5441 5115 5409 5485 5221 5078 5293 5392 5348 5143 5353 5253 4903 5617 5032 4962 5142 4984 4773 5074 5632 5221 5225 5350 5236 4933 5101 5441 5578 4949 5491 5231 5286 5786 5163 4969 5528 5332 5080 5331 5155 5217 5047 5150 4657 5138 5060 5634 5214 5223 5005 5641 5596 4924 5173 5138 5000 5633 5299 5015 5209 5434 5446 5228 5300 5367 4894 5136 5456 4768 5535 5153 5211 5181 5288 5083 5322 5154 5265 5420 4820 5192 4633 5434 5052 5182 5394 5612 5485 4765 5135 5129 5821 5272 5306 5397 5217 5045 5283 5207 5441 5649 5056 4986 5391 5467 5052 4987 5547 5360 5139 5072 5423 5004 5430 5143 5641 5545 5482 5583 5191 5665 4813 5416 5131 5330 5461 4953 5382 5899 5167 5765 5332 5399 5293 5802 5362 5118 5425 5477 5319 5290 5582 5492 5149 4789 5151 5327 5305 5329 5242 5607 5223 5571 5110 5151 5337 5479 4824 4914 5026 5317 5231 5348 5264 5084 5287 5447 5546 
4983 4627 4792 4765 4678 4897 5288 4966 4777 5042 4987 4999 5464 4844 5131 4858 5089 4924 5250 5038 4715 4731 5089 4884 4649 4765 4853 4969 4926 4970 5056 4720 4857 5120 4843 4601 5004 4919 4984 4948 5141 5172 4853 5034 4989 5128 4845 5044 5203 4668 4897 5017 4733 4689 4921 5176 5057 5160 5520 5149 4655 4881 5402 5273 5275 4630 5058 4737 4718 4918 5104 5018 5379 4945 5218 4922 5405 5062 5204 4893 5040 5035 4842 4864 5240 4608 4635 5172 5001 5191 5107 4791 4811 4772 4741 5075 4799 5145 4940 4422 5422 5058 4524 4865 4844 4790 4874 5322 4984 4522 4790 4997 4617 4982 5363 5232 4481 5059 4928 4842 5404 4970 4969 5277 4895 4724 4895 5009 4762 4844 4778 4226 5087 4473 5389 4723 5159 5094 5360 5192 4902 4942 5048 4988 5186 5014 4524 5047 5299 5047 5185 5212 4960 4546 4680 4781 4509 4852 5101 4928 5157 4918 4811 5074 4657 4913 5112 4868 4738 4407 5156 5032 4828 5130 5284 5217 4461 4671 5007 5108 4757 5172 4549 5132 4810 4936 4975 5408 5572 4906 4825 5102 5160 4921 5139 5259 4912 4957 4973 4844 4955 4849 4702 5313 4956 5174 5226 5279 5208 4885 5329 4976 5218 5382 4519 5313 5614 4726 5380 5008 4837 5036 5391 4937 4926 5033 5249 5222 4992 5302 5216 4791 4671 4726 4933 5211 5164 4678 5260 4792 4648 4927 5033 4888 5120 4517 4801 4729 5412 5114 5050 5140 4943 4998 5088 4935 
5175 4650 5028 4992 5187 5375 5427 5221 5252 5438 4883 5176 5791 4661 5342 5270 5002 4968 5474 5072 4587 5104 5270 5067 5445 5132 5501 5399 5249 5207 5294 5184 5038 5345 4966 4975 5150 5298 5118 5069 5441 5560 5472 5144 5060 5168 5621 5005 5270 4870 5155 5306 4945 4928 5060 4959 5076 5237 5649 5593 4983 5397 5494 5743 5184 5084 5394 5190 5151 5122 5185 5187 5547 5056 5316 5304 5286 5459 5345 5154 5160 5272 4898 5014 5203 5104 5062 5229 5333 5607 5350 5099 5222 4911 5128 5590 5447 5206 5044 4707 5614 5256 5157 4962 5021 4874 5025 5311 5203 5158 5419 5269 4718 5075 5201 5205 4809 5334 4990 5024 5539 5265 5064 5480 5186 5090 5203 5168 4977 4976 5162 4757 4921 4909 5831 5132 5302 4791 5435 5447 5079 5378 4959 5317 5613 5319 5036 5156 5532 5195 5406 5400 5378 4879 4616 5340 4817 5479 5292 5208 5359 4942 4993 5285 5150 5468 5435 4940 5081 5001 5454 5278 5111 5133 5433 5417 4584 5073 5397 5512 5050 5148 5151 5028 4891 5265 5015 5564 5401 5081 5145 5308 5417 4997 4976 5325 5373 4935 4956 5257 4986 5275 4989 5633 5435 5181 5595 5336 5484 4923 5382 5195 5540 5456 4892 5209 5705 4800 5309 5274 5369 5621 5598 5237 5251 5298 5447 5105 5248 5332 5586 5243 4765 5012 5384 5285 5198 5186 5412 5362 5198 5127 5232 4998 5413 4750 5033 4963 5373 5082 5125 5451 5149 5273 5455 5464 
5536 5145 5388 5377 5099 5419 5507 5255 5487 5417 5478 5399 5834 5128 5561 5696 5517 5006 5703 5367 5015 5217 5420 5255 5255 5280 5358 5612 5305 5517 5232 5068 5104 5623 4906 5223 5472 5681 5419 5423 5499 5327 5586 5456 5413 5520 5698 5205 5469 5215 5666 5466 5151 5212 5367 5390 5216 5501 6018 5539 5088 5482 5487 5768 5352 5422 5489 5167 4959 5442 5647 5336 5826 5419 5378 5601 5693 5489 5565 5572 5353 5480 5501 5141 5421 5286 5012 5630 5439 5706 5579 5337 5539 5083 5358 5492 5178 5234 5430 4959 5516 5126 5152 5180 5229 4674 5081 5558 5308 5301 5429 5570 5152 5223 5626 5607 4850 5536 5364 5296 5803 5342 5005 5872 5385 5333 5074 5260 5257 5149 5318 5065 5262 4954 5696 5257 5614 5183 5562 5679 5204 5338 5133 5034 5831 5479 5286 5262 5440 5636 5491 5299 5395 5044 5209 5417 4878 5717 5490 5367 5399 5337 5314 5416 5278 5442 5680 5406 5481 4903 5799 5327 5213 5616 5543 5483 4875 5492 5379 5823 5310 5539 5376 5537 5166 5689 5033 5424 5632 5207 5413 5457 5544 5237 5495 5830 5510 5166 5173 5176 5170 5675 5249 5931 5779 5335 5774 5504 5408 5269 5599 5062 5377 5560 5317 5498 6012 5258 5854 5432 5569 5345 5905 5296 5149 5619 5582 5494 5249 5544 5570 5493 5076 5170 5281 5426 5548 5394 5584 5473 5305 5114 5728 5411 5641 4769 5398 5313 5340 5412 5820 5498 5190 5330 5594 5501 
5111 4853 4773 4769 4839 5041 5000 5180 4794 5214 4777 5049 5635 4828 5155 5009 5155 4660 5152 4640 4388 4745 5071 4950 4707 4988 5060 5197 5189 4940 4823 4834 4610 4855 4913 4739 4743 5174 5036 5003 5212 5138 5100 4965 4924 4972 5085 5126 5186 4827 4804 4961 4505 4568 4986 5209 4871 5202 5440 5224 4675 4948 4998 5297 5101 4818 5099 4917 4811 4931 5056 4923 5413 5007 4836 5204 5285 5130 5294 4973 5034 5079 4633 4982 5421 4905 5006 5088 5051 5015 5165 4923 5038 4794 4866 5166 5191 5066 5138 4539 5307 4617 4777 4898 4746 4468 5106 5311 4999 4827 5182 5081 4731 4875 5197 5139 4427 5040 4855 4907 5412 5133 4784 5459 4697 4786 4800 4810 4902 4662 4874 4700 5053 4679 5447 4713 5224 4848 5174 5083 4722 5062 4989 4855 5173 5010 4703 5133 5339 4927 5195 4842 4886 4540 4688 5147 4581 4883 4765 4867 5036 4781 4917 5003 4866 5266 5309 4605 4774 4810 5142 5120 4885 5347 5151 5101 4436 4916 5094 5252 4785 5267 4899 5065 4987 5310 5111 5168 5286 4922 4637 5180 5196 4801 4867 5149 4908 4918 5018 4724 5020 5028 4933 5272 5145 5026 5249 5077 5300 4621 5275 5200 5222 5370 4629 5033 5423 4723 5562 4976 4807 4948 5623 5128 4769 5234 5285 5077 5068 5170 5118 4962 4805 4920 4936 5289 5181 4990 5119 4968 4740 5021 4908 5037 5179 4598 4748 4721 5082 5295 5115 5046 4882 5077 4938 5273 
5555 5466 4947 5135 5009 5636 5378 5214 5373 5405 5295 5476 5571 5152 5271 5516 5564 4775 5441 5099 4851 4949 5323 5259 5491 4805 5700 5715 5679 5520 5312 5298 5152 5320 5125 5182 5418 5642 5295 5306 5546 5497 5776 5001 5293 5451 5785 5312 5739 5218 5444 5640 5343 4869 5603 5480 5280 5584 5809 5512 5125 5339 5346 5628 5389 5491 5430 5395 5082 5467 5627 5253 5815 5426 5161 5400 5724 5439 5582 5433 5278 5368 5205 5235 5597 5410 5320 5631 5406 5611 5377 5310 5469 5270 5088 5508 5199 5420 5356 5066 5827 5079 4982 5414 5109 4893 5113 5715 5470 5366 5451 5378 5178 5220 5680 5287 4882 5543 5314 5496 6023 5240 5467 5799 5389 5150 5224 5475 5397 5278 5241 5080 5350 5413 5760 5488 5483 5139 5422 5426 5020 5412 5063 5099 5611 5394 5270 5287 5857 5333 5511 5193 5239 5031 5068 5543 4956 5746 5296 5248 5590 5229 4897 5536 5241 5621 5434 5131 5211 5130 5386 5363 5496 5682 5569 5503 4923 5373 5229 5519 5180 5465 5104 5387 5133 5636 5156 5465 5866 5035 5086 5429 5691 5335 5396 5339 5566 5280 5196 5254 5121 5266 5094 5623 5711 5183 5541 5403 5387 5082 5803 5112 5519 5549 5289 5612 5830 5101 5686 5115 5477 5166 6082 5603 5395 5438 5306 5508 5387 5756 5674 5254 5030 5197 5371 5349 5783 5568 5221 5261 5374 5041 5514 5124 5490 4952 5144 5109 5638 5510 5496 5498 5382 5617 5448 5503 
5767 5042 5328 5136 5297 5246 5562 5392 5699 5472 5176 5548 6069 5310 5214 5656 5644 5040 5834 5080 5053 5050 5552 5154 5212 5251 5406 5724 5530 5517 5308 5417 5184 5304 5169 5494 5536 5721 5591 5415 5487 5771 5669 5359 5348 5585 5884 5414 5507 5245 5517 5456 5361 5254 5416 5370 5094 5469 5983 5779 5434 5481 5218 5973 5712 5439 5641 5513 5163 5522 5705 5444 5928 5685 5502 5636 5723 5504 5670 5296 5314 5459 5432 5209 5632 5315 5363 5641 5559 5685 5648 5301 5376 5246 5391 5757 5592 5304 5386 5100 6083 5412 5186 5362 5470 4832 5110 5780 5487 5230 5873 5581 5345 5430 5695 5322 4976 5507 5453 5473 5967 5407 5255 5677 5670 5516 5391 5396 5153 5310 5474 5299 5582 5194 5621 5406 5359 5071 5502 5556 5131 5364 5254 5384 5551 5722 5574 5416 5688 5451 5514 5416 5379 5103 5106 5749 4971 5710 5437 5385 5504 5548 5412 5584 5322 5746 5673 4952 5317 5090 5640 5458 5395 5672 5704 5683 4953 5492 5327 5939 5278 5600 5302 5494 5291 5582 5160 5721 5673 5152 5224 5511 5913 5367 5537 5394 5666 5358 5101 5432 5097 5485 5022 5917 5395 5428 5695 5469 5749 5298 5850 5440 5577 5643 5031 5702 5965 5329 5903 5520 5396 5499 6213 5649 5244 5937 5682 5545 5318 5765 5778 5626 5220 5408 5367 5636 5655 5528 5614 5271 5478 5149 5614 5285 5584 5067 5397 5424 5575 5661 5654 5494 5226 5651 5711 5554 
5238 4687 4962 4767 4983 4938 4951 4825 5038 4831 4364 4841 5341 4726 5026 5105 5031 4593 4945 4573 4774 4644 4764 4700 4606 4835 5328 5132 5059 5388 4887 4873 4928 4986 4745 4837 4897 5115 4988 5186 5086 4848 5006 4793 5083 4810 5307 4957 5125 4612 4934 4970 4670 4551 5180 5001 4664 5173 5520 4855 4624 5134 5045 5119 5211 4853 5119 4689 4798 5201 5584 4932 5356 4768 5036 5054 5186 5086 5108 4801 4916 4899 4944 4743 5141 4746 4950 5235 5201 5107 4981 4850 5073 5017 5051 5055 4915 4934 5035 4432 5111 4883 4896 4908 4921 4537 4916 5252 5069 4634 5055 4925 4619 5074 5006 5188 4313 4776 5046 4832 5520 5120 4763 5336 5028 4754 4868 4981 4572 4897 4932 4758 4795 4868 5040 4968 5034 4794 4984 5115 4444 4739 4852 4739 5235 4960 4888 4923 5422 4991 4905 4953 4883 4690 4713 5251 4369 5076 4714 4847 4966 4882 4707 5120 4977 5039 5368 4386 5099 4618 4923 4772 4963 5113 5090 5281 4343 4823 4727 5077 4714 5030 4998 4917 4833 4939 4841 5047 4969 4652 4802 5282 5055 4998 4724 5004 5054 4799 4594 4994 4689 4867 4678 5144 5358 4990 5288 4933 4907 4932 5279 5196 5038 5153 4757 4981 5123 4631 5063 5002 5159 4855 5267 5011 4805 5101 5192 4902 4810 5064 5141 5027 4821 4814 5367 5357 5371 5061 4973 4885 4975 4655 5032 4925 5057 4790 4799 4970 5193 5278 5034 5324 5023 4861 5119 5279 
4801 4716 5015 4675 4770 5138 5104 4961 4906 4975 4493 4931 5550 4907 5042 5131 5027 4761 5284 4894 4582 4810 5204 4810 4784 4998 5059 5245 4707 5213 4890 4746 5134 4879 4781 4718 5036 5426 5178 5221 5238 4986 5295 4952 4907 5202 5100 5063 5067 4811 5024 5104 4823 4345 4986 4671 4848 5371 5437 5176 4689 5005 5346 5510 5043 4941 5022 4799 4717 5008 5178 4983 5362 5021 5217 5174 5228 5116 5144 5241 4831 5117 5100 4551 5160 4899 4936 5144 5072 5237 5181 4962 5215 4818 4791 5292 5147 5061 4954 4671 5437 5074 4478 4966 4841 4670 4797 5314 5128 4795 5173 4994 4692 5127 5005 4944 4368 4803 4946 4870 5439 5289 4996 5424 4948 4647 4910 5254 4814 4719 4899 4639 4951 4559 5264 4868 5017 4896 5054 4919 4720 5043 4722 4824 5314 5170 4796 5087 5335 4932 4672 5185 4894 4637 4923 5181 4557 5128 4862 4832 5231 4684 4972 5212 4987 5110 5204 4743 4950 4622 4918 5038 4723 5184 5126 5281 4231 4918 5166 5197 4723 5273 4913 5014 4746 5002 4826 5124 5102 4987 4927 5127 5099 4940 5063 5043 5025 4752 4778 4956 4704 5130 4737 5064 5324 5140 5133 5232 5046 4881 4984 5021 5241 5477 4499 5032 5410 5035 5135 5064 5362 5198 5664 4863 4873 5503 5177 5126 4928 5220 4942 4886 4896 4480 4897 5233 5539 4794 4891 4885 4995 4959 5254 4837 4887 4566 4730 4733 5080 4743 4857 5467 4998 4976 5025 4946 
5281 5298 5224 5395 5162 5656 5499 5120 5353 5369 5095 5543 5740 4987 5256 5696 5354 4970 5765 5280 5003 5214 5601 5241 5458 4896 5639 5466 5262 5629 5306 5048 5114 5460 5381 5305 5323 5715 5362 5509 5493 5581 5658 5233 5482 5566 5565 5283 5598 5214 5363 5338 5221 5068 5428 5422 5330 5465 5907 5401 5059 5383 5497 5715 5315 5460 5420 5215 5428 5227 5610 5535 5729 5440 5175 5570 5843 5445 5556 5246 5121 5253 5453 5257 5718 5250 4973 5497 5458 5443 5705 5353 5496 5306 5317 5521 5270 5434 5469 4779 5798 5337 5135 5152 4860 4725 5264 5717 5438 5236 5396 5368 5004 5420 5375 5539 4735 5380 5455 5362 5952 5527 5286 5747 5128 5252 5387 5506 5308 5272 5088 4981 5148 5197 5963 5350 5485 4870 5408 5538 5129 5316 5286 5402 5313 5636 5209 5220 5649 5440 5355 5336 5471 5157 5296 5822 4701 5675 5184 5303 5457 5324 5246 5748 5381 5589 5769 4993 5303 5080 5576 5364 5315 5289 5616 5600 4746 5392 5483 5749 5337 5479 5664 5233 5118 5373 5196 5565 5739 5315 5394 5523 5569 5369 5115 5448 5382 5180 5230 5204 5353 5544 5472 5799 5640 5689 5593 5286 5191 4940 5722 5235 5477 5419 5170 5487 6088 5177 5710 5455 5456 5492 6072 5418 4967 5655 5472 5473 5256 5812 5670 5149 5187 5136 5561 5815 5615 5244 5515 5495 5340 5251 5608 5366 5595 4845 5442 5397 5544 5586 5449 5665 5413 5248 5429 5578 
5226 4630 4933 4811 4880 4872 5041 5030 5042 5212 4612 5000 5055 4717 4817 4957 5099 4621 5144 4671 4605 4617 5096 4966 4682 4929 5197 4921 5027 4944 4933 4773 4770 5200 4681 4910 4979 5090 4870 4960 4910 5119 5091 4901 4736 5073 4990 5035 5132 4480 5009 4750 4932 4742 5074 4922 4953 5086 5455 5072 4819 5062 5150 5231 4882 4817 5037 4927 4634 5002 5185 4796 5267 4802 4958 5021 4962 5004 5209 4830 4771 5056 4862 4872 5108 4837 4451 5063 5408 5313 5133 5024 5080 4739 4863 5068 5079 4818 4970 4372 5450 4832 4728 4774 4871 4646 4788 5202 4971 5060 4933 5027 4671 4879 5261 5087 4565 4950 4827 4971 5451 4854 4893 5283 4750 4748 4914 4854 4684 5060 4702 4553 4831 4757 5372 4975 4898 4713 5072 5024 4718 4814 4847 4931 5263 5045 4943 4856 5205 5060 5292 5329 4958 4580 4738 4915 4515 5095 4683 5054 5119 5051 4786 5008 4848 5172 5192 4543 5081 4652 5168 4876 5056 4960 5184 5253 4292 4829 4933 5238 5028 4973 4829 4695 4867 4999 4709 5040 5161 4700 4723 5055 5265 4627 4860 5300 4883 4583 4647 5044 4638 4967 4693 5199 5108 5072 5147 4902 5019 4440 5148 4794 5075 5087 4934 5055 5637 4796 5335 5029 4961 5064 5477 4920 4652 5097 5095 5118 4902 5324 5167 4940 4687 4777 4893 4979 5075 4663 5420 4854 4980 4710 5096 4802 5297 4670 4805 4682 5113 5000 5051 4983 4885 5256 4998 5125 
5393 5005 4936 5018 5021 5185 5362 4970 5271 5407 5057 5262 5478 5044 5058 5084 5161 4772 5464 4882 4616 4660 5354 4752 4951 5053 5465 5300 5066 5153 4895 4799 4849 5255 4918 4954 5331 5224 5023 5186 5230 5271 5525 5134 4976 5371 5476 5348 5441 4533 5490 5312 4790 4648 5294 5219 4904 5197 6101 5129 4991 5078 5324 5592 5278 4824 5298 4856 5230 5234 5527 5103 5408 5263 5213 5430 5342 5163 5567 5253 5170 5189 4861 5293 5292 4986 5180 5193 5406 5578 5124 4949 5045 5156 4889 5310 5190 5356 5119 4646 5619 5281 4973 5279 5083 4790 4909 5579 5093 5158 5064 5087 5084 4980 5416 5384 4538 5283 5177 5029 5743 5220 5092 5557 4914 4712 4957 5195 5109 4932 4871 4760 4927 5099 5247 4798 5149 5191 5436 5216 4961 5142 5123 5197 5726 5247 5116 5068 5517 5268 5213 5159 5215 4907 4954 5038 4574 5204 5197 5169 5256 5097 4848 5256 5182 5297 5360 4811 5030 4898 5020 5394 5106 5300 5306 5318 4846 4856 5039 5476 5134 5398 5104 5068 5031 5230 5039 5297 5513 4945 4926 5337 5476 5163 5110 5333 5187 5094 4829 5145 5015 5057 5044 5183 5264 5040 5288 5230 5211 4721 5316 5305 5409 5331 5146 5000 5435 4895 5389 4921 5271 5174 5529 5070 4943 5038 5233 5204 5248 5257 5136 5045 4876 4959 5223 5354 5237 5129 5489 5282 5266 5046 5503 5171 5445 4762 5022 4945 5138 5312 5285 5440 5115 5328 5323 5078 
5280 4768 4792 4941 4677 5034 4897 4804 4822 5138 4572 4805 5131 4762 4888 4800 4956 4615 5214 4711 4493 4622 5040 4892 4877 4615 5018 5076 4653 5152 4986 4621 4693 5148 4407 4842 5116 5093 4747 5017 4990 5134 4969 4891 4839 4759 5193 4841 5102 4632 4850 5082 4611 4621 4928 4734 4903 4962 5333 4782 4561 4856 4794 5220 4911 4925 5025 4972 4717 4842 5113 4946 5260 4828 4796 4882 5135 4992 5024 5175 4514 4892 4708 4866 4960 4736 4610 4988 5030 5083 5091 4870 5108 4719 4822 5230 4926 4890 4717 4468 5210 4864 4848 4878 4623 4576 4553 5144 5088 4745 5086 4874 4799 4990 5189 5029 4171 4991 4707 4778 5533 4916 4831 5197 4688 4812 4763 4540 4546 4744 4857 4526 4620 4629 5311 4838 5278 4864 4973 5079 4602 4624 4982 4923 5174 5095 4711 4952 5158 4610 4700 5040 5062 4806 4427 4912 4401 4943 5107 4861 5197 4846 4779 5074 4902 5035 4769 4706 4819 4737 5106 4951 4925 4953 5064 5191 4441 4696 5099 5061 4994 4958 4939 4545 4708 5060 4506 5120 5246 4873 4815 5106 5276 4899 4924 5022 5031 4775 4817 4867 4724 5069 5083 5194 4963 5072 5024 4823 4906 4512 5313 5032 5125 4976 4997 5073 5346 4872 5210 4887 4813 5017 5570 4728 4740 4791 5225 5233 4744 5142 5024 5047 4449 4813 4641 5128 4986 4730 5089 4845 4901 4776 5247 4814 4926 4512 4662 4865 5080 5263 4900 5249 4916 4975 4931 4647 
5489 5119 5397 5153 5162 5572 5582 5353 5439 5628 5037 5391 5755 5214 5496 5207 5649 5063 5556 5204 4973 5109 5644 5354 5373 5213 5626 5849 5408 5658 5263 5352 5196 5679 5003 5043 5633 5524 5660 5432 5331 5596 5895 5509 5105 5652 5614 5530 5592 4944 5477 5427 5336 5267 5399 5423 5240 5843 5935 5497 5107 5356 5434 5722 5425 5384 5618 5298 5036 5445 5665 5107 6018 5390 5346 5603 5590 5403 5747 5400 5298 5317 5262 5229 5681 5500 5137 5551 5660 5602 5672 5165 5529 5162 5509 5387 5079 5312 5293 5229 5491 5386 4985 5077 5195 4903 5416 5657 5864 5346 5554 5691 4998 5255 5651 5428 5035 5466 5310 5323 5893 5511 5386 5969 5337 5491 5342 5235 5297 5520 5076 5090 5374 4952 5843 5622 5729 5041 5601 5458 5282 5307 5433 5320 5890 5502 5481 5420 5769 5377 5580 5357 5552 4829 5074 5551 4901 5598 5258 5260 5699 5415 5030 5807 5261 5493 5500 4974 5364 5264 5543 5264 5576 5563 5675 5843 4835 5440 5287 5591 5227 5533 5248 5269 5059 5564 5396 5566 5633 5310 5218 5505 5657 5342 5424 5703 5405 5267 5094 5337 5275 5446 5224 5673 5893 5552 5692 5490 5559 5288 5662 5212 5401 5179 5052 5657 5994 5341 5815 5540 5625 5374 5956 5325 5661 5730 5627 5877 5167 5483 5849 5458 5106 5335 5333 5224 5889 5399 5672 5295 5627 5180 5685 5314 5641 5286 5275 5133 5653 5619 5585 5601 5346 5543 5310 5573 
5644 5402 5478 5308 5092 5568 5588 5777 5577 5782 5233 5589 5853 5346 5575 5496 5724 5295 5781 5304 5240 5378 5500 5467 5402 5055 5752 5702 5666 5796 5504 5275 5056 5725 5382 5339 5612 5780 5637 5624 5382 5763 5780 5533 5450 5417 5693 5495 5621 5179 5554 5596 5349 5166 5505 5582 5530 5745 6215 5755 5386 5281 5797 5921 5414 5517 5739 5390 5250 5474 5724 5207 5914 5484 5795 5410 5977 5482 5735 5504 5684 5728 5570 5275 5954 5284 5405 5743 5881 5687 5880 5571 5518 5215 5191 5595 5508 5498 5486 5054 5918 5686 5404 5511 5254 5031 5467 5849 5644 5528 5415 5782 5469 5180 5807 5877 5068 5440 5442 5370 5947 5592 5540 5670 5465 5015 5699 5557 5366 5349 5346 5228 5275 5088 5963 5428 5821 5317 5641 5550 5199 5592 5505 5334 5876 5836 5341 5425 5736 5445 5501 5548 5588 5176 5164 5606 5009 5771 5490 5616 5656 5326 5443 5826 5315 5381 5629 4992 5529 5168 5613 5475 5380 5622 5971 5753 4999 5218 5782 5904 5646 5661 5232 5261 5046 5727 5571 5814 5774 5234 5339 5680 5661 5386 5459 5504 5612 5089 5222 5316 5384 5439 5271 5758 5909 5533 5986 5688 5785 5280 5875 5394 5811 5722 5370 5764 6245 5082 5858 5518 5629 5537 6204 5397 5443 5734 5653 5791 5424 5583 5799 5425 5120 5284 5492 5547 5820 5489 5923 5339 5581 5253 5541 5511 5713 4928 5380 5194 5669 5617 5546 5746 5677 5729 5628 5799 
5292 5195 5169 5102 5006 5275 5336 5101 5135 5333 4865 5383 5628 4961 5266 5363 5131 5034 5286 5255 4922 5085 5313 5081 5493 4928 5562 5485 5391 5444 5154 5379 5227 5202 5259 5038 5529 5538 5459 5730 5260 5391 5687 5060 5269 5317 5683 5534 5361 4881 5362 5277 5015 4779 5383 5249 4920 5321 5688 5370 5078 5440 5278 5619 5077 5163 5426 5298 5118 5318 5731 5578 5837 5342 5283 5497 5799 5414 5539 5245 5376 5232 5030 5196 5618 5097 5042 5460 5349 5939 5436 5142 5313 4934 5028 5460 5201 5251 5219 4930 5445 4946 5162 5209 5288 4682 5141 5642 5433 5150 5341 5424 4969 5155 5689 5381 4968 5222 5446 5156 5915 5087 5142 5763 5156 5083 5337 5210 5264 5106 5053 5107 5283 4905 5611 5387 5353 5048 5420 5566 5297 5372 5046 5185 5582 5373 5206 5315 5548 5414 5452 5099 5262 5172 4832 5406 4796 5697 5008 5268 5693 5018 4960 5511 5353 5576 5689 4877 5158 4863 5180 5548 5162 5604 5400 5608 5100 5168 5227 5445 5177 5227 5069 5109 5199 5394 5035 5545 5481 5025 5068 5331 5434 5118 5213 5251 5439 5052 5138 4882 5088 5134 5089 5331 5462 5266 5592 5565 5472 5220 5397 4964 5484 5626 5114 5870 5625 4978 5615 5250 5439 4991 5584 5255 5086 5525 5380 5404 5311 5487 5552 5145 5149 5176 5712 5467 5578 5306 5727 5136 5316 5078 5421 5373 5541 5238 5150 5374 5420 5323 5543 5245 5220 5119 5399 5598 
5215 4703 4909 4870 4402 5331 4825 4936 4952 5185 4986 4975 5612 4697 4835 5014 4693 4735 4864 4868 4428 4690 5061 4865 4711 4655 4931 5226 4914 4837 5083 4849 4660 4875 4791 4712 4856 4912 4813 4975 4557 4993 5138 4634 4907 4725 4905 5230 5278 4658 4878 5013 4728 4724 4876 4746 4660 5138 5421 5004 4380 4839 4831 5341 4856 4672 5101 4913 4526 4897 5236 5074 5302 5188 4900 4968 5191 5070 5065 4900 4908 4989 4610 4698 5055 4581 4558 5213 5099 5184 4948 4947 4992 4450 5012 5249 4732 4924 4922 4757 5257 4774 4618 4833 4781 4353 4392 5069 4798 4982 4838 4750 4751 4627 5091 5060 4413 5008 4925 4845 5344 4956 4933 5355 4809 4472 4842 4983 4879 4678 4777 4352 4817 4689 5308 4868 5183 4719 5323 5221 4693 4890 4779 4943 5169 4916 4732 5197 5130 4872 4738 4738 5010 4743 4856 4981 4475 5236 4666 4829 5101 4906 4678 4792 4716 5116 4803 4648 4853 4660 5042 4893 4788 5020 5241 5186 4531 4676 4822 5166 4987 5170 4923 4877 4659 4934 4885 5331 5061 4797 4913 4979 5097 4895 4836 4927 4999 4811 4464 4902 4757 4992 4517 5213 5002 4914 5060 4994 4960 4567 5348 4868 5334 4892 4779 4941 5085 4581 5244 4760 4975 4947 5431 5041 4910 4995 5113 4872 5128 4986 5491 4763 4561 4726 4822 4764 5193 4835 5009 4915 4880 4737 4898 4725 5132 4520 4611 4718 5121 4958 5255 4999 4642 4946 4922 4973 
5891 5224 5592 5739 5373 5927 5763 5763 5692 5776 5540 5929 6241 5721 5813 5974 6103 5550 6051 5377 5438 5402 5816 5580 5659 5592 5918 6035 6131 5789 5714 5669 5680 5859 5605 5433 5754 6280 5819 5758 5878 5919 6137 5755 5682 5878 6082 6064 5888 5385 5765 5859 5701 5449 5906 5685 5852 5973 6458 5969 5865 5948 5708 6610 5982 5650 5839 5885 5742 5617 6380 5785 6217 6028 5825 5915 5943 5900 6159 5744 6032 5850 5466 5566 5847 5504 5521 5887 5851 6037 6045 5704 5823 5401 5873 5939 5664 5764 5687 5640 6130 5797 5396 5580 5607 5312 5402 6187 6017 5606 5845 5848 5448 5399 6222 5950 5279 5605 5725 5552 6405 5704 5785 6068 5989 5533 5841 5862 5538 5655 5438 5329 5767 5576 6031 5695 5901 5518 6067 6058 5646 5711 5737 5917 5911 5689 5926 5745 6223 5725 5651 5829 5956 5413 5335 5812 5264 6246 5754 5727 6108 5626 5855 5976 5649 5866 5942 5425 5851 5643 5730 5786 5849 5557 6136 6087 5223 5719 5578 5948 5714 5968 5856 5672 5481 5821 5481 6199 6204 5392 5605 5902 5962 5691 5635 5755 6038 5766 5575 5571 5572 5576 5740 5925 5815 5937 6060 6019 6043 5341 6255 5692 5827 5942 5516 5970 6394 5650 5942 5627 6057 5772 6190 6079 5707 5678 5871 6077 5735 5971 6325 5669 5256 5709 5944 5893 6058 5885 6031 5801 6059 5596 6120 5923 6019 5211 5565 5500 5972 6099 5841 6014 5831 5820 6077 5713 
4796 4601 4481 4901 4838 4752 4914 4898 4806 5078 4806 4700 5332 4762 4796 5315 5113 4529 5314 4566 4388 4667 4996 4870 4852 4769 5295 5004 5041 5037 5090 4552 4848 4818 4670 4900 4769 5048 4925 4807 4995 5100 5051 4799 4866 4747 5200 5034 4864 4967 4945 4928 4622 4763 4939 4891 4824 4890 5380 4830 4583 5169 4964 5506 4698 4849 5180 4745 4872 4870 4920 5029 5339 5001 5184 5034 5024 5083 5264 5233 4915 4885 4631 4775 5130 4607 4780 5016 5036 5110 4953 4983 5072 4515 4786 5204 5217 4784 4657 4528 5232 4452 4655 4846 4706 4792 4638 5100 4840 4885 5069 4961 4653 4773 5126 4802 4429 4958 4757 4809 5424 5264 4898 5196 4824 4777 4695 4689 4683 4921 5015 4513 4832 4796 5189 4761 5100 4938 5368 5123 4549 4968 4801 4798 5225 5058 4552 4751 5272 4721 5030 5305 5081 4611 4543 5089 4342 5161 4937 4883 5044 4988 4602 5001 5022 5085 4835 4645 4955 4663 5040 4902 4615 5039 5306 5154 4412 4773 5041 5159 4988 4926 4917 4909 4852 5124 4684 5023 5322 4623 4673 4917 5117 4943 4745 4928 5031 4541 4807 4891 4739 4904 4693 5061 4927 4681 5280 5033 4917 4509 4984 4797 4931 5157 4580 4998 5534 4529 4955 4611 4860 4686 5326 4765 4545 5133 4983 5091 4863 4984 5249 4682 4628 4630 4744 5051 4969 4781 5119 4832 4918 4771 5076 4744 5067 4516 4375 4458 4796 4969 5284 4805 4790 5284 5152 4762 
5338 4737 5023 5065 4834 5164 4952 5031 5025 5222 4927 5046 5422 5045 5115 5192 5249 4655 5356 4847 4805 4928 5237 4879 4896 5084 5074 5082 4918 5281 5163 5078 4851 5286 4957 5172 5128 5177 5114 5356 4743 5054 5398 4943 5251 5027 5289 4953 5230 5063 5105 5001 4939 4662 5267 5276 5089 5179 5556 5097 4653 5338 5166 5315 5202 5066 5151 5121 4797 5157 5539 5069 5503 5298 5503 5512 5289 5283 5618 5052 5144 5131 4982 4937 5263 5022 4687 5388 5511 5615 5091 4913 4706 4738 4879 5214 5136 5017 4847 4602 5518 4926 4718 4985 4920 4810 4622 5411 5367 5070 5323 5302 4694 4708 5249 5137 4670 5210 5050 4914 5673 5166 5019 5417 5063 4782 4882 5027 4787 4725 4941 5031 4976 4880 5454 5095 5202 4979 5152 5313 4703 5036 4827 5276 5279 4948 4928 4885 5562 5281 5246 5099 5110 4853 4774 5041 4705 5194 5045 4806 5233 5037 4919 5278 4841 5160 5110 4807 5193 4831 5318 5076 4949 5284 5395 5346 4624 5155 4937 5434 5368 5412 5034 4864 5202 5069 4883 5378 5296 5013 5079 5163 5467 4991 5042 5328 5148 4978 4770 5018 5147 5079 5001 5469 5062 5166 5232 5330 5321 4771 5288 4983 5267 5358 4824 5074 5657 4950 5719 5089 5195 5144 5454 5045 4817 5317 5405 5243 5103 5410 5239 5053 4844 4930 4990 5185 5192 5140 5242 5317 5083 4947 5400 5012 5462 4491 5059 4827 5198 5426 5172 5212 5089 5359 5326 5359 
5285 5153 5069 5032 5029 5261 5302 5199 5510 5390 4930 5178 5355 5199 5314 5429 5253 5104 5659 5021 4925 5133 5185 5375 5293 5117 5550 5341 5163 5222 5111 5229 5185 5237 5111 4960 5198 5375 5326 4972 5222 5327 5546 5102 4898 5375 5621 5352 5605 4893 5511 5167 5119 4944 5210 5266 5040 5354 5684 5477 4945 5286 5260 5748 5299 5237 5459 4986 5118 5340 5341 5096 5713 5067 5282 5527 5328 5293 5597 5288 5130 5306 5208 4938 5365 5041 4741 5175 5375 5374 5640 5240 5235 4967 5216 5502 5187 5277 5195 4714 5464 5053 4940 4983 5125 4621 4920 5690 5286 5168 5395 5478 4859 5074 5324 5315 4700 5239 5088 5107 5899 5281 5262 5603 5232 5051 4808 5062 4929 5032 5303 4677 5014 4955 5362 5375 5453 4912 5301 5374 4897 4951 5209 5294 5426 5221 5030 5299 5476 5259 5206 5406 5009 4986 4739 5397 4729 5519 5199 4924 5160 5023 5264 5531 5188 5329 5540 4866 5083 4908 5350 5199 5272 5378 5550 5448 4857 5108 5269 5353 5527 5346 5174 4925 4988 5198 4978 5495 5522 4946 5216 5731 5475 5176 5282 5576 5182 5082 4996 5236 5001 5145 5018 5421 5496 5382 5542 5205 5315 5048 5428 5151 5332 5491 5117 5267 5781 4841 5646 5368 5483 5307 5757 5348 4943 5435 5200 5278 5037 5780 5547 5179 4883 4910 5157 5190 5595 5317 5603 5511 5498 5169 5389 5211 5679 4615 4923 5248 5061 5287 5067 5482 5002 5189 5239 5537 
5452 4861 4949 5402 5390 5709 5553 5449 5445 5471 5153 5665 5875 5351 5189 5741 5473 4994 5310 5047 4842 5106 5739 5287 5062 5170 5509 5478 5307 5517 5115 5406 5011 5428 5215 5379 5177 5597 5461 5456 5245 5423 5544 5227 5205 5426 5664 5528 5293 4983 5079 5280 5007 4963 5414 5053 5098 5747 5875 5289 5196 5600 5401 5697 5352 5311 5524 4798 5054 5283 5707 5402 5935 5280 5328 5404 5482 5369 5540 5311 5416 5454 4989 5305 5468 5325 5077 5595 5406 5773 5368 5148 5579 5085 5250 5402 5335 5365 5498 4968 5762 5177 5102 5473 5348 4903 5074 5643 5430 5541 5300 5348 5017 5197 5469 5537 4845 5299 5197 5312 6150 5480 5241 5863 5059 5294 5179 5214 5110 4901 5117 4936 5126 5275 5462 4935 5298 5174 5407 5761 4899 5301 5268 5351 5769 5327 5267 5423 5459 5418 5620 5357 5468 5030 5041 5362 4889 5540 5502 5258 5513 5330 5490 5374 5508 5641 5600 4862 5371 5169 5506 5216 5346 5534 5383 5436 4780 5060 5325 5569 5427 5421 5220 5218 5117 5471 5314 5418 5633 5155 4947 5641 5483 5355 5217 5400 5403 5107 5030 5159 5258 5363 5123 5735 5578 5427 5798 5350 5391 5090 5596 5125 5670 5612 5525 5331 5814 4786 5526 5099 5403 5406 5857 5504 5133 5525 5536 5434 5411 5568 5483 5135 5215 5114 5409 5269 5646 5226 5605 5168 5498 4980 5267 5443 5721 5304 5305 5171 5637 5487 5417 5601 5302 5551 5415 5514 
5233 5045 4973 5017 5185 5279 5156 5460 5400 5313 5411 5075 5847 4994 5265 5587 5344 5093 5701 4778 4803 5147 5169 5267 5118 5291 5605 5396 5596 5523 5422 5113 5042 5193 5157 4993 5301 5549 5284 5085 5377 5594 5705 4876 5202 5409 5437 5233 5296 4959 5415 5094 4837 5038 5431 4925 5132 5566 5787 5464 5008 5521 5282 5862 5254 5211 5253 5106 4985 5127 5544 5281 5835 5420 5544 5298 5642 5393 5435 5392 5242 5338 4921 5161 5357 5135 5031 5647 5514 5448 5430 5219 5275 4994 5044 5365 5663 5238 5248 4729 5747 5304 5114 5309 5076 4896 5126 5780 5273 5145 5223 5545 5065 5309 5394 5496 4901 5297 5216 5245 5825 5219 5002 5528 5248 5257 5275 5260 5303 4810 5344 4989 5219 5022 5496 5005 5512 5152 5523 5272 4923 5301 5221 5185 5565 5485 5317 4922 5590 5334 5546 5311 5377 5070 5095 5621 5022 5474 5118 5228 5366 5372 5079 5377 5280 5395 5517 4967 5189 5169 5464 5116 5296 5298 5416 5497 4614 5149 5222 5504 5323 5524 5318 5206 4924 5088 4975 5480 5433 5060 5176 5257 5400 5368 4873 5560 5449 5050 4882 5202 4981 5410 4966 5598 5600 5477 5674 5415 5398 5036 5305 5275 5514 5754 4861 5398 5920 5184 5636 5258 5287 5278 5762 5281 5074 5202 5311 5382 5254 5571 5623 5371 5149 5030 5244 5420 5432 5193 5684 5275 5387 5328 5520 5279 5628 4885 5012 4943 5570 5232 5276 5401 5012 5462 5452 5403 
5763 5287 5397 5164 5525 5571 5761 5382 5430 5800 5207 5376 5995 5355 5349 5450 5325 5137 5894 5201 5087 5164 5573 5418 5539 5435 5825 5725 5500 5333 5574 5451 5362 5590 5233 5375 5591 5685 5712 5520 5651 5634 5919 5560 5480 5406 5794 5745 5779 4943 5713 5444 5551 5034 5534 5485 5265 5634 6033 5647 5320 5714 5626 5853 5756 5461 5822 5479 5214 5484 6087 5707 5820 5372 5826 5695 5666 5540 5776 5613 5685 5489 5351 5462 5825 5244 5175 5697 5842 5892 5863 5270 5738 5274 5279 5706 5329 5544 5375 4778 6070 5456 5032 5541 5397 5039 5290 5917 5743 5358 5400 5784 5103 5312 5765 5525 4984 5526 5402 5508 6211 5536 5538 6022 5387 5220 5241 5482 5418 5448 5343 5182 5208 5161 5760 5410 5694 5548 5844 5550 5400 5446 5172 5470 5866 5551 5396 5333 5831 5461 5794 5498 5521 5241 5164 5620 5249 5745 5395 5507 5694 5406 5485 5580 5285 5796 5646 5389 5664 5263 5657 5582 5455 5514 5707 5728 4851 5383 5427 5656 5517 5572 5297 5480 5279 5616 5420 5760 5865 5527 5148 5868 5658 5382 5358 5856 5535 5291 5327 5340 5324 5397 5407 5554 5700 5479 5971 5570 5492 5306 6001 5425 5864 5556 5078 5558 6062 5402 5629 5414 5728 5631 5757 5281 5596 5816 5792 5675 5398 5765 5625 5489 5032 5417 5584 5641 5600 5705 5782 5467 5611 5408 5626 5501 5924 5128 5234 5124 5593 5804 5534 5662 5454 5504 5460 5521 
4924 4589 4702 4709 4451 5028 5052 4898 4872 5017 4798 4917 5286 4870 4741 5128 4843 4364 5175 4825 4453 4477 5058 4791 5123 4751 5170 5120 4907 5098 4798 4746 4854 5065 4593 4591 4865 4976 4842 4709 4812 4990 5216 4886 4806 4980 4769 4965 5236 4552 5015 4980 4669 4593 4825 4719 4733 5210 5447 4961 4542 4925 4658 5156 4970 4846 5132 4522 4780 4944 5055 4869 5445 4948 5057 5027 5094 4757 5237 4961 4843 4861 4779 4775 5287 4692 4501 4982 5069 4961 5079 4630 4737 4610 4856 5115 5181 5004 4754 4648 4998 4733 4380 4795 4645 4513 4736 4998 4830 4867 4488 4939 4714 4835 5042 4919 4389 4503 4681 4607 5438 4855 4747 5213 4967 4641 4776 5062 4612 4658 4639 4613 4670 4659 5080 4713 4867 4641 5044 4949 4747 4901 4625 4952 5244 5080 4899 4762 5233 4916 4946 5166 4867 4522 4537 4991 4258 5048 4819 4785 5082 4851 4636 4890 4958 5126 4994 4497 4761 4687 4875 4670 5093 4998 5114 4874 4461 4948 5021 5081 4872 4917 5016 4692 4605 5070 4712 5319 5126 4642 4968 5220 4869 4703 4813 4946 4795 5054 4646 4871 4687 4949 4846 5149 5150 4840 5014 5078 4963 4662 4985 4588 5242 4910 4901 5020 5202 4758 5188 4611 4982 4921 5125 5010 4895 4913 4761 5141 4671 5231 5106 4702 4640 4504 4923 4854 5092 4709 4985 4955 4994 4785 5069 4756 5080 4503 4442 4800 5066 5017 4833 5081 4732 4946 4845 4809 
5466 5439 5196 5090 5038 5623 5623 5311 5389 5381 5071 5396 5779 5289 5345 5581 5670 5125 5463 5116 5224 5377 5345 5439 5302 5162 5595 5714 5519 5474 5291 5508 5326 5323 5366 5214 5473 5561 5246 5355 5427 5522 5792 5210 5243 5507 5655 5466 5752 5011 5601 5498 5200 4964 5413 5614 5177 5663 5784 5647 5141 5663 5605 5811 5421 5360 5505 5146 5217 5322 5792 5160 5928 5264 5463 5113 5477 5404 5511 5433 5537 5553 5322 5222 5501 5399 4874 5486 5463 5646 5657 5290 5376 5091 5399 5605 5312 5406 5446 4840 5744 5278 5152 5311 5194 4864 5003 5638 5555 5438 5350 5465 5045 5298 5441 5583 4784 5409 5437 5349 5778 5174 5181 5793 5421 5180 5461 5347 5148 5109 5333 5088 5170 5072 5758 5440 5888 4933 5715 5673 5128 5136 5486 5208 5663 5511 5382 5276 5465 5373 5444 5359 5274 5129 5248 5729 5139 5753 5349 5516 5510 5125 5408 5620 5199 5527 5625 5116 5413 5088 5708 5399 5525 5512 5715 5535 4777 5486 5264 5479 5181 5441 5237 5358 5187 5568 5248 5384 5909 5136 5334 5386 5547 5339 5261 5596 5474 5433 5388 5104 4980 5294 5070 5462 5775 5651 5496 5113 5472 5219 5816 5321 5627 5801 5047 5592 6062 5070 5669 5437 5679 5439 5843 5395 5112 5416 5400 5346 5458 5543 5821 5161 5244 5323 5274 5346 5841 5273 5772 5265 5470 5457 5488 5200 5613 4964 5245 5348 5603 5381 5363 5528 5346 5487 5323 5620 
5353 4807 4955 4970 4909 5394 5089 5066 4979 5244 4817 5143 5488 4960 5027 5299 5323 4901 5140 4836 4633 4885 5174 5069 5226 4853 5442 5306 5269 5396 4957 5015 5272 5206 5018 4771 5434 5201 5280 4891 5113 5303 5606 5025 5247 5276 5241 5077 5190 4846 5059 5107 4992 4726 5118 5082 5023 5107 5784 5265 4749 5159 5123 5723 5005 5049 5128 4715 4959 4909 5706 5048 5634 5112 5120 5431 5370 5122 5377 5473 4970 5218 4900 4948 5160 4930 4927 5326 5226 4947 5093 4995 5073 4957 4928 5151 5095 5025 5238 4767 5428 4980 4845 5061 4796 4597 4753 5413 5313 4718 5001 5261 4893 5018 5288 5060 4677 5015 5069 4901 5654 5299 4964 5567 5314 4893 5296 5296 5081 5027 4911 4924 4828 4836 5454 5071 5217 5059 5404 5148 5086 5229 5337 4915 5426 5164 5273 4922 5541 4992 5046 5076 4967 4723 4990 5298 4895 5201 4971 5167 5315 5180 4897 5391 5066 5308 5388 4706 5023 4800 4969 5221 5099 5106 5398 5389 4512 5033 5047 5397 4873 5140 5109 5112 4841 4975 4898 5281 5199 4702 4922 5096 5416 5198 5057 5241 5284 4890 4972 5045 4907 5139 4820 5303 5113 5257 5150 5265 5197 5009 5158 5088 5225 5056 4705 5125 5768 4987 5315 5200 5028 5145 5604 5110 4987 5494 5312 5397 5057 5463 5409 5005 4866 5105 5538 5229 5234 5247 5420 5248 5367 5180 5317 5031 5339 4824 5012 4797 5304 5383 5015 5437 5066 5267 5422 5264 
5138 5077 5004 4995 5205 5280 5432 5108 5261 5503 5203 5183 5790 4760 5268 5409 5247 4940 5321 4987 4794 5013 5180 5136 5002 5104 5305 5204 5235 5280 5170 5106 5200 5309 5254 4873 5224 5547 5381 5309 5162 5254 5541 5169 5007 5327 5518 5135 5326 5081 5286 5059 4931 4892 5209 4717 5049 5451 5831 5494 5084 5375 5237 5776 5356 4973 5215 4907 5279 5155 5334 5207 5428 5416 5274 5208 5426 5483 5453 5024 5128 5210 5096 5156 5497 4858 4902 5472 5336 5325 5270 5134 5050 5191 5185 5469 5274 5109 5163 4671 5671 5228 4984 4943 4959 4932 5021 5564 5391 5103 5401 5242 4964 5189 5116 5533 4883 5261 5195 4992 5647 5287 5299 5582 5156 4975 5208 5358 5120 4980 4983 4607 4984 5045 5571 5050 5223 4979 5506 5349 4864 5492 5202 5066 5633 5391 5026 4823 5495 5158 5566 5184 5085 4940 4765 5440 4621 5555 5364 5015 5144 5019 5069 5299 5151 5235 5643 4768 4910 4754 5453 5399 5337 5147 5598 5493 4767 5153 5253 5590 5144 5385 5326 5170 4879 4980 5371 5525 5299 5223 5007 5574 5366 5229 5191 5462 5375 4820 4938 5151 4902 5244 4994 5485 5640 5493 5371 5232 5526 5203 5491 5364 5346 5559 4806 5360 5773 4911 5672 5173 5182 5440 5611 5233 4861 5366 5555 5344 5220 5380 5440 5100 4958 5004 5512 5510 5397 5356 5456 5238 5492 4720 5453 5090 5233 4498 4962 4936 5474 5407 5125 5572 5170 5296 5291 5425 
5250 5006 5048 5213 5042 5639 5643 5376 5118 5463 5288 5165 5697 5084 5275 5349 5419 4877 5487 5411 4954 5108 5681 5389 5156 5296 5533 5370 5332 5361 5337 5110 5003 5362 5243 5267 5195 5461 5527 5361 5290 5287 5845 5248 5290 5617 5351 5373 5606 4985 5483 5299 5228 4908 5354 5097 5090 5620 5866 5547 5076 5376 5420 5766 5152 5319 5471 5048 5091 5262 5669 5288 5784 5294 5465 5633 5456 5449 5455 5407 5460 5404 5355 5273 5516 5345 4962 5428 5399 5461 5503 5226 5439 5301 5062 5441 5206 5478 5390 4669 5598 5305 5029 5236 5095 4798 4949 5902 5130 5432 5340 5680 4859 5171 5436 5435 4726 5233 5294 5309 5978 5520 5266 5666 5289 5177 5189 5270 5086 5071 5189 4798 4922 5067 5710 5130 5574 5160 5429 5497 5225 5367 5234 5092 5369 5450 5316 5236 5589 5278 5486 5307 5120 5091 5163 5310 4844 5474 5214 5332 5393 5240 5474 5481 5258 5413 5783 4974 5371 5150 5719 5462 5156 5208 5498 5623 4774 5203 5170 5758 5329 5687 5349 5251 5034 5438 5082 5459 5670 5163 5218 5555 5436 5252 5182 5692 5280 5123 5099 5074 5040 5442 5271 5663 5509 5415 5600 5359 5215 5141 5772 5201 5444 5577 5047 5422 6098 4852 5586 5303 5545 5444 5800 5526 5082 5574 5614 5278 5133 5688 5351 5107 5252 5158 5411 5611 5573 5353 5610 5293 5180 5198 5375 5185 5799 4908 5343 5120 5518 5225 5233 5532 5423 5481 5321 5378 
5459 4878 4898 4962 5142 5585 5465 5032 5031 5319 4780 5115 5586 4885 5191 5173 5224 4755 5354 4971 4645 4967 5037 5156 5133 4974 5368 5411 5443 5280 5171 4982 4716 5182 5180 4752 5228 5571 5243 5162 5290 4965 5664 4927 5119 5231 5194 5266 5045 4852 5248 5159 5059 4769 5356 5197 4938 5495 5659 5230 5078 5124 5398 5473 5021 5394 5174 5000 5024 5081 5416 5195 5717 5078 5040 5486 5320 5236 5397 5255 5079 5043 4860 5220 5185 4896 5093 5191 5170 5198 5115 5009 5194 5153 4911 5334 5258 5130 5114 4652 5474 4929 4788 5162 4983 4822 5158 5432 5088 5174 5144 5526 4631 5159 5108 5298 4606 5205 5120 5000 5560 5312 5225 5599 4906 5181 5223 5156 5038 5129 4957 4488 4865 4879 5418 5003 5335 4733 5279 5519 5027 5380 4913 4892 5428 5398 5065 5216 5167 5302 5155 5014 5336 4724 4952 5212 4438 5495 4903 5140 5130 4921 4919 5192 5265 5546 5352 4954 5385 4825 5648 5213 5300 5576 5070 5525 4821 5091 5050 5320 5096 5063 5335 5064 4712 5401 5335 5245 5322 4843 4876 5255 5039 4843 5031 5286 5140 4843 5082 4938 5067 5458 5017 5634 5339 5205 5387 5273 4952 4924 5448 5259 5400 5537 4964 5470 5794 4726 5419 5179 5335 5176 5583 5071 4989 5571 5336 5230 5328 5540 5568 4915 4842 5246 5249 5361 5271 5043 5338 4940 5176 5208 5297 5139 5424 4732 5011 4944 5171 5039 5249 5377 5134 5272 5257 5320 
5084 4464 4755 4906 4626 5012 4928 4989 5099 5042 5001 4998 5357 5040 4842 5141 5079 4548 4958 4554 4603 4818 5061 4829 5141 4832 5361 5228 4964 4938 4807 5088 4628 5091 4752 4952 4968 5206 5110 5186 5046 4976 5187 4806 4748 4923 5271 5079 4954 4870 4900 4865 4806 4631 4921 4843 4815 5014 5394 5054 4594 4991 5025 5596 5075 4937 4918 4660 4651 5007 5126 4710 5517 4759 4923 4882 5395 5075 5108 5074 5054 5074 5094 4544 4926 4859 4644 5138 5218 5177 4972 5056 5223 4604 4909 5183 4924 4886 5189 4609 5311 4984 4598 4914 4751 4316 4810 5183 4929 4941 4921 5056 4953 4771 5167 4766 4582 5009 4835 4916 5613 4950 4949 5285 4962 4992 5006 5024 4856 4897 4761 4678 4884 4848 5121 5032 5069 4650 5073 5373 4506 4922 4796 4955 5295 5070 5020 4981 5251 4954 5045 4720 5106 4724 4598 4967 4752 5243 4876 4929 5054 5144 5007 5038 4939 5323 5315 4484 4947 4766 5082 4926 5248 5020 5379 5336 4582 5017 4833 4924 5005 4850 5062 4682 4732 5167 4673 5215 5156 4627 4683 5060 5242 4940 4914 5104 4884 4688 4811 4741 4709 4808 4874 5510 5074 4829 5209 5113 5274 4831 5151 4670 5002 5140 4654 4922 5465 4562 5324 5030 5030 4950 5556 4859 5015 5040 5046 5152 5176 4930 5167 4679 4697 4867 4634 4742 5131 5110 5333 4907 5000 4650 5265 4892 5508 4742 4530 4700 5007 5081 5028 5222 5028 4860 5427 4974 
5247 4881 5145 5048 4708 5216 5213 5125 5143 5156 5027 5173 5834 4799 5126 5361 5324 5017 5338 5211 4710 4699 5295 5193 5132 4780 5331 5326 5213 5548 5036 4830 4818 5144 4892 4898 5149 5346 5381 4975 4792 5292 5392 5033 5191 4993 5389 5299 5084 4981 5167 5158 4819 4910 4949 4963 4890 5689 5739 5175 4956 5131 5035 5793 5405 5118 5171 4831 4916 5125 5458 5196 5574 5425 5300 5290 5302 5310 5275 5153 5018 5096 4967 5157 5273 4744 4829 5286 4932 5036 5150 5082 5174 4996 5093 5425 5113 5269 5141 4579 5589 5151 4898 4981 4972 4619 4976 5517 4976 4993 5192 5270 4940 5065 5218 5475 4672 5166 5055 4906 5820 5263 5184 5482 5243 5026 5014 4979 4833 4918 4811 4555 4995 4880 5169 4936 5193 5015 5267 5277 4913 5225 5063 5067 5314 5062 4935 5341 5395 5170 5269 5120 5185 4827 4831 5412 4465 5179 5238 5239 5205 4863 5003 5193 5033 5237 5274 4826 5244 4851 5397 5219 5161 5347 5564 5433 4751 5135 5183 5152 5067 5307 5287 5099 4907 5328 4941 5324 5370 5042 5000 5436 5277 5276 5178 5298 5185 5016 5044 5202 5099 5079 5003 5711 5396 5156 5283 5302 5045 4926 5449 5239 5474 5219 4887 5183 5826 5022 5259 5112 5264 5179 5543 5385 5179 5233 5488 5341 5084 5356 5486 4868 4976 5070 5017 5253 5439 5212 5421 5493 5135 5071 5264 4986 5266 4771 4938 4994 5074 5176 5165 5415 4951 5207 5256 4919 
6052 5141 5290 5223 5136 5595 5595 5628 5530 5713 5188 5475 6045 5077 5707 5652 5556 5089 5527 5337 5094 5292 5723 5562 5433 5240 5476 5820 5571 5552 5472 5152 5262 5698 5442 5289 5517 5827 5562 5564 5660 5526 5970 5387 5537 5637 5819 5476 5418 5248 5623 5556 5297 5330 5471 5383 5179 5809 6015 5639 4996 5854 5750 5912 5545 5628 5659 5682 5296 5686 5683 5373 5938 5601 5533 5630 5877 5612 5542 5469 5355 5632 5454 5504 5643 5455 5414 5723 5677 5640 5577 5069 5527 5264 5547 5847 5616 5499 5600 5388 5896 5552 5243 5408 5417 5034 5403 6073 5687 5267 5595 5401 5391 5476 5421 5632 4762 5460 5319 5466 6242 5392 5396 6346 5628 5353 5420 5397 5248 5247 5577 4951 5373 5114 5844 5498 5868 5120 5649 5813 5417 5510 5584 5283 6100 5490 5516 5524 5962 5675 5563 5242 5538 5168 5277 5837 4897 5717 5546 5216 5717 5255 5601 5838 5455 5392 5859 5155 5395 5295 5842 5564 5635 5770 5875 5594 4701 5219 5383 5775 5463 5302 5433 5452 5208 5766 5612 5620 6072 5237 5429 5540 5851 5445 5366 5672 5443 5499 5321 5369 5285 5361 5345 5981 5713 5524 5978 5569 5502 5139 5901 5400 5697 5743 5250 5530 6078 5239 6024 5619 5404 5703 6124 5619 5568 5939 5875 5715 5331 5859 5793 5358 5290 5211 5578 5430 5878 5484 5485 5639 5619 5501 5864 5425 5679 5316 5181 5339 5716 5548 5690 5951 5407 5582 5647 5602 
5477 5033 5023 5145 5296 5284 5515 5389 5249 5358 5043 5136 5798 5097 5280 5470 5272 4926 5541 5070 4860 5185 5332 5345 5073 5091 5532 5365 5328 5614 5347 5034 5240 5310 5048 5080 5387 5221 5346 4996 5192 5681 5483 5379 5171 5274 5583 5048 5382 5028 5068 5314 4933 5145 5247 5364 5059 5448 5898 5245 5035 5479 5276 5939 5352 5143 5539 5042 5005 5449 5610 5434 5686 5064 5233 5486 5253 5331 5500 5411 5331 5570 5035 5101 5649 5019 4903 5260 5307 5343 5368 5319 5253 5053 5295 5422 5427 5335 5308 5020 5673 5107 4885 5362 5052 4837 5182 5546 5320 5179 5333 5415 5118 5088 5664 5084 4714 5199 5189 5187 5726 5507 5240 5530 4992 4933 4986 5012 4982 5097 5257 5014 5243 5080 5612 5395 5454 4950 5348 5388 4917 5271 5088 5228 5448 5248 5162 5480 5504 5083 5309 5264 5266 5186 5028 5565 4961 5414 5164 5455 5453 5454 4988 5505 4959 5450 5391 4894 5415 4824 5383 5289 5292 5573 5735 5441 4910 5176 5147 5731 5181 5051 5129 5102 5282 5560 5133 5575 5524 5128 4819 5508 5765 5228 5295 5313 5331 5137 5402 5052 5047 5538 5296 5686 5403 5512 5619 5383 5479 5225 5633 5487 5585 5471 5248 5446 5533 4708 5655 5594 5242 5288 5778 5087 5054 5270 5614 5540 5220 5495 5709 5061 5082 5074 5481 5430 5518 5074 5228 5150 5251 5296 5384 5195 5662 5080 5111 5072 5256 5343 5469 5594 5168 5499 5445 5302 
5370 4744 4820 5335 5017 5427 5063 5252 5212 5461 5037 5185 5779 4950 5398 5420 5477 4969 5548 5299 4811 5204 5383 5393 5218 5094 5465 5547 5331 5350 5441 5090 4991 5484 5138 5174 5155 5463 5365 5226 5324 5398 5582 5447 5251 5209 5671 5454 5417 5061 5455 5530 4793 4857 5377 5121 5012 5437 5724 5244 5242 5376 5410 5627 5403 5242 5142 5328 4986 5349 5549 5443 5727 5247 5461 5361 5637 5346 5312 5184 5244 5218 5319 4978 5323 5128 5244 5339 5329 5315 5303 5143 5620 5269 5294 5635 5387 5406 5217 5049 5871 5117 5203 5109 5224 4875 5120 5774 5278 5039 5273 5315 4998 5295 5230 5206 4646 5234 5251 4908 6029 5458 5076 5676 5060 5066 4869 5019 4995 4988 5202 4718 5193 5129 5388 5117 5292 5023 5610 5488 4918 5284 5480 5092 5626 5582 5338 5083 5501 5356 5357 5272 5056 4974 4853 5501 4763 5431 5306 5333 5620 5387 5247 5485 5122 5432 5722 5065 5266 5140 5532 5388 4884 5614 5483 5340 4927 5096 5182 5557 5256 5553 5344 5184 5020 5231 5307 5438 5477 5291 5202 5504 5510 5171 4914 5401 5524 5153 5313 5146 5228 5495 5237 5605 5232 5216 5413 5409 5538 5235 5622 5243 5501 5479 4885 5067 5811 4951 5741 5131 5454 5158 5709 5172 5128 5510 5494 5451 5203 5459 5498 5148 4936 5123 5301 5381 5258 5326 5348 5125 5436 5214 5524 5340 5498 4936 5020 4954 5499 5458 5274 5683 5257 5262 5446 5472 
5229 4820 5042 5025 5015 5309 5246 5271 5119 5437 4973 4976 5428 4677 5210 5276 5111 4896 5261 4966 4924 4831 5231 5224 5247 5107 5276 5381 5300 5325 5169 5036 5215 5454 5089 4961 5214 5438 5244 5417 5252 5350 5293 4799 4877 5282 5308 5478 5093 4698 5270 4917 4916 5049 5125 5212 5030 5102 5691 5375 4925 5547 5266 5742 4976 4969 5504 5013 4822 5118 5455 5209 5622 5251 5066 5342 5427 5210 5100 5181 5264 5317 4961 5055 5329 4667 5019 5250 5419 5377 5193 5119 5197 4747 5231 5259 5249 5204 5201 4597 5622 4816 4993 4953 4968 4951 4879 5641 5175 5148 5210 5228 5127 5009 5214 5449 4766 4949 5010 5166 5882 4934 5102 5798 5120 4963 5066 5034 4841 5154 5149 4772 5090 4953 5597 4951 5393 4996 5557 5383 5110 5422 4920 5120 5646 5028 5137 5063 5395 5114 5605 5370 5129 4841 4832 5147 4563 5321 5253 5053 5494 5084 4981 5428 5137 5510 5584 4782 5094 4952 5582 4944 4990 5215 5252 5489 4583 5069 5067 5423 5141 5202 5313 5142 5167 5201 5319 5412 5397 4814 4923 5440 5356 5108 4950 5470 5352 5036 4742 5090 4947 4948 5089 5549 5234 5151 5586 5334 5182 4981 5546 5152 5393 5602 4981 5329 5594 4908 5614 5416 5389 5264 5443 5414 5066 5240 5365 5444 5082 5390 5505 5133 4905 5043 5496 5331 5352 5158 5384 5060 5203 5064 5147 4889 5523 4915 5041 5036 5327 5194 5291 5235 5040 5113 5297 5362 
5399 4855 5029 5186 4851 5353 5391 5183 5231 5419 4903 5355 5514 5153 5272 5503 5313 4867 5522 4930 4689 4908 5285 4968 4877 4863 5374 5309 5491 5375 5258 4839 5167 5151 5085 4907 5453 5156 5256 5182 5423 5359 5427 5057 5222 5275 5467 5362 5529 5040 5463 5293 5007 4967 5216 5298 5243 5320 6043 5130 4979 5000 5094 5701 5255 4981 5338 5045 4974 5480 5467 5028 5479 5381 5111 5217 5365 5190 5492 5295 5142 5233 5111 4941 5325 5143 5034 5707 5210 5475 5528 5061 5530 4895 4969 5181 5050 5005 5279 4880 5608 4864 4945 5146 5109 4947 4725 5710 5268 5011 5203 5159 4842 5090 5721 5255 4761 5476 5222 5080 5888 5428 5457 5554 5025 4782 5050 5083 5084 5034 5123 4950 5169 5134 5710 5307 5320 4872 5588 5503 5019 4899 5324 4967 5719 5270 5089 5089 5450 5320 5381 5265 5294 5022 5031 5290 4798 5526 5257 5261 5534 5437 5127 5590 5213 5333 5544 4895 5131 4958 5388 5146 5245 5305 5626 5415 4838 5036 5293 5530 5211 5453 5165 5371 4838 5279 5264 5452 5491 5034 4977 5305 5516 5355 5231 5337 5408 5062 5258 5170 4795 5155 5034 5402 5409 5321 5354 5264 5253 4913 5520 4897 5485 5554 4959 5438 5616 4971 5559 5082 5230 5049 5874 5326 5069 5206 5193 5620 5292 5406 5606 5015 5061 4993 5245 5654 5311 5363 5324 5225 5367 4875 5266 5247 5359 4828 4981 5106 5460 5255 5458 5626 5065 5227 5625 5425 
5218 5061 4810 4895 5167 5279 5346 4904 5114 5058 4882 5150 5577 4904 4738 5153 5081 4945 5097 4858 4671 5079 5030 4858 5052 4879 5324 4948 4876 5065 4869 5127 5133 5011 4847 4870 5407 5324 5088 5025 5194 5226 5270 5004 4862 5199 5084 4982 5278 4895 4903 5224 4690 4675 4995 5053 5068 5259 5677 4921 4977 5205 5040 5846 5191 5015 5076 4832 4805 5180 5532 5004 5443 5061 4946 5217 5204 5052 5535 5053 4897 5005 4903 4863 5190 4675 4736 5102 5094 5260 5247 5059 5223 4712 4870 5160 4918 5038 4954 4748 5307 4812 4597 5022 4608 4945 4727 5321 5203 4988 5158 5145 4579 5070 5273 5202 4510 4975 4952 5116 5250 5182 5270 5479 4915 4812 4964 5165 4822 4873 4756 4570 5192 4641 5037 4935 5155 5042 5287 5003 4844 5051 4806 4885 5451 5221 4919 5091 5375 4647 5015 4906 4813 4886 4803 5095 4838 5275 4973 5157 5125 5136 4936 5026 5158 5179 5355 4706 5029 4662 5218 5279 4900 5233 5427 5253 4511 5047 5208 5219 4825 5167 5114 5078 4634 5248 4787 5213 5276 4740 4934 5190 5066 4970 4925 5041 5034 4795 4977 4777 4679 5087 4869 5273 5096 5119 5367 5192 5052 4866 5201 4916 5243 5157 4785 5438 5623 4874 5306 4825 5138 5115 5420 5006 4659 5395 5129 5240 5167 5156 5388 4827 4582 4941 5440 5190 5262 4967 5306 5088 5094 4627 5290 5092 5154 4687 4761 4690 5160 5139 5036 5195 4962 5111 5009 5108 
5446 4961 5186 5246 5195 5517 5419 5498 5422 5552 5178 5354 5747 5126 5228 5459 5625 4967 5521 5155 4880 5110 5441 5121 5204 5058 5630 5567 5484 5459 5321 5116 5264 5274 5192 5305 5342 5458 5570 5301 5554 5415 5823 5151 5458 5438 5607 5585 5618 5168 5570 5397 4993 5143 5400 5252 5467 5376 6038 5590 5045 5341 5516 5725 5368 5582 5626 5262 4998 5352 5815 5318 5729 5581 5324 5591 5526 5434 5695 5643 5220 5523 5102 5135 5470 5156 5228 5559 5474 5642 5642 5287 5411 5187 5242 5702 5291 5465 5479 4791 5877 4948 5064 5016 5303 5020 4834 5811 5332 5189 5363 5406 5169 5202 5494 5448 4890 5576 5036 5302 6239 5589 5004 5866 5617 5128 5097 5425 5337 4954 5275 5061 5112 5225 5776 5294 5363 5053 5554 5629 5291 5513 5237 5445 5647 5227 5251 5364 5724 5432 5654 5171 5616 4962 5153 5640 4908 5699 5508 4903 5456 5439 5162 5542 5460 5565 5623 4878 5521 5371 5580 5374 5273 5562 5464 5772 4786 5355 5367 5827 5415 5484 5228 5385 5226 5564 5215 5435 5589 5130 5348 5573 5590 5338 5199 5598 5545 5311 5177 5442 5294 5145 5341 5831 5637 5230 5902 5547 5471 5104 5643 5157 5573 5596 5296 5355 5777 4917 5818 5385 5459 5393 5780 5582 5190 5790 5726 5602 5602 5512 5542 5428 5192 4930 5376 5722 5458 5408 5609 5575 5266 5216 5451 5350 5628 4927 5117 5283 5642 5477 5748 5684 5198 5556 5383 5593 
4937 4680 4642 4826 4575 4891 5002 4944 4788 5047 4624 4794 5253 4577 5094 4822 4828 4448 4991 4686 4526 4863 4936 4512 4815 4597 5037 5148 4715 4921 4821 4712 4634 4788 4764 4520 4873 5034 4976 4645 4914 4906 5205 4616 4705 5074 5057 5003 4967 4806 4888 5041 4584 4649 4828 4733 4792 4905 5182 4904 4671 4780 4917 5475 4882 4685 4984 4818 4525 4802 5094 4680 5416 4793 5107 5042 5165 5038 4880 4988 4801 4895 4453 4606 4862 4690 4395 5023 4730 5320 4965 5044 5046 4703 4847 5045 4686 4808 4714 4425 5194 4869 4697 4524 4566 4279 4445 5169 4873 4717 4734 4911 4729 4653 5099 4603 4477 5127 4455 4521 5319 4921 4802 5080 4690 4731 4702 4750 4742 4876 4777 4479 4738 4624 4992 4883 4962 4717 5033 4772 4567 4880 5137 4588 5063 5133 4594 4727 4947 4575 4908 4806 5043 4561 4279 5072 4398 5218 4795 4807 4844 5009 4730 4951 4725 4950 4971 4553 4861 4662 4950 4721 4686 4926 5251 5294 4504 4890 4811 5037 4980 5032 4784 4935 4493 4987 4685 5009 5175 4671 4802 4912 4844 4817 4668 4919 4916 4797 4666 4744 4644 4953 4875 4889 5143 4809 5212 5130 4904 4779 5175 4557 4903 4914 4761 4954 5402 4564 5248 4678 5005 4899 5453 4914 4683 4806 5203 4921 4944 5079 4935 4713 4663 4806 4706 4840 4884 4755 5079 4609 5071 4503 5060 4656 5155 4700 4653 4589 4792 4891 4939 4980 4813 4896 5051 4783 
5286 4667 4778 4744 4754 5330 4946 5008 4994 5044 4650 4914 5231 4777 4872 4944 5040 4672 4907 4805 4632 4631 5179 4872 4863 4613 5110 4914 4954 4897 4971 4857 4776 5015 4490 4911 5018 5222 5242 5090 4906 5067 5186 4900 4939 5121 5010 5053 5205 4550 4902 4878 4914 4690 5203 4917 4712 5229 5721 5162 4572 5088 5022 5427 4984 4928 4944 4937 4658 4858 5452 4998 5266 5122 5192 5136 5096 5070 5009 4932 4826 4715 4802 4798 5216 4918 4678 5283 5265 5211 4834 5002 5068 4786 4879 5029 4802 5242 5152 4675 5357 4889 4883 4705 4916 4558 4690 5385 5027 4707 4846 5134 4350 4769 5144 5186 4614 4828 4905 4674 5332 5217 4748 5065 4814 4452 4754 4942 4662 4511 4858 4894 4905 5002 5138 5146 4779 4806 4902 5106 4748 4910 4657 4922 5140 5162 4755 4967 5269 4767 5155 5056 5185 4864 4940 5003 4611 5201 4796 4905 5249 5023 4776 4996 4743 5202 5148 4596 4990 4924 5196 5081 4748 5167 5124 5209 4524 4811 4912 5332 5016 5030 4767 4659 4808 4972 4549 5214 5176 4980 4654 5283 5139 4915 4864 5100 5064 4756 4512 4885 4758 4990 4863 5033 5095 4981 5234 5144 5130 4556 5269 4683 5249 4890 4906 4996 5401 4769 5254 4757 4893 4891 5343 4734 5000 5297 5442 5188 5027 5296 5159 4974 5114 4877 5135 5169 5113 5151 4829 4868 4956 4463 5071 5039 5090 4669 4944 4755 5116 5071 4947 5215 4991 5152 4845 5005 
4801 4982 4485 4840 4700 5100 4890 4760 4634 4941 4570 4860 5158 4644 4898 4975 4908 4579 4915 4808 4621 4681 4709 4567 4466 4619 4819 4856 4835 5006 4686 4650 4829 5033 4591 4795 4996 5043 5051 4844 4723 4783 5113 4880 4913 4848 4911 4987 4904 4569 5029 4991 4563 4566 4892 4597 4681 5013 5247 4662 4786 4675 5085 5098 4789 4659 4937 4687 4754 4830 5163 4636 5028 4799 4949 4540 4885 4938 5021 4903 4745 4953 4622 4808 4912 4498 4495 4936 4872 5019 5033 4949 4998 4476 4730 4841 4730 4922 4878 4411 4973 4840 4626 4813 4676 4457 4785 5236 5103 4740 5013 4976 4457 4663 5188 4974 4397 4971 4724 4702 5268 4913 4782 5192 4977 4405 4809 4887 4678 4913 4765 4292 4565 4499 5047 4691 5019 4850 4917 5132 4458 4769 4854 4784 5148 4679 4717 4744 5137 4715 4876 4772 4834 4495 4499 4808 4344 5167 4801 4805 4978 4902 4791 5089 4498 4817 5195 4509 4780 4435 4767 4777 4925 4915 5014 4911 4533 4613 4760 4910 4619 4916 4439 4478 4450 4863 4669 5113 5109 4468 4420 5079 5052 4599 4652 5030 4972 4722 4800 4818 4459 4871 4690 5040 4788 4834 5150 5102 4996 4714 4907 4848 4852 4976 4439 4990 5355 4573 5002 4793 4810 4776 5131 4521 4415 4831 4936 4781 4845 4765 4981 4646 4441 4669 4989 4990 5027 4997 4912 4829 4854 4646 5220 4713 4942 4231 4594 4648 4937 4994 4884 5071 4739 4845 4887 4976 
5211 4629 4902 4888 4776 5247 5078 4833 4937 5236 4597 4942 5330 4685 5117 5054 5089 4638 5178 4772 4748 4632 4947 5082 4689 4688 5034 4992 4920 5173 4773 4681 4668 4900 4673 4798 5072 5271 5016 4890 5066 4852 4956 5048 4757 4934 5213 5079 5024 4537 5067 5062 4695 4563 4947 4974 4823 5031 5571 4880 4913 4963 5053 5335 5124 5052 5045 4664 4721 5211 5490 4801 5462 4628 4774 5062 5147 5174 5144 5117 4901 4778 4911 4801 5092 4951 4573 5106 5145 5205 5090 4997 4924 4740 4808 4892 4787 4997 5034 4488 5150 4900 4794 4765 4924 4488 4848 5405 4936 4638 4982 5295 4743 5034 5166 5152 4319 5172 4757 4612 5390 5031 4908 5456 4659 4854 4921 4666 4399 4776 4960 4544 4789 4851 5393 4989 5016 4844 5043 4987 4619 4809 4995 4914 5226 4894 4871 5142 5169 4930 5131 5015 5078 4811 4807 5152 4402 4883 5016 4754 4944 4811 4688 5183 4878 4834 5095 4454 4711 4784 4917 5025 4915 5096 4889 5260 4420 4610 4873 5048 4883 5174 4895 4881 4804 4870 4627 5128 5212 4920 4738 5229 5338 5128 5041 5109 4971 4730 4719 4850 4817 4809 4787 5354 4956 4911 5209 4963 5094 4945 5193 5248 5098 5140 4715 5077 5336 4704 5509 4900 5076 4881 5427 4906 4735 5187 5257 5194 4844 5199 5127 4975 4760 4635 4856 5265 5297 4984 4907 4817 4976 4716 5057 4941 5073 4520 4933 5076 5185 5166 5035 5317 4870 4977 5038 5026 
5066 4861 4663 4988 5022 5435 5098 4896 4831 5112 4821 4933 5556 4826 5046 5429 5239 4692 5302 4912 4709 4981 5353 4965 5255 5017 5231 5297 5020 5063 4958 4779 5072 4897 4962 4586 5070 5228 5067 5000 5167 5161 5388 4795 5094 5348 5349 5050 5187 4941 5066 5232 4897 4780 5211 5277 5113 5390 5408 5152 4508 5178 5363 5622 5117 5130 5065 4760 5026 5172 5029 5223 5577 5047 5233 5281 5470 5303 5217 5239 5269 5243 4913 4826 5444 4916 4877 5345 4957 5054 5091 5151 5105 4819 4988 5170 5333 5165 4967 4771 5519 5044 4687 5030 5006 4991 4884 5412 5206 5204 5206 5153 4903 5439 5104 4957 4479 5044 4970 5052 5622 5094 4961 5273 5023 5023 5176 5290 4648 4974 5037 4539 5012 4803 5479 4690 5246 5025 5291 5276 4779 5256 5125 4952 5070 5135 4781 5018 5239 5108 4917 5357 5201 4610 4654 5047 4571 5144 5163 4945 5106 5131 4854 5467 5040 5615 5170 4585 4988 4545 5350 5109 4920 5331 5281 5132 4797 5074 5044 5318 5212 5130 5035 5191 4716 5058 4855 5359 5524 4785 4920 5061 5246 5018 5004 5171 5110 4903 4980 5109 5073 5154 4984 5340 5129 4878 5177 5120 5037 4884 5302 5162 5434 5257 4918 5302 5509 4750 5389 5359 5074 5069 5784 5090 4994 5478 5204 5165 5144 5453 5191 4707 4757 4775 5175 5001 5400 4909 5009 4941 5178 4879 5208 4958 5200 4827 4834 4778 5172 5095 5139 5186 4848 5224 5408 5462 
5565 5376 5255 5279 5378 5675 5841 5329 5689 5656 5429 5585 5980 5159 5431 5745 5609 5367 5631 5175 5080 5393 5690 5388 5386 5537 5838 5822 5629 5807 5226 5479 5291 5747 5422 5343 5890 5692 5712 5445 5606 5889 5776 5248 5248 5678 5817 5597 5594 5087 5649 5303 5403 5313 5520 5392 5351 5732 6153 5447 5375 5530 5997 6052 5693 5393 5769 5211 5213 5612 5953 5372 5757 5454 5569 5421 5785 5515 5709 5668 5386 5570 5563 5304 5283 5281 5294 5744 5777 5681 5801 5535 5548 5174 5429 5640 5492 5335 5206 4945 5921 5542 5539 5511 5244 5203 5083 5912 5608 5529 5703 5658 5265 5536 5862 5756 4983 5725 5700 5717 6111 5558 5608 6136 5408 5303 5474 5621 5218 5444 5160 5193 5467 5183 5755 5322 5618 5369 5734 5632 5259 5843 5683 5575 6066 5627 5388 5558 5943 5356 5936 5427 5575 5326 5236 5655 5264 5940 5547 5451 5409 5698 5334 5832 5554 5351 5836 5497 5483 5272 5604 5318 5583 5612 5826 5822 5094 5447 5374 5921 5562 5471 5343 5443 5222 5623 5291 5717 6014 5508 5507 5596 5921 5414 5587 5752 5694 5215 5281 5439 5085 5426 5204 5927 5758 5342 5745 5750 5552 5294 5461 5360 5842 5783 5469 5532 6102 5261 5694 5483 5540 5643 6040 5508 5511 5955 5666 5658 5489 5647 5602 5481 5347 5309 5521 5594 5818 5685 6069 5463 5529 5259 5840 5434 5779 5070 5289 5137 5921 5737 5827 5884 5450 5761 5822 5667 
5307 4875 5059 4747 4847 5196 5207 5068 5219 5044 4705 4987 4988 4866 4989 5140 5271 4773 4998 4723 4541 4934 5133 4892 5170 4818 5401 5311 5131 5139 4867 4970 4749 4881 5021 5126 5033 5165 5391 5076 4942 5243 5293 5084 5034 5049 5474 5280 5249 4907 4975 4829 4907 4683 5097 4818 4895 5227 5621 4936 4951 5324 5250 5291 5099 4788 5195 4751 4892 5193 5312 5127 5488 5012 5112 5269 5091 5249 5375 5160 4931 5069 4913 4778 5275 4964 4867 5070 5300 5508 5318 5143 5030 4732 4989 5163 5013 4954 5080 4679 5550 4878 4908 5166 4913 4582 4829 5621 5001 4728 5198 5085 4804 4815 5426 5129 4351 4975 4993 4845 5691 5165 4939 5701 4643 5077 4905 5025 4736 5000 5008 4695 5080 4920 5363 5112 5047 4730 5314 5396 4910 5120 5030 5007 5447 5086 4944 5038 5220 4996 5287 5090 5175 4943 4917 5015 4613 5065 4914 4937 5278 5139 5108 5218 5089 5458 5338 4680 5050 4666 5157 5025 4991 5217 5107 5125 4535 4875 4975 5336 4983 5173 4757 4832 4998 5115 5013 5068 5474 4786 4794 5035 5269 4914 5025 5154 5281 4705 4737 5086 5036 5147 4741 5415 5244 5003 5267 5048 5153 4608 5595 4988 5057 5220 5006 5172 5509 4712 5330 4978 5185 5130 5868 5011 5081 5248 5328 5184 5213 4977 5118 4955 4756 4865 5193 5221 5375 5023 5333 5197 5145 4996 5057 5103 5387 4702 4765 4769 4931 5342 5048 5239 5286 5200 5146 5256 
5388 5049 4737 5384 5144 5429 5627 5417 5442 5538 5098 5222 5776 5328 5328 5275 5306 5103 5510 4927 4909 5054 5556 5211 5224 5421 5650 5592 5532 5509 5299 5261 5293 5550 5190 5003 5582 5597 5338 5455 5254 5272 5570 5227 5265 5404 5498 5484 5367 4869 5264 5287 4946 4957 5563 5422 5049 5449 5846 5329 5332 5564 5767 5683 5514 5378 5367 5218 5062 5379 5880 5079 5923 5625 5556 5411 5778 5454 5453 5489 5478 5179 5254 5200 5391 5191 5230 5650 5343 5488 5304 5361 5581 5069 5273 5353 5211 5379 5310 4835 5545 5211 4892 5323 5222 5104 5173 5708 5471 5332 5456 5437 4906 5267 5391 5486 4653 5378 5362 5272 5978 5181 5197 5781 5387 5064 5202 5597 4956 5086 5154 4799 5406 5134 5546 5073 5495 4899 5543 5745 5129 5412 5048 5033 5808 5351 5330 5303 5741 5401 5371 5309 5585 4879 5084 5328 4953 5745 5277 5265 5521 5334 5307 5456 5323 5425 5684 5016 5239 5104 5416 5540 5310 5500 5542 5649 5067 5053 5405 5395 5232 5195 4976 5273 4984 5467 5423 5297 5581 5269 5230 5283 5703 5418 5168 5324 5333 5186 5083 5295 5096 5175 5089 5545 5516 5479 5495 5324 5334 5133 5567 5264 5474 5686 4667 5459 5893 5218 5358 5329 5437 5345 5693 5181 5320 5600 5521 5596 5531 5450 5532 4909 5246 5029 5566 5316 5554 5277 5629 5149 5508 5118 5657 5267 5487 5160 5173 5115 5598 5404 5459 5510 5139 5665 5645 5607 
5416 4893 4995 5229 5108 5389 5333 5443 5538 5574 5173 5372 5698 5047 5406 5315 5342 4840 5731 5008 4674 5045 5370 5181 5202 5024 5340 5131 5128 5068 5358 5053 4947 5494 4850 5227 5296 5485 5329 5246 5458 5292 5571 5357 5343 5608 5368 5234 5620 4884 5302 5381 4916 5048 5320 5240 5315 5760 5723 5181 4954 5180 5368 5695 5354 5269 5195 5143 4679 5213 5324 5160 5612 5210 5319 5449 5447 5056 5739 5256 4943 5353 5128 5374 5297 5189 5002 5418 5255 5440 5523 5268 5316 5042 5263 5469 5374 5210 4942 4973 5520 5208 5003 5402 4868 5000 4950 5407 5395 4932 5429 5229 4944 4966 5318 5345 4592 5382 4891 5268 5860 5200 5227 5709 5094 5236 5083 5342 5030 4987 5113 4654 5061 4849 5206 5282 5318 4891 5536 5534 5055 5213 5035 4872 5466 5259 5164 5385 5597 5321 5114 5338 5133 4839 4824 5397 4753 5647 5286 5232 5076 5290 4878 5292 5116 5334 5516 5041 5329 5017 5541 5278 5241 5525 5485 5417 4647 5078 5083 5415 5298 5396 5211 5339 4869 5280 4982 5289 5601 5023 5226 5336 5635 5341 5137 5427 5105 4904 5221 5069 5091 5366 5165 5707 5509 5305 5506 5345 5552 4879 5416 5025 5189 5351 5035 5542 5852 4677 5953 4902 5388 5424 5732 5230 5076 5384 5453 5325 5239 5428 5686 5143 5084 5014 4966 4998 5366 5047 5498 5307 5178 5012 5362 5272 5658 4637 5053 5197 5438 5441 5347 5553 5015 5336 5494 5433 
5320 4666 4686 5037 4850 4974 5228 5204 5073 5321 4887 5041 5252 4923 4925 5447 5123 4516 5327 4758 4689 5039 5164 5083 5024 5085 5183 4948 5472 5169 5140 4934 4710 5063 4906 5024 5149 5519 5067 5282 5001 5304 5510 4967 4899 5162 5158 5205 5212 4919 5159 4884 4882 4831 5094 4916 5015 5169 5186 5196 4867 5025 5410 5334 4984 5089 5512 4940 4794 4729 5108 5009 5523 5237 4615 5099 5393 5071 4959 5110 5139 5115 5025 4819 5399 5064 4892 5236 5200 5339 5301 5082 5022 4847 5264 5122 5237 5009 5166 4647 5693 5036 4919 4942 4907 4603 4943 5693 5119 4825 4921 5226 4889 5058 5268 5143 4431 4971 4827 5123 5548 4778 4954 5120 5101 4804 5055 5176 4886 5095 5042 4613 5144 4624 5452 5036 5399 4869 5355 5242 4971 5171 4976 5044 5344 5252 5003 5198 5286 5037 5251 5085 5193 4767 4798 5355 4801 5386 4809 5042 5244 5074 5024 5483 5107 5065 5282 4664 4901 4870 5159 4964 4961 5146 5291 5053 4474 4872 4957 5311 5103 5361 5236 4732 5075 5226 5032 5301 5305 4622 5122 5238 5315 5107 4918 5124 5155 4851 4927 5109 5019 4814 4661 5446 4921 5217 5720 5072 5084 4435 5351 5161 5185 4859 4734 5210 5546 4774 5255 5063 5089 4967 5509 5379 4810 5275 5235 5152 5250 5154 5304 4942 4661 4978 5074 5221 5375 5024 5396 4870 5144 4739 5125 5057 5147 4699 5031 4778 5355 5142 5281 5380 4995 4714 5181 5331 
5076 4953 4875 4520 4559 4940 5155 4906 4711 5190 4822 4762 5131 4702 4961 5296 4981 4703 4957 4774 4495 4775 5135 4946 4948 4757 5064 4799 4988 5104 4908 4802 4889 4891 4712 4695 4998 5117 5049 4797 5005 5111 5111 4770 4910 4787 5090 4854 5211 4785 4954 4718 4509 4517 4863 4574 4646 4918 5433 4839 4548 5075 5082 5353 4904 4865 4974 4364 4561 5258 5109 5093 5473 4883 4857 5052 5057 5006 4845 5125 4783 4892 4835 4679 5047 4528 4504 5050 5013 5129 4934 5074 5063 4525 4818 4938 4918 5165 4814 4595 5056 4735 4504 4589 4502 4586 4776 5179 5014 4608 5029 4860 4354 4899 5058 4945 4270 4828 4713 4855 5164 4993 4980 5092 5034 4717 4762 5192 4570 4752 4819 4512 4861 4554 4854 4933 4991 4798 5026 5031 4675 5148 4680 4648 5191 4943 4864 4842 5202 4845 4978 5143 4790 4353 4602 5174 4392 5152 4900 4756 5078 4761 4840 5013 4724 5060 4882 4705 4772 4472 5255 4969 4664 5007 5094 5153 4369 4793 5081 5154 4852 4865 4777 4731 4732 5082 4371 4888 5223 4695 4953 4970 4953 5059 5065 4900 5162 4746 4716 5009 4606 5025 4671 5365 5139 4879 5122 5061 4725 4439 5131 4984 4997 5029 4774 5155 5525 4811 5223 4823 4861 4797 5272 4903 4685 5036 4902 5073 5028 5216 5210 4929 4655 4549 5050 5140 4961 4490 5197 5021 4836 4598 4942 4628 5437 4429 4524 5124 5097 4902 5085 5115 4786 4832 4835 4793 
5276 4989 4838 5235 4539 5489 5168 5223 5447 5301 4962 5019 5579 4687 5072 5368 5119 4884 5071 5048 4723 4847 5165 5072 5043 5142 5193 5362 5011 5562 5206 4763 4894 5159 4741 5015 5282 5256 5347 4906 5266 5282 5476 5010 5214 5286 5250 5132 5552 5009 5068 5014 4765 4865 5283 4997 4916 5521 5614 5333 5014 5365 5038 5417 5235 4911 5319 5047 4980 5035 5352 5097 5748 5224 5334 5342 5367 5270 5453 5269 5118 5100 5023 4994 5388 4908 4632 5481 5317 5208 5204 5465 5088 4553 4938 5332 5036 5147 4995 4741 5624 4986 4807 4941 4877 4783 4791 5259 5264 4889 5178 5379 4946 4911 5256 5234 4634 5224 5256 5071 5910 5216 5059 5416 5106 5007 4933 4938 4923 5230 5243 4694 5075 4834 5375 5292 5355 5041 5424 5411 5011 4930 4949 5123 5831 5147 4925 4988 5534 5117 5319 5381 5032 4778 5214 5042 4799 5334 5253 5139 5354 5341 4841 5184 5160 5585 5253 5059 5184 4702 5306 5251 5147 5207 5493 5298 4635 5172 5094 5257 5241 5313 4881 5128 5021 5208 5022 5216 5137 4847 4833 5192 5538 4961 5258 5331 5290 5000 5093 5017 5128 5216 5190 5392 5298 5127 5370 5216 5390 4972 5208 5038 5202 5278 4684 5201 5710 4944 5422 5355 5224 5172 5618 5026 5159 5321 5421 5040 5228 5377 5224 5157 4856 5020 5225 5300 5349 5134 5481 5254 5177 4919 5234 5071 5351 4810 4981 4948 5286 5205 5315 5544 4999 5371 5589 5122 
5342 5083 4952 5112 4951 5569 5452 5071 5286 5337 4866 5085 5796 4871 5238 5350 5323 5085 5104 5020 4768 5216 5408 5207 5001 4893 5271 5470 5197 5414 5081 5210 5099 5340 5152 5021 5590 5612 5165 5444 5119 5356 5341 5109 5167 5445 5140 5122 5660 5282 5299 5148 4958 4851 5289 5240 5002 5381 5629 5085 4916 5526 5428 5683 5212 5347 5293 5039 5052 5366 5401 5117 5804 5339 5166 5421 5253 5296 5136 5457 5332 5410 4997 5231 5257 4941 4745 5289 5334 5444 5455 5259 5296 4954 4970 5413 5284 5133 5291 4815 5499 5017 4986 5076 5105 4890 4801 5568 5312 5076 5083 5414 4895 5031 5185 5191 4622 5397 4984 5149 6094 5408 4988 5610 5200 4928 5050 5204 4838 5104 5195 4874 5153 4971 5414 5248 5357 5175 5435 5124 4836 5376 5205 5156 5522 5237 4927 5184 5597 5052 5663 5107 5219 4872 5013 5605 4829 5348 5126 5083 5460 5333 5244 5515 5103 5534 5484 5027 5300 4798 5474 5179 4953 5239 5437 5357 4423 5331 5162 5533 5085 5312 5185 5068 5085 4954 4962 5592 5603 5162 4864 5539 5558 4978 4940 5149 5456 5106 5104 5142 5003 5285 5206 5518 5253 5237 5730 5372 5359 5113 5596 5042 5420 5514 5012 5306 5843 4740 5699 5093 5185 5361 5783 5183 5091 5359 5352 5309 5396 5441 5368 5365 4779 5013 5192 5336 5680 5383 5642 5307 5363 4944 5449 4857 5515 5029 5250 5023 5463 5330 5170 5582 4818 5189 5311 5126 
5790 5020 5031 5501 5200 5552 5629 5532 5423 5774 5438 5306 5663 5214 5523 5726 5511 5028 5694 5045 4983 5285 5567 5340 5436 5290 5777 5519 5820 5571 5667 5002 5167 5533 5090 5397 5333 5544 5405 5312 5376 5727 5578 5461 5384 5532 5437 5531 5438 5241 5531 5301 5102 5102 5602 5423 5273 5426 5808 5417 5277 5634 5443 6028 5349 5339 5369 5012 5151 5429 5716 5726 5921 5537 5544 5336 5750 5380 5691 5359 5342 5418 5079 5252 5778 5352 5067 5635 5561 5550 5604 5278 5461 5127 5388 5382 5464 5594 5337 4692 5793 5162 4994 5276 5236 4841 5180 5854 5391 5191 5161 5693 4828 5253 5507 5538 4872 5361 5440 5310 6040 5486 5308 5451 5446 5200 5426 5404 5237 5184 5153 4841 5460 5288 5664 5306 5575 5043 5845 5738 5064 5449 5331 5365 5565 5585 5274 5519 5687 5688 5512 5552 5550 4832 5397 5401 5064 5858 5393 5347 5666 5561 5254 5618 5221 5722 5664 5227 5219 4954 5440 5741 5290 5516 5755 5576 4769 5296 5253 5662 5365 5489 5246 5322 5206 5515 5033 5903 5759 5190 5201 5587 5571 5583 5408 5610 5390 5335 5021 5518 5258 5444 5187 5841 5557 5576 5642 5420 5212 5175 5837 5243 5618 5524 5026 5532 5883 5239 5522 5446 5545 5397 5693 5466 5034 5663 5450 5353 5262 5502 5831 5342 5200 5219 5486 5515 5800 5301 5682 5581 5391 5305 5446 5158 5754 5043 5305 5054 5757 5407 5485 5822 5202 5717 5452 5539 
5182 4638 4853 4761 4545 5041 4897 4996 5035 5048 4546 4788 5370 4595 4887 4725 4791 4657 5217 4835 4478 4473 5256 4872 4569 4607 5243 5094 5035 4944 5067 4726 4742 4949 4689 4716 4996 5161 5004 4897 4885 4926 5231 4748 4676 5100 4836 5179 5072 4651 5046 4973 4592 4215 4898 4827 4713 5232 5254 4925 4730 4991 4829 5155 4959 4687 5175 4974 4616 4813 5067 4766 5484 5138 5024 4882 5147 5191 4688 4845 4826 4903 4635 4416 5097 4503 4867 5193 5189 5138 5052 4856 4966 4680 4562 5050 4747 5012 5022 4523 5234 5072 4796 4742 4666 4513 4677 5206 5170 4709 4721 4880 4687 4638 4977 4873 4202 4846 4772 4689 5446 5125 4626 5235 4662 4690 4865 4822 4808 5063 4789 4584 4662 4707 5241 4935 5032 4606 5105 4972 4844 4879 5129 4749 5127 5267 4804 4844 5053 4981 4798 5007 4807 4712 4804 4959 4323 5087 4779 5005 5054 4983 4910 5317 4743 4859 4965 4707 4846 4556 4836 5021 4740 4926 5045 5199 4499 4811 4842 4676 4918 5178 4673 4674 4541 4866 4839 4981 4921 4784 5002 5047 4952 4854 4786 4801 4988 4957 4730 4640 4989 5052 4888 5048 4970 4978 4949 4861 4901 4291 5343 4675 5111 4970 4707 4728 5478 4692 5476 4696 5059 5013 5244 4793 4718 5050 5188 5063 4695 5507 5069 4829 4676 4724 4889 5134 5131 4752 4942 4357 4923 4724 5137 4682 5142 4501 4885 4445 5059 5113 4865 5039 4702 5098 5229 4846 
5132 4934 5021 4810 4832 5235 5086 4901 4885 5127 4862 5352 5362 4944 5103 5225 4981 4894 5044 4957 4596 5006 5027 4806 4908 4975 5426 5225 5088 4917 4866 4783 4959 5219 4971 4800 4905 5264 5176 5217 5035 4823 5433 4878 5083 5058 5331 5334 5040 4755 5024 5094 4743 4643 5138 4957 4928 5072 5634 5135 4820 5019 5282 5422 5139 4984 5088 5385 4820 5030 5350 5014 5429 5102 4987 5220 5089 5189 5391 5198 5172 5100 4936 4730 5267 4947 4550 5315 5424 5402 4883 4807 5182 4748 4820 5028 4623 4976 5097 4589 5318 4945 4826 4659 4772 4647 4668 5382 5288 5091 5079 4899 4709 4957 5097 5260 4395 5232 5049 5079 5659 5264 5237 5644 5075 4881 4985 4910 4916 4769 4756 4554 4987 4815 5374 5130 5001 4771 5259 5555 4863 5018 4956 4863 5499 5016 5004 5076 5529 5147 5140 4913 5113 4805 4856 5181 4488 5383 4993 4971 5116 4910 5204 5099 4858 5228 5367 4746 4955 4970 5073 4877 4965 5140 5208 5265 4548 4952 4904 5228 4808 4976 4898 5088 4737 5058 5003 5122 5408 4952 4751 5250 5111 4850 5164 5080 5152 4908 4922 4967 4864 5010 4870 5393 5077 5165 5215 5107 4958 4853 5536 4922 4985 5256 4843 5215 5694 4740 5392 4961 5422 5262 5535 4939 5016 5297 5353 5143 5210 5276 5164 4910 4775 4917 4851 5217 5114 5044 5328 4868 5028 4949 5272 5018 5173 4338 4998 4739 5171 5166 5186 5114 4791 5279 5080 5231 
5231 4883 4623 4981 4890 5269 5248 4876 5026 5242 5067 5099 5694 4881 5354 5237 4886 4809 5381 4984 4740 4805 5247 5105 4945 5022 5441 5051 5201 5057 5181 4837 4809 5132 5312 5052 5077 5709 5164 5396 4882 5171 5341 5337 5130 5101 5298 5205 5063 4831 4926 5075 4907 4937 5246 4947 4814 5377 5443 5158 5060 5186 5195 5468 5039 5152 5043 4745 4992 5039 5501 5125 5654 5397 5152 5178 5300 4954 5602 5038 5294 5124 4962 5102 5288 5104 4884 5106 5373 5472 5542 4882 5107 4724 5068 5331 5183 5108 4929 4835 5092 5028 4727 5060 4904 4591 4784 5527 5061 4892 5054 5115 4471 5053 4948 5502 4530 4994 5045 5033 5686 5056 4858 5452 5170 4865 5278 5354 4993 4607 5166 4673 5000 4596 5444 5036 5437 4903 5084 5419 4870 5244 4780 4965 5415 5067 5085 5324 5228 5552 5297 5236 5111 4886 4853 5116 4837 5577 5094 4971 5368 5011 5227 5100 4973 5303 5414 4671 5088 4621 5430 5132 5175 5176 5236 5316 4510 5238 5358 5496 5086 5328 5100 5201 4715 5205 4942 5245 5363 4962 4924 5042 5390 4918 4890 5303 5139 4896 4913 5032 4742 5097 5176 5518 5307 5154 5112 5111 5334 4894 5488 4807 5391 5427 4853 5273 5834 4723 5435 5285 5331 5223 5392 5038 4957 5210 5140 5078 5159 5275 5327 5108 4961 4976 5239 5347 5422 5134 5499 5054 5028 5210 5344 5033 5333 4660 5027 4998 5255 5108 5217 5462 5163 5171 5294 5203 
5459 5128 5056 5299 4710 5425 5280 5379 5298 5505 5116 5097 5532 5060 5432 5423 5412 5030 5330 4965 5092 4949 5477 5244 5472 4867 5325 5424 5467 5764 5345 5017 5143 5333 5089 5074 5161 5517 5319 5233 5253 5350 5599 5289 5299 5309 5377 5359 5479 5012 5400 5193 5097 5129 5315 5412 5135 5407 5723 5244 5101 5512 5407 5852 5388 5251 5523 4962 5168 5191 5697 5138 5668 5461 5206 5348 5899 5352 5680 5449 5091 5162 5241 5036 5201 4938 5121 5677 5444 5695 5315 5188 5307 4815 5095 5446 5213 5479 5162 4921 5677 5083 4906 5213 5189 5087 4873 5742 5538 5254 5170 5441 5177 4944 5429 5359 4650 5047 5273 4974 5820 5179 5240 5756 5458 4908 5496 5378 4968 5247 5453 5044 5183 5106 5303 5442 5299 5075 5452 5646 5244 5262 5183 5151 5726 5344 5204 5151 5542 5263 5441 5357 5396 5094 4975 5400 4790 5643 5207 5228 5498 5190 5069 5481 5229 5531 5527 4781 5186 4943 5403 5194 5186 5590 5842 5588 5029 5417 5123 5549 5486 5250 5107 5145 5148 5473 5219 5581 5747 5022 5097 5210 5435 5381 5146 5351 5271 5211 5015 5171 4994 4967 5087 5480 5482 5326 5481 5438 5427 5035 5422 4928 5869 5376 5095 5499 5774 5091 5541 5247 5306 5128 5676 5388 5143 5494 5540 5344 5367 5433 5747 5035 5331 5188 5354 5263 5704 5407 5442 5250 5493 5260 5469 4865 5429 4673 4976 5215 5444 5605 5529 5505 5106 5353 5251 5302 
5231 4750 4912 4773 4844 5309 5407 4774 4863 5067 4690 5275 5143 4817 5002 5071 4965 4509 4959 4594 4517 4855 5261 5001 4770 4874 5182 5357 5102 5099 5055 4949 4696 5057 4730 4861 5143 5135 4908 5052 5207 5147 5293 5047 4782 5127 5038 5138 5258 4826 5024 4925 4704 4689 5138 4984 4909 5259 5512 5075 4622 5376 5339 5587 4968 4896 5256 4818 4769 4945 5389 5147 5393 5143 4972 5246 5097 5036 5190 5239 5040 5085 5161 4952 5359 4822 4871 5277 5114 5132 5356 4882 5197 4927 4848 5134 4942 4956 5079 4507 5490 5035 4736 5078 4780 4570 4789 5348 5243 4628 5240 5159 4684 4908 5461 5426 4408 4714 5049 5142 5531 4975 4820 5313 4923 4637 4760 5104 4958 5068 4857 4662 4900 4898 5167 5189 5049 4778 5205 5237 4861 4782 5087 5020 5439 4923 4917 5113 5260 5113 5149 4936 4852 4805 4824 5010 4599 5241 5221 5063 5186 4650 4980 5172 4746 5088 5519 5003 5095 4583 5092 4821 5029 4840 5257 5184 4455 4688 5040 5409 4931 5228 4980 4794 5092 5167 4878 5441 5343 4823 4782 5118 5274 4828 4925 5048 5040 4991 4846 4708 4669 4940 4836 5204 5099 5124 5342 5034 5164 4548 5422 4932 5337 5229 4968 5221 5580 4739 5196 4838 5196 5078 5617 5082 4767 5229 5115 5270 4835 5492 5149 5153 4911 4925 5201 5318 5311 5106 5216 4923 4980 4951 5148 4946 5195 4713 4845 4863 5077 5238 5093 5037 5233 4880 5125 4953 
5237 4904 4957 4773 4961 5291 5226 5234 5143 5320 5027 4947 5301 4852 5229 5274 5088 4701 5320 4788 4673 4985 4838 4981 5031 5078 5239 5171 5173 5275 4952 4626 4672 4949 5101 4964 5047 5341 5288 4848 4899 5182 5459 4914 4940 5051 5301 5124 5287 4843 5564 4908 4886 4784 5268 4755 4883 5210 5612 5150 4985 5070 5139 5574 4858 5176 5060 4829 4663 5301 5625 4978 5762 5187 5349 4780 5284 5341 5317 5267 5205 4944 5013 5011 5213 5081 4709 5196 5012 5249 5228 5214 5042 4905 5143 5333 5086 5234 5006 4544 5149 4995 4757 5012 4956 4738 5013 5519 5110 5034 5044 5447 4666 4941 5366 5317 4497 5027 4981 4901 5676 5142 5178 5216 5415 5036 5095 5207 4612 4916 5066 4601 4789 4635 5332 4978 5241 4771 5170 5133 4941 5064 4965 4911 5264 5174 4969 4967 5035 4997 5210 5202 5090 4777 4826 5248 4688 5297 5016 4891 5286 5074 4892 5339 5167 5155 5440 4632 5135 4865 5146 4936 4895 4993 5334 5312 4887 4912 5155 5395 5052 5072 4869 4925 4467 4955 4962 5131 5279 4759 4924 5202 5154 5106 4947 5377 4986 4622 5020 5027 4809 4912 5073 5415 5264 5152 5511 5306 5283 4644 5123 4977 5389 5155 4830 5280 5630 4894 5376 4843 5302 5201 5456 5250 4809 5280 5237 5307 5006 5232 5162 4996 5010 5006 5250 5144 5153 5238 5523 4896 5364 4730 5172 4812 5457 4441 4965 4910 5285 4949 5340 5155 4847 5234 5316 5388 
5589 5083 5120 5102 5273 5445 5515 5331 5557 5555 4991 5385 6130 5154 5441 5479 5716 5019 5538 5159 4665 5441 5481 5163 5150 5242 5493 5770 5222 5631 5341 5177 5206 5711 5188 5437 5541 5663 5386 5674 5427 5496 5701 5227 5113 5434 5583 5298 5313 4898 5638 5741 5315 5249 5515 5414 5303 5699 5956 5467 4998 5819 5526 5914 5347 5600 5479 5376 5283 5339 5869 5395 5802 5412 5640 5785 5723 5309 5684 5625 5326 5654 5339 5164 5564 5242 5252 5571 5248 5604 5678 5301 5617 5448 5303 5509 5349 5368 5243 4850 5947 5390 5221 5393 5309 5049 5238 5868 5551 5439 5542 5618 5268 5286 5540 5228 5107 5378 5382 5345 6079 5455 5274 5869 5507 5154 5224 5333 5041 5342 5042 5112 5300 5188 5674 5405 5644 5063 5566 5484 4994 5629 5214 5323 5952 5573 5253 5389 5554 5235 5404 5306 5492 4916 5141 5711 4939 5766 5341 5351 5792 5609 5176 5754 5422 5285 5722 5311 5283 5148 5635 5568 5389 5526 5690 5865 4683 5342 5325 5698 5403 5459 5576 5321 5090 5605 5122 5491 5805 5106 5232 5598 5871 5246 5348 5575 5457 5271 5255 5334 5052 5407 5526 5639 5521 5391 6050 5415 5465 5216 5608 5177 5575 5665 5197 5842 6257 5160 5825 5330 5545 5402 5895 5436 5147 5795 5713 5699 4973 5580 5697 5302 5233 5250 5655 5429 5613 5473 5497 5512 5517 5115 5695 5673 5389 4948 5408 5117 5586 5307 5436 5483 5240 5601 5444 5491 
5425 4826 5082 5174 4912 5469 5459 5188 5406 5400 5176 5271 5685 5120 5217 5615 5217 4716 5641 5048 4988 5112 5558 5293 5352 5061 5387 5335 5454 5313 5185 5123 5127 5257 5056 5147 5159 5699 5269 5249 5294 5689 5460 5139 5091 5415 5553 5401 5374 4992 5411 5130 5064 5284 4994 5022 5118 5364 5786 5258 5087 5566 5305 5826 5429 5306 5477 4980 5125 5270 5566 5274 5602 5591 5237 5580 5467 5455 5360 5340 5292 5141 5341 5208 5608 5161 4849 5153 5652 5464 5324 5384 5239 5136 5426 5282 4957 5383 5244 4725 5727 5332 5001 5087 5216 4927 4878 5529 5436 5119 5354 5296 4931 5106 5284 5253 4813 5428 5021 5283 5856 5315 5119 5672 4966 5167 5051 5303 5066 5129 5255 4734 5325 5107 5649 5134 5577 5029 5392 5468 5051 5323 5126 5300 5803 5475 5350 5149 5594 5379 5588 5254 5304 5150 4930 5499 4811 5590 5342 5060 5240 5327 4959 5476 5228 5473 5490 5025 5282 5087 5564 5216 5138 5581 5496 5718 4831 5105 5308 5480 5246 5531 5048 4981 4980 5446 5007 5476 5681 5032 4944 5504 5466 5386 5031 5589 5485 5156 5090 5209 5050 5126 5020 5729 5441 5447 5508 5085 5431 5337 5593 5023 5433 5490 5021 5464 5937 4804 5811 5200 5370 5430 5849 5200 5366 5485 5118 5333 5223 5434 5741 5162 5174 5203 5137 5418 5431 5408 5391 5309 5523 5136 5357 5291 5648 5046 5280 5193 5441 5297 5429 5449 5247 5216 5407 5302 
5300 4728 4677 4968 4851 5320 5292 4936 4944 5171 4835 5064 5489 4759 4879 5271 4789 4951 5248 4969 4727 4727 5461 5108 4719 4728 5246 5255 5231 5174 5141 4781 4853 5071 4842 4963 5020 5482 5167 5209 4920 5301 5410 4891 5203 4927 5269 5210 5104 4601 4971 4944 4862 4696 5173 4873 4797 5118 5609 5053 4861 5190 5186 5351 5030 4847 5196 4895 4961 5178 5508 5207 5734 5163 5168 4994 5338 5280 4885 5092 5213 5084 4927 4846 5327 4837 4931 5540 5244 5416 5438 4851 5233 4678 4825 5184 5208 5088 5309 4626 5263 5069 4946 4882 5017 4812 5055 5491 5001 4884 4946 5281 4828 4892 5299 5234 4742 5069 5018 4870 5694 5289 4914 5521 5046 4716 5096 4938 4864 4973 4855 4849 4936 4847 5613 5080 5068 4823 5226 5336 5108 5090 4837 4913 5411 5245 5128 5021 5298 5237 5105 5273 5198 4887 4802 4989 4535 5239 4999 5167 5443 5216 4994 5395 5070 5259 5435 4750 5166 4942 5196 5083 4822 5091 5403 5279 4650 5013 5144 5407 4898 4991 5009 5041 4768 5050 5115 5477 5369 4929 4674 5270 5316 5138 4737 4970 5082 5029 4882 5071 5058 5219 5167 5514 5209 5215 5176 5352 5021 4866 5509 4921 5497 5141 4806 5036 5436 4589 5288 4895 5195 5088 5309 4864 5016 5046 5360 5265 5123 5274 5325 4860 5022 4874 5367 5209 5362 5101 5158 5094 5034 4889 5175 4800 5393 4635 4884 4919 5433 5156 5121 5317 4925 5058 5110 5173 
4993 4688 5166 5038 4659 5235 4939 5187 5045 5149 4897 5003 5337 4771 5171 5000 5419 4860 5035 5023 4849 4872 5313 4781 5037 4968 5330 4989 4961 5297 5067 4921 4925 4989 5008 4764 5072 5252 5249 5323 5015 5359 5275 5116 5129 5007 5370 4896 5360 4696 5131 5006 4797 4620 5142 5157 5081 4982 5473 5472 4848 4933 5127 5619 5039 4918 5204 4932 4888 5042 5320 5285 5636 5143 4865 5136 5417 5173 5168 5128 5072 5193 5055 4705 5293 4933 4950 5324 4985 5198 5205 5013 5093 4928 5111 5379 5021 5061 4992 4829 5507 5140 4707 4789 4784 4810 5034 5601 5096 4805 4971 5090 4792 5249 5412 5354 4595 5064 4981 4809 5795 4921 4907 5340 5162 4813 5174 5134 4847 4766 4722 4440 5132 4752 5321 5028 5081 4767 5219 5323 4904 5138 5148 4988 5277 5273 4912 5165 5390 4866 5071 5064 5108 4649 4695 4980 4614 5017 5128 4984 5046 4937 5022 5206 4929 5066 5510 4543 4688 4728 5148 4893 4869 5145 5301 5298 4714 5079 5013 5271 4871 5264 5002 4854 4929 5232 5100 5286 5296 4830 4960 4888 5431 5248 4792 5178 4941 4827 4596 4868 5014 5051 5004 5179 5278 5121 5145 5267 5285 4603 5557 4990 5367 5222 4692 5201 5605 5025 5332 4890 5173 4930 5943 5268 4899 5275 5388 5182 5294 4942 5176 5101 4920 5035 5271 5198 5381 5115 5325 4887 5175 4939 5228 4841 5394 4589 4725 5126 5215 5299 5221 5397 5075 4607 5171 5223 
5409 4657 4695 4515 4885 4879 5171 4776 4844 5059 4711 4865 5247 4626 4829 4956 4778 4581 4883 4799 4476 4721 4770 4736 4693 4732 5071 4808 5086 5128 4789 4912 4802 4761 4873 4659 4971 5145 4947 5100 4747 5152 5197 4639 5075 5097 4896 4920 5334 4609 4983 4639 4847 4524 4669 4864 4620 4921 5296 4991 4672 4809 5207 4902 4845 4851 5098 4648 4667 5139 5321 4777 5202 4980 4955 5076 5065 5051 5166 4977 4697 4702 4801 4949 5005 4937 4865 4804 4924 5317 5016 5049 4900 4618 4734 5161 4969 4964 4789 4379 5306 5058 4586 4724 4831 4581 4510 5086 4916 4535 4815 5008 4472 4620 4852 4841 4577 5059 4758 4761 5233 4867 4865 5110 4871 4561 4837 5077 4679 4652 4822 4186 4812 4452 5265 5021 4939 4768 4928 5017 4827 4928 4528 4731 5360 4969 4807 4666 5200 5016 5098 4724 4892 4538 4535 5191 4507 5270 4779 4962 5159 5010 4616 5262 4748 5164 5050 4574 4747 4334 5259 4850 4912 5072 5328 4935 4456 4918 5105 5014 4726 4944 4687 4899 4640 5063 4641 5055 5054 4921 4713 5001 4989 4795 5001 4893 4849 4547 4659 4795 4763 4859 4506 5163 5218 5050 5149 4903 4992 4624 5135 4730 4969 5008 4433 5153 5291 4684 5277 4837 4980 4925 5400 4934 4634 5336 5065 4867 5079 5059 5334 4778 4791 4681 4916 5115 5019 4654 5142 4974 4853 4605 4914 4689 5144 4379 4671 4785 5167 4970 5201 5145 4570 4815 5055 5134 
5136 4896 5011 5016 4688 5241 5462 5140 5453 5454 4852 5338 5601 4945 5013 5213 4896 4939 5165 5112 4662 5014 5410 5023 5016 4878 5595 5249 5076 5385 5099 5019 4944 5385 4968 4990 5256 5498 5162 5420 5104 5368 5661 4919 5139 5362 5293 5075 5560 4918 5026 5156 4816 4890 5412 5003 4804 5292 5798 5242 4856 5274 5127 5338 5166 5332 5358 5191 5113 4966 5421 5083 5572 5432 4953 5299 5573 5411 5372 5394 4950 5123 5041 4965 5502 5150 4789 5360 5405 5469 5178 5110 5191 5017 4897 5243 4946 5362 5225 4718 5608 4908 5074 5059 4583 4572 4805 5441 5393 5016 5143 5401 4969 5021 5292 5157 4590 5280 4965 5236 5844 5335 4962 5473 5189 4920 4851 5068 5100 5309 5257 4686 5129 5165 5362 5314 5306 4822 5117 5242 4988 5122 5121 4887 5534 5502 5186 5136 5396 5176 5262 4825 5312 5051 5031 5448 4672 5498 5051 4997 5480 5086 4974 5476 5119 5401 5357 4920 5099 4731 5173 5288 4957 5246 5240 5566 4708 4874 5164 5614 5192 5230 4899 5072 4921 5152 5014 5156 5328 5024 5128 5311 5524 5214 5156 5223 5148 5098 4851 5184 4953 5389 5103 5422 5185 5330 5359 5110 5160 4773 5359 4872 5281 5357 5015 5310 5476 4820 5673 4880 5389 5268 5895 5134 4836 5509 5495 5116 5009 5414 5302 4978 5205 4908 5256 5600 5402 5288 5225 5224 4927 4988 5413 5193 5327 4847 5084 5043 5169 5460 5348 5292 4895 5287 5223 5633 
5143 4896 4855 4682 4615 4989 5113 5087 4988 5233 4635 5172 5478 4604 5038 4841 5080 4683 4927 4734 4522 4965 5236 4884 4851 5029 5118 5175 5172 5142 4986 5004 4829 5275 4497 4673 5283 5148 5033 5008 5032 5025 5386 4873 5031 5320 5029 5053 5261 4434 5029 4909 4660 4671 5241 5231 4797 5211 5659 4857 5050 5031 5109 5249 5035 4979 5095 4753 4537 5090 5301 4825 5468 5124 4862 5076 5016 5080 5078 5015 4774 4973 4683 4887 5095 4863 4737 5144 5035 5247 5053 4918 5011 4813 4806 5343 5219 5008 5014 4455 5320 4835 4631 5064 4686 4609 4842 5194 5153 4871 5089 4864 4821 4862 5183 5102 4432 5020 5164 4968 5588 4922 4995 5157 5263 4784 4943 4907 4756 4945 4618 4533 4905 4784 5212 4909 5061 4609 5013 4988 4692 4962 4925 5051 5213 5230 5212 5086 5410 5097 4742 5008 4891 4561 4633 5201 4485 5114 5085 4883 5125 4860 4922 5109 4789 4916 5232 4589 4709 4662 5020 5012 4940 5040 5480 5106 4613 4920 4729 5006 5012 5006 4820 4940 4645 5113 4789 5199 5089 4569 5029 5010 5470 4803 4937 5246 4889 4796 4714 5147 4692 4901 4866 5375 5248 5266 5312 5052 5220 4566 5155 4978 5487 5161 4902 4963 5416 4828 5335 4797 5224 4955 5266 5199 4920 5354 5136 4938 4837 5379 5289 4998 4841 4790 5005 5054 4908 5104 5187 5019 4965 4847 5386 4746 5180 4664 4757 4845 5140 5223 5075 5129 4831 5252 5013 5087 
5636 4934 4788 5159 5217 5507 5411 5196 5319 5428 4856 5106 5706 5068 5137 5596 5338 5129 5530 5172 4839 5009 5571 5158 5039 5092 5662 5509 5078 5158 5457 5094 5290 5324 5181 5174 5566 5493 5331 5434 5382 5455 5627 5120 5345 5293 5281 5344 5372 4918 5400 5359 5044 4927 5362 5254 5128 5810 5650 5528 5079 5460 5433 5530 5154 5408 5600 5240 5371 5403 5346 5619 5678 5520 5499 5404 5416 5433 5640 5316 5324 5224 5272 5238 5724 5009 5194 5294 5482 5325 5627 5329 5511 5057 5101 5459 5231 5286 5232 5092 5593 5469 5093 5127 5036 5071 5064 5811 5587 5020 5319 5367 5052 5258 5532 5323 4646 5327 5068 5062 5720 5341 5246 5526 5372 4976 5099 5260 5278 5255 5254 4635 5397 4900 5523 5297 5714 5112 5339 5473 5043 5436 5291 5274 5657 5403 4999 5029 5723 5290 5258 5339 5422 5049 4943 5656 4862 5492 5278 5267 5312 5065 5474 5567 5095 5498 5372 4890 5259 5022 5472 5428 5144 5280 5570 5441 4772 5398 5415 5082 5212 5194 5098 5150 5063 5242 5084 5511 5517 5274 5084 5383 5473 5495 5343 5590 5359 5128 5125 5216 5245 4952 5383 5487 5504 5045 5727 5199 5361 5138 5542 5211 5546 5606 4953 5472 5727 5229 5614 5309 5287 5533 5840 5145 5196 5784 5381 5563 5424 5638 5810 5028 4847 4953 5266 5586 5577 5212 5462 5175 5343 4999 5510 5365 5369 4819 5171 5163 5439 5568 5417 5524 5114 5478 5562 5340 
5162 4696 4781 5133 4768 5386 5282 5157 5148 5428 4942 5160 5739 4933 5112 5327 5110 4863 5407 5072 4987 5082 5328 5078 5006 5096 5206 5464 5193 5079 5079 4745 4880 5420 4944 4981 5262 5137 5419 4936 4931 5217 5556 5117 5217 5641 5336 5299 5229 4968 5062 5231 4966 4908 5284 5122 4861 5226 5675 5319 5165 5138 5228 5600 4922 4964 5220 5005 4857 4971 5416 5027 5631 5507 5284 5322 5310 5193 5217 5038 5170 4996 5153 5190 5170 4981 4978 5310 5120 5252 5424 5058 5245 4718 5142 5287 5272 5321 4974 4821 5511 4952 4875 5051 5101 4626 4901 5453 5222 5025 5276 5522 4820 4906 5249 5119 4549 4910 5088 5237 5750 5038 5028 5226 5171 4920 5026 5121 4867 5123 5181 4729 5130 4980 5423 5186 5235 4874 5288 5434 4942 5075 5085 5010 5752 5039 5101 5096 5291 4935 5188 4972 5133 4913 5136 5222 4874 5473 5018 5058 5475 5021 5101 5245 5067 5335 5412 4949 4941 4867 5246 5049 5186 5449 5516 5294 4664 5004 5149 5352 5015 5370 5286 4892 5058 5258 5014 5329 5416 4960 5005 5312 5160 5197 4913 5398 5378 5109 5133 5193 4988 4929 5016 5117 5138 5224 5555 5462 5220 5044 5504 4967 5341 5471 4617 5224 5678 4750 5496 5071 5144 5145 5473 5131 4951 5251 5286 5330 5041 5160 5431 4959 4881 4927 5204 5208 5421 5451 5327 5067 5019 5149 5333 4967 5476 4647 4883 4866 5224 5234 5158 5409 4974 5265 5290 5245 
5022 4968 4864 5041 4715 5115 5087 4817 4840 5105 4881 4907 5529 4806 5126 5020 5174 4662 5388 4829 4683 4827 4973 4848 4907 4838 5327 5050 5041 5439 5048 4843 4979 5148 4829 4743 5037 5136 5055 5176 5148 5081 5521 4891 4879 5216 5320 4945 5267 4741 5045 4871 4653 4894 5081 4889 4827 4937 5648 5025 4886 5207 5056 5583 4884 5141 5287 4762 4670 5091 5222 4974 5438 5245 5193 5217 5312 5064 5368 5245 4978 5008 4933 4781 5134 5045 4685 5295 4963 5233 5035 4854 5099 4557 5044 5173 5340 5159 5023 4779 5388 4827 4656 4853 4928 4754 4789 5295 5131 5071 4942 4934 4761 5195 5109 5097 4451 5001 4900 5015 5663 5160 5014 5369 5084 4820 5033 4880 4770 4601 4913 4555 4818 4649 5146 4869 5100 4797 5273 5201 4748 4758 4997 4923 5213 5378 4905 5003 5067 4941 5025 4987 5241 4774 4908 5220 4650 5346 4999 4838 5158 4855 4959 5004 4838 5110 5365 4780 5221 4856 5466 5071 4829 5067 5095 5398 4456 4927 4938 5284 4974 5173 4980 5056 5019 5154 4863 5202 5321 4919 4763 5122 5178 5048 4665 5080 5165 5042 4778 4857 4887 5201 4678 5229 5276 4989 5129 5110 5093 4800 5548 4767 5281 5549 4663 5004 5427 4719 5232 5091 5041 4898 5594 4981 4568 5403 5019 5133 4912 4932 5381 4923 5076 4910 4993 5289 5191 5099 5270 4735 4943 4542 5292 4900 5195 4634 4693 4883 5228 5085 5299 5143 5000 5003 4957 4923 
5319 4749 4904 5141 4667 5513 5327 5130 5160 5321 4941 5249 5315 4852 5319 5408 5226 4657 5254 4997 4605 4990 5303 5298 4956 4883 5275 5284 5322 5265 5197 4936 4937 5305 5109 4862 5209 5516 5137 5232 5018 5211 5669 5142 5055 5090 5093 4990 5208 5018 5156 5240 4799 5144 5306 5043 5133 5362 5834 5295 4893 5184 5353 5699 5279 5306 5326 4934 4803 4968 5231 5172 5720 5310 5318 5080 5453 5022 5334 5166 5226 5196 5057 4972 5404 4963 4739 5426 5185 5278 5502 5116 5400 5156 4971 5456 5069 5409 5497 4707 5555 4984 4792 5191 5160 4663 4918 5494 5211 5040 5168 5307 4907 4779 5237 5366 4410 5211 4859 5119 5536 5343 5171 5578 5037 4663 5185 5028 4764 4927 4958 4698 5127 5012 5345 4945 5298 4599 5134 5377 4854 5153 4894 4832 5367 5371 5138 5084 5407 5395 5259 5173 5261 5158 5032 5509 4656 5330 5284 5175 5286 5086 5007 5113 4751 5161 5697 5032 5022 5126 5389 4993 4909 5139 5608 5279 4831 5216 5086 5274 5055 5193 5235 5051 4718 5080 5168 5421 5431 4975 5032 5317 5188 5195 4867 5387 5185 4805 4989 4947 4892 5168 5031 5657 5202 5311 5747 5180 5364 4808 5442 5083 5389 5464 4826 5336 5473 4740 5573 5014 5487 5247 5775 5141 4940 5143 5329 5123 5345 5363 5462 4941 4930 5169 4965 5294 5418 5177 5431 5237 5264 5228 5255 5156 5090 4637 4941 4866 5330 5472 5194 5431 4910 5341 5291 5081 
5020 4781 4546 4898 4664 5139 5203 4849 5220 4815 4836 5041 5379 4793 4981 5146 5145 4683 5132 4824 4621 4734 5107 5028 4849 4526 5201 5124 5075 5163 5049 4755 4755 5102 4698 4923 4779 5126 5105 5130 5047 5105 5087 5056 5003 5052 5250 5069 5200 4669 5018 4845 4509 4515 5066 4940 4850 5167 5231 5103 4679 4896 5192 5225 5164 4917 5058 4696 4967 4887 4911 4954 5444 4957 4907 4939 5354 4919 5016 5183 4956 4875 4932 4890 5185 4602 4794 5119 5026 5219 5227 5109 5096 4884 4777 5122 5170 5071 5162 4603 5429 5008 4803 4699 4754 4477 4882 5462 5127 4837 5143 5070 4674 5033 5175 4952 4527 5115 4771 4787 5536 5098 4647 5453 4921 4635 4797 4907 4898 4678 4916 4749 4853 4800 5213 5003 5026 4829 5281 5286 4675 5050 4897 4780 5134 5224 4667 4964 5237 5066 5264 5002 4832 4620 4693 5097 4500 5188 4884 4881 4990 5066 4872 5115 4870 5088 5160 4773 4786 4600 5121 5276 4847 5249 5151 5124 4315 4937 4835 5193 4991 5131 4894 4949 4726 5137 4792 5153 5136 4805 4618 5065 5230 4797 5010 5006 4818 4592 4977 4845 4888 5163 4769 5245 5142 4857 4932 5065 5105 4715 5130 4867 4960 5357 4881 4871 5468 4646 5180 4804 5010 4783 5445 4751 4884 5021 5144 4780 5113 5091 5211 4869 4805 4946 5102 4989 5319 4883 5234 5134 4826 4885 5220 4814 4963 4444 4687 4849 5131 4912 4761 5194 4693 4858 5066 5135 
5851 5285 5310 5186 5355 5654 5718 5800 5673 5817 5367 5299 5905 5236 5536 5698 5635 5333 5631 5165 5015 5318 5684 5604 5373 5424 5840 5743 5567 5895 5439 5562 5218 5656 5575 5139 5825 5857 5663 5608 5494 5745 5958 5331 5547 5785 5619 5575 5787 5200 5691 5467 5260 5121 5764 5547 5139 5722 6077 5762 5579 5795 5601 6011 5433 5580 5747 5407 5402 5281 5912 5604 6131 5649 5819 5655 5816 5860 5567 5627 5749 5711 5481 5535 5672 5557 5397 5864 5517 5713 5754 5419 5368 5655 5346 5842 5721 5920 5681 4971 6022 5857 5365 5512 5253 5276 5502 5889 5600 5429 5380 5691 5415 5262 5527 5513 5114 5607 5481 5349 6113 5525 5430 5913 5677 5486 5763 5622 5453 5396 5429 5103 5522 5545 5827 5416 5847 5172 5571 5844 5246 5885 5538 5365 5913 5899 5647 5303 5973 5751 5693 5504 5719 5312 5176 5939 5110 5703 5516 5628 5852 5511 5448 5836 5338 5840 5897 5191 5439 5182 5600 5575 5436 5694 6110 5806 5035 5539 5402 5774 5470 5599 5178 5294 5326 5346 5392 5661 5935 5236 5782 5393 5850 5556 5423 5613 5754 5506 5159 5428 5231 5488 5346 5599 5848 5747 5965 5617 5813 5138 5853 5549 5731 5883 5131 5700 6202 5238 6149 5693 5905 5657 6285 5584 5624 5739 5939 5824 5657 5780 5731 5384 5333 5535 5891 5824 5872 5380 6053 5440 5904 5308 5631 5458 5803 5181 5455 5398 5742 5721 5585 5580 5567 5649 5784 5893 
5622 5310 5212 5305 5021 5347 5597 5376 5326 5588 4988 5242 5571 5036 5579 5468 5431 5159 5514 5153 5016 5192 5241 5317 5526 5149 5439 5721 5455 5602 5323 5185 5157 5687 5308 5247 5447 5861 5426 5442 5652 5803 5715 5526 5396 5517 5517 5408 5519 5434 5396 5513 5093 4923 5443 5568 5134 5211 5961 5398 5180 5345 5362 5703 5400 5414 5541 5490 5080 5501 5777 5232 6042 5347 5348 5564 5496 5448 5616 5392 5135 5335 5266 5331 5519 5296 5133 5538 5291 5442 5581 5321 5637 5174 5436 5590 5269 5482 5436 4951 5645 5072 5059 4966 5226 4929 5172 5609 5428 5099 5372 5469 5206 5287 5479 5467 4589 5465 5422 5254 5938 5551 5021 5758 5595 5274 5338 4953 5123 5228 5284 4904 5262 4952 5671 5424 5701 5255 5548 5379 5301 5271 5096 5357 5806 5521 5367 5515 5700 5395 5303 5283 5454 5023 5013 5593 5049 5612 5361 5256 5503 5388 5106 5644 5383 5605 5602 5089 5266 5144 5570 5266 5212 5490 5552 5827 4960 5312 5451 5529 5469 5650 5337 5174 5158 5469 5318 5729 5538 5043 5092 5533 5662 5297 5330 5548 5468 5196 5245 5210 5276 5294 5306 5711 5531 5322 5701 5501 5703 5204 5624 5375 5381 5525 5201 5563 5993 5242 5835 5449 5360 5402 5680 5471 5321 5658 5614 5427 5309 5382 5541 5435 5236 5250 5317 5764 5495 5513 5741 5302 5277 5189 5468 5485 5400 4882 5251 5257 5495 5265 5520 5579 5297 5537 5570 5618 
5432 4668 4536 4694 4603 5005 5114 4824 4649 4768 4391 5028 5018 4555 4964 4867 4937 4688 4779 4694 4296 4654 4714 4625 4650 4636 4792 5102 4999 5087 4752 4566 4595 5036 4686 4615 5049 5251 4637 4861 4638 4804 5328 4918 4863 5072 4857 4914 5014 4635 5056 4816 4843 4714 4912 4884 4734 4938 5441 4674 4756 4874 5155 5499 4920 4793 4964 4738 4686 4983 5148 4651 5422 4801 4741 5258 5053 5208 5128 4962 4802 5013 4598 4968 4907 4677 4625 4900 4980 5040 5044 4646 4709 4587 4642 5018 4997 4882 4768 4191 5095 4720 4480 4588 4982 4514 4673 5256 4995 4746 4844 4944 4583 4622 5148 4814 4454 4733 4765 4635 5509 4672 4459 5227 4895 4540 4692 4874 4837 5006 4680 4402 4713 4732 5219 4716 4858 4528 4989 5087 4587 4681 4742 4823 5282 4915 4607 4792 5238 5166 5148 4833 5039 4450 4584 4906 4458 4932 4765 4759 5195 4710 4600 5149 4748 5097 5241 4710 4844 4501 5007 4861 4985 4837 5257 4929 4284 4740 4695 5168 4981 4966 4677 4658 4564 4848 4715 5210 5204 4417 4422 4860 4990 4612 4764 5068 4863 4760 4677 4694 4713 4835 4639 5243 5161 4968 5260 5085 4934 4420 5130 4717 4892 5134 4695 5051 5172 4431 5414 4953 4770 5072 5307 5000 4814 4759 5041 5111 4917 5156 4921 4968 4689 4596 4898 5050 5324 4877 5291 4928 4988 4694 4938 4884 5038 4568 4915 4528 4930 4819 5039 5092 4868 4871 5284 4853 
4862 4543 4489 4596 4610 4917 5090 4745 4896 5109 4675 5072 5470 4471 4766 5065 4976 4437 4995 4629 4758 4779 4841 4735 4883 4759 4992 5174 4874 4948 4699 4849 4684 4904 4719 4823 5103 5055 5197 5050 4963 5125 5335 4751 4860 4916 4950 4965 5136 4581 4807 4935 4806 4563 4915 4915 4861 4729 5344 4993 4848 4945 5073 5235 4745 4911 5062 4895 4447 5086 5239 5000 5283 4859 4945 5073 5142 4737 5198 4923 4861 4753 4777 5039 5255 4792 4987 4961 4896 5245 5149 4916 4973 4618 4766 5103 5068 4821 4936 4572 5361 4683 4593 4914 4817 4680 4645 5486 5071 4860 5114 5094 4699 4714 5139 4728 4456 4746 4794 4919 5281 4754 4791 5278 4798 4719 4868 4836 4647 4800 4797 4500 4718 4688 5341 4950 5418 5015 4936 4672 4749 5032 4663 4646 5296 5026 4736 4957 4910 4874 5075 4912 4857 4660 4834 5192 4622 5072 4766 4683 5177 5169 4567 5358 4701 4827 4962 4648 4762 4647 4988 4541 4865 5074 5251 5180 4474 4750 5172 5076 5071 5211 4949 4869 4712 5106 4961 5003 5183 4545 4888 5079 5231 4718 4950 5078 5059 4792 4559 4513 4902 4686 4997 5280 5028 5043 5083 5260 5178 4744 4970 4728 5099 5111 4754 5066 5396 4628 5120 4962 4903 4797 5302 4810 4639 5234 4916 5267 4773 4948 4993 4723 4823 4644 5263 5228 5127 4654 5132 4997 4710 4875 4942 4769 5149 4534 4633 4676 5034 4873 5039 4931 4851 5005 4913 5066 
4887 4610 4926 4765 4594 4979 5055 4580 4730 4905 4767 4701 5262 4612 4640 4815 4802 4790 5173 4618 4376 4493 5109 4697 4767 4627 4920 4839 4774 4819 4724 4721 4722 4888 4364 4615 5293 4876 4701 4917 4772 4912 5060 4548 4783 5025 4888 4713 5034 4509 4651 4873 4798 4180 4876 4953 4848 4762 5393 4892 4649 4967 5025 5359 4868 4658 5034 4568 4465 4630 4991 4851 5160 4997 4959 4803 5066 4846 4958 4640 4954 4843 4740 4442 4955 4621 4719 4894 4874 4956 5022 4700 4715 4600 4673 5124 4735 4914 4831 4396 5247 4641 4434 4736 4637 4383 4447 5022 4885 4852 4741 5005 4762 4534 5133 4993 4463 4722 4774 4703 5511 4971 4962 5131 4888 4630 4895 4974 4550 4381 4475 4413 4847 4327 5012 4641 4883 4799 4983 4944 4594 4979 4595 4714 4928 4739 4822 4799 4868 4860 4699 4824 4745 4259 4669 4822 4482 4939 4874 4803 5086 4611 4813 5060 4513 4952 5151 4452 4936 4430 4821 4778 4579 4817 5072 4767 4293 5009 4938 4907 4677 4885 4670 4816 4626 4750 4474 5210 5037 4677 4898 5142 4935 4853 4849 4704 4902 4737 4555 4567 4869 4587 4691 4993 5001 4945 5002 5150 4828 4616 5206 4664 5197 4995 4625 4866 5347 4511 4887 4717 4995 4999 5125 4925 4503 4977 4856 5050 4775 4947 5014 4786 4547 4560 5081 4865 5115 4721 4918 4772 4695 4503 5051 4733 4917 4252 4679 4575 4939 4845 4575 5082 4768 4858 4793 4864 
5433 5214 5475 5205 4821 5480 5344 5386 5426 5256 5118 5389 5834 4874 5457 5622 5368 4959 5473 5121 5165 5422 5471 5324 5364 5032 5440 5587 5275 5321 5284 5186 5261 5471 5061 5070 5335 5438 5469 5479 5350 5488 5823 5196 5430 5473 5616 5299 5181 5038 5306 5393 5133 5347 5339 5136 5210 5377 6088 5309 5055 5348 5456 5952 5119 5467 5552 5046 5087 5409 5617 5325 5680 5666 5547 5616 5800 5648 5621 5413 5331 5514 5269 4978 5691 5232 4951 5533 5501 5775 5573 5335 5395 4805 5339 5467 5409 5247 5231 5142 5611 5303 5256 5136 5128 4858 5140 5714 5507 5265 5445 5216 5497 5150 5507 5391 4661 5178 5310 5227 5824 5581 5177 5850 5253 5178 5420 5394 5048 5309 5124 5127 5223 4938 5535 5471 5421 5307 5599 5523 5168 5108 5469 5334 5805 5447 5220 5208 5673 5528 5069 5264 5483 5321 4872 5425 4808 5520 5542 5213 5314 5219 5332 5666 5034 5368 5747 5010 5516 5074 5348 5176 5366 5472 5497 5677 5131 5377 5508 5507 5454 5522 5345 5073 5171 5553 5108 5631 5691 4916 5073 5473 5416 5431 5303 5810 5531 5294 4927 5175 5248 5387 4945 5652 5426 5408 5785 5515 5569 5416 5530 5051 5640 5709 5147 5542 5903 5202 6041 5277 5472 5548 5810 5221 5135 5697 5477 5729 5104 5577 5851 5309 5164 5111 5261 5555 5825 5553 5502 5218 5444 5287 5747 5133 5626 4875 5228 5248 5501 5578 5717 5539 5421 5274 5686 5380 
5443 5213 5041 5219 5207 5281 5481 5207 5251 5469 5153 5312 5602 4928 5122 5303 5338 4860 5623 5120 5063 5190 5253 5367 5077 5083 5410 5494 5366 5388 5398 5247 5164 5334 5026 5273 5347 5453 5364 5454 5209 5314 5371 5461 5161 5190 5414 5204 5640 4843 5466 5335 5166 5100 5508 5337 5316 5523 5758 5299 4982 5354 5497 5683 5343 5343 5514 4881 5030 5431 5527 5120 5825 5252 5232 5588 5536 5498 5483 5367 5600 5486 5079 5212 5704 5367 5111 5379 5195 5240 5708 5020 5728 5069 5194 5420 5467 5265 5406 4978 5508 5047 4916 5398 5309 4878 5150 5926 5613 4866 5308 5472 4901 5258 5371 5259 4902 5288 4891 5207 5954 5168 5197 5689 5306 5109 5252 5226 5028 5030 5379 4738 5337 4818 5441 5095 5856 5155 5689 5485 5028 5142 5322 4950 5610 5297 5203 5414 5536 5426 5463 5283 5070 5229 4954 5554 4995 5517 5169 5227 5355 5206 5198 5600 4954 5483 5908 4964 5168 4937 5466 5341 5287 5276 5434 5480 4811 5189 5255 5412 5148 5323 5152 5138 5139 5174 4969 5360 5466 4938 4935 5494 5654 5362 4968 5466 5412 4967 5330 5124 5277 5109 5364 5587 5539 5319 5434 5443 5579 5211 5770 5177 5361 5430 4926 5378 5641 5022 5678 5273 5342 5296 5830 5082 4836 5566 5440 5480 5247 5414 5554 5311 5231 5007 5646 5386 5668 5303 5422 5161 5456 5219 5240 5046 5623 5017 5175 5165 5409 5633 5391 5371 5355 4813 5316 5266 
5868 5245 5668 5178 5140 5917 5387 5597 5771 5829 5388 5620 6035 5225 5408 5872 5744 5290 5803 5358 5281 5497 5637 5610 5582 5287 5751 5815 5806 5760 5451 5245 5222 5655 5437 5358 5854 5829 5856 5585 5896 5651 5886 5426 5342 5567 5900 5859 5995 5198 5844 5589 5308 5407 5849 5540 5524 5939 6282 5743 5589 5609 5709 6288 5543 5569 5989 5489 5173 5708 6067 5440 6019 5579 5597 5673 5617 5801 5834 5656 5737 5694 5528 5328 5618 5515 5337 5926 5759 5817 5745 5628 5860 5516 5338 5835 5569 5453 5674 5184 6117 5564 5318 5614 5635 5517 5233 5900 5534 5427 5775 5635 5461 5773 5923 5954 5177 5474 5629 5384 6130 5705 5696 6036 5308 5534 5484 5686 5304 5572 5719 5251 5649 5444 5714 5675 5741 5152 5643 6019 5443 5671 5628 5354 5987 5633 5445 5408 6020 5644 5715 5848 5463 5525 5382 5734 5087 5673 5728 5734 5691 5572 5500 5845 5496 5427 5798 5320 5520 5361 5803 5366 5654 5858 5811 5751 5203 5421 5591 5949 5327 5717 5551 5365 5373 5672 5744 5676 5861 5207 5508 5758 5885 5237 5466 5559 5671 5437 5345 5407 5235 5391 5392 6018 5814 5742 5854 5535 5704 5167 5818 5507 5740 6108 5276 5789 6143 5278 6225 5637 5761 5635 6308 5573 5513 6103 5735 5792 5497 6188 5969 5499 5130 5260 5623 5963 5849 5777 5792 5387 5417 5368 5763 5388 5808 5293 5342 5542 5687 6036 5835 5645 5578 5646 5669 5781 
4887 4674 4711 4669 4740 5152 5239 4646 4873 5042 4616 4865 5132 4504 4994 5162 5092 4908 5017 4600 4518 4839 5148 4839 4902 4645 4935 5104 5037 4996 4981 5001 4647 5234 4815 4584 5102 5167 4959 4896 4633 5029 5240 4798 4955 4910 4889 4918 4944 4617 4804 4819 4845 4506 4985 5045 4682 5043 5341 5073 4870 5089 4988 5378 5023 5245 5287 4516 4856 5089 5047 4820 5413 4857 4752 4947 5157 5286 4976 4679 4808 5057 4697 4711 5072 4986 4535 5011 4811 5081 4972 4957 5131 4582 4958 5102 4831 4759 5011 4639 5288 4757 4826 5056 4856 4459 4645 5375 5016 4838 4927 5156 4512 4725 5049 5056 4639 4996 4894 4727 5673 4919 4950 5251 4914 4809 4793 4567 4328 4883 4754 4501 4644 4756 5177 4662 5182 4700 5198 5071 4689 4704 4937 4620 5064 5055 4827 4897 5212 4867 5437 4908 4932 4600 4610 5160 4623 5117 4824 4638 4968 4650 4710 5296 4813 4866 5255 4588 4786 4524 5070 4860 4798 5112 5174 5119 4534 4701 4936 5190 5029 5105 4573 4634 4390 4924 5017 5094 5168 4666 4578 5140 5305 5233 4861 5064 5028 4681 4573 4901 4577 4850 4692 5202 5049 4977 5373 5076 4762 4576 5389 4767 5161 5130 4582 5115 5072 4473 4996 4597 4911 5079 5398 5038 4766 4972 5012 5321 4986 5142 5179 4864 4725 4976 4970 4971 5341 4939 4939 4962 5335 4673 4937 4888 5013 4767 4811 4558 5012 5127 4928 5191 4615 4800 4803 5229 
5809 5236 5336 5579 5356 5603 5322 5402 5723 5495 5183 5630 5938 5341 5552 5590 5550 5252 5791 5233 5177 5382 5751 5546 5278 5233 5531 5662 5523 5892 5467 5394 5410 5477 5339 5360 5715 5930 5638 5618 5632 5667 5799 5513 5628 5721 5917 5665 5971 5295 5835 5541 5425 5307 5482 5264 5355 5577 6070 5618 5067 5706 5735 6073 5648 5565 5515 5476 5176 5551 5951 5680 5973 5687 5483 5950 5762 5710 5684 5683 5484 5484 5417 5430 5607 5603 5167 5711 5598 5615 5922 5025 5699 5082 5564 5989 5813 5456 5431 5149 5928 5456 5260 5439 5435 5251 5163 5902 5732 5222 5653 5710 5096 5479 5615 5833 4991 5440 5427 5253 6142 5589 5210 6059 5655 5383 5438 5212 5282 5141 5245 5360 5410 5119 6085 5362 5798 5007 5560 5690 5448 5343 5397 5339 5776 5659 5389 5571 5751 5633 5604 5676 5619 5246 5057 5478 5114 5871 5520 5323 5773 5594 5494 5799 5530 5777 5944 5221 5743 5162 5806 5494 5319 5541 5916 5780 5019 5493 5635 5794 5396 5711 5455 5581 5199 5579 5625 5615 5594 5367 5249 5379 5977 5522 5459 5782 5502 5228 5529 5486 5246 5633 5481 5927 5720 5791 5679 5776 5548 4977 5826 5416 5922 5861 5241 5576 6134 5298 5688 5622 5566 5474 6101 5373 5431 5958 5666 5744 5267 5740 5914 5537 5147 5379 5693 5706 5879 5659 5867 5587 5579 5376 5608 5405 5676 5193 5050 5475 5797 5887 5649 5771 5486 5407 5585 5695 
5463 5036 5413 5322 5344 5319 5529 5502 5205 5480 5227 5398 5777 4943 5340 5614 5750 5210 5612 5154 5066 5451 5466 5349 5467 5260 5717 5615 5663 5619 5327 5174 5319 5419 5406 5059 5562 5728 5372 5180 5466 5773 5672 5405 5348 5519 5351 5464 5455 5233 5410 5438 5139 5093 5460 5291 5474 5804 6083 5747 5267 5574 5730 5815 5355 5414 5659 5222 5351 5458 5832 5181 5927 5472 5221 5419 5707 5465 5583 5826 5543 5553 5493 5139 5752 5334 5276 5728 5352 5472 5654 5469 5305 5251 5179 5638 5506 5303 5567 5047 5998 5469 5330 5390 5526 5040 5284 5904 5633 5345 5380 5531 5318 5392 5715 5545 4964 5417 5664 5394 5936 5379 5343 5702 5354 5463 5351 5387 5223 5180 5216 5155 5162 5192 6030 5474 5648 4900 5496 5618 5216 5468 5512 5336 5878 5556 5235 5413 5700 5391 5790 5535 5555 5167 5138 5585 4954 5686 5290 5252 5704 5340 5280 5749 5570 5690 5792 4983 5194 5190 5600 5439 5376 5419 5785 5701 4886 5236 5532 5932 5262 5614 5337 5248 5364 5712 5317 5681 5697 5229 5097 5477 5691 5440 5259 5584 5554 5204 5269 5527 5054 5440 5348 5789 5853 5571 5719 5510 5322 5050 5824 5307 5560 5738 5387 5624 6096 5033 5680 5449 5445 5618 6396 5574 5250 5480 5775 5635 5494 5653 5474 5673 5339 5202 5576 5816 5801 5508 5747 5526 5632 5332 5681 5191 5478 4924 5365 5104 5392 5613 5570 5629 5309 5466 5553 5754 
5551 4953 4777 5008 5137 5233 5320 5281 5338 5417 5244 5543 5661 5043 5298 5321 5409 4835 5649 5130 4576 5181 5266 5347 5352 5006 5277 5297 5404 5494 5241 4936 4794 5419 5183 5009 5511 5331 5561 5244 5490 5624 5733 5261 5420 5419 5544 5283 5503 4894 5299 5365 5224 4848 4951 5173 5115 5716 5937 5697 5041 5282 5560 5548 5224 5015 5538 4865 5001 5172 5559 5456 5674 5353 5288 5412 5705 5000 5424 5336 5149 5353 5168 5069 5168 5026 5182 5546 5322 5338 5402 5183 5246 5117 5107 5459 5301 5456 5096 4702 5663 5463 4870 5106 5068 4876 4996 5623 5487 5056 5230 5157 5141 5152 5532 5380 4701 5275 5214 5148 5729 5147 5215 5827 5287 4944 5101 5312 5249 5271 4913 4841 5239 4761 5614 5144 5487 5122 5565 5338 5055 5247 5047 5195 5840 5273 5106 5202 5451 5319 5524 5090 5087 4802 5047 5464 5012 5609 5354 5383 5425 5296 5008 5417 5241 5411 5564 5086 5310 4945 5575 5140 5243 5522 5897 5379 4812 5226 5216 5284 5336 5467 5436 5309 5294 5168 5041 5570 5554 5148 5080 5280 5340 5261 5309 5589 5473 4984 5384 5145 5129 5280 5031 5494 5631 5428 5612 5372 5207 4876 5533 5073 5674 5378 5029 5384 5952 5031 5641 5418 5268 5261 5691 5699 5179 5442 5422 5565 5435 5466 5460 5210 5010 4992 5291 5490 5355 5328 5603 5300 5292 5057 5775 5084 5426 4723 5226 5062 5584 5308 5539 5632 5395 5251 5394 5275 
5117 4792 4625 4713 4843 5264 5162 4833 4996 5198 4909 5175 5622 5044 4907 5265 5110 4494 5397 4773 4615 4736 5310 4908 4894 4797 5396 5034 5041 5317 5027 4815 5080 5129 4872 4792 5108 5080 5108 5212 5035 5267 5337 4845 5222 5376 5334 5020 5315 4816 5203 5215 4916 4612 5245 5162 4870 5124 5563 5175 4687 5049 5444 5617 5057 4915 5051 4905 5084 4936 5305 5121 5328 5244 5115 4982 5519 5008 5236 5171 4909 5176 4950 4922 5305 5028 4734 5214 4907 5031 5157 5161 5136 5140 4902 5267 5025 5222 4900 4645 5309 5163 4724 5108 4815 4657 4760 5171 5401 4846 5149 5163 4815 5040 5257 4927 4627 4814 5105 5095 5682 5239 4773 5201 5131 4728 5047 5087 4816 4866 4959 4881 5019 4892 5251 5026 5073 4896 4988 5370 4642 4988 4890 4845 5237 5375 4936 5172 5242 5067 4893 4968 4934 4714 4688 5283 4769 5381 5279 5108 5116 5170 4868 5105 4925 5214 5503 4699 4877 4577 5080 5298 4758 5260 5200 5397 4657 5193 4821 5104 4741 5324 5015 5060 4922 5093 4905 5365 5401 4621 4833 5197 5309 4909 5001 5015 5047 4886 5108 5030 4988 4909 4800 5244 5111 5097 5240 5160 5170 4773 5191 5038 5148 5174 4647 5176 5657 4726 5266 4894 5071 5091 5459 5006 4879 5247 5083 5107 5132 5341 5419 4815 4986 5058 5231 5415 5051 4965 5159 5054 4937 4955 5211 5134 5119 4591 4736 5030 5126 5231 4919 5167 4898 5160 5203 5237 
4961 4415 4333 4432 4509 4956 4914 4516 4624 4813 4648 4838 5021 4497 4502 4881 4737 4456 4842 4633 4433 4359 4778 4636 4662 4377 5024 4914 4722 4762 4574 4635 4560 4518 4364 4556 4664 4834 4855 4629 4639 4780 5066 4610 4836 4833 5002 4857 4660 4499 4771 4869 4586 4414 4750 4539 4646 4789 5232 4592 4463 4802 4759 5055 4665 4555 4624 4485 4580 4599 4839 4820 5054 4548 4657 4746 4822 4700 4661 5056 4869 4682 4596 4700 4930 4657 4396 4824 4731 4741 4768 4746 4842 4438 4611 4893 4654 4796 4837 4378 4954 4639 4604 4676 4570 4261 4375 5224 4743 4767 4660 4850 4493 4505 4683 4637 4091 4730 4588 4911 5226 4845 4533 5116 4525 4301 4676 4719 4677 4675 4676 4238 4418 4392 4946 4699 4781 4543 4790 4601 4454 4467 4650 4535 4993 4827 4505 4790 4725 4748 4416 4586 4441 4231 4484 5013 4205 4759 4738 4601 4868 4714 4632 4922 4714 4905 4703 4329 4620 4545 4674 4803 4476 4946 4826 4890 4270 4704 4639 4849 4620 4611 4452 4557 4401 4918 4364 4999 5157 4445 4392 4911 4893 4906 4473 4783 4718 4371 4613 4620 4676 4765 4705 5071 4884 4629 4878 4931 4751 4524 4732 4584 4969 4547 4603 4692 5031 4613 4844 4698 4651 4896 5083 4567 4589 5020 4755 4679 4753 5004 4715 4534 4430 4566 4763 4944 4985 4532 4875 4758 4799 4596 4895 4443 4716 4367 4550 4470 4717 4738 4833 4831 4441 4918 4831 4808 
4971 4775 4523 4838 4887 5059 5113 4967 4955 5285 4893 5214 5429 4996 4934 4967 5123 4592 5393 4854 4634 4795 5167 4895 4893 4805 5008 5113 5037 5314 4806 4601 4748 5300 4828 4977 4811 4950 5034 4907 4876 5024 5338 4927 4980 4925 5632 4830 5060 4473 5229 5067 4808 4842 4965 5108 4937 5347 5321 5309 4892 5123 5254 5321 4774 5251 5101 4548 5093 4919 5322 5331 5310 5094 5131 5290 5341 5074 5199 5092 5008 4987 4828 4850 5082 4995 4840 5078 4961 5258 5223 4957 5006 4870 4942 5232 5336 5214 5033 4611 5375 4925 4636 5082 4807 4513 4886 5249 4958 4955 4906 5022 4779 5100 5221 5018 4672 5001 4863 5001 5615 4904 4949 5439 5176 4578 5141 5174 4800 5094 4850 4608 5073 4591 5281 4713 5014 4512 5418 5343 4655 5106 4919 4768 5152 5176 4785 5036 5163 5010 4953 5301 4924 4585 4659 4984 4659 4871 5091 5133 5123 4762 4951 5079 5032 5164 5374 4787 5062 4508 5124 4948 5038 5094 5214 4995 4679 4947 5119 5278 4959 5258 4789 4934 4768 5117 4855 5301 5347 4822 4890 4985 5142 4709 4689 5082 4732 4793 4997 5122 4935 5174 4733 5241 5061 4987 5428 5098 5221 4601 5250 4908 5164 4950 4537 5022 5620 4708 5169 5006 5087 5053 5751 5102 4803 5101 5052 5012 5023 5135 5262 4778 4726 5008 5014 4950 5199 5096 5157 4919 5101 5057 5257 4818 5010 4398 4775 4822 5440 4785 5070 5057 4765 4990 4965 4899 
4888 4711 4584 5142 4576 5159 5120 4858 4669 5075 4791 4938 5147 4616 4919 5291 4952 4577 4896 4462 4410 4792 4934 4695 4743 4728 4784 5046 5047 5107 5025 4833 4764 4954 4627 4800 4676 5069 4760 4691 4827 4846 5015 4749 4824 4723 4996 4788 4862 4594 4916 4722 4446 4632 4880 4850 4603 4973 5233 4727 4829 4852 5001 5189 4875 4889 4916 4861 4610 4752 5158 4647 5168 4999 5089 4949 5265 5038 5141 4907 4995 4711 4677 4554 4925 4595 4724 5016 4900 4902 5050 4619 4705 4620 4795 5023 4955 4843 4879 4491 5249 4907 5002 4610 4727 4540 4572 5349 4838 4833 4721 5035 4622 4775 5153 4753 4455 4805 4925 4681 5338 4893 4615 5166 4820 4664 4770 5024 4686 4725 4869 4468 4884 4696 4923 4861 4790 4792 5199 5146 4832 4813 4786 4870 5146 4804 4597 4634 5210 4965 4984 5034 5013 4615 4306 4844 4431 5233 4930 4868 4926 4781 4886 5005 4683 4962 5447 4550 4859 4719 5172 4821 4702 4761 5105 4988 4486 4847 4977 5038 4693 4839 4695 4759 4503 4858 4785 4935 5467 4558 4597 5096 5115 4917 4645 4895 4765 4872 4650 4686 4597 4809 4575 5062 4780 4923 5200 5223 4973 4736 4999 4830 5161 4901 4581 5126 5112 4801 5231 4655 4993 4976 5369 4901 4600 4808 5009 5162 5038 5412 4958 4835 4517 4513 4978 5021 4940 4887 4831 4418 5128 4643 5005 4861 5169 4294 4810 4454 5059 4931 4954 4933 4801 4932 5183 4907 
5013 4557 4773 4682 4642 4983 5161 4653 4853 4821 4550 4841 5140 4610 4912 4897 4739 4345 5269 4472 4401 4537 5029 4752 4664 4503 5059 5286 4879 4873 4979 4829 4455 4796 4711 4730 4820 4908 4677 4841 5107 5099 5022 4749 4684 4787 5244 5013 4877 4748 4792 4991 4386 4610 4792 4698 4680 5080 5403 4754 4602 4971 4970 5494 5083 4859 4860 4740 4821 5022 4984 4819 5232 4929 4702 4881 4999 4929 4937 4883 4945 5043 4867 4624 4961 4591 4732 5082 4835 5259 4986 4863 5151 4676 4704 5028 4943 4913 4979 4668 5232 4731 4576 4725 4637 4504 4859 5241 5074 4531 4954 4678 4405 4850 4937 4890 4534 4723 4806 4870 5305 4873 4819 5400 4631 4349 4826 4867 4621 4580 4674 4594 4667 4785 5355 4848 5015 4748 5227 5193 4593 4827 4722 4702 5150 4849 4806 4995 5120 5056 4932 4710 4894 4511 4493 4868 4579 5041 4830 4751 5084 4875 4568 4797 4747 4966 5243 4543 4738 4657 4816 4936 4897 5037 4909 4980 4400 4689 4789 5252 4687 4801 4805 4640 4620 4980 4719 4945 4966 4464 4712 4741 5229 4898 4731 4992 4949 4775 4590 4732 4855 4690 4609 5048 4798 4950 5192 4909 4959 4392 5053 4851 4781 5051 4684 5065 5205 4482 5166 4678 4700 4661 5291 4802 4698 4952 4899 4877 4931 5023 5031 4793 4805 4894 4898 4812 5048 4979 5065 4979 4760 4744 4915 4815 5054 4490 4607 4567 4919 4714 5085 5146 4686 4703 4978 4902 
5004 4440 4549 4569 4648 5010 4841 4789 4827 5027 4466 4838 5209 4511 4826 4950 4801 4315 4903 4669 4200 4373 4988 4724 4529 4542 4743 4780 4715 4908 4859 4582 4442 4820 4558 4770 4796 4889 4779 5055 4862 4780 5123 4931 4827 5070 4990 4754 5039 4680 4933 4902 4761 4626 4506 4583 4777 4919 5376 4821 4522 4636 4832 5304 4770 4754 4999 4587 4617 5040 4827 4719 5344 4885 4934 5237 4733 4939 5073 4837 4712 4993 4814 4664 4870 4919 4760 4929 5031 4965 5071 4740 4701 4769 4488 5036 4868 4746 4912 4636 5158 4811 4680 4978 4673 4318 4490 5183 4592 4547 4904 4970 4723 4607 5110 4814 4187 4725 4491 4728 5547 4925 4791 5050 4974 4641 4729 4750 4596 4846 4841 4584 4638 4488 5172 4710 4717 4489 4813 5194 4530 4762 4524 4711 5046 4785 4524 4899 5045 4867 4839 4667 4783 4704 4784 4989 4247 4835 4778 4562 4993 4893 4827 5157 4712 4877 5299 4480 4662 4594 5150 4765 4848 4792 5219 4852 4311 4925 4882 5228 4918 4970 4871 4752 4705 4753 4675 4941 5115 4566 4654 4958 4939 4898 4730 4825 4938 4560 4788 4623 4749 4904 4574 5269 5136 4901 5180 4880 5078 4460 4942 4639 4851 5120 4596 4889 5199 4382 4986 4808 4819 4920 5465 4970 4455 5071 5043 5269 4849 5048 5238 4776 4429 4676 4757 5124 5171 4695 5027 4996 4839 4459 4805 4590 4914 4520 4562 4688 4839 4567 4769 5292 4749 4917 5280 4688 
5591 5250 5436 5280 5340 5777 5669 5512 5572 6129 5449 5717 6238 5164 5549 5651 5591 5165 5823 5517 5285 5296 5724 5636 5665 5296 6013 5676 5602 5538 5664 5411 5430 5691 5500 5368 5598 5856 5730 5481 5556 5723 6102 5629 5755 5596 5817 5599 5784 5485 5878 5617 5488 5110 5713 5674 5516 5936 6345 5733 5483 5729 5667 6246 5475 5741 5878 5474 5444 5684 6116 5568 6076 5585 5676 5762 5802 5759 5863 5491 5756 5790 5400 5572 5794 5385 5306 5939 5708 6123 5953 5635 5661 5515 5428 5897 5563 5560 5591 5244 6038 5474 5391 5700 5625 5273 5298 6090 5620 5374 5522 5641 5265 5600 5654 5730 5241 5577 5680 5600 6305 5756 5686 6099 5539 5281 5484 5627 5492 5593 5740 5381 5385 5458 5845 5890 5503 5132 5698 5814 5540 5493 5324 5418 6034 5562 5410 5545 6010 5594 5915 5523 5719 5328 5276 5651 5192 5615 5633 5627 5968 5372 5313 6033 5592 5837 5993 5253 5553 5416 5966 5757 5338 5851 5868 5794 5051 5599 5583 5990 5489 5890 5589 5640 5279 5739 5665 5805 5986 5439 5194 5716 6082 5637 5531 5663 5810 5549 5324 5575 5332 5671 5645 5857 5952 5609 6085 5709 5736 5504 6067 5470 5979 5849 5258 5757 6346 5289 6161 5415 5731 5718 6085 5784 5439 5725 5870 5690 5641 5858 5781 5599 5405 5556 5685 5862 5929 5529 5796 5608 5765 5455 5766 5440 6006 5253 5310 5392 5612 5759 5743 5882 5609 5671 5832 5691 
5560 5126 5464 5375 5209 5513 5725 5368 5337 5681 5172 5469 5749 4900 5131 5521 5649 5105 5666 4944 4991 5386 5483 5304 5226 5209 5563 5399 5384 5574 5286 5301 4979 5472 5405 5220 5592 5574 5466 5503 5260 5600 5620 5294 5555 5506 5527 5285 5521 5107 5451 5261 5158 4936 5319 5327 5049 5641 5886 5354 5283 5364 5603 5990 5066 5367 5868 5144 5037 5701 5682 5083 6062 5391 5378 5466 5556 5510 5484 5435 5346 5619 5230 5232 5782 5334 4984 5241 5376 5472 5590 5441 5545 5296 5105 5437 5580 5376 5538 5075 5665 5383 5327 5416 5077 4843 5095 5744 5272 5191 5325 5256 5172 5302 5626 5470 4851 5477 5354 5463 6074 5448 5429 5796 5466 5161 5261 5193 5053 5319 5554 4873 5299 5193 5613 5175 5601 5099 5629 5459 4912 5357 5320 5142 5759 5493 5546 5379 5860 5052 5532 5514 5333 5100 4959 5587 4915 5436 5272 5226 5681 5340 5230 5752 5375 5451 5937 5072 5134 5008 5532 5208 5346 5454 5527 5451 4954 5178 5265 5669 5209 5399 5147 4797 5365 5623 5094 5337 5823 5265 5185 5467 5532 5477 5381 5501 5443 5200 5262 5351 5222 5472 5236 5717 5658 5618 5454 5526 5547 4983 5674 5357 5526 5482 5326 5510 5898 5095 5645 5270 5434 5472 5864 5280 5265 5427 5490 5637 5337 5550 5570 5450 5416 5366 5471 5852 5440 5418 5440 5349 5420 5144 5594 5067 5790 4748 5375 5000 5284 5380 5508 5538 5482 5416 5680 5671 
5326 4829 4853 5008 5064 5262 5129 5111 5099 5234 4921 5133 5737 4878 5168 5456 5205 4827 5354 5017 4589 5080 5261 5207 5108 5011 5268 5279 5314 5220 5075 5058 5218 5221 4944 4963 5127 5446 5384 5181 5382 5172 5417 5351 5226 5219 5523 5356 5301 4799 5071 5162 4687 4717 5107 5101 5205 5198 5919 5328 4909 5390 5334 5450 5449 4968 5345 4939 4955 5309 5538 4882 5700 5072 5310 5454 5519 5352 5435 5448 5190 5373 5194 4960 5478 5319 5238 5461 5400 5335 5216 5171 5213 4939 4995 5231 5367 5131 5306 4694 5421 5037 4782 5141 4909 4985 5108 5575 5503 5036 5268 5427 5165 5339 5317 5173 4771 5125 5030 4895 5806 5244 5001 5837 5144 4994 5044 5157 4873 5257 5227 4683 4938 4725 5522 5041 5427 4868 5482 5295 4862 5299 5119 5001 5548 5272 5189 5331 5418 5201 5344 5206 5273 4666 4902 5437 4783 5259 5110 5038 5283 5280 4740 5455 5243 5572 5576 4599 5068 4867 5323 4855 5277 5341 5509 5543 4513 5107 5128 5211 5302 5483 4904 5008 4874 5211 5172 5566 5314 5048 4933 5331 5358 5144 4900 5209 5313 4892 5197 5037 5273 5292 5278 5555 5371 5392 5347 5234 5576 5065 5288 5096 5264 5277 4829 5132 5644 4779 5560 5133 5194 5137 5608 5138 5157 5550 5437 5486 5179 5298 5526 5331 4928 4915 5256 5324 5356 5125 5104 5341 5251 5046 5362 5177 5418 4922 4917 5007 5362 5380 5217 5301 5078 5138 5528 5444 
5315 4973 4949 4845 5207 5270 5267 5385 5240 5336 5065 5373 5670 5083 5218 5394 5358 4974 5427 4982 4723 4945 5467 5045 5033 4872 5184 5121 5255 5309 5203 5109 5037 5254 5152 4994 5384 5305 5511 5281 5456 5468 5658 5087 5317 5168 5264 5091 5203 5097 5159 5095 5140 4599 5289 5289 4982 5460 5769 5260 5029 5123 5381 5515 4983 5289 5586 5034 5052 5294 5486 5318 5601 5301 5204 5354 5597 5139 5409 5409 5232 5249 4917 5085 5460 5084 5034 5380 5425 5398 5578 5325 5336 4987 5177 5448 5327 5196 5206 4818 5559 5114 4974 5159 4955 4650 5238 5658 5306 4972 5209 5517 4783 5209 5683 5176 4657 5359 5274 5317 5376 5455 5161 5700 5180 4954 5101 5384 4935 5040 5215 5083 5382 4914 5404 5329 5222 5020 5096 5084 5010 5299 5042 4950 5629 5297 5229 5023 5635 5098 5280 5038 5191 5037 4721 5387 4832 5413 5288 5283 5447 5099 5088 5558 5128 5327 5606 4715 5260 4951 5432 5303 4873 5679 5515 5335 4922 4968 5427 5593 4931 5363 5015 5277 5007 5289 5235 5379 5676 5164 5037 5457 5554 5169 5267 5224 5369 4916 5256 5215 4900 5456 5051 5534 5221 5110 5593 5398 5388 5012 5182 5229 5779 5482 4969 5562 6031 5136 5547 5379 5210 5190 5815 5308 5108 5476 5602 5522 5192 5632 5348 5005 4942 5056 5182 5635 5408 5216 5245 5011 5277 4940 5434 5177 5384 4850 5034 5186 5522 5539 5427 5350 5207 5219 5555 5333 
5212 4600 4950 4806 4876 5333 5255 4983 5157 5254 4775 4918 5442 4780 5004 5034 5300 4640 5001 4821 4861 4857 5013 4932 4896 5039 5514 5113 5110 4978 5280 4716 4728 4826 4855 4915 5146 5115 5089 5065 5149 5319 5166 5086 5057 5189 5258 5171 5169 4662 5067 5018 4923 4744 5017 5055 5050 5071 5793 5206 4719 5128 5356 5617 4965 5033 5120 4859 4615 5105 5470 5172 5626 5025 5111 5264 5218 5111 5199 5243 5280 5006 4859 4833 5337 5020 4719 5045 5354 5160 5080 5291 5050 4589 5053 5188 5163 5047 5123 4751 5674 4846 4619 4843 4889 4606 4700 5248 5126 4999 4855 5126 4625 4985 5289 4944 4378 5129 5098 4975 5455 5058 4918 5137 5191 4802 5024 5137 4864 4855 5015 4769 5031 4710 5572 5013 5138 4809 5308 5261 4936 4962 4784 5096 5331 5035 4902 5105 5247 4989 5092 5228 5295 4719 5203 5080 4942 5143 5050 5011 5310 5039 4876 5151 5020 5325 5187 4654 4926 4691 5274 5067 4857 5152 5024 5356 4252 5050 4780 5517 4918 5018 5032 4981 5207 5084 4644 5139 5301 4818 4745 5023 5294 4943 5021 5259 4949 4985 4917 4919 4898 5026 4721 5245 5002 5034 5239 5063 5201 4694 5391 5063 5244 5279 4700 5188 5487 4840 5213 4972 5141 5316 5518 4848 4872 5096 5301 5098 5112 4943 5322 4987 4726 4802 5043 5209 5151 4933 5466 4950 4919 4870 4941 4824 5284 4718 4877 4938 5031 5029 5267 5250 5023 5165 5246 5202 
5310 4962 5145 4915 5159 5333 5276 5189 5246 5365 5085 5368 5503 4833 5302 5389 5184 4856 5506 4815 5015 5144 5123 5229 5216 5112 5578 5604 5157 5318 5129 5154 5027 5360 4891 5067 5131 5219 5081 4978 5439 5208 5525 5214 5088 5074 5711 5150 5459 5066 5250 5308 4852 5061 5360 4962 5180 5323 5913 5302 5064 5452 5382 5777 5172 5248 5477 4870 4999 5172 5608 5159 5600 4999 5437 5173 5568 5503 5437 5327 5330 5396 5166 5186 5545 5171 4813 5426 5407 5382 5383 4848 5312 4999 5087 5305 5456 5314 5096 4819 5433 5132 5036 5313 5067 5050 4980 5414 5653 5324 5282 5130 4938 5202 5261 5347 4370 5058 5264 5363 5914 5210 5173 5510 4984 5140 5201 5244 4781 5125 5260 5052 4925 4995 5441 5070 5383 5092 5645 5338 4924 5088 5267 5160 5666 5213 5019 5152 5515 5209 5269 5257 5111 5054 4870 5404 4825 5227 5289 5092 5277 4898 5008 5302 5090 5447 5624 4841 5344 5061 5185 4998 5202 5200 5737 5465 4548 4980 5379 5541 5086 5365 5311 5071 4943 5293 5080 5327 5472 4927 5051 5319 5310 5136 4903 5355 5440 5009 5163 4981 4971 5194 4993 5320 5421 5171 5545 5234 5456 5056 5623 5210 5378 5526 5046 5431 5848 4899 5697 5095 5323 5215 5762 5266 5159 5290 5385 5243 5269 5488 5333 5193 4919 5052 5369 5165 5579 5155 5600 5144 5450 5055 5423 5094 5496 4848 5049 5032 5504 5503 5391 5316 5218 5311 5296 5342 
5370 4868 5052 4899 4927 5242 5241 5151 5291 5630 5215 5124 5491 4730 5167 5051 5203 4998 5446 4841 4828 4791 5288 5445 5259 4740 5365 5253 5153 5187 4987 4814 4798 5287 5016 5050 5165 5349 5106 5286 5201 5670 5539 4856 5204 5260 5633 5151 5444 4826 5200 5134 5233 4920 5525 5157 4884 5399 5859 5384 4853 5221 5263 5440 5085 5380 5223 5014 5077 5447 5491 5155 5543 5144 5257 5022 5408 5323 5448 5133 5118 5395 5050 5080 5285 5338 4890 5201 5406 5363 5292 4921 5199 5012 5133 5542 5290 5213 5156 4870 5527 5082 4983 5032 5032 4737 4961 5392 5338 4878 5355 5246 5214 4994 5386 5307 4797 5293 5236 5412 5941 5263 5020 5449 5111 5092 5031 4913 4660 4776 5188 4593 5038 4826 5596 5047 5542 5176 5567 5493 4915 5096 5179 5176 5605 5230 5055 5243 5488 5116 5307 5114 5315 4881 4903 5168 4849 5320 5055 5161 5346 4918 4978 5566 5304 5497 5537 4714 4991 4810 5461 5187 5281 5348 5500 5198 4701 5084 5041 5557 5155 5162 5296 5032 4974 5300 5050 5278 5527 4694 4951 5548 5646 5048 5080 5540 5544 5176 4939 5013 4842 5008 5089 5537 5289 5029 5522 5204 5603 4892 5652 5033 5344 5360 5174 5265 5676 4860 5767 5100 5281 5135 5626 5511 5245 5331 5403 5405 4866 5186 5421 5154 5292 5029 5020 5050 5424 5184 5319 5401 5232 5113 5480 5087 5531 4600 5129 5021 5198 5548 5200 5370 5127 5228 5231 5237 
5437 4867 4869 5149 4969 5230 5432 5138 5227 5441 5000 5389 5775 4924 4986 5441 5278 5056 5351 5121 5071 4964 5462 5132 5196 4978 5507 5287 5113 5240 5249 5082 4954 5402 5056 5215 5272 5486 5342 5299 5000 5353 5191 5197 5412 5147 5428 5251 5345 4935 5212 5491 5249 5151 5444 5310 5134 5648 5696 5180 5029 5464 5770 5437 5202 5238 5125 5133 5241 5239 5752 5396 5774 5112 5435 5412 5754 5349 5604 5162 5218 5328 4982 5345 5345 5132 4951 5281 5435 5496 5389 5404 5487 5029 5163 5404 5256 5051 5299 4815 5582 5087 5194 5205 5154 4804 4988 5527 5217 5215 5322 5367 4822 4974 5280 5483 4830 5072 5237 5127 5705 5227 5217 5590 4957 5089 5380 5288 4902 5359 5086 4771 5323 4857 5553 5136 5368 4937 5374 5314 4946 5540 5207 4929 5626 5334 5033 5232 5536 5150 5360 5472 5437 5047 5138 5395 4778 5489 5127 5223 5422 4964 5222 5282 5041 5566 5431 4918 5098 4658 5444 5325 5094 5410 5480 5404 4852 5092 5341 5515 5300 5041 5052 5116 4969 5263 5170 5503 5524 5271 4872 5456 5416 5278 5039 5465 5501 5092 5007 5240 5114 5143 5160 5554 5441 5298 5700 5304 5346 5222 5467 4887 5471 5550 4925 5544 5801 5070 5608 5207 5534 5369 5934 5168 4889 5745 5358 5390 5297 5374 5740 5027 4992 5049 5301 5262 5808 5303 5681 5190 5141 5067 5154 5249 5448 4948 5147 5046 5288 5420 5164 5605 5334 5445 5329 5508 
5483 5174 5126 5267 5085 5422 5354 5160 5327 5418 4976 5265 5756 5015 5162 5485 5485 4865 5505 5148 5043 4955 5870 4936 5118 4748 5347 5279 5146 5651 5213 5184 5185 5285 5190 5152 5360 5560 5349 5513 5235 5571 5504 5097 5129 5336 5424 5124 5687 4877 5430 5393 5140 5026 5201 5323 5000 5492 5745 5121 4872 5301 5552 5732 5378 5202 5544 5218 4845 5252 5518 5072 5824 5440 5212 5245 5540 5593 5263 5302 4996 5401 5206 5182 5615 4994 4890 5505 5164 5434 5409 5081 5310 5104 5237 5175 5365 5343 5293 4840 5621 5345 4999 5203 4917 4910 5148 5544 5292 4981 5157 5334 5228 5317 5521 5440 4484 5220 5134 5077 5695 5373 5072 5861 5315 5002 5477 5358 5061 5117 4842 4715 5239 4902 5455 5137 5419 4870 5356 5484 5220 5229 5256 4986 5518 5382 5109 5421 5402 5178 5474 5375 5343 5260 4939 5553 4853 5492 5434 5311 5337 5193 5168 5518 5054 5433 5416 4872 5265 4946 5484 5252 5164 5503 5399 5485 4854 5386 5288 5571 5147 5483 4924 5317 4941 5436 5484 5363 5634 5195 5353 5247 5423 5205 5180 5344 5105 5273 4958 5198 5126 5391 5307 5724 5621 5390 5342 5337 5466 5108 5496 5088 5297 5397 5103 5292 5950 5186 5687 5129 5528 5326 5806 5214 5052 5680 5565 5481 5161 5593 5917 5128 5205 5054 5429 5424 5362 5208 5509 5090 5248 4981 5348 5124 5644 4768 5257 5310 5466 5483 5416 5200 5023 5232 5411 5284 
5051 4510 4921 4857 4929 5027 5086 5297 4741 5322 4727 5089 5437 5038 5141 4908 5323 4765 5221 4896 4672 4782 5521 4943 4996 5074 5147 5192 5129 5286 5017 4979 4943 5301 4917 4756 5190 5234 5089 5086 5069 5087 5531 5055 5264 5360 5117 5130 5236 4852 5078 5435 5049 4644 5253 4965 5070 5286 5758 5438 4611 5147 5230 5626 4888 5045 5370 4881 4860 5000 5440 5027 5480 5007 4908 5319 5313 5015 5329 5261 5105 5317 4872 4826 5129 4900 4924 5342 5289 5136 5215 4984 5150 4945 5277 5421 5121 5228 4999 4930 5400 5121 4797 5055 5055 4767 4740 5360 5085 5029 4915 5182 4891 4947 5514 5225 4567 4915 4756 4930 5673 5066 4830 5379 5071 4882 5027 5024 4935 4978 4843 4850 4973 4823 5480 5122 5133 4974 5141 5186 4962 4889 4952 4899 5294 5155 5255 5294 5224 4871 5140 5166 5185 4900 4805 5075 4679 5145 4901 4993 5247 5050 5259 5257 5156 5222 5372 4638 5055 4745 5210 4921 4824 4977 5221 5271 4344 4816 5084 5394 5015 5191 5088 4832 5004 5164 4785 5043 5369 4899 4998 4984 5239 5173 5110 5239 5234 5072 5042 5122 4778 5183 5070 5270 5170 5193 5301 5327 5120 4558 5234 4943 5523 5417 5067 5026 5537 4703 5197 5097 5181 5188 5887 5226 5039 5015 5345 5327 5135 5031 5319 5078 4773 5120 5045 5229 5269 5164 5250 5029 5075 5064 5123 4774 5265 4795 4908 4984 5264 5524 4842 5383 5010 4990 5085 4946 
5371 5037 5134 5086 4878 5244 5310 5141 5116 5578 4991 5123 5570 4905 5256 5327 5315 4932 5388 4980 4872 5211 5078 5221 5327 5155 5484 5294 5310 5134 5227 5132 5048 5351 5097 4968 5237 5528 5244 5336 5276 5472 5440 5193 5100 5172 5380 5290 5418 4715 5467 5345 5031 4928 4963 5334 5157 5477 5806 5604 5308 5256 5566 5846 5162 5129 5413 5084 5023 5379 5463 5127 5559 5348 5174 5153 5622 5286 5265 5295 5188 5360 5064 5033 5245 5230 4850 5416 5215 5556 5534 5045 5466 4986 5086 5616 5337 5469 5181 4807 5536 5262 4997 5189 5163 4789 4907 5587 5177 4956 5236 5274 4899 5271 5329 5566 4890 5123 5059 5392 5713 4911 5203 5550 5414 5062 5163 5142 5036 4996 5152 4524 4963 4946 5462 5316 5307 4715 5425 5550 4972 5037 5125 5311 5571 5483 5120 5361 5523 5231 5396 5115 5360 4858 4852 5418 4776 5571 5282 5091 5362 4881 5157 5376 5072 5067 5568 5069 4926 4942 5490 5206 5142 5420 5833 5586 4768 5188 5238 5448 5279 5343 5113 4973 4727 5394 5148 5451 5547 4635 5323 5156 5563 5594 5075 5416 5111 5095 5162 5211 4867 5146 5087 5749 5640 5279 5584 5238 5436 4934 5527 5211 5490 5503 4903 5172 5514 4878 5669 5114 5349 5284 5716 5181 5044 5635 5437 5394 5216 5318 5718 4984 5144 4921 5350 5312 5171 5236 5377 5207 5355 5014 5284 5178 5477 4879 4995 4924 5352 5193 5305 5444 5257 5432 5319 5626 
4931 4770 4910 4577 4823 5235 5055 4942 5072 4770 4823 5117 5360 4577 4904 5003 4913 4657 5243 4985 4746 4883 5151 4968 4892 4807 4924 5137 5033 4981 4866 4936 5020 5037 4530 4887 5128 5116 5006 4780 4868 4980 5264 5046 4960 5180 4951 4638 5099 4865 4825 4781 4724 4715 5089 4998 4834 5048 5606 5248 4746 4951 5042 5249 4660 4755 5361 4717 4683 5088 5245 4749 5524 4945 5031 5117 5153 5015 5001 4875 4932 4966 4891 4695 5101 4978 4685 5262 5172 5052 5190 5116 5236 4585 4788 5155 5025 4886 4726 4702 5182 4937 4742 5145 4723 4635 4841 5244 5058 5003 4989 5043 4634 4867 5123 4787 4422 4735 5012 4807 5248 4846 4784 5206 4797 4562 4978 5016 4509 4868 4765 4580 4868 4644 5446 4936 5154 5100 4990 4946 4917 4961 4916 4848 5242 4931 4896 5114 5047 4598 4976 5005 4886 4943 4617 5190 4643 5043 4902 5001 4943 4965 4751 5163 4863 5043 5170 4459 4867 4691 4844 4782 4648 4749 5266 5212 4427 4911 4861 5265 4837 5058 4978 4868 4768 4855 4777 5288 4966 4748 4648 4834 5242 5000 4740 4983 5236 4598 4695 4762 4666 5226 4777 5132 5052 5055 5283 5188 4982 4804 5237 5007 5142 5172 4886 5280 5539 4901 5194 5137 4795 4879 5476 4910 4850 5199 5170 5160 4967 5331 5216 5050 4701 4919 5202 5048 5147 4863 5048 4853 5038 4892 5107 4770 5236 4464 4946 4778 5144 4905 5077 4842 4874 5075 5239 4889 
5218 5071 4918 4895 4878 5491 5347 5088 5414 5318 4873 5166 5638 4846 5367 5278 5239 4984 5212 5070 4597 4808 5262 5443 5335 4818 5326 5352 5344 5177 5105 4854 4794 5267 5031 5134 5324 5400 5321 5191 5315 5433 5649 4914 4994 5083 5508 5412 5354 4762 4971 5092 5141 4874 5300 5273 5048 5703 5724 5375 4906 5151 5098 5546 5061 5019 5483 4940 5126 5297 5343 5142 5610 5073 4985 5076 5446 5301 5409 5143 5232 5127 4832 4953 5454 5117 5059 5419 5160 5055 5382 5261 5161 5056 4977 5444 5278 5373 5271 4762 5361 5126 5112 5259 4955 4897 5096 5693 5272 5008 5363 5268 4787 5042 5309 5349 4704 5435 5016 5303 5845 5277 5226 5867 5033 5010 5113 5139 4777 5001 4954 4571 5036 5016 5578 5329 5138 4955 5576 5404 4999 5002 5081 5208 5440 5470 4869 5133 5644 5321 5312 5105 5052 4897 4869 5279 4827 5604 5335 5104 5183 4967 4923 5505 5062 5111 5494 5003 5205 4827 5359 4973 5209 5311 5388 5422 4720 4854 5229 5260 5308 5267 5195 4966 4691 5378 5330 5348 5682 4908 5162 5554 5289 4922 5343 5330 5119 5079 5054 4906 5178 5186 4833 5525 5401 5199 5483 5143 5494 4770 5370 4935 5618 5280 5075 5500 5559 4783 5488 4926 5396 5195 5598 5348 5260 5361 5251 5421 5316 5527 5359 4950 4914 5025 5165 5494 5416 5179 5258 5258 5191 4935 5574 5117 5168 4679 5129 4806 5487 5295 5126 5376 4934 5358 5324 5452 
5228 4814 4729 5031 5032 5171 5029 5423 5172 5441 5018 5111 5834 4860 5176 5397 5145 4840 5483 5003 4862 4968 5236 5123 4867 5055 5384 5146 5080 5323 5052 5034 4943 5471 5193 4888 5073 5312 5324 5176 5275 5268 5385 5097 5263 5288 5335 5405 5240 4659 5239 5140 4971 5073 5148 4882 4905 5512 5555 5340 5103 5242 5372 5543 5282 4932 5254 4851 5163 5220 5450 4968 5429 5242 5205 5217 5570 5191 5307 5323 5096 5101 4916 5253 5046 4942 4845 5396 5290 5063 5189 4891 5201 5047 5101 5337 5152 5439 4986 4618 5651 5242 4907 5135 4942 4605 4865 5157 5266 5187 4868 5164 4855 5166 5037 5326 4746 5073 5226 4880 5683 5378 4823 5696 5110 4782 4933 5052 5074 5019 5030 4704 4876 4931 5305 4954 5305 4801 5210 5379 4837 5115 5239 5022 5711 5254 4972 5142 5646 4995 5070 5110 4898 4905 4958 5344 4542 5410 5274 5275 5232 5111 5041 5164 5197 5127 5538 4882 5027 4937 5381 5017 4885 5353 5414 5290 4598 5165 4874 5212 5052 5250 5314 5058 4907 5281 5091 5373 5665 4979 4938 5507 5326 5210 4941 5278 5140 4997 5125 5085 4931 5138 4870 5380 5281 5105 5618 5220 5213 4819 5478 5177 5339 5190 4988 5018 5750 4797 5501 4999 5150 5410 5501 5174 4928 5556 5359 5134 4913 5451 5512 4996 4821 4769 5414 4966 5279 5308 5459 5087 5086 5100 5377 5113 5222 4926 5091 4711 5229 5518 5375 5271 5046 5243 5134 5525 
5480 5077 5066 5405 4968 5501 5539 5477 5529 5530 5148 5476 5696 5220 5481 5280 5628 5114 5547 5389 5049 5286 5302 5151 5231 5099 5796 5375 5253 5674 5195 5112 5440 5713 5226 5196 5504 5586 5269 5437 5407 5449 5836 5349 5274 5276 5618 5401 5584 5078 5419 5413 4988 5014 5502 5448 5446 5471 6137 5415 5091 5308 5293 5779 5459 5379 5232 5193 5155 5404 5806 5224 5778 5380 5443 5311 5811 5351 5671 5402 4920 5438 5054 5257 5605 5192 5282 5429 5302 5557 5317 5302 5323 5176 5271 5589 5482 5317 5593 5098 5766 5321 4874 5161 5061 5087 5252 5779 5592 5262 5495 5398 5301 5152 5421 5433 4907 5446 5454 5365 6145 5302 5377 5741 5263 5013 5439 5337 5170 5131 4923 4799 5223 5139 5532 5365 5463 5136 5614 5511 5261 5334 5231 5107 5683 5264 5421 5377 5745 5313 5435 5319 5163 5065 4928 5376 4828 5818 5512 5169 5632 5214 5287 5498 5228 5187 5891 4960 4994 4952 5357 5564 5471 5470 5535 5697 4986 5195 5525 5403 5351 5435 5347 5365 4901 5702 5371 5490 5549 5202 5138 5724 5442 5335 5111 5680 5038 5375 5172 5187 5262 5307 5414 5663 5472 5506 5388 5418 5324 5182 5483 5277 5382 5779 4947 5516 5852 5049 5677 5183 5416 5642 5871 5340 5148 5510 5567 5240 5320 5317 5466 5195 5144 5123 5246 5764 5495 5402 5553 5469 5385 5116 5548 5351 5710 5001 5038 5024 5501 5600 5253 5919 5357 5459 5585 5272 
5332 4923 4757 5204 5121 5267 5256 5134 5263 5498 5048 5095 5922 5030 4953 5443 5103 4915 5482 5073 4704 5038 5678 5107 4934 4905 5310 5308 5017 5475 5280 5003 5082 5296 5019 4813 5470 5269 5369 5014 5143 5306 5418 5221 5146 5352 5285 5224 5383 5011 5280 5355 4964 4804 5200 5199 4923 5496 5498 5269 4683 5491 5458 5692 5211 5150 5349 4953 4692 5102 5540 5194 5677 5297 4958 5629 5596 5568 5150 5294 5079 5370 5064 5062 5231 4926 5043 5270 5489 5210 5294 5047 5286 5057 5266 5218 5161 5132 5234 4620 5345 5289 4853 4970 4898 4968 5073 5359 5196 4997 4975 5332 4834 5262 5160 5133 4764 5027 5221 5065 5717 5382 5058 5526 5258 5099 5121 5256 5201 5163 5022 4798 5247 4804 5632 5151 5247 4869 5324 5372 4826 5469 5106 5125 5445 5126 5175 5233 5376 5184 5457 5284 5270 4592 4890 5096 4687 5355 5044 5193 5501 5261 5123 5406 5257 5474 5610 4759 5183 4905 5333 5261 5031 5580 5471 5334 4718 5085 5280 5334 4982 5413 4995 5293 4920 5424 5046 5464 5350 5324 5044 5373 5401 5372 4965 5408 5154 5174 5124 5098 5040 5081 4968 5216 5464 5283 5245 5412 5203 4999 5360 5006 5511 5403 4858 5246 5888 4899 5472 5326 5176 5256 5839 5142 5058 5377 5275 5604 5367 5305 5550 5136 4940 4967 5340 5226 5415 5072 5502 5076 5114 4825 5291 5098 5367 5018 5041 4870 5297 5177 5238 5273 5002 5263 5267 5192 
5130 4833 4908 5089 4794 5375 5173 4979 5076 5343 5149 5166 5601 4815 5092 5326 5142 4776 5377 5067 4826 5012 5205 4994 4866 4731 5113 5301 4964 5260 5041 4922 4887 5388 5036 5009 5096 5333 5223 5161 5079 5159 5383 5107 5228 5001 5242 5214 5416 4787 5198 5107 4712 4947 5249 4989 4930 5155 5679 5081 4955 5319 5196 5562 5222 5117 5123 5022 5049 5077 5565 5235 5330 5207 5283 5292 5488 5457 5327 5101 5167 5204 5065 5313 5446 5010 4969 5301 5220 5488 5072 5112 5256 4926 4886 5252 5166 5096 5322 4668 5482 5053 4743 4969 4838 4807 4992 5472 5325 5161 5204 5368 5089 4923 5304 5282 4574 5023 5214 5041 5831 5268 4968 5660 5222 4841 4999 5040 4828 5079 4858 4750 4788 4946 5380 5136 5383 5062 5314 5285 4923 5294 4890 5049 5646 5001 5263 5289 5478 5138 5287 5198 5216 4861 4569 5468 4458 5291 5246 4821 5219 5061 4990 5379 5319 5281 5295 4795 5029 4925 5100 5006 5086 5404 5352 5395 4710 5037 5109 5240 5319 5489 4998 5253 4875 5124 5016 5497 5250 4948 4836 5239 5530 4914 5133 5443 5236 4870 4823 5191 5064 5080 4959 5467 5265 5313 5601 5255 5114 4956 5582 5224 5088 5409 5093 5414 5749 4795 5522 5035 5144 5074 5454 5273 5099 5309 5312 5089 5231 5433 5562 5183 4998 5052 5083 5244 5650 5048 5352 5191 5132 4938 5809 5140 5234 4649 4974 4992 5297 5263 5392 5370 5097 4980 5308 5363 
5756 5161 5506 5097 5348 5479 5626 5689 5473 5555 5424 5691 6299 5217 5419 5680 5612 5294 5512 5248 5073 5418 5819 5370 5452 5536 5695 5543 5541 5195 5456 5377 5271 5292 5194 5370 5781 5758 5569 5508 5321 5606 5675 5388 5371 5452 5583 5551 5787 5057 5472 5646 5244 5364 5539 5320 5362 5823 5947 5956 5208 5798 5695 6056 5680 5483 5779 5286 5211 5547 5919 5520 6134 5755 5634 5643 5763 5425 5755 5534 5431 5798 5537 5292 5699 5447 5223 5637 5723 5801 5641 5379 5606 5287 5305 5580 5377 5341 5444 5220 5929 5570 4999 5697 5435 5147 5070 5929 5723 5320 5651 5654 5351 5390 5949 5477 5000 5208 5363 5365 6275 5529 5551 6001 5454 5487 5440 5585 5204 5331 5281 5152 5687 5280 5875 5681 5788 5376 5699 5877 5300 5385 5450 5345 6017 5523 5446 5426 5799 5566 6002 5234 5408 5372 5135 5837 5244 5727 5483 5542 5547 5447 5475 5646 5331 5651 5969 5239 5400 5201 5771 5336 5586 5590 5867 5610 4998 5417 5533 5741 5591 5758 5561 5576 5556 5727 5318 5795 5900 5187 5449 5792 5686 5537 5502 5634 5461 5544 5576 5312 5523 5328 5390 6020 5852 5848 5811 5727 5712 5284 5847 5336 5890 5690 5204 5700 6307 5260 5989 5276 5638 5651 6219 5686 5273 5590 5896 5704 5399 5707 6059 5520 5255 5235 5231 5519 5687 5692 5695 5406 5555 5303 5852 5295 5944 5029 5541 5576 5572 5520 5450 5792 5315 5550 5732 5478 
5666 5045 5056 5158 4964 5427 5659 5382 5207 5374 4989 5536 5909 4981 5571 5295 5607 5015 5429 4932 4766 5222 5271 5500 5232 5115 5555 5406 5512 5244 5373 5247 5125 5399 4998 5058 5279 5672 5238 5124 5478 5283 5685 5316 5383 5554 5582 5408 5467 5037 5230 5259 5065 4938 5392 5237 5106 5355 5872 5198 5144 5289 5390 5714 5509 5346 5613 5277 5017 5628 5554 5032 5840 5460 5247 5546 5607 5418 5359 5365 5419 5298 5177 5374 5529 5501 5073 5477 5482 5537 5416 5344 5106 4975 5361 5537 5535 5423 5207 4921 5767 5176 5355 5289 5163 4786 5339 5695 5573 5362 5348 5201 5192 5195 5326 5430 4797 5618 5185 5382 5922 5259 5104 5594 5279 5268 5421 5608 5082 5298 5223 4676 5267 4899 5628 5217 5411 4941 5659 5729 4954 5254 5359 5425 5581 5320 5446 5271 5898 5533 5255 5326 5506 4901 4837 5434 4747 5642 5326 5017 5492 4890 5095 5521 5105 5339 5676 4976 5398 5044 5532 5541 5359 5486 5622 5503 4798 5040 5328 5576 5337 5569 5099 5158 4816 5642 5091 5267 5777 5172 4849 5545 5636 5366 5280 5566 5261 5140 5318 5259 4967 5520 5063 5639 5484 5412 5577 5442 5385 5116 5638 5239 5559 5710 4977 5311 5978 4748 5758 5320 5171 5388 6002 5337 5373 5343 5409 5288 5478 5477 5737 5341 5145 5146 5219 5398 5701 5480 5488 5160 5277 5137 5511 5247 5714 4902 5041 4969 5651 5455 5521 5578 5096 5401 5697 5276 
