20 14 25 116 63 2 56 37 30 4 21 80 190 7 29 38 16 62 96 75 99 18 0 56 0 9 8 77 30 0 0 46 32 49 80 35 74 123 30 119 34 27 40 12 0 10 68 47 63 36 48 18 20 61 16 6 143 12 30 12 76 48 12 91 36 90 0 132 4 54 0 90 12 73 28 24 28 46 9 99 54 12 6 92 40 42 36 28 46 97 0 36 24 0 2 11 75 14 34 75 42 72 25 52 9 109 192 200 45 18 97 0 0 54 27 0 111 0 0 21 42 77 6 94 0 68 37 24 33 128 5 88 110 110 50 138 94 0 166 0 0 36 47 0 49 2 20 64 24 138 0 32 72 40 46 35 63 6 134 57 46 70 85 0 9 13 14 15 0 42 22 21 140 100 2 7 177 37 72 14 100 6 0 90 50 56 115 66 95 80 0 36 56 15 78 0 0 14 116 69 57 4 76 5 94 18 27 42 7 45 0 54 30 96 0 100 28 122 67 27 73 94 20 44 38 75 27 123 128 37 6 36 52 24 24 68 2 68 46 103 9 94 6 72 0 7 94 56 78 45 75 48 6 74 95 0 
15 8 0 34 6 72 12 121 5 25 158 19 85 147 95 40 0 40 63 92 23 108 21 59 0 0 9 104 0 6 90 60 69 36 80 4 151 77 43 0 46 14 20 12 8 28 113 42 59 38 30 73 57 116 56 36 9 0 225 30 96 24 63 60 82 87 56 35 1 0 7 208 48 110 122 46 16 32 20 95 49 16 14 60 24 2 42 1 143 40 18 69 9 98 76 0 110 21 24 0 137 46 82 37 0 9 25 87 108 0 49 0 1 24 41 147 20 36 54 47 36 62 4 88 55 78 66 17 103 79 70 49 57 34 56 114 42 16 58 73 0 63 0 20 91 64 24 31 26 45 0 7 138 46 21 63 76 8 131 83 31 98 98 0 63 48 0 8 253 45 0 0 112 55 99 39 14 63 72 83 213 63 49 195 62 0 12 32 33 90 38 84 10 52 54 27 31 0 80 68 91 12 24 22 33 51 7 36 15 8 15 21 67 0 24 0 24 9 19 18 105 174 14 86 0 45 36 16 1 88 8 0 27 107 0 0 91 1 29 12 17 27 87 7 40 20 50 78 28 16 80 0 24 33 52 43 
102 140 40 24 80 109 61 53 54 136 41 83 48 6 36 88 62 21 81 34 94 62 75 86 172 47 42 105 82 140 40 15 63 0 24 0 64 39 71 27 8 63 186 61 60 35 22 72 77 75 21 71 116 172 83 85 145 117 124 85 72 19 21 62 66 134 83 25 3 91 40 119 5 91 0 111 0 73 99 49 55 62 62 66 66 90 49 138 110 78 0 0 15 69 169 62 116 88 102 32 146 9 97 153 0 21 89 50 73 115 53 29 35 56 0 28 65 32 156 64 72 67 7 93 130 77 20 18 33 117 0 27 50 0 28 67 24 20 51 11 131 65 0 133 7 0 51 92 20 50 37 146 70 54 0 18 39 67 7 77 69 24 44 59 81 98 9 107 188 36 18 64 168 91 135 59 100 10 33 2 128 95 89 0 133 120 9 137 20 51 34 115 229 29 62 50 193 99 123 36 93 62 3 14 31 77 73 65 6 86 14 17 14 64 21 56 72 74 141 57 94 79 70 100 20 75 76 2 112 72 87 107 103 77 106 8 112 131 36 73 42 24 134 91 64 121 33 36 114 191 162 18 35 98 81 98 
26 166 63 95 28 38 61 114 25 32 87 45 27 18 113 55 123 100 111 54 45 28 54 62 32 72 42 168 13 90 6 111 159 36 104 54 99 23 118 75 52 112 5 30 221 2 6 13 44 65 127 20 108 49 80 180 0 42 84 38 0 32 19 71 21 37 0 111 8 118 124 53 69 131 39 104 59 122 51 36 119 24 92 94 37 63 109 93 37 91 3 67 81 17 59 21 43 17 92 9 31 30 43 214 25 63 60 114 39 67 4 35 23 18 115 31 45 91 0 112 116 62 41 187 44 173 188 160 0 66 50 4 116 76 158 122 115 58 97 48 66 0 48 157 118 95 53 45 48 138 61 37 65 45 81 41 63 31 130 25 0 109 86 70 101 35 128 51 50 108 113 130 26 98 54 0 0 199 87 149 136 76 76 15 98 156 19 113 0 49 65 20 36 97 29 137 121 112 93 45 134 79 82 65 88 47 15 116 78 44 130 99 60 85 131 0 56 109 95 3 51 55 34 5 106 16 43 98 105 5 107 76 206 93 76 35 48 50 129 127 5 67 12 32 97 95 32 25 79 120 85 36 25 105 59 36 
142 41 9 24 36 152 19 2 24 104 16 67 0 0 32 0 24 8 79 40 71 24 3 128 36 30 10 0 72 10 0 0 46 0 74 21 96 36 100 0 0 81 48 95 36 7 72 0 100 91 24 24 8 96 42 52 77 30 13 21 102 12 7 31 0 162 53 1 40 0 0 100 82 14 35 11 0 0 64 14 135 24 0 39 49 96 36 0 36 46 0 137 28 24 90 0 147 32 68 0 42 0 48 0 60 35 24 28 0 59 48 0 71 56 5 16 6 116 18 137 44 8 79 72 6 0 82 78 12 52 59 2 0 0 81 0 6 0 16 15 55 0 41 83 0 40 20 43 80 21 0 16 0 96 36 40 80 0 74 28 28 31 73 0 56 26 0 0 56 21 67 28 74 56 79 0 30 102 0 21 59 72 25 0 37 94 20 20 0 56 77 89 67 35 9 84 133 64 80 5 137 10 0 0 9 17 40 26 94 49 0 12 6 51 64 4 7 15 131 23 42 68 1 42 0 126 0 11 56 0 14 97 84 74 87 52 0 89 24 35 24 25 56 33 103 48 0 99 32 82 0 0 36 6 24 35 
0 19 0 30 21 41 0 58 24 0 0 74 80 14 169 35 117 24 42 45 30 0 0 26 15 18 12 39 55 28 21 32 24 61 35 12 0 24 0 14 22 66 16 64 0 31 48 24 96 8 43 0 46 12 68 55 35 38 55 85 20 90 83 53 75 64 28 87 27 57 16 40 54 28 79 85 75 0 0 30 40 14 0 64 12 27 48 0 35 198 0 35 0 81 15 39 76 76 57 61 50 22 7 61 28 0 72 0 22 105 6 64 122 16 0 0 0 50 12 0 18 10 72 6 0 30 84 21 9 70 12 0 44 30 85 68 90 70 9 0 0 79 0 72 15 27 74 0 0 0 36 6 3 0 0 0 61 24 0 72 0 28 44 24 67 29 0 35 43 0 0 34 42 62 6 0 0 3 27 0 5 12 18 9 20 73 34 19 72 48 12 78 85 0 0 29 24 40 72 11 24 4 15 33 78 45 72 42 119 199 24 117 0 121 0 0 0 35 37 26 0 9 68 10 72 49 33 32 0 0 35 0 32 86 24 18 84 45 51 111 27 86 0 22 20 27 27 9 0 12 24 6 0 30 2 28 
54 81 26 116 41 142 7 135 40 24 40 59 54 18 59 54 10 70 211 6 84 36 0 15 115 41 25 131 55 81 7 57 51 27 26 75 291 98 127 59 4 36 61 145 21 0 36 18 74 35 54 83 50 64 21 54 57 0 55 32 113 69 116 81 167 84 59 37 43 28 103 104 107 0 54 75 46 49 70 49 94 40 25 61 77 8 87 142 129 42 49 57 52 23 18 1 42 25 86 55 45 72 161 49 78 58 56 75 113 76 6 16 118 60 67 53 32 122 7 80 34 45 97 72 110 12 29 72 9 162 68 128 18 0 54 109 75 106 50 58 68 127 2 117 31 0 25 88 64 20 27 92 36 8 7 12 35 58 51 34 82 105 60 120 39 69 130 55 5 93 24 7 64 99 56 19 105 48 102 107 143 0 10 114 77 159 6 114 116 163 69 76 100 50 140 35 92 80 139 0 0 21 85 45 8 42 18 62 71 24 42 111 12 103 32 101 0 103 100 52 121 57 55 77 4 22 20 44 19 145 38 9 99 101 114 44 32 96 15 202 14 52 52 89 16 180 109 128 87 81 105 154 39 125 31 39 
91 79 30 48 73 57 78 105 0 64 107 102 42 24 83 17 96 0 90 74 97 159 40 58 100 117 81 33 90 98 57 125 64 51 148 32 73 197 103 35 16 52 7 31 45 5 24 0 85 123 0 75 30 182 100 52 63 122 166 8 82 194 0 65 117 105 22 73 0 116 137 142 82 113 129 99 215 42 141 67 39 69 70 206 33 1 100 56 35 82 0 17 131 35 155 15 132 8 32 110 112 77 225 231 51 63 58 76 150 69 165 143 78 53 83 114 46 107 30 62 82 111 5 206 54 52 189 117 93 164 133 40 84 113 92 20 178 80 108 77 160 139 70 118 61 20 111 93 43 55 42 48 52 42 31 19 35 83 67 32 113 92 69 110 14 128 173 50 135 84 85 68 49 0 195 26 94 142 5 48 102 59 105 204 137 61 66 76 18 123 122 52 123 140 36 0 34 39 71 97 187 37 49 165 96 123 50 71 0 45 63 46 6 65 64 0 111 126 121 45 92 98 214 31 83 314 123 90 79 65 68 0 57 21 90 170 99 24 45 75 161 126 73 6 143 50 5 133 133 139 148 95 108 55 73 111 
42 34 49 41 63 65 0 87 36 47 76 69 10 0 175 4 8 0 35 76 17 100 0 85 41 49 5 108 20 43 35 65 90 89 63 44 93 59 128 37 30 36 0 20 49 40 78 0 80 73 28 152 81 58 64 104 60 44 70 59 52 9 71 93 56 72 50 153 9 66 100 55 20 22 88 114 103 50 51 36 44 92 20 99 48 0 57 8 35 106 0 40 24 74 124 18 117 75 0 89 81 27 94 60 48 48 67 106 8 48 44 24 4 45 56 43 6 0 8 38 60 117 93 100 67 28 16 5 12 32 15 25 27 88 98 112 39 36 51 38 72 30 40 110 47 5 100 122 15 74 0 67 49 34 10 17 23 194 24 20 137 116 86 35 11 62 56 122 0 3 42 74 25 43 81 31 16 47 0 0 84 36 46 6 111 45 61 53 24 59 36 29 81 63 128 16 79 9 140 12 18 62 18 100 0 43 28 21 52 8 67 79 16 49 0 73 0 85 118 87 118 63 36 39 71 39 14 6 36 94 6 48 48 151 39 45 32 24 29 106 104 69 31 24 79 124 75 69 32 48 71 26 56 106 87 76 
42 54 20 1 25 66 40 76 140 56 50 40 4 70 94 10 84 68 0 21 0 0 0 20 14 0 29 75 51 42 26 12 75 68 0 0 94 54 46 53 74 61 68 45 94 22 24 42 78 100 51 80 31 9 58 16 0 84 6 59 54 0 22 50 40 158 52 83 24 73 35 46 72 24 21 8 42 46 28 0 10 6 0 68 19 0 0 55 42 57 0 31 77 92 54 0 79 32 62 9 21 108 0 0 72 30 14 58 52 69 18 88 42 84 59 30 57 35 0 9 43 41 91 45 112 33 54 0 9 9 44 40 4 6 36 122 0 68 50 30 7 20 8 6 55 61 105 27 8 48 58 21 121 20 34 68 49 0 21 27 74 55 117 84 56 114 53 14 0 41 25 91 40 67 30 9 28 27 100 74 98 86 0 48 96 115 7 10 33 34 88 35 187 18 59 39 90 102 101 28 64 14 50 54 21 9 30 101 21 67 82 42 20 26 36 21 56 94 67 109 53 90 56 112 86 39 15 31 26 8 46 36 30 82 46 48 62 23 34 60 71 18 48 123 51 198 0 48 20 37 34 54 4 6 0 0 
16 0 27 9 14 24 0 63 10 14 0 0 15 8 75 0 12 0 93 24 25 21 8 0 0 0 0 96 65 0 0 0 126 28 19 49 146 18 175 0 75 18 30 27 0 18 12 0 0 26 0 127 43 11 79 0 0 0 0 24 0 0 69 106 108 78 89 69 3 0 30 58 9 58 54 49 82 140 0 20 0 114 0 93 51 65 21 0 24 52 16 6 36 106 16 10 16 35 9 15 63 114 24 24 0 21 21 47 0 85 48 64 0 0 6 0 40 12 57 105 0 43 112 60 72 71 30 4 9 11 0 9 21 36 92 0 45 14 51 48 14 3 46 113 16 0 48 48 32 45 0 10 36 0 79 15 14 0 27 44 63 28 63 12 0 0 0 71 79 38 0 0 0 40 97 16 27 0 64 21 53 0 92 79 54 39 8 100 0 24 42 63 63 49 50 30 6 0 20 32 0 26 69 2 21 0 0 24 6 66 48 112 0 0 0 0 0 0 59 48 0 18 79 28 8 54 0 72 27 89 8 21 3 54 8 56 36 47 127 15 101 63 56 64 33 180 6 0 24 21 28 42 27 15 0 0 
28 12 0 47 84 0 0 0 0 0 0 26 36 0 56 9 82 24 30 56 0 0 0 18 0 77 93 0 12 126 12 0 53 15 18 20 76 5 31 0 28 18 0 75 76 14 27 64 63 105 0 32 79 11 0 18 40 36 3 24 28 64 36 71 0 92 0 60 5 113 24 82 78 63 4 80 81 0 48 12 20 54 50 81 49 27 0 120 2 5 0 48 0 8 36 24 27 67 47 18 81 15 45 107 0 30 24 7 0 42 49 90 36 72 0 16 0 14 9 0 28 0 57 63 0 8 24 0 0 45 25 15 0 17 24 60 109 30 64 37 90 45 20 77 20 14 28 0 58 59 0 27 25 39 69 0 48 20 0 53 6 49 77 17 5 0 24 32 72 32 43 89 3 0 136 32 45 165 32 21 88 0 24 0 104 46 72 6 0 108 3 56 0 71 12 90 31 0 108 20 15 6 15 1 36 21 40 8 0 9 9 75 14 14 5 45 0 9 0 49 42 0 54 41 35 10 49 13 45 45 79 36 61 40 96 28 18 115 115 26 62 15 0 0 21 0 0 77 56 2 32 72 27 63 0 48 
102 83 115 18 54 72 96 0 24 56 59 63 32 35 80 8 0 0 137 0 117 36 8 164 36 0 104 36 73 17 39 9 75 80 159 0 36 94 140 33 63 16 84 0 36 0 0 0 0 50 27 9 48 38 72 62 103 85 6 0 16 0 37 38 72 80 53 96 27 139 77 111 36 0 60 144 91 90 0 21 45 26 8 123 36 55 70 0 0 78 24 61 24 30 85 34 16 0 48 20 54 81 61 92 87 0 47 105 57 81 114 21 27 128 88 0 0 102 97 27 84 70 27 60 148 0 0 0 171 36 8 0 84 135 175 32 142 54 106 99 0 81 8 74 97 28 32 18 0 66 66 0 0 55 58 71 60 0 75 48 129 161 0 147 0 22 6 36 20 90 63 0 9 54 89 13 36 45 54 31 98 12 30 144 64 112 157 90 42 46 0 108 88 161 100 60 78 52 152 0 0 40 80 96 95 134 19 52 38 32 37 18 4 8 0 0 24 89 90 18 81 49 79 0 76 63 40 72 83 0 16 12 62 86 96 21 32 11 74 56 69 148 0 0 63 101 60 104 54 46 158 54 54 164 60 8 
146 120 24 125 139 28 48 38 0 0 7 58 42 68 119 68 9 45 121 92 60 34 54 126 23 60 24 134 102 168 72 48 69 40 10 51 170 27 79 0 0 30 28 98 30 75 46 87 200 113 48 68 15 19 107 147 28 9 148 26 36 146 0 79 119 180 24 63 49 8 74 56 129 72 24 70 97 81 18 31 181 89 42 154 101 18 42 180 66 72 27 53 70 44 54 80 0 0 120 55 31 20 119 131 80 0 32 187 162 96 38 24 81 50 8 27 12 120 27 66 125 158 32 61 27 32 184 48 91 37 64 43 160 30 187 52 16 0 155 55 252 94 75 156 78 6 92 80 45 80 15 11 52 71 38 84 14 22 100 55 91 56 52 97 133 46 99 126 122 71 56 72 20 35 61 44 0 159 72 66 82 63 115 75 101 37 0 182 112 73 102 56 176 36 43 52 9 22 0 70 28 45 58 121 31 156 0 0 143 64 20 32 16 76 0 22 8 70 14 42 76 142 42 96 16 170 39 32 94 121 32 55 149 49 24 210 0 62 20 63 0 56 33 72 61 39 38 111 118 97 122 60 31 147 141 44 
99 9 0 103 96 46 68 18 0 36 9 33 18 0 5 7 4 28 0 98 159 23 80 45 142 0 0 27 60 6 38 4 68 0 41 126 125 99 108 63 24 16 71 28 12 56 112 21 120 28 55 56 81 4 63 6 82 5 4 58 12 69 3 1 87 66 60 87 56 6 9 25 0 69 18 124 138 124 9 0 46 71 38 13 6 100 39 82 110 0 25 31 38 0 59 98 21 63 10 77 25 11 90 18 75 18 97 21 146 72 54 12 24 24 9 161 12 134 42 36 14 72 91 18 114 173 209 25 0 24 90 114 18 26 52 0 4 74 0 92 13 79 59 76 54 0 56 32 146 131 0 71 8 65 56 18 9 12 62 6 62 10 16 8 108 64 0 45 168 103 42 72 19 72 66 0 70 58 134 118 180 54 116 20 64 0 42 2 70 34 67 164 90 89 84 76 12 5 52 2 107 12 57 32 28 70 3 0 81 36 0 86 49 35 73 61 99 21 120 3 89 25 26 19 42 112 24 73 0 48 42 9 76 4 28 3 94 0 31 0 27 117 25 34 187 78 2 19 27 92 0 137 21 104 87 0 
84 118 272 23 92 43 188 55 32 65 56 75 62 18 30 64 69 85 84 97 98 41 110 51 64 25 15 148 61 132 27 27 72 14 66 167 245 0 85 32 89 145 28 53 186 31 28 8 15 25 12 76 157 33 53 155 16 20 118 72 80 74 17 6 156 28 46 209 12 27 57 28 4 76 172 83 115 45 109 9 165 66 82 78 110 29 114 16 55 150 8 88 83 40 15 14 63 0 117 143 66 43 176 81 9 19 16 52 96 40 126 0 76 40 75 20 73 117 165 3 42 61 100 77 107 75 196 81 36 0 89 111 170 128 69 246 0 220 95 180 121 65 81 118 104 113 35 154 68 53 0 89 58 44 40 0 76 134 100 67 60 15 79 38 22 83 106 132 66 75 25 77 133 125 236 162 66 62 206 177 141 43 138 86 186 57 4 233 0 42 0 86 58 168 178 97 64 3 143 6 49 110 77 39 80 15 98 50 71 21 75 61 45 0 32 85 57 70 32 110 64 40 69 53 65 131 79 118 80 190 124 117 62 52 6 60 50 34 96 116 4 91 48 126 28 59 67 32 149 128 45 131 145 53 70 180 
50 114 188 53 6 46 139 141 20 100 52 48 59 56 0 64 0 8 67 28 60 145 73 116 103 4 0 8 39 164 54 0 51 0 62 0 116 82 72 36 38 63 117 48 48 60 89 58 31 114 88 95 203 122 54 125 36 102 34 68 103 12 66 32 32 42 102 28 54 90 0 143 10 153 8 61 110 24 200 91 53 14 52 6 54 0 42 14 66 62 104 0 0 70 164 96 137 10 44 62 51 42 119 78 25 25 124 113 84 50 90 38 105 57 0 0 2 72 77 82 68 132 64 190 259 76 120 18 53 103 60 60 4 77 88 62 42 28 78 7 181 77 96 123 60 12 42 46 99 30 57 56 0 17 16 0 90 75 30 30 133 127 64 63 0 71 122 91 90 67 47 46 70 64 80 55 67 70 67 159 62 16 126 56 91 112 0 167 8 63 66 25 99 133 109 8 84 24 49 72 66 0 118 146 105 49 72 57 0 46 34 64 0 20 0 49 82 0 137 24 144 60 169 51 14 115 56 12 42 102 0 92 24 21 86 40 0 0 0 24 111 54 45 57 130 26 59 66 96 165 62 50 108 79 53 91 
11 0 32 124 18 35 47 117 70 36 72 137 43 10 0 31 54 30 52 22 78 41 46 0 0 9 137 40 105 19 72 0 0 0 47 38 9 19 111 114 43 84 92 52 66 113 19 12 48 4 51 6 96 112 30 135 82 65 27 9 10 42 36 68 38 63 91 87 24 69 66 8 49 126 50 58 20 23 68 6 77 26 69 87 81 144 81 3 86 36 61 6 17 27 21 55 171 69 110 79 5 8 57 64 97 76 14 8 157 27 108 12 185 0 0 55 132 6 27 46 70 65 73 59 39 172 70 139 0 36 27 40 60 33 54 100 36 0 12 59 77 28 70 45 82 32 106 9 18 27 18 43 33 44 63 24 54 52 103 76 18 107 91 18 48 30 80 6 102 5 45 78 74 52 94 36 81 26 37 144 124 28 129 38 24 91 10 16 8 115 47 84 35 51 39 47 153 72 28 2 141 102 56 111 55 75 118 133 16 24 18 24 0 53 19 95 18 79 132 54 131 25 178 20 25 62 30 45 122 30 73 33 6 67 135 135 124 74 18 18 34 53 125 74 2 86 112 119 141 31 0 54 0 52 0 1 
56 75 0 33 6 119 60 64 92 19 0 69 24 72 54 0 42 12 22 0 0 68 0 42 7 6 13 173 53 63 45 20 68 23 45 74 97 102 47 115 10 0 0 36 143 10 0 0 5 64 39 0 48 5 63 63 47 2 137 101 140 104 3 73 86 28 46 199 46 7 15 77 20 0 41 179 0 134 10 17 28 28 78 0 0 0 51 15 18 83 0 144 0 76 63 95 0 9 8 72 0 127 210 27 151 6 44 52 47 38 65 26 215 16 2 0 24 18 66 138 40 288 36 72 35 63 56 15 40 111 157 15 56 24 63 81 0 79 51 38 0 77 4 80 0 39 96 4 30 0 0 71 0 63 12 6 81 28 72 28 33 4 9 0 187 82 49 155 112 32 22 100 45 45 178 0 75 182 0 48 0 37 0 0 35 57 68 0 90 14 0 16 0 76 35 0 0 78 29 207 97 62 33 100 31 119 2 3 157 6 25 71 72 36 52 12 94 196 9 38 45 20 22 6 42 102 35 90 11 0 56 14 35 20 6 70 33 2 81 126 34 0 45 34 20 139 52 30 21 57 0 106 43 100 86 83 
107 29 96 209 66 79 116 0 52 32 15 103 20 56 70 72 141 94 59 20 40 81 0 119 52 128 0 27 49 93 51 0 77 0 78 24 94 34 86 98 61 35 45 51 58 35 38 36 34 92 0 106 159 64 14 136 55 120 18 78 56 177 73 14 61 49 43 93 6 48 63 17 39 80 145 80 61 24 135 98 69 119 59 43 0 22 79 73 99 94 55 124 8 12 0 18 110 38 130 62 64 4 99 88 35 57 0 66 95 72 95 119 114 0 43 24 6 185 0 76 97 164 68 155 38 49 112 150 0 40 76 83 45 160 0 42 0 61 21 50 143 51 80 19 35 4 99 97 35 85 28 36 51 18 103 31 32 77 54 84 107 0 189 69 56 0 42 18 0 199 72 63 79 44 130 43 68 42 59 49 113 76 91 49 55 29 22 24 40 62 100 24 5 104 64 54 54 68 66 46 133 36 18 133 64 25 89 58 0 40 0 74 28 6 48 97 36 60 60 24 106 60 116 35 42 124 15 136 61 116 79 30 151 14 141 117 85 0 93 48 104 215 78 69 117 116 0 77 126 20 53 117 28 50 24 120 
106 80 9 142 6 98 45 41 153 28 74 0 125 0 20 50 101 32 84 103 145 143 48 99 36 46 0 78 8 87 87 66 114 110 22 57 49 89 87 89 56 0 48 2 98 8 102 18 44 120 3 182 23 62 109 64 200 44 40 77 2 42 76 45 56 16 5 25 32 40 140 0 4 54 12 178 88 30 18 77 96 92 111 104 119 16 41 87 154 0 42 70 80 85 108 118 0 0 139 8 32 128 70 82 175 40 9 278 104 59 144 113 140 217 0 32 115 101 87 9 37 167 195 14 41 58 42 32 0 8 90 0 21 40 65 25 32 28 9 63 68 24 71 58 34 35 184 8 38 100 36 116 112 149 48 70 0 68 18 130 59 48 26 8 59 59 60 82 240 89 24 84 9 54 116 153 0 52 18 7 144 66 46 73 116 43 56 54 42 0 80 72 79 68 108 40 32 15 120 80 85 82 46 80 103 32 0 36 96 0 78 126 24 112 51 62 56 95 63 123 123 51 64 62 7 72 0 15 29 96 20 68 61 80 136 149 116 41 54 0 136 0 100 56 153 165 2 58 75 16 54 62 0 115 54 82 
52 85 188 63 39 47 30 105 0 7 85 36 5 37 28 69 181 88 65 16 0 0 0 35 15 45 15 24 151 66 49 12 179 45 72 106 160 146 90 83 25 107 85 92 24 43 168 55 117 121 0 182 90 41 91 106 147 30 3 55 140 25 66 21 24 166 173 16 116 90 21 72 45 62 53 40 57 64 94 40 40 97 19 188 21 94 146 39 24 72 27 79 129 32 54 80 64 7 68 24 130 18 0 103 170 102 14 137 59 91 24 122 132 30 35 129 2 189 6 88 30 58 174 65 137 63 76 98 0 20 81 63 5 56 0 136 22 125 25 127 118 55 8 95 68 50 29 14 38 129 28 96 84 99 122 6 40 12 8 73 59 53 77 18 42 70 35 35 137 120 7 154 71 60 24 15 0 158 32 266 106 26 36 46 16 59 70 6 82 63 119 67 86 35 36 48 28 75 98 34 85 2 177 81 32 52 35 84 0 106 55 85 10 88 35 53 0 42 16 56 76 67 56 54 120 181 18 71 26 103 40 14 73 18 128 110 16 8 102 11 109 107 134 75 100 93 56 108 84 30 85 6 18 32 104 0 
42 74 12 31 27 59 115 64 80 12 19 26 23 81 45 36 41 23 81 6 20 52 1 14 0 12 103 78 11 138 21 74 116 48 175 79 87 60 18 54 0 210 89 2 111 8 115 48 70 252 62 94 3 15 75 105 0 16 39 70 85 20 40 34 0 106 78 25 36 7 94 55 0 103 26 147 60 30 63 32 120 95 27 6 78 120 24 0 105 151 0 72 0 117 0 18 3 28 140 191 59 82 64 183 53 86 22 156 157 90 98 43 14 119 18 56 24 135 2 32 127 49 56 165 87 49 173 54 27 54 35 63 121 24 75 16 38 2 90 42 170 20 0 133 5 25 67 8 144 96 48 0 24 80 37 8 0 18 35 30 0 15 6 62 6 34 132 0 56 60 38 21 64 28 74 0 0 56 0 63 91 0 0 7 0 76 14 40 50 36 227 49 146 84 48 24 76 169 69 12 8 0 0 42 139 0 0 28 50 88 5 27 24 51 40 6 121 45 97 27 24 34 71 0 3 61 83 0 0 74 14 42 15 59 42 12 29 36 18 42 84 72 58 76 144 15 49 1 56 83 86 0 0 134 57 0 
22 37 16 6 10 36 82 0 56 72 12 70 0 0 0 48 0 12 30 0 62 83 0 200 27 53 95 24 55 28 0 35 76 92 34 24 45 45 68 36 2 0 30 32 48 10 48 0 28 160 5 18 15 41 32 30 54 30 112 143 0 80 23 2 78 32 66 76 5 108 24 60 66 4 12 69 130 135 69 152 32 61 45 66 21 6 30 66 31 90 0 53 40 104 91 28 94 38 34 94 8 151 96 106 0 14 20 86 99 141 30 86 0 18 2 0 7 122 36 0 84 21 36 96 70 93 113 18 9 84 63 67 38 16 13 79 12 70 19 30 0 49 0 58 96 0 47 33 16 92 104 65 72 70 34 30 43 14 63 76 92 0 50 57 115 6 30 20 49 51 54 18 44 0 89 0 0 1 24 14 48 71 54 56 0 25 28 28 16 74 129 121 81 14 44 28 75 40 157 167 21 28 68 51 6 13 0 2 108 64 63 40 14 103 54 0 74 6 58 12 0 65 82 118 129 135 29 85 2 15 20 9 56 4 10 56 103 14 64 57 118 18 48 42 84 92 34 106 96 44 0 42 23 20 147 21 
58 327 106 93 97 104 32 75 38 64 16 79 68 17 60 112 105 9 257 0 30 25 0 151 91 0 59 20 53 85 63 33 132 92 101 72 173 3 130 14 54 81 153 44 64 78 116 124 57 69 40 154 122 52 120 72 0 69 130 20 104 26 9 19 183 80 165 32 109 197 71 263 43 109 70 147 78 35 91 59 90 123 0 196 0 37 156 62 0 0 5 98 44 29 111 84 129 18 101 77 205 27 99 89 105 0 124 72 74 28 74 68 140 112 29 117 0 54 176 112 76 69 10 14 136 58 0 46 103 35 45 5 116 128 138 16 86 14 35 24 72 24 6 69 132 94 31 18 44 104 28 278 15 42 104 67 176 105 19 15 90 101 81 63 71 97 49 160 288 40 154 35 70 21 37 4 85 131 57 105 0 49 126 55 49 135 8 65 56 123 18 100 63 32 120 102 184 75 140 98 106 20 94 99 28 103 63 73 77 30 40 86 12 41 0 77 0 39 87 54 64 62 71 84 28 131 44 96 2 107 68 35 68 44 204 72 33 2 65 50 228 130 70 76 79 46 181 108 20 83 59 0 135 103 116 11 
30 10 78 23 12 52 0 121 40 52 49 45 8 99 32 7 0 78 106 20 16 8 0 8 11 99 75 128 10 163 39 21 40 7 40 75 69 104 25 45 30 72 20 0 47 45 0 23 18 34 12 95 54 56 55 37 13 8 15 99 201 40 9 112 115 80 132 145 21 51 24 105 9 51 39 245 42 27 0 31 45 15 60 7 69 101 28 44 18 75 66 150 40 46 17 110 0 0 15 136 0 75 160 0 0 28 35 119 5 25 82 14 81 142 0 0 5 77 24 142 20 63 35 72 28 0 59 72 6 81 56 18 0 40 4 5 4 0 0 21 56 189 2 73 71 37 2 24 9 9 21 0 0 36 0 0 18 12 7 50 38 0 112 24 54 1 45 0 30 25 30 90 122 54 21 1 99 0 109 51 25 12 0 27 71 97 109 49 81 70 0 67 16 2 29 0 46 37 0 40 5 112 37 17 0 6 25 6 38 45 94 0 54 71 17 78 46 57 0 16 23 0 92 1 0 69 0 220 71 6 73 79 115 14 74 0 0 44 36 83 16 24 123 66 34 98 21 11 49 79 51 45 21 128 3 0 
81 150 0 96 145 114 96 54 15 78 82 106 74 18 69 115 75 84 322 0 32 18 0 81 13 21 16 162 73 33 135 82 0 43 84 57 36 15 166 7 98 18 52 63 9 21 12 49 87 72 1 57 72 119 57 159 30 47 123 181 5 15 20 29 51 76 62 76 9 45 148 72 0 42 81 62 0 7 63 93 93 8 51 204 65 142 189 79 21 10 3 81 63 30 23 0 75 15 144 6 72 175 108 72 55 54 84 32 60 53 42 45 105 0 9 101 54 205 72 262 46 24 45 0 48 83 85 225 88 12 0 105 146 142 160 96 76 18 15 69 72 14 33 65 212 27 0 15 107 60 30 99 101 125 45 58 78 4 70 83 12 96 16 4 6 75 96 42 85 7 189 123 70 28 83 12 24 59 14 28 83 12 69 130 0 190 13 61 36 123 10 103 35 9 62 30 35 63 105 50 50 90 37 2 5 79 0 3 0 12 51 27 36 8 0 0 20 75 0 30 13 26 44 53 31 127 37 170 18 18 25 56 135 57 139 0 69 81 78 82 69 99 64 45 103 120 146 73 91 154 165 81 62 172 81 66 
0 52 25 142 144 143 0 64 0 74 147 26 40 110 21 12 129 15 12 60 36 107 18 105 65 95 35 61 18 0 105 112 130 129 78 1 70 14 152 25 0 9 113 14 88 100 45 6 135 97 3 85 36 37 127 5 59 48 116 16 38 100 107 31 155 140 73 54 6 108 104 165 105 110 48 31 137 12 59 16 9 34 88 89 71 95 63 8 18 41 16 108 32 53 38 81 44 0 109 31 108 15 92 76 16 0 95 52 53 69 52 48 27 76 64 0 0 72 66 137 57 133 0 40 72 95 199 49 124 18 92 3 68 48 138 128 99 24 120 72 0 74 20 63 136 51 28 6 0 39 40 24 0 6 62 99 109 136 104 106 0 8 119 6 107 56 72 87 196 76 42 71 25 8 38 24 64 0 100 97 43 48 27 4 4 33 9 24 8 63 2 74 81 56 16 17 29 40 141 0 89 35 117 81 48 78 0 45 145 108 78 12 9 60 67 21 80 22 54 127 154 143 86 0 15 88 94 24 69 28 93 79 90 4 57 113 57 0 66 131 24 73 64 0 51 28 81 57 0 29 33 4 124 109 20 82 
119 96 59 296 46 126 92 118 171 100 127 127 108 106 120 63 90 51 93 144 56 68 25 126 83 68 52 189 110 255 175 167 189 40 197 169 100 112 233 164 62 28 78 73 73 66 0 56 182 133 101 151 101 115 121 0 136 30 48 183 76 156 34 60 57 163 23 73 87 88 191 16 45 122 173 142 104 166 124 56 159 150 123 178 32 143 210 189 97 217 61 121 21 108 124 123 70 75 97 229 89 81 227 273 178 85 100 114 178 230 67 16 33 133 221 106 146 58 60 228 137 64 88 95 95 157 77 113 0 120 134 120 226 235 186 136 18 61 101 95 148 15 108 208 64 84 171 62 125 211 32 120 116 110 101 6 55 38 172 70 78 212 139 32 107 72 232 188 90 157 0 106 68 204 159 0 82 171 238 267 153 60 104 183 25 64 98 117 86 147 93 35 137 50 93 122 181 123 48 44 269 151 149 42 191 64 29 8 67 104 53 119 8 120 57 59 153 158 132 21 12 126 134 30 47 74 72 119 196 89 68 156 83 85 185 75 4 95 134 114 186 73 47 24 36 136 25 201 111 36 102 27 66 62 80 135 
0 81 0 140 110 35 7 58 30 39 35 44 62 12 6 0 9 46 112 70 0 28 0 70 0 0 73 157 96 105 138 100 27 111 133 66 34 72 83 0 34 111 0 35 12 4 36 66 99 42 24 24 13 84 77 148 101 6 58 143 12 0 18 0 72 52 30 77 15 0 166 50 0 10 113 50 108 66 9 62 54 46 133 8 102 25 27 78 0 105 40 70 0 14 62 0 27 10 18 0 0 56 211 11 8 38 48 0 116 109 81 120 111 120 94 0 12 50 173 68 48 102 54 39 44 78 7 49 0 36 50 32 40 8 120 68 34 64 69 105 59 88 5 73 64 2 62 34 32 12 0 0 4 39 50 0 9 0 171 166 8 12 12 82 50 0 125 49 0 49 114 72 26 7 23 72 109 112 44 15 32 0 40 0 44 32 16 100 54 129 60 0 151 8 48 0 0 82 182 16 56 100 25 184 0 20 62 75 45 119 0 56 62 107 8 36 20 43 17 7 33 11 36 11 94 17 21 83 130 176 48 56 46 66 0 46 22 65 72 60 12 27 25 132 113 24 0 25 0 110 9 0 4 96 32 104 
6 28 0 0 48 129 24 48 14 52 73 90 63 86 20 14 0 4 16 39 5 40 6 41 36 0 0 50 52 24 76 0 142 0 0 19 14 46 18 110 16 10 0 33 56 40 25 37 10 0 79 52 9 72 0 66 48 25 109 6 33 35 0 72 0 0 75 68 30 0 0 40 77 82 77 62 32 44 36 18 28 6 16 24 68 37 73 88 73 81 10 0 72 48 82 45 42 49 24 65 121 50 63 72 73 11 60 12 25 24 144 49 12 20 28 14 118 43 5 0 140 82 40 104 86 142 45 41 12 56 67 78 84 88 95 56 162 40 103 49 0 5 77 48 78 0 106 28 35 29 0 59 77 0 18 9 24 49 67 0 102 32 92 32 0 0 4 4 162 57 30 54 78 0 32 24 0 6 36 10 105 59 0 21 28 36 35 18 0 6 55 20 70 7 143 42 42 0 6 54 14 24 52 134 0 82 21 14 22 85 17 42 52 0 0 78 0 0 57 16 18 20 86 4 0 0 166 138 28 0 30 8 8 31 28 107 76 15 63 190 0 81 6 20 0 80 32 0 65 37 56 92 0 43 16 38 
27 91 0 24 75 24 40 122 45 58 28 25 44 5 0 1 29 51 79 38 24 44 0 0 76 12 53 95 52 80 143 54 21 24 56 39 6 69 45 35 36 0 8 14 82 18 0 54 51 9 0 33 0 88 18 12 21 66 81 13 43 29 0 0 98 73 4 0 74 69 33 12 0 45 0 3 16 20 18 0 61 116 0 35 56 12 42 40 9 43 32 26 27 54 0 0 79 62 12 51 40 35 57 0 55 0 65 0 30 0 129 15 15 66 30 150 122 0 164 50 6 0 20 0 70 18 30 65 18 81 16 10 0 72 70 15 63 12 17 0 6 55 4 20 12 27 8 0 0 123 36 48 48 36 0 133 21 6 84 20 36 128 64 0 102 10 54 49 72 10 0 3 12 89 16 18 137 19 18 75 3 21 105 114 62 84 0 50 6 56 12 12 24 11 15 32 45 75 66 0 109 40 9 92 0 30 8 54 6 22 54 45 4 0 8 46 28 20 0 61 116 20 9 164 61 72 8 8 45 26 11 9 61 65 23 0 39 72 8 12 38 12 119 0 44 107 95 56 28 27 24 72 12 70 56 46 
30 50 56 15 34 58 0 36 48 48 8 102 114 12 167 11 126 0 15 69 68 72 37 0 0 0 114 46 62 55 3 20 35 49 104 29 24 15 144 0 26 36 37 0 108 15 40 112 42 117 77 147 49 61 53 0 28 16 24 45 32 0 30 97 16 177 36 30 0 35 55 105 4 128 72 108 135 0 58 17 97 147 70 181 171 45 91 30 16 195 14 9 57 106 116 0 52 75 63 79 0 0 100 148 46 0 12 95 51 102 149 96 75 141 0 24 35 78 85 125 125 12 75 88 103 72 56 17 20 21 2 0 64 150 35 35 7 40 35 126 56 25 25 132 78 38 89 136 137 74 1 24 9 0 16 51 16 30 0 68 90 0 122 35 0 0 61 94 47 0 16 76 24 63 0 0 0 56 80 4 93 51 105 0 131 33 0 32 69 79 54 16 126 24 144 65 61 44 49 0 8 0 53 8 61 68 92 36 48 48 87 128 67 96 0 78 56 43 5 19 48 65 53 51 121 101 23 90 49 83 29 69 47 44 104 16 106 151 63 166 25 34 45 0 55 0 83 30 0 138 103 22 84 52 49 0 
41 30 50 138 27 64 48 0 12 7 15 12 16 15 20 30 42 0 84 32 67 18 0 17 7 19 20 76 29 97 24 5 64 0 9 56 0 20 12 64 15 0 12 12 21 4 16 0 7 0 16 62 0 14 43 32 85 3 0 16 45 40 52 40 6 35 15 0 22 49 20 27 50 64 21 85 48 21 3 16 10 20 41 5 32 83 56 88 4 80 12 36 12 102 60 12 0 0 12 45 116 65 99 0 179 28 34 85 56 43 34 56 127 50 0 64 0 77 18 25 86 107 0 15 83 125 86 16 12 0 72 56 40 33 32 0 72 18 45 0 4 79 104 13 5 10 0 0 76 0 0 28 18 43 48 1 4 33 78 54 0 0 36 34 50 36 0 0 128 21 0 64 35 96 101 0 4 63 0 72 6 37 0 60 39 24 39 20 0 0 18 16 85 70 12 72 128 36 0 84 71 0 0 0 24 0 24 8 24 32 11 0 48 35 30 0 22 0 54 4 44 11 21 0 0 20 22 56 49 84 16 28 0 120 16 20 24 32 0 56 66 5 32 0 40 68 6 0 21 60 0 16 0 71 0 0 
95 60 25 108 100 28 32 45 63 0 73 44 131 2 39 159 42 69 109 58 74 31 19 18 6 18 15 103 30 36 54 33 42 15 23 62 82 56 62 7 68 52 45 12 36 34 57 109 14 44 186 38 117 75 0 108 93 0 59 57 24 38 24 96 110 21 39 101 1 69 103 163 19 28 88 10 29 129 4 72 142 38 36 161 62 70 101 100 36 87 39 18 3 32 30 63 52 113 0 99 21 10 40 229 35 29 57 98 101 12 80 0 15 43 42 0 77 0 15 84 91 128 131 72 50 125 20 63 54 96 55 70 90 111 102 73 96 83 158 84 42 36 35 26 83 19 59 30 120 32 27 90 0 40 43 8 103 22 124 68 146 125 135 32 7 0 8 81 9 38 69 0 18 55 21 4 65 60 109 64 183 4 76 105 105 148 0 66 68 131 21 4 14 8 101 38 34 62 8 21 16 17 70 106 9 152 45 49 132 28 84 86 14 24 62 102 41 102 32 22 3 55 34 59 47 27 123 19 167 47 72 57 98 7 33 116 36 125 22 21 41 270 9 24 38 62 153 45 168 47 92 36 27 96 84 33 
0 10 18 33 64 24 0 52 0 46 4 23 74 15 0 9 99 121 0 0 18 0 5 0 91 35 24 56 0 34 40 42 0 45 91 69 49 36 8 16 15 68 0 0 7 42 0 30 0 42 6 65 6 87 30 0 33 51 42 108 3 20 56 80 24 22 55 24 4 12 28 72 0 0 0 0 14 4 42 10 36 90 54 59 64 33 0 46 30 63 41 6 4 4 0 33 0 17 80 79 24 43 90 39 10 23 23 42 54 68 63 14 31 114 62 24 16 59 14 10 40 42 40 24 34 0 26 33 40 27 0 10 10 35 30 71 16 12 34 18 0 24 6 41 51 60 37 0 15 82 0 48 30 71 6 80 0 56 33 6 24 58 12 79 36 75 61 30 94 39 15 60 40 19 13 13 50 29 0 12 39 42 58 50 48 59 18 9 27 33 3 30 89 36 55 33 21 2 41 19 93 0 24 7 32 76 59 35 28 9 0 95 27 30 20 31 16 24 20 28 18 20 56 29 19 83 25 27 10 16 3 9 21 73 78 50 34 27 18 42 0 24 28 24 8 2 6 66 0 140 67 17 0 45 63 63 
74 0 108 199 64 23 77 0 49 121 73 0 0 48 8 49 58 58 0 229 259 0 106 137 63 34 71 203 7 74 46 40 14 28 106 7 35 0 85 64 2 169 137 50 108 49 89 77 56 210 99 76 50 48 61 72 176 146 0 77 0 30 25 20 0 116 155 153 9 78 48 1 40 125 35 0 124 48 72 42 28 38 20 75 42 36 0 92 93 72 0 28 66 101 30 109 54 40 7 122 107 0 80 215 64 87 72 127 40 0 56 42 39 113 98 69 1 80 30 0 136 148 120 30 90 244 68 56 35 126 86 71 6 16 127 82 65 0 56 49 1 43 76 38 28 49 102 167 0 86 56 52 57 70 49 45 35 96 80 18 42 42 48 75 36 73 93 77 72 68 54 136 78 0 42 38 79 87 159 15 225 0 56 56 80 0 92 136 67 153 99 73 7 184 63 56 0 44 218 8 90 75 97 84 211 114 119 0 40 89 12 85 54 206 53 0 0 143 0 30 0 108 131 0 95 76 47 35 36 67 0 63 72 117 193 0 56 42 95 137 109 96 6 90 191 177 18 72 28 128 57 56 36 35 150 72 
97 84 0 81 10 4 0 51 0 88 35 43 39 47 52 0 27 52 9 45 96 4 48 44 4 26 24 75 61 55 55 0 123 4 0 117 122 15 7 36 10 138 30 26 0 55 58 27 143 70 21 138 50 4 78 16 30 18 44 40 0 75 65 68 37 86 64 122 92 33 18 27 62 22 139 75 76 41 14 31 88 45 0 14 91 129 0 85 49 46 0 12 89 70 0 66 75 35 76 78 23 22 63 97 188 10 56 99 164 27 75 21 35 0 8 122 21 7 20 32 105 8 50 18 72 30 104 14 0 55 86 18 5 33 79 30 39 30 14 54 73 25 120 75 15 16 80 30 104 170 5 15 30 70 0 0 10 0 0 111 73 4 35 0 26 37 4 56 189 6 72 63 46 132 15 37 27 45 54 91 140 49 117 22 69 75 39 49 68 93 116 20 52 0 63 38 8 44 56 63 145 3 32 74 16 12 136 39 71 147 15 73 10 109 0 0 9 61 36 57 60 94 73 63 8 15 56 13 8 55 12 14 27 14 50 31 112 15 106 58 40 30 36 66 27 27 0 3 0 30 31 2 0 106 18 7 
36 18 0 54 0 0 74 0 70 0 29 81 81 10 24 10 60 48 58 36 73 48 72 150 60 12 53 32 3 26 53 0 0 0 141 48 54 144 48 20 5 58 62 87 141 0 24 0 30 72 30 127 41 125 146 114 0 53 111 0 46 36 117 80 0 96 5 120 0 220 36 0 30 81 0 87 25 8 66 30 12 0 163 99 39 40 0 23 72 0 34 30 0 135 113 9 45 34 78 42 9 30 20 96 0 67 61 140 53 0 24 53 65 137 20 15 137 163 73 37 46 77 0 35 104 68 0 0 21 18 66 87 0 32 6 0 15 16 47 74 50 54 0 122 0 4 0 60 0 106 95 27 80 81 7 40 28 15 0 36 75 67 20 56 0 20 0 18 60 21 5 18 0 40 69 86 36 48 93 21 73 24 63 5 46 93 24 31 45 15 88 18 48 115 52 90 189 6 30 45 54 63 14 74 168 89 0 72 87 0 40 18 30 39 55 20 35 25 0 78 20 62 58 49 0 0 42 72 87 0 15 88 35 50 45 0 10 0 35 35 83 0 71 0 50 25 0 113 21 149 84 15 66 95 79 72 
53 128 96 193 42 88 6 72 31 9 81 14 27 35 5 115 94 10 0 40 0 0 0 67 75 0 80 188 11 119 113 0 44 0 0 76 137 18 16 24 5 81 14 152 71 2 94 70 89 9 54 110 96 54 138 79 64 63 17 12 116 54 68 0 54 63 114 44 0 113 0 117 179 91 27 102 92 53 0 4 18 13 134 79 61 119 0 56 72 35 27 55 3 101 58 42 18 80 21 68 75 71 100 174 114 100 76 151 129 18 6 0 142 28 18 0 7 152 88 18 16 134 63 0 108 77 98 49 16 79 58 7 15 10 30 35 50 0 81 6 170 0 18 111 7 10 4 0 71 8 0 47 10 26 24 0 0 84 85 16 21 56 20 7 195 68 50 53 76 65 28 47 0 0 101 36 64 184 127 109 221 35 52 0 21 70 81 134 0 9 8 126 119 123 63 57 86 67 18 56 87 83 108 0 5 132 0 38 155 113 10 88 59 86 42 0 4 43 81 58 133 78 45 21 56 151 28 90 87 142 36 24 70 107 148 141 12 4 81 0 36 81 172 0 333 145 103 122 27 42 115 20 0 121 63 86 
36 88 40 105 48 113 45 18 67 18 0 15 10 0 46 5 18 18 5 38 55 40 11 2 12 1 46 259 30 64 126 30 112 0 14 63 8 51 24 93 15 35 97 60 27 0 47 12 69 53 28 68 9 53 30 54 82 3 7 70 24 69 32 32 26 52 15 72 66 118 96 33 54 73 20 88 45 9 24 16 70 134 29 0 43 48 81 126 12 18 8 0 43 127 134 7 9 40 41 171 78 75 46 4 56 18 85 34 73 52 10 81 72 69 75 28 12 114 18 50 72 144 16 14 51 167 10 29 0 6 83 136 3 49 72 14 81 24 34 22 42 24 77 0 14 27 43 19 9 132 102 1 106 26 0 42 38 46 38 11 52 40 37 21 9 27 127 11 114 66 111 18 15 0 94 0 84 35 62 50 71 67 37 27 13 0 0 6 52 102 91 4 7 49 8 96 99 54 94 0 54 8 72 71 39 8 30 15 45 92 16 0 101 102 34 118 122 0 90 5 75 62 83 81 35 25 24 118 75 77 0 27 130 10 58 54 44 12 54 145 72 0 76 30 82 53 52 160 0 48 18 53 0 37 109 5 
122 36 0 57 98 42 72 34 76 36 14 13 17 22 80 117 54 39 69 107 81 18 30 37 2 46 12 25 50 0 15 42 76 82 46 126 40 84 128 0 0 79 32 71 69 2 98 18 63 140 6 99 54 54 32 24 125 126 87 30 99 60 58 0 18 159 16 27 68 31 71 0 16 15 23 62 64 24 122 20 40 71 46 39 0 57 24 0 81 52 0 42 36 18 0 125 62 29 93 32 92 11 127 72 82 16 18 74 109 148 138 16 90 72 87 100 16 7 67 2 68 91 53 44 48 224 165 24 0 145 51 32 40 0 93 122 0 56 134 88 102 10 76 63 12 32 40 18 51 158 10 63 94 142 38 40 2 42 67 72 82 30 106 135 101 32 6 48 139 45 42 15 18 71 62 0 0 41 122 36 63 16 247 57 35 76 57 132 13 0 35 62 31 56 3 75 14 76 112 42 50 32 69 165 151 0 81 0 18 59 42 72 0 55 42 10 30 0 117 0 36 3 124 25 56 0 52 54 72 36 6 81 0 0 138 60 74 90 25 12 10 168 39 32 16 82 0 12 60 65 42 48 4 17 74 6 
18 15 10 137 75 152 0 0 0 145 156 27 24 8 14 0 12 70 3 6 12 21 0 84 72 131 64 103 22 8 34 98 33 66 128 112 27 63 40 16 70 47 88 0 0 99 13 10 85 0 70 123 20 240 34 114 117 9 88 134 0 0 49 35 66 117 185 55 31 5 79 165 21 0 25 87 52 81 99 21 27 35 82 98 86 125 51 76 62 17 88 37 49 67 130 0 102 0 38 63 140 14 110 138 75 28 76 167 45 75 96 0 14 128 84 28 0 187 61 142 75 72 0 136 144 40 45 91 42 123 64 14 77 94 72 85 12 28 57 60 0 110 24 115 78 21 104 58 42 68 3 88 9 42 0 37 0 45 83 85 102 109 54 46 39 0 37 100 112 64 54 97 40 71 106 74 75 28 73 101 129 9 51 110 12 39 0 79 45 35 64 0 54 0 28 35 42 78 115 40 144 30 32 89 16 128 36 133 87 130 6 25 81 9 55 97 3 9 126 32 102 97 29 9 14 6 61 113 45 85 86 83 81 12 35 21 2 0 27 58 0 57 93 72 116 59 19 68 190 117 12 0 27 130 12 81 
66 68 204 128 9 58 18 56 111 54 87 38 119 56 0 151 112 112 21 18 76 62 81 164 20 10 105 80 96 57 99 10 112 59 2 40 74 184 122 90 8 104 195 6 44 44 159 63 62 110 36 35 198 99 84 56 190 82 108 129 28 4 26 41 144 0 114 190 16 87 59 102 28 12 66 52 173 105 8 0 10 100 0 106 74 93 100 95 44 128 23 0 70 99 73 84 70 18 42 46 159 77 95 146 140 43 96 36 70 82 50 21 51 75 49 87 0 112 38 0 24 14 0 149 80 131 125 44 81 28 119 49 15 105 63 229 34 24 30 150 25 26 53 6 128 118 28 14 33 72 0 95 0 15 96 0 58 121 61 0 49 10 72 91 106 51 12 106 79 9 10 111 39 46 71 0 46 26 184 174 42 52 123 79 79 70 128 10 0 80 18 150 119 0 363 66 12 135 141 14 118 0 228 135 38 40 42 99 139 0 185 207 0 119 65 54 72 32 111 68 111 65 32 46 89 144 22 5 20 0 44 0 120 112 92 118 118 65 36 78 148 61 64 54 253 204 38 24 8 128 84 51 106 42 94 0 
81 48 63 54 90 27 45 125 54 20 53 54 12 9 0 50 18 0 0 0 186 60 0 44 74 72 30 202 17 182 57 114 81 30 89 27 129 81 63 21 0 24 77 18 0 15 4 49 2 19 24 0 49 165 116 62 160 28 72 60 24 72 142 0 0 33 64 72 61 0 36 40 3 129 116 16 95 86 93 87 154 21 32 119 0 109 9 77 66 181 88 0 0 93 18 48 0 32 0 14 106 13 46 95 35 22 96 0 63 7 63 0 81 31 36 121 4 91 35 56 0 58 0 54 74 62 59 132 18 90 80 72 59 59 72 0 0 18 31 19 90 0 14 145 56 45 16 32 0 65 8 71 0 38 0 14 54 12 117 63 64 0 39 3 16 73 58 106 72 86 50 4 24 103 74 129 70 63 56 132 62 0 86 83 20 56 63 80 36 143 117 8 27 21 142 54 67 38 99 42 177 0 42 105 1 0 37 6 26 84 61 49 0 0 163 56 3 70 150 92 116 61 0 58 54 137 25 68 0 56 72 0 0 28 4 16 54 20 28 16 39 11 90 0 137 3 1 42 0 77 114 86 64 112 14 0 
82 99 63 32 72 16 71 0 30 0 44 9 72 99 44 2 0 16 125 26 79 0 0 127 42 35 0 36 38 118 123 0 122 7 33 60 68 0 36 64 14 98 33 78 25 3 15 45 8 102 63 112 88 33 0 20 32 20 0 8 0 76 175 12 0 22 8 33 41 18 41 24 48 93 33 202 94 59 74 14 80 7 14 42 27 19 74 207 54 61 95 42 25 46 104 44 18 23 65 46 134 28 65 104 48 8 51 146 147 54 42 88 14 42 136 72 30 72 28 66 0 166 84 94 44 83 111 12 192 72 56 212 2 31 87 5 131 52 9 63 35 51 106 18 59 9 26 6 124 9 8 72 69 45 0 33 30 116 104 12 20 36 4 12 0 5 90 44 104 145 0 0 52 113 56 82 25 126 30 54 50 97 77 38 6 8 44 39 31 40 6 101 106 54 95 52 81 44 40 6 24 29 2 112 20 34 48 102 99 40 36 30 52 0 2 77 51 22 59 30 44 152 61 136 105 3 66 66 71 10 32 52 0 158 84 0 52 7 2 144 22 15 11 42 9 5 16 61 30 134 9 67 0 44 121 6 
73 150 56 40 0 95 15 98 35 17 0 0 97 0 36 35 135 92 102 0 11 12 15 16 9 30 0 106 71 63 114 0 14 8 76 72 36 97 76 45 24 98 35 142 65 5 49 42 47 39 18 26 125 0 75 107 40 64 107 64 80 9 90 30 5 0 93 132 49 166 42 74 49 22 55 90 40 32 32 0 117 0 85 0 70 30 152 48 39 36 93 30 0 15 72 0 23 42 66 10 78 52 23 115 88 0 86 156 62 64 22 15 78 14 56 98 2 45 0 90 54 201 80 142 107 114 16 12 47 46 29 89 6 62 131 35 162 22 62 60 77 44 50 41 119 16 17 1 45 13 0 84 6 18 42 0 77 101 142 73 14 82 30 69 137 103 105 44 189 161 112 91 13 74 72 0 18 107 40 130 42 47 38 78 16 136 0 42 0 113 35 5 0 25 85 40 95 0 4 62 110 0 67 171 3 32 0 53 196 51 16 128 12 56 20 56 40 4 41 15 95 38 22 63 3 0 12 101 92 35 14 69 36 30 67 79 46 18 0 73 36 110 21 73 19 115 16 9 114 87 8 29 4 40 32 23 
21 51 32 4 48 17 18 229 32 31 87 34 30 93 39 24 149 64 57 27 31 166 0 95 49 156 22 57 104 59 125 25 101 40 77 30 77 157 61 147 6 69 48 23 160 0 0 2 79 47 1 22 39 0 15 23 33 88 36 44 76 36 80 64 0 28 8 44 29 41 3 12 18 76 60 17 30 112 60 55 172 16 51 6 0 118 111 0 84 167 96 41 79 91 21 52 0 30 91 73 16 88 82 62 54 30 22 80 125 36 119 61 7 56 84 87 39 142 11 56 69 104 18 206 20 59 141 56 0 51 73 25 30 22 99 128 103 46 0 37 30 41 59 89 151 35 52 38 30 157 3 7 69 65 18 0 71 79 62 8 64 129 21 68 129 61 91 29 50 191 45 144 9 39 137 64 87 66 13 78 58 27 72 69 49 124 43 42 0 108 0 8 15 47 65 14 8 16 142 121 106 48 72 168 44 6 0 116 93 26 96 60 4 22 52 15 23 29 28 12 105 3 20 114 90 85 0 101 43 0 101 11 84 109 60 82 136 0 35 75 14 0 78 3 98 65 87 24 27 18 96 63 88 143 27 74 
54 77 40 87 102 74 0 24 60 30 20 34 34 5 9 42 9 27 9 23 0 4 7 55 0 30 38 64 150 78 126 61 19 28 10 31 70 27 34 5 49 95 7 18 10 32 17 66 18 53 118 48 30 115 33 148 0 120 124 85 21 32 21 163 52 28 29 132 25 22 73 115 23 23 78 109 70 29 0 124 110 55 49 22 37 42 80 152 0 0 35 83 23 15 25 0 45 63 63 70 125 121 81 183 45 66 68 46 169 100 56 44 40 56 39 81 68 0 79 42 79 133 7 38 61 47 0 28 54 79 96 61 112 64 65 33 35 116 66 68 36 71 12 95 20 25 112 0 2 56 51 73 0 174 0 96 0 0 90 29 124 77 12 109 94 49 21 50 117 83 9 14 35 141 21 47 71 125 57 0 61 10 51 176 141 77 24 60 18 122 0 81 26 0 92 22 0 69 71 104 43 0 86 192 26 116 34 36 71 48 65 55 4 16 63 49 42 213 36 52 64 71 23 55 24 133 106 105 102 65 20 87 49 57 1 49 90 47 20 132 15 0 50 40 5 125 63 31 63 67 0 70 0 46 171 12 
30 14 14 93 18 3 37 40 57 5 71 27 61 6 53 45 60 10 66 115 43 64 24 21 12 36 75 152 42 81 52 0 116 0 107 27 93 64 58 74 38 9 84 63 52 0 110 18 124 80 118 59 149 74 42 30 88 14 0 28 24 61 56 0 93 18 9 1 12 0 77 0 18 0 80 80 50 97 85 8 60 0 74 0 0 16 21 126 71 22 112 0 126 61 120 81 68 43 133 193 31 47 0 111 27 27 83 92 116 47 27 68 67 54 58 9 73 122 26 40 0 176 109 218 73 100 61 26 0 75 37 0 27 48 17 80 27 48 24 47 62 125 74 63 8 36 72 33 54 202 40 0 114 53 68 14 19 40 27 50 21 77 21 64 20 65 141 24 113 237 25 70 3 178 114 3 30 49 99 128 103 62 30 9 88 7 48 44 121 24 78 31 197 39 41 69 149 46 110 4 10 46 36 52 12 84 72 78 24 83 131 88 19 16 34 30 133 50 0 24 71 16 73 5 62 13 28 40 16 103 24 32 71 62 47 36 52 34 48 67 26 123 50 0 160 100 0 100 93 72 144 69 44 20 8 1 
139 20 81 0 35 45 68 20 106 29 48 12 68 16 18 42 53 50 101 20 51 81 54 181 52 48 42 85 84 119 35 0 81 99 39 131 66 75 81 199 39 0 83 42 72 0 83 43 152 56 18 112 153 13 44 54 0 69 0 0 0 87 54 45 108 84 184 42 84 89 124 128 28 42 0 99 146 204 70 32 12 82 18 126 58 86 69 114 118 0 9 6 27 60 114 53 52 33 28 105 6 54 144 33 88 60 39 123 72 146 50 12 90 76 61 105 61 14 151 66 66 73 0 54 156 141 58 32 0 0 14 27 6 62 113 0 26 14 62 14 56 3 0 83 54 2 0 87 24 131 90 58 20 5 18 21 20 40 0 0 78 42 46 54 37 32 72 0 184 75 36 0 8 22 177 151 74 27 120 162 18 36 161 39 63 22 0 126 18 136 18 94 89 97 60 6 54 0 126 36 27 3 28 81 177 54 3 71 142 84 28 119 8 54 24 16 103 36 36 53 27 15 111 28 36 24 24 18 16 3 32 0 103 32 70 123 50 20 60 0 181 89 63 66 114 102 45 72 24 50 55 69 63 37 75 0 
181 81 117 31 0 8 10 15 30 64 106 74 12 27 75 42 68 44 121 4 0 0 28 20 0 48 42 7 18 4 104 49 132 0 16 130 36 64 0 12 20 104 54 0 0 27 12 82 24 155 44 25 43 10 31 54 32 8 18 28 7 84 27 47 95 37 52 91 27 51 148 44 24 62 17 108 96 0 8 24 36 67 52 149 73 16 0 4 12 54 0 0 0 18 0 3 90 12 103 0 130 36 36 48 72 69 95 24 167 0 106 54 34 38 9 64 27 85 36 0 84 0 48 81 69 66 123 72 81 0 0 24 81 71 67 0 57 56 0 115 80 38 28 0 20 3 50 70 8 20 0 34 54 36 0 93 0 20 0 23 0 0 32 1 24 84 105 92 48 52 68 16 141 11 68 72 52 49 68 12 72 72 18 70 0 39 82 59 0 0 24 45 63 16 0 0 24 0 24 24 20 12 0 27 57 20 41 6 24 84 4 48 72 18 0 0 45 104 81 60 36 106 42 44 72 139 118 72 0 16 130 12 28 78 186 4 54 33 71 74 63 45 4 67 36 57 0 54 42 102 87 0 40 130 0 104 
15 10 60 122 42 52 56 0 109 10 87 43 171 101 83 101 36 19 15 69 62 57 40 126 6 0 97 139 83 79 42 42 32 0 62 71 43 61 71 53 70 174 63 36 92 81 41 63 49 20 47 16 0 64 42 112 21 88 12 119 30 50 54 178 27 62 267 41 28 75 9 234 64 107 119 66 0 112 21 96 37 132 153 187 82 51 123 81 63 13 54 48 0 59 50 0 99 104 109 76 101 71 123 164 119 102 68 97 80 64 50 34 205 6 0 93 29 4 144 8 0 159 45 65 72 163 46 132 0 55 84 0 66 30 59 35 42 25 47 40 0 12 28 90 55 91 36 43 81 45 91 113 35 81 27 29 98 90 69 0 76 133 6 186 196 24 18 85 140 40 7 4 24 85 48 39 27 92 5 98 214 73 3 19 140 18 5 111 27 87 21 80 56 124 76 54 105 135 92 117 141 102 0 75 113 85 53 114 104 36 65 84 40 68 72 108 0 73 3 12 44 40 77 26 70 0 0 29 66 14 52 35 55 159 70 62 105 12 19 79 83 163 0 21 122 232 0 61 18 20 0 5 102 37 69 77 
20 8 75 72 22 104 0 72 24 0 30 47 84 147 53 0 54 0 0 97 49 44 30 110 108 24 59 63 119 12 38 0 107 0 42 0 78 129 147 111 72 8 63 21 72 56 73 41 78 122 10 45 0 36 0 0 99 36 43 98 15 12 16 72 108 12 28 38 0 110 42 34 72 135 62 42 42 74 63 87 83 124 0 101 8 58 89 92 94 107 24 82 145 129 49 49 8 24 21 256 117 192 101 60 175 0 79 41 132 143 134 17 192 40 32 60 17 221 36 168 128 123 98 147 81 67 76 48 48 16 61 18 30 72 56 126 0 8 48 125 0 18 48 88 38 0 40 54 8 62 86 56 0 97 68 48 22 0 37 96 118 0 120 86 32 64 56 24 236 114 83 264 39 50 149 0 19 24 36 10 45 110 0 66 52 104 25 18 12 32 22 98 74 0 187 93 24 64 181 104 61 0 87 63 7 0 0 16 0 16 78 61 64 82 16 0 61 66 101 12 85 16 24 14 36 178 64 157 24 0 28 0 36 64 81 84 109 14 100 84 0 0 24 62 0 174 100 0 58 44 90 129 102 115 120 8 
66 6 0 50 54 42 15 24 0 76 88 182 78 30 68 98 4 53 53 45 0 92 64 153 22 0 0 38 12 79 64 40 112 70 9 24 63 0 103 0 12 30 55 0 122 25 81 30 27 101 20 85 60 82 72 65 106 25 205 22 51 114 147 16 12 122 55 125 0 109 68 132 11 33 20 34 76 0 109 48 50 30 73 138 40 14 25 30 44 16 16 84 64 49 137 18 128 0 25 39 99 52 75 40 66 0 59 157 12 48 64 42 6 50 5 24 49 149 0 56 12 90 83 61 20 126 138 65 97 16 63 25 10 0 47 103 73 56 140 114 34 56 8 49 138 0 48 19 5 54 12 49 12 63 27 45 90 37 88 110 49 0 48 49 66 68 0 18 101 103 92 40 60 46 34 43 0 16 0 134 18 63 63 25 0 92 24 60 54 103 80 115 83 154 67 24 77 62 160 105 85 56 53 0 16 63 15 88 35 94 44 23 8 0 56 12 56 65 23 14 187 104 72 12 10 63 81 35 87 0 17 0 78 14 56 58 88 56 1 67 40 56 0 83 13 28 47 64 142 64 70 8 68 149 119 30 
103 110 78 378 104 132 33 95 138 75 144 182 32 112 57 54 88 0 0 27 78 32 64 98 84 157 162 105 145 129 83 25 81 30 104 64 124 131 55 43 120 0 36 130 91 94 72 70 150 34 51 78 32 117 160 149 46 24 108 103 18 191 66 16 212 192 18 58 48 124 129 49 87 28 61 239 74 81 94 216 34 141 110 87 51 148 10 229 119 203 129 102 0 48 59 45 139 63 127 207 160 37 147 210 119 90 157 60 193 8 124 208 119 43 144 84 164 218 111 148 98 235 158 102 142 68 153 76 36 76 147 111 63 110 53 106 0 120 103 115 0 101 179 87 107 75 131 72 118 24 40 42 160 72 59 135 34 71 98 36 54 88 154 76 34 96 75 77 12 203 28 72 56 139 123 96 72 48 139 109 137 20 140 64 131 135 103 70 134 116 124 21 111 0 91 202 203 117 79 56 246 115 80 179 72 16 21 69 51 165 117 22 34 50 35 75 15 127 72 39 3 6 26 92 77 42 87 119 119 136 138 10 12 122 180 48 104 36 64 61 16 109 32 32 166 43 18 119 93 90 66 130 28 48 192 92 
103 2 93 50 62 50 0 92 178 62 71 96 63 35 113 125 90 58 42 78 29 0 21 67 100 21 54 63 56 92 135 45 56 131 42 0 58 89 128 100 3 102 20 14 63 20 56 6 101 119 15 6 42 50 42 104 8 30 112 20 39 10 38 27 35 66 122 193 39 5 55 86 34 4 81 13 0 0 0 38 0 72 102 57 186 42 56 3 54 0 21 30 64 0 15 77 130 55 124 22 8 18 120 121 103 12 64 109 101 56 161 39 98 0 120 58 12 18 84 0 6 12 35 78 29 122 120 140 0 48 7 39 64 85 135 125 64 38 74 116 103 0 0 45 60 0 126 56 86 42 26 7 72 21 16 42 28 40 49 105 102 25 36 96 137 146 46 70 117 0 48 53 30 24 58 0 18 73 119 72 68 72 98 88 121 71 0 80 0 0 86 19 40 27 99 56 0 56 56 30 128 25 46 133 105 21 6 112 133 71 103 78 0 58 27 0 6 117 45 89 12 39 73 3 66 33 186 30 77 15 20 99 70 57 69 179 59 24 32 7 42 120 52 8 19 40 50 76 0 21 42 52 0 56 93 1 
30 4 34 0 2 36 16 141 12 24 87 45 39 12 0 42 66 16 56 31 27 85 26 52 27 53 36 36 115 54 24 28 103 28 113 31 0 98 89 0 22 44 21 40 51 27 51 42 0 50 36 131 135 135 63 42 82 0 145 90 40 65 107 84 0 62 18 25 21 0 112 72 0 79 108 10 16 94 153 71 85 106 74 114 0 6 32 60 63 76 78 20 3 45 175 69 40 24 32 63 96 13 94 134 24 30 44 92 75 64 78 29 0 27 46 101 95 28 0 161 45 97 79 203 21 112 52 30 83 35 96 10 54 16 104 49 45 77 186 70 64 101 81 0 96 12 95 25 47 166 0 34 76 8 66 15 23 35 0 35 81 18 105 119 85 49 97 20 235 120 0 74 56 80 131 83 6 71 0 51 115 56 72 81 79 8 41 15 39 105 15 56 103 88 22 32 36 45 82 0 143 0 27 79 0 95 14 0 0 50 8 20 16 72 84 30 98 14 24 38 129 70 12 3 71 110 14 5 12 49 7 24 61 0 48 25 158 0 70 74 44 49 123 18 37 84 0 52 42 117 133 36 140 18 113 43 
99 40 0 111 98 64 101 115 81 50 22 22 40 66 32 35 0 40 83 109 16 16 0 9 66 40 47 117 154 20 12 20 70 50 45 52 109 113 46 141 74 0 0 68 120 0 0 40 58 110 48 3 72 65 9 76 112 30 50 94 136 180 212 51 112 74 36 157 0 56 4 0 62 49 111 108 65 58 160 282 43 70 55 57 74 9 8 66 40 174 46 18 10 126 12 99 9 76 93 83 135 80 164 78 113 36 52 82 94 154 45 84 42 96 265 104 108 153 128 22 16 105 74 18 0 119 82 0 0 211 16 108 94 28 157 204 0 64 76 0 40 2 63 101 74 97 141 158 28 6 0 54 99 86 25 24 34 106 45 32 86 32 19 25 27 83 148 136 12 82 24 36 58 104 139 40 125 83 53 177 83 0 80 2 28 54 14 127 33 41 7 8 89 32 107 58 142 121 88 51 94 38 116 63 105 39 71 48 130 12 105 37 90 46 40 106 65 34 83 6 77 144 79 153 72 67 18 176 32 8 43 68 32 189 129 0 120 42 36 18 48 38 10 147 97 53 90 45 30 30 0 68 6 77 160 59 
26 55 94 0 85 36 39 44 72 0 39 0 38 145 52 49 72 15 59 7 51 127 35 111 71 24 120 71 89 89 74 28 56 28 102 20 59 162 52 62 9 0 38 57 22 113 14 27 138 95 54 39 69 46 88 0 94 82 14 120 15 36 15 139 95 0 96 56 7 134 80 68 78 106 56 146 55 74 49 50 47 106 79 64 78 8 24 147 64 147 6 36 62 14 28 115 100 107 81 30 97 64 36 148 115 93 157 169 101 102 26 8 109 24 32 10 48 35 18 18 40 71 98 31 116 36 202 61 15 34 75 121 0 53 107 124 35 28 151 126 45 54 0 84 45 70 15 31 155 21 30 69 6 67 40 48 18 69 35 86 29 15 102 98 188 32 30 45 108 134 45 4 88 70 111 4 87 7 92 55 167 88 6 64 81 52 61 62 16 52 9 63 77 5 47 136 12 72 48 12 81 6 75 68 46 24 36 36 142 52 50 92 26 80 81 46 60 42 215 95 70 12 83 16 10 107 104 78 141 0 53 8 9 38 134 104 152 48 20 54 16 43 8 120 81 58 54 32 114 51 9 0 93 124 88 39 
62 22 122 8 30 0 10 102 70 0 76 24 116 74 73 80 0 48 69 49 5 51 24 37 36 16 60 138 35 52 9 21 23 14 83 6 211 91 37 8 1 0 0 78 16 126 47 35 22 103 47 96 72 50 117 18 0 14 214 36 88 6 6 37 171 0 206 53 64 117 20 163 57 52 120 120 128 82 36 51 29 72 30 19 81 100 64 29 102 112 56 43 80 88 72 0 107 26 75 77 46 56 124 98 0 39 80 144 73 14 74 23 63 106 56 83 16 12 48 104 34 62 95 185 95 115 78 11 33 4 8 21 47 69 107 148 0 66 26 57 35 44 48 39 16 56 5 70 94 22 48 61 6 24 21 0 0 105 25 63 42 44 69 99 20 0 171 57 124 112 27 0 63 109 117 16 21 27 126 185 116 0 69 102 104 30 147 66 51 98 38 15 48 10 160 74 67 21 167 4 90 17 81 87 24 27 9 135 157 0 86 162 102 28 32 62 64 67 10 56 42 54 57 0 9 117 44 91 18 64 10 38 1 48 83 64 90 42 48 133 84 95 18 0 0 52 83 26 8 124 16 42 58 51 12 0 
41 145 0 110 78 0 16 66 113 97 139 5 112 38 45 84 137 11 0 81 39 20 37 14 142 84 0 16 92 83 78 0 93 8 105 26 2 142 90 64 12 0 26 16 8 67 18 130 17 32 42 64 90 64 46 48 119 30 84 13 88 63 7 34 18 49 79 105 16 52 28 86 62 117 54 54 76 39 0 76 74 62 96 85 5 99 76 45 140 66 45 67 86 26 32 12 47 60 12 62 14 1 17 18 112 0 118 66 26 180 99 153 68 103 8 119 12 134 50 0 100 37 54 96 50 104 102 17 71 80 17 0 68 109 68 21 72 5 78 191 36 0 89 120 147 34 25 43 45 40 18 0 30 80 135 43 81 93 112 102 15 30 131 63 58 85 43 7 104 118 72 95 53 137 170 0 49 36 64 177 57 8 77 59 51 167 136 48 9 58 42 56 127 3 171 20 0 0 0 0 92 0 129 87 121 16 47 117 97 32 115 90 22 40 8 0 58 37 72 9 60 0 83 91 57 126 56 4 75 131 68 46 0 32 271 185 110 45 20 16 6 54 138 56 70 56 28 37 36 68 28 43 23 104 140 75 
10 16 0 36 87 87 0 114 61 10 16 62 0 12 38 0 0 12 30 0 83 30 0 105 0 8 54 35 32 0 0 12 98 24 36 55 90 3 124 30 18 20 0 0 48 1 0 0 36 46 63 99 42 9 0 0 10 24 36 0 8 84 150 90 52 53 54 51 27 60 143 42 0 36 45 89 53 0 74 48 12 81 69 98 55 0 0 72 73 16 54 0 15 30 57 9 15 44 50 27 54 0 60 6 18 0 15 108 43 66 45 68 81 39 52 18 51 36 92 0 6 0 104 44 24 9 9 0 0 48 0 72 30 0 5 14 12 64 24 77 0 0 33 81 54 34 70 35 0 0 0 0 48 0 42 0 45 18 75 105 65 24 54 0 60 16 85 18 0 2 0 30 54 148 42 123 0 0 0 156 100 0 21 0 36 45 60 0 0 100 66 0 113 0 20 47 128 110 12 36 21 9 46 0 14 0 21 92 0 0 22 30 5 12 27 0 18 0 17 36 18 72 36 91 52 0 9 91 12 86 42 0 0 42 45 30 35 3 21 40 48 18 0 109 9 90 63 72 0 21 36 74 50 18 70 38 
99 131 59 104 58 145 35 3 88 112 24 46 0 187 130 69 37 35 179 63 42 63 0 32 0 15 24 30 77 0 50 4 77 64 29 25 130 66 24 60 24 50 72 30 128 4 45 81 50 78 74 78 100 1 69 48 76 0 85 33 176 45 42 12 80 86 43 146 30 46 16 73 61 70 16 130 109 62 25 104 91 53 0 105 32 0 0 48 40 122 4 102 32 36 39 35 43 80 54 12 135 71 30 12 164 9 85 86 65 167 46 26 44 0 96 72 3 17 79 69 64 91 102 37 82 41 119 4 81 150 32 92 32 71 67 136 58 32 14 107 12 23 9 0 52 42 164 80 85 0 0 45 119 15 108 28 80 92 77 108 63 40 69 27 77 118 56 89 106 71 36 35 97 70 92 24 25 153 64 182 58 180 48 40 8 32 92 52 2 61 24 83 97 159 72 71 129 48 45 48 145 24 104 53 135 15 0 86 53 83 154 71 77 12 7 36 12 99 125 108 52 152 52 110 91 30 171 57 38 103 59 50 60 180 159 40 114 43 0 0 72 107 96 110 80 63 48 57 0 51 0 108 30 117 106 49 
51 50 21 38 93 14 84 109 0 8 47 32 70 16 0 0 0 0 105 115 104 63 49 194 32 0 127 68 108 78 55 30 35 24 137 69 68 63 54 45 14 85 0 49 10 79 14 16 97 0 70 119 56 30 16 104 106 100 5 77 84 111 17 56 30 197 8 211 72 48 14 28 0 47 107 123 4 40 14 192 54 25 14 195 95 16 160 102 18 92 9 147 16 54 194 20 102 0 61 80 20 10 81 79 20 3 30 115 62 38 90 0 50 56 216 165 92 163 40 94 38 110 0 63 112 96 36 56 89 107 38 119 58 35 120 0 210 0 123 92 0 24 14 120 42 34 135 24 0 102 110 68 48 18 106 45 24 28 113 77 160 155 42 77 54 38 122 43 18 147 47 49 24 39 26 8 104 49 23 37 72 28 18 36 55 96 99 54 187 78 63 42 93 92 141 130 0 86 126 56 39 40 35 141 99 225 99 36 7 150 37 50 0 103 72 77 20 49 52 57 199 46 89 42 29 112 44 0 112 9 70 10 0 51 85 20 26 22 108 101 112 85 28 7 220 42 24 178 77 65 52 0 48 63 87 79 
76 83 102 87 52 55 51 22 144 61 4 52 96 107 3 9 121 32 97 131 202 119 70 183 93 90 49 48 103 186 143 3 71 91 221 57 131 96 101 106 41 187 42 38 69 49 107 58 109 0 91 153 65 95 62 56 54 36 33 124 72 173 16 27 146 240 58 60 111 33 166 87 39 133 0 149 105 81 12 123 46 136 33 120 196 1 36 105 82 93 24 169 0 128 59 93 197 28 107 27 108 79 70 136 95 26 111 187 49 47 197 151 124 140 205 66 56 0 120 80 16 0 38 45 133 27 205 80 145 42 124 46 77 100 79 39 88 39 39 245 0 77 61 16 127 90 54 13 194 18 3 180 1 15 72 72 122 146 138 101 80 26 166 82 114 18 150 111 67 95 109 82 59 50 139 60 96 0 96 94 173 8 61 85 99 52 30 99 56 55 34 64 121 37 161 112 91 9 205 80 162 116 63 57 78 180 89 52 108 87 19 129 0 100 37 74 0 142 90 64 125 118 93 84 32 42 12 40 69 88 101 48 25 80 209 163 0 36 30 105 66 67 63 32 86 170 57 53 115 46 23 71 148 162 112 117 
64 37 173 41 54 67 46 24 36 56 84 28 78 97 97 29 34 60 14 2 73 20 28 77 70 68 36 54 49 55 96 14 94 0 141 20 170 109 71 193 3 44 179 97 56 24 10 83 91 132 74 43 80 10 11 20 46 26 5 31 60 45 54 20 40 56 48 97 0 69 37 23 187 44 36 36 18 28 5 18 28 25 0 88 71 157 92 83 50 0 48 89 6 96 98 16 22 3 16 25 122 85 0 97 76 54 61 68 83 20 21 81 28 169 47 0 11 257 24 7 18 63 0 67 62 81 89 52 55 14 92 63 8 48 82 29 178 22 13 46 121 30 74 93 62 74 0 35 16 45 4 95 75 36 9 0 28 103 64 36 79 106 9 49 22 37 52 0 126 5 6 37 26 83 45 18 14 2 130 58 6 81 12 116 78 60 73 65 16 45 93 78 63 48 101 128 125 114 61 4 24 0 52 59 20 62 80 51 88 136 5 72 80 72 59 0 26 93 32 46 36 22 38 4 26 106 8 157 49 59 56 56 62 140 30 24 83 7 49 90 30 11 35 64 81 138 10 116 49 15 133 30 2 84 4 65 
107 51 102 126 27 92 10 77 150 5 105 76 129 39 110 42 78 22 115 27 78 15 21 88 54 148 69 50 57 40 21 0 38 56 157 102 123 118 78 127 23 196 34 81 157 43 38 63 119 162 35 60 135 91 105 88 52 26 104 49 162 187 216 92 201 105 96 86 18 18 100 130 45 128 128 222 146 123 96 129 182 143 64 105 120 77 81 14 77 126 88 90 139 94 12 48 92 43 156 111 24 95 175 231 90 5 0 232 131 122 226 97 144 105 142 59 44 85 82 130 135 4 9 215 92 105 123 39 100 171 10 10 117 140 143 202 107 86 68 155 118 62 25 156 130 75 131 27 92 81 45 10 82 27 106 72 18 160 149 148 44 89 121 90 101 72 242 121 161 133 0 44 217 78 220 51 28 79 70 174 160 14 54 88 29 31 129 123 101 95 63 198 107 27 274 120 65 72 98 16 65 68 108 70 192 54 144 90 96 111 194 190 73 73 48 18 102 78 249 103 41 80 200 37 57 102 177 139 24 36 75 25 21 214 340 96 144 46 141 111 70 100 58 36 26 130 68 87 33 93 45 127 16 138 110 90 
109 76 55 44 0 159 64 0 20 25 52 32 10 43 20 97 87 18 0 49 14 10 0 23 5 43 0 153 63 128 19 31 89 0 20 55 87 50 12 3 0 65 0 56 36 69 56 41 27 81 52 12 47 24 172 38 56 25 94 47 39 16 15 28 32 121 44 55 0 33 34 36 79 75 15 50 116 71 40 69 40 23 25 25 105 112 5 0 27 0 0 30 145 4 31 62 58 88 121 17 75 20 56 193 124 23 30 233 22 20 90 51 74 25 64 0 31 85 0 63 40 50 81 20 63 51 76 30 80 68 52 0 13 35 15 106 72 0 72 30 103 28 11 92 0 12 20 0 61 0 4 56 41 54 0 7 80 48 8 45 24 43 92 60 76 20 101 21 176 88 40 0 12 0 135 12 0 130 77 135 79 51 0 0 28 85 9 42 8 0 103 13 220 130 32 93 19 20 105 46 92 8 63 56 63 36 12 88 85 0 21 27 0 36 36 0 8 57 43 27 32 21 72 45 0 17 157 0 45 37 9 80 8 48 41 128 52 45 29 54 147 86 5 20 9 164 40 14 19 12 39 0 50 180 30 12 
83 18 132 63 45 34 54 0 83 3 7 95 102 33 0 12 0 33 63 21 25 12 56 62 0 20 72 55 4 81 47 0 135 93 52 36 63 32 44 54 119 22 72 43 90 22 35 63 86 200 0 160 25 98 87 45 114 60 91 42 0 0 12 140 18 10 109 69 9 100 98 76 7 72 54 66 0 85 98 24 28 92 64 200 25 81 16 47 111 127 22 83 0 0 151 4 190 61 107 156 154 63 125 153 135 36 20 162 159 7 26 126 26 82 24 82 160 78 54 45 64 162 125 6 65 35 96 54 72 0 18 79 47 48 18 20 32 0 117 83 13 0 99 122 87 60 221 0 63 40 24 60 69 153 129 0 24 0 210 32 0 100 109 49 28 58 21 144 70 26 0 68 64 40 66 4 38 28 93 20 142 0 54 30 83 69 31 81 52 225 76 18 159 56 0 41 139 78 96 58 90 150 8 5 14 9 0 107 123 24 0 32 18 0 57 20 0 149 87 50 27 82 56 46 15 0 52 0 160 111 17 9 32 0 103 0 31 115 10 28 114 30 0 107 42 200 9 70 58 110 90 0 39 98 57 44 
2 15 42 123 8 58 54 0 40 9 12 31 91 70 36 21 24 57 81 80 37 0 2 114 55 0 87 38 64 59 59 5 81 111 0 24 12 34 21 56 36 69 81 15 0 59 0 26 0 81 9 32 22 66 24 35 19 44 6 34 39 34 53 131 40 65 0 69 23 46 160 12 101 52 51 111 36 30 72 24 32 85 6 32 18 40 14 107 95 49 0 60 46 44 9 51 36 27 111 100 51 35 97 27 10 0 42 75 94 4 54 51 182 129 18 23 30 95 45 0 12 18 15 0 4 109 42 36 90 12 32 67 35 38 35 56 46 0 27 140 72 5 27 45 0 78 18 26 27 68 0 9 42 3 139 0 1 20 29 20 12 9 52 23 2 58 96 0 2 27 21 57 15 76 111 130 5 37 15 30 84 0 115 24 23 55 0 106 53 21 23 0 75 6 114 60 27 81 210 49 33 74 59 83 99 0 88 42 86 34 0 45 0 2 14 56 0 39 87 16 103 73 88 0 79 61 0 16 6 87 0 0 42 50 48 54 36 23 47 18 109 15 12 60 47 102 24 59 84 24 63 0 0 67 134 40 
94 15 178 147 90 148 45 0 14 0 40 48 38 0 67 49 78 44 23 96 27 37 118 101 40 14 7 164 0 77 83 21 128 84 40 70 56 36 62 151 73 0 33 32 0 75 40 0 0 145 79 38 82 12 0 0 47 0 80 74 63 87 12 8 169 85 47 108 69 8 45 127 70 78 56 101 5 0 4 51 5 79 0 18 107 32 63 104 2 28 50 182 17 27 36 213 168 47 110 134 145 15 221 132 36 31 107 93 166 0 5 105 304 1 109 0 7 72 9 72 8 54 82 40 111 180 69 140 72 158 63 66 22 64 98 151 81 125 56 99 99 86 134 0 61 29 19 33 66 32 28 52 59 44 56 5 183 109 0 72 75 7 11 84 56 17 0 85 153 5 0 63 72 9 0 63 129 7 128 0 130 18 0 39 87 46 54 108 112 33 80 0 64 18 15 158 63 0 24 0 27 0 62 72 21 104 27 47 120 112 0 26 70 74 8 91 56 66 68 56 20 89 89 18 8 118 15 89 39 59 125 63 48 24 42 0 0 13 8 194 47 4 24 57 79 61 75 77 5 46 18 0 40 0 78 126 
106 64 0 79 84 71 96 99 111 111 56 152 14 98 64 3 70 36 49 47 195 8 58 35 43 36 39 156 88 22 104 82 180 0 84 26 56 72 54 117 48 73 100 63 93 30 91 56 123 24 90 164 60 80 204 78 67 109 24 22 30 125 124 77 54 14 13 36 16 26 102 104 117 64 105 40 86 0 60 180 119 42 5 72 0 62 119 196 46 170 118 145 15 27 69 63 30 168 146 36 147 22 76 92 127 41 86 47 56 86 72 141 136 0 78 63 42 164 55 72 64 82 149 42 83 119 40 74 48 50 225 28 62 122 132 26 151 54 115 56 74 0 184 157 12 70 162 72 12 69 61 4 95 38 32 85 24 4 70 95 264 111 86 113 27 70 4 10 192 85 63 24 33 90 34 77 53 70 18 143 122 21 0 27 121 98 41 117 34 166 0 78 19 49 56 108 147 138 124 68 65 16 116 168 93 128 69 59 129 197 108 38 130 108 27 0 0 24 12 37 16 0 98 0 24 54 73 296 10 94 24 0 107 36 101 0 193 42 107 185 65 40 32 28 45 125 92 132 69 44 90 100 48 234 196 13 
36 138 0 15 0 44 82 30 23 113 64 48 4 85 24 42 25 30 47 0 98 0 0 69 115 9 4 75 148 96 42 15 14 75 25 15 42 3 60 0 0 56 126 0 17 8 0 42 63 106 24 42 56 79 64 32 42 84 35 0 72 5 0 0 93 48 44 37 9 40 81 153 4 111 3 106 52 75 87 46 39 6 9 72 25 76 4 96 43 40 6 25 0 138 93 9 66 4 9 116 16 72 133 26 12 32 76 0 67 80 62 8 102 132 16 0 0 3 83 72 54 117 25 56 160 90 117 75 35 100 1 0 0 52 74 21 2 0 59 64 36 0 0 64 18 30 63 49 82 0 135 72 7 9 33 0 16 24 90 2 129 65 50 75 7 51 173 66 12 4 130 16 56 74 93 80 58 73 8 24 114 36 27 0 27 91 8 148 0 69 1 36 147 92 146 8 54 99 114 0 13 25 50 129 67 78 57 6 8 0 20 0 27 16 11 42 24 0 92 28 80 60 213 25 20 0 34 68 25 48 32 46 75 66 0 170 34 61 138 39 40 23 26 16 83 35 39 79 109 70 32 12 63 72 8 77 
54 49 94 131 88 204 96 77 55 90 34 72 49 10 32 78 124 84 53 45 31 162 28 254 26 12 52 93 171 145 105 18 19 46 40 162 166 32 83 11 40 63 63 54 82 0 74 61 136 122 97 71 19 13 72 126 40 99 196 84 121 40 101 49 95 72 84 72 22 157 91 59 77 50 90 120 90 18 40 72 64 39 107 53 78 94 45 12 38 0 91 110 0 162 29 50 151 6 127 49 24 113 56 65 79 14 12 127 17 123 36 45 100 16 16 32 26 89 80 72 54 159 0 65 96 86 38 42 0 49 53 3 57 0 29 56 12 20 95 58 126 65 2 213 93 31 130 0 8 2 83 118 90 57 38 42 16 141 101 76 35 93 108 154 93 33 0 46 84 91 96 56 4 40 169 69 30 124 132 49 89 72 6 67 93 0 47 85 69 0 72 45 0 180 70 50 8 70 111 58 38 66 49 199 119 101 65 39 72 27 67 64 54 64 19 36 71 17 82 102 24 87 107 95 18 28 82 81 70 96 16 157 87 68 20 16 151 12 16 65 161 42 179 100 207 157 153 154 47 80 12 48 168 19 164 47 
0 15 24 18 24 32 4 6 0 41 44 63 42 32 0 56 123 20 66 113 59 7 20 63 40 0 3 136 89 34 0 8 0 21 79 50 68 6 54 35 1 119 0 10 17 79 15 71 16 0 17 45 0 20 47 73 25 28 28 52 0 8 9 17 30 0 6 95 2 25 0 0 12 21 111 32 22 42 21 0 15 0 20 150 58 72 114 34 59 22 5 78 13 30 105 53 39 72 70 28 30 44 19 11 62 0 0 47 0 20 35 0 52 30 56 57 48 25 24 21 20 63 6 6 129 136 3 8 24 6 72 34 55 68 80 44 21 20 78 0 0 1 75 93 40 22 25 42 12 0 18 89 33 0 5 40 36 85 49 30 18 33 68 9 28 21 35 5 67 61 0 7 24 53 75 47 6 54 163 65 61 19 0 28 116 32 0 84 40 39 0 31 129 21 66 35 0 18 74 24 7 36 109 3 109 27 9 0 0 2 19 9 4 5 0 0 14 35 6 8 69 7 38 1 21 41 23 25 57 111 0 0 22 12 44 30 0 6 67 21 152 68 1 0 0 115 62 46 59 71 95 0 50 88 60 8 
0 49 0 9 126 96 20 54 0 117 28 74 51 56 82 0 128 114 144 24 56 37 39 64 40 0 130 24 108 38 96 24 45 64 8 87 72 114 72 97 30 137 0 140 20 6 14 65 145 30 81 47 27 3 120 48 0 96 0 92 0 48 0 81 203 144 84 143 34 69 9 168 146 73 0 59 41 135 20 72 101 114 58 18 53 100 4 6 5 83 0 36 63 20 0 98 72 55 102 35 86 6 78 12 0 18 0 127 106 66 101 8 65 120 94 0 92 60 56 153 32 0 40 0 70 10 100 88 103 45 9 70 9 54 192 99 99 6 96 51 86 57 30 125 77 24 9 48 0 86 0 33 76 0 110 41 32 64 98 20 13 103 78 0 50 37 22 88 90 47 70 84 1 0 85 8 139 63 32 78 90 63 157 0 30 27 0 93 24 77 31 0 33 0 73 6 78 16 30 0 69 16 182 131 3 99 148 104 48 155 0 27 73 171 0 0 0 100 82 56 12 137 44 63 35 72 0 134 76 71 32 23 69 84 142 186 12 19 189 64 108 40 51 120 28 72 123 149 32 90 12 0 0 100 36 0 
98 51 40 195 86 101 33 67 32 60 38 0 6 0 8 0 36 40 18 8 0 32 98 90 74 27 13 56 48 21 57 35 29 0 50 18 12 15 43 17 50 92 0 21 12 2 26 46 24 48 63 137 95 89 42 98 109 56 21 57 26 6 92 16 9 22 18 26 55 15 18 82 0 65 93 55 0 62 110 18 36 6 56 0 8 119 0 71 95 56 12 122 0 15 72 102 120 112 20 84 54 0 127 65 86 28 84 14 125 20 39 8 67 0 0 64 34 9 0 58 117 107 56 75 155 153 84 42 18 48 4 56 31 16 118 25 18 86 51 19 52 30 111 58 114 10 159 56 126 94 6 90 52 67 12 6 7 25 1 28 75 24 64 35 79 2 21 62 0 60 54 32 37 72 100 64 83 24 39 14 150 0 72 0 107 82 0 22 50 63 70 0 7 58 18 88 0 7 90 66 212 0 38 12 67 117 0 0 70 35 0 11 12 0 28 42 45 24 90 24 16 99 59 6 29 57 33 10 15 0 36 9 24 21 3 0 10 6 21 16 0 0 68 24 85 73 29 6 54 14 24 0 64 3 12 95 
0 8 80 145 20 14 5 96 62 114 21 95 9 39 45 72 63 115 8 18 55 21 28 165 0 15 69 185 0 127 12 42 16 48 0 172 90 98 0 67 70 56 148 31 32 14 103 2 69 122 32 36 122 3 0 15 64 128 102 137 82 57 62 16 82 7 35 192 0 74 136 91 77 117 7 143 82 85 8 80 28 98 56 78 7 59 45 37 54 30 0 54 94 106 105 42 9 24 95 81 27 117 162 63 0 58 71 56 174 40 22 67 142 56 24 0 99 109 75 36 84 90 5 73 126 78 0 15 0 90 12 25 24 8 0 28 28 50 36 125 0 56 0 22 116 8 42 9 0 105 0 71 13 122 15 0 51 6 42 44 15 49 35 0 97 53 95 85 75 17 157 67 9 20 103 99 128 28 74 85 145 28 5 53 13 81 36 0 62 63 25 28 102 0 27 27 9 95 45 39 68 17 84 21 36 12 7 1 18 33 49 27 99 72 0 0 127 75 135 18 75 0 78 80 111 48 9 129 29 3 0 39 115 0 15 107 73 28 18 18 37 34 22 80 70 101 86 49 10 69 0 34 3 90 175 0 
92 0 77 116 29 102 53 51 136 64 54 72 98 67 95 0 81 4 49 12 175 57 21 91 55 45 58 49 98 8 98 18 0 0 39 7 76 91 98 100 59 20 48 66 93 87 0 35 144 56 0 0 113 2 69 0 152 45 9 36 85 127 0 56 179 120 71 51 5 17 40 69 16 20 45 79 108 82 8 0 6 108 91 61 45 34 45 92 100 188 0 105 21 29 49 12 29 73 0 18 93 71 180 73 52 23 72 9 129 71 53 0 26 56 16 40 45 0 100 87 81 44 0 51 98 52 154 45 76 75 59 47 16 105 85 123 56 54 0 84 27 161 53 78 12 10 58 56 85 0 7 0 72 25 22 16 27 21 87 146 15 43 0 55 75 45 24 108 4 97 76 65 76 116 111 28 12 23 158 30 92 64 0 85 162 9 94 17 118 56 54 115 89 81 149 72 121 66 40 68 81 55 42 51 110 24 40 52 63 63 14 124 75 4 99 0 18 36 198 128 27 27 37 18 0 92 34 0 38 64 9 60 49 138 18 0 149 110 32 0 15 84 5 63 171 92 109 33 0 45 54 108 22 65 0 77 
40 86 40 128 117 94 41 17 125 0 88 81 49 9 60 21 7 32 66 15 146 68 7 58 12 48 30 68 10 70 10 6 0 104 165 47 100 54 44 135 0 96 108 37 88 0 0 22 0 43 63 20 19 0 39 36 176 31 33 124 74 20 145 32 0 71 63 160 45 76 212 14 72 105 113 272 56 200 40 36 88 92 7 154 64 45 32 108 126 63 101 40 56 57 38 139 16 89 4 45 71 16 120 134 23 91 186 206 111 48 84 70 163 105 0 0 24 63 21 120 165 139 72 83 96 160 39 43 0 54 64 162 125 16 69 127 91 76 126 28 65 11 6 117 149 0 6 24 109 247 8 137 62 0 85 42 32 66 133 107 36 85 0 44 4 3 151 78 27 54 0 18 92 118 96 104 54 30 35 158 280 0 2 125 44 97 96 46 83 131 137 113 150 7 45 43 115 0 12 12 35 48 121 61 122 84 0 20 72 8 53 27 18 96 85 78 165 80 116 24 27 10 185 39 72 135 34 99 63 58 96 0 72 37 93 35 0 7 71 78 85 112 137 62 32 10 84 107 121 70 47 61 0 63 133 7 
30 117 60 0 10 22 21 0 61 20 71 104 56 117 12 32 54 46 112 0 98 69 32 40 82 0 58 16 124 184 115 0 54 67 61 43 76 87 72 72 18 179 256 0 27 40 72 81 48 54 75 0 112 141 34 24 0 11 0 61 0 16 49 63 55 27 129 101 36 23 138 116 0 16 33 91 68 148 35 35 80 24 50 60 30 114 45 41 0 45 16 47 104 147 90 45 6 15 24 96 37 54 55 100 48 17 56 85 33 6 0 22 59 120 42 20 0 163 146 82 0 175 0 28 202 30 61 33 133 41 0 117 5 0 0 0 47 0 55 192 105 27 0 58 72 66 19 40 117 36 5 224 9 69 42 18 8 49 112 6 76 40 0 89 20 72 55 116 113 21 15 77 111 32 97 0 119 82 89 103 80 38 0 76 20 96 42 6 10 50 0 99 40 42 223 6 0 54 172 12 93 50 27 79 100 45 18 92 160 9 101 15 27 0 0 56 72 15 0 0 88 48 154 10 111 51 72 68 36 74 36 9 76 0 51 41 16 0 57 0 68 0 56 24 68 112 38 0 79 176 66 14 42 68 83 0 
54 93 24 16 99 195 99 36 64 52 52 44 72 70 103 35 164 96 27 38 83 27 0 99 200 60 90 114 80 225 152 45 52 63 71 94 131 16 24 88 47 122 171 48 62 14 36 67 27 109 73 128 46 11 141 18 27 118 45 0 49 144 165 64 80 102 102 142 6 154 48 146 70 109 89 249 86 124 25 22 70 101 39 46 63 117 14 140 30 28 69 140 20 96 31 243 28 178 72 36 88 37 50 132 124 112 165 163 95 0 86 79 116 97 0 27 39 111 42 48 30 280 72 31 216 251 156 81 81 0 44 125 27 60 54 12 143 92 119 111 147 11 40 133 96 76 160 20 78 67 42 249 48 15 77 105 36 221 28 161 78 105 61 103 78 104 48 60 254 42 15 16 2 32 135 43 94 80 114 205 309 25 99 87 181 94 76 121 23 133 144 83 103 216 141 132 55 0 49 74 80 100 21 157 69 138 15 45 169 155 24 64 30 97 12 122 18 24 70 112 56 45 152 45 51 51 66 28 24 20 162 45 48 79 62 46 64 2 99 14 148 28 91 42 57 139 82 48 144 70 90 95 93 125 127 54 
34 109 0 28 48 69 42 62 89 48 76 30 49 37 39 12 93 8 90 136 21 19 66 65 72 45 15 8 44 47 8 62 119 65 57 72 40 18 169 113 0 99 35 16 8 76 120 55 98 56 74 106 114 38 54 99 33 16 81 64 12 60 31 92 137 123 54 93 69 0 73 42 6 131 27 100 90 132 2 15 78 37 0 55 90 62 4 110 143 132 0 5 63 0 81 45 23 104 172 54 165 48 108 71 42 52 48 88 150 176 88 36 24 39 0 32 0 91 123 72 31 57 84 61 84 44 75 29 57 20 0 50 173 69 124 0 28 42 89 134 63 20 45 155 167 27 100 44 20 84 15 137 86 72 98 14 24 0 42 44 110 39 129 0 6 85 42 108 90 38 78 76 100 0 146 54 71 105 79 65 75 60 38 16 8 78 6 31 56 32 0 111 105 0 105 12 42 69 44 9 97 45 107 69 66 114 0 30 42 0 54 52 36 12 16 0 71 8 36 0 54 62 112 87 74 100 61 72 0 33 116 59 0 70 21 108 42 0 99 90 30 12 45 42 72 102 0 36 0 45 24 32 71 49 78 82 
16 98 0 18 28 7 4 220 30 32 24 97 22 72 79 2 2 12 78 86 36 118 46 60 109 0 103 2 15 81 142 0 146 32 138 16 45 67 80 105 38 54 21 20 109 128 25 74 31 31 144 145 88 96 31 93 41 25 70 32 71 149 75 109 78 8 56 146 33 73 81 41 28 150 33 62 89 25 8 106 55 35 86 61 124 37 65 63 97 134 12 22 12 191 0 28 82 66 70 140 36 68 17 133 86 0 4 157 21 28 175 67 81 16 12 42 66 110 54 0 69 3 93 117 84 50 115 0 0 39 74 35 26 116 85 31 63 20 16 84 0 9 39 165 100 15 145 97 86 50 116 5 18 21 135 14 90 0 39 74 64 171 144 38 23 57 61 39 91 48 122 183 45 44 77 88 99 19 72 70 36 54 126 36 35 87 173 60 51 51 54 67 56 0 128 60 51 15 90 64 118 10 36 92 13 21 58 53 0 142 67 27 59 20 0 16 9 15 16 16 0 12 18 12 30 105 57 61 71 68 0 7 45 77 146 108 88 72 51 47 0 120 102 36 8 118 73 44 72 36 97 76 108 167 111 63 
56 81 129 115 91 217 0 10 30 36 81 8 54 40 48 9 135 14 54 21 9 82 0 45 40 18 22 47 96 55 64 3 34 66 126 98 62 124 53 94 44 84 0 15 67 16 64 27 117 105 7 53 30 20 79 53 25 1 55 70 20 57 56 39 137 51 101 25 85 77 72 55 16 37 109 12 213 0 0 24 44 126 53 42 52 132 0 0 44 61 0 81 14 6 28 112 63 3 84 117 102 19 9 134 25 53 0 118 61 160 45 83 94 56 70 28 64 43 50 27 106 36 19 87 70 59 87 0 0 49 0 74 57 1 59 106 0 16 0 2 81 45 45 160 128 119 180 45 66 55 15 19 37 58 54 53 41 134 0 123 21 43 22 24 0 5 119 19 168 8 50 63 107 53 103 0 19 40 62 203 89 189 58 18 101 63 48 14 71 122 191 20 46 72 4 62 0 48 66 7 35 9 144 126 78 0 104 40 78 45 109 57 50 73 0 62 62 63 84 59 69 91 211 21 49 111 9 25 58 88 95 4 177 33 59 45 63 38 0 0 30 74 51 56 45 1 138 64 48 69 8 54 9 79 53 0 
40 71 0 84 89 140 18 0 56 19 89 24 113 2 54 105 114 0 84 30 61 0 24 87 47 12 0 163 4 20 94 29 103 138 15 62 0 82 94 16 4 7 120 32 53 8 36 100 40 41 0 52 42 33 94 26 82 0 84 53 7 0 81 0 56 141 48 104 0 55 11 112 99 12 28 60 35 59 8 0 20 62 55 93 19 51 64 22 0 116 38 56 74 0 31 56 0 25 50 8 161 29 45 15 63 0 146 89 111 0 36 48 76 65 0 96 30 96 67 54 4 62 60 72 41 265 63 18 0 24 56 42 9 25 80 105 0 52 53 0 25 100 90 10 61 14 4 48 23 131 0 91 0 64 0 23 56 97 66 53 41 35 107 6 161 28 0 84 292 73 6 5 81 18 56 18 3 61 83 72 75 21 20 50 65 22 27 23 9 71 40 51 63 5 97 3 80 0 54 75 31 14 67 93 32 8 0 99 188 98 0 94 0 108 15 0 0 0 98 60 96 72 32 40 70 42 38 69 5 21 80 12 129 0 118 56 9 26 0 30 33 27 5 0 79 63 113 88 53 42 10 8 28 85 40 23 
30 32 0 0 27 30 0 5 3 60 0 63 35 76 26 52 19 54 95 70 15 42 37 39 0 81 45 56 0 18 0 45 21 20 11 55 0 44 51 30 28 6 37 0 5 96 33 35 101 40 20 55 36 0 0 4 6 11 0 70 4 0 0 0 104 15 83 0 0 0 14 81 28 20 39 31 34 66 27 58 35 2 59 77 46 24 20 16 66 72 0 0 9 96 18 47 3 42 3 111 6 10 82 24 0 15 11 73 38 6 19 0 12 65 94 54 30 53 76 8 48 200 48 22 57 107 46 0 45 85 45 57 6 103 112 45 0 81 94 19 16 40 25 94 53 3 65 89 0 6 0 15 113 10 17 33 45 50 57 10 63 0 43 20 3 72 28 0 27 3 53 77 51 33 13 18 66 45 99 55 57 57 47 0 37 1 6 42 4 64 16 92 63 36 73 44 30 10 6 72 10 2 152 9 105 8 5 4 0 37 32 0 51 36 31 0 30 8 0 0 9 58 44 45 12 0 32 86 23 23 8 60 59 51 0 90 72 8 27 4 15 45 0 44 49 30 51 5 24 69 35 0 20 77 142 6 
12 21 89 46 81 5 0 0 27 37 62 24 72 15 0 8 51 0 109 18 36 50 2 56 0 46 0 44 0 87 41 7 40 48 72 15 0 77 169 110 0 12 0 4 123 0 0 71 14 0 15 140 0 100 68 42 25 0 0 0 89 33 32 66 48 16 84 0 9 67 89 56 30 32 0 127 49 0 119 24 94 0 20 119 20 0 77 116 35 0 44 0 0 15 92 0 0 10 0 6 179 34 75 27 33 5 87 135 6 36 1 96 130 64 0 49 72 33 124 0 28 0 10 60 101 69 0 14 0 5 75 7 137 25 110 9 124 10 33 0 0 157 80 44 90 15 0 0 32 81 17 40 10 14 24 65 21 0 28 34 6 0 42 0 55 17 99 88 61 18 0 35 11 47 0 93 24 35 88 71 16 46 8 83 46 33 0 73 0 92 0 44 74 14 6 30 259 16 24 48 64 24 35 45 34 72 15 3 15 82 0 99 30 42 12 0 10 12 10 42 49 0 62 49 69 79 5 66 48 47 20 0 0 0 101 36 0 12 1 35 76 24 89 62 21 18 63 48 28 18 56 32 103 36 16 24 
86 1 34 145 34 49 45 131 42 15 86 44 54 85 27 36 22 46 6 69 115 56 12 103 38 117 65 80 40 123 64 134 36 40 93 104 204 45 30 83 28 74 99 66 33 78 12 0 120 40 141 40 110 56 36 4 117 18 0 72 37 124 35 48 60 4 184 179 14 40 190 88 43 34 78 82 46 54 68 154 63 0 124 129 53 92 35 88 96 135 104 88 14 156 62 14 0 69 18 120 53 52 77 98 43 8 63 46 132 79 0 5 116 0 96 52 8 214 31 25 80 183 155 153 46 69 73 133 83 106 52 152 105 40 12 49 37 46 62 229 50 108 112 195 39 40 67 59 183 55 8 168 77 120 45 24 10 119 122 48 199 5 6 5 258 42 110 168 62 152 72 78 120 176 139 21 11 27 102 102 178 9 0 0 57 76 70 63 64 126 16 16 35 78 197 21 0 90 48 56 45 128 103 40 27 78 73 42 99 0 39 40 0 30 99 42 43 79 141 36 104 64 115 96 0 30 149 98 132 100 68 68 24 8 53 55 60 14 103 36 20 68 22 6 68 91 60 49 44 62 66 76 62 86 77 0 
20 30 186 0 26 11 0 81 83 0 0 0 30 39 54 48 28 36 29 61 5 62 1 67 0 10 62 8 59 69 49 5 16 32 26 6 24 18 73 29 0 68 4 9 26 20 33 151 25 150 32 130 113 39 59 45 59 21 97 40 125 15 2 9 99 50 69 38 28 4 36 45 96 39 42 127 118 3 0 63 10 25 37 101 47 36 7 70 108 46 0 12 0 12 7 0 0 32 76 85 83 0 81 162 4 32 36 45 72 8 56 62 60 108 30 0 0 1 51 6 32 0 15 80 97 68 92 30 6 20 7 32 0 6 9 75 37 56 4 0 35 55 21 22 3 85 16 134 61 38 0 3 12 52 18 28 3 36 0 25 9 0 0 48 45 9 114 21 57 7 16 14 12 12 52 32 24 59 143 24 105 18 0 106 95 22 63 29 34 41 53 8 37 1 6 26 51 45 93 0 4 0 28 55 115 9 3 0 62 10 23 129 129 32 0 49 6 73 1 65 4 79 6 0 91 37 0 7 20 0 14 0 46 21 38 63 30 10 0 98 24 36 50 24 70 0 159 15 28 74 88 44 81 60 8 0 
63 67 63 120 69 70 62 56 33 24 28 109 77 95 47 47 82 24 85 55 208 209 7 82 50 109 72 48 24 0 36 73 81 114 46 0 111 27 66 21 29 6 137 26 0 0 5 111 74 181 36 56 102 45 55 6 5 150 134 21 2 159 51 70 82 58 25 60 9 64 66 40 6 0 53 128 150 75 23 80 14 98 56 98 0 5 112 64 63 115 42 34 25 57 63 7 9 21 68 0 12 27 84 55 22 0 12 27 6 98 42 114 69 168 27 0 39 36 119 20 2 54 7 27 108 37 100 9 108 210 91 12 27 34 160 14 74 0 27 76 21 65 71 103 80 63 137 15 42 0 49 12 28 9 68 49 53 115 148 61 56 55 15 64 114 6 73 27 33 120 46 0 25 189 68 7 52 3 90 106 101 81 14 15 115 0 23 51 74 0 114 17 1 160 72 48 58 208 104 135 75 10 87 117 81 73 3 40 87 72 81 18 36 63 63 54 18 3 78 14 54 74 56 73 152 99 17 58 0 56 66 0 129 68 94 23 97 3 12 69 125 51 0 85 148 66 37 56 6 33 69 164 42 64 35 96 
42 0 0 270 0 33 29 56 40 0 64 28 104 0 12 45 38 49 90 54 40 7 0 139 45 0 18 180 78 153 123 69 9 0 72 49 91 37 112 9 10 43 158 39 53 35 36 63 67 18 93 56 49 152 105 107 79 4 48 44 50 0 11 105 143 24 105 219 34 54 146 215 45 6 1 150 0 67 21 77 109 126 93 172 21 116 85 18 0 14 10 84 16 53 30 62 27 0 81 0 6 84 143 74 35 55 64 13 110 67 21 0 77 0 58 0 10 98 46 150 75 102 24 57 0 133 127 124 98 71 36 0 192 8 136 62 0 28 60 119 43 0 63 42 0 4 90 0 0 72 7 36 97 20 43 0 34 36 53 72 60 0 32 1 114 32 55 91 18 12 78 21 0 5 76 28 89 32 48 62 111 5 24 81 120 36 30 101 60 108 7 27 51 42 23 21 27 43 32 17 54 119 73 21 113 192 30 80 56 0 43 75 18 72 4 108 0 51 61 44 58 45 86 80 16 106 107 72 135 18 30 117 101 0 54 78 57 6 90 15 62 15 52 10 113 112 65 66 87 65 113 8 36 34 78 153 
91 56 25 157 24 35 6 0 30 0 40 0 40 130 26 0 18 30 54 30 116 49 42 6 0 155 49 188 66 93 110 35 63 35 24 101 39 27 2 0 40 97 60 16 8 38 18 81 104 28 33 92 56 0 63 5 46 8 21 0 83 48 11 20 54 72 6 108 103 8 61 71 14 50 0 176 62 114 4 9 76 65 23 0 34 87 16 56 5 74 65 64 8 102 0 63 54 40 4 192 51 8 81 66 45 20 149 48 122 0 5 0 81 87 28 111 35 6 20 35 18 53 0 0 30 44 45 12 75 167 60 97 3 64 53 45 0 28 4 65 10 49 5 0 0 33 20 3 63 136 0 60 58 106 0 8 65 24 91 45 36 85 67 0 78 25 84 4 54 73 30 61 3 49 0 36 63 72 12 95 129 55 89 0 13 5 54 42 96 60 108 8 0 24 75 0 52 18 36 69 42 61 65 141 58 32 7 50 22 56 63 4 30 36 15 95 0 45 0 2 0 88 110 90 91 73 0 74 52 70 62 11 32 75 29 0 0 38 0 45 14 8 10 42 0 18 70 109 0 0 6 0 10 8 36 10 
77 3 30 57 36 64 12 20 201 33 9 93 95 25 2 63 4 18 69 71 76 43 99 73 143 54 53 8 63 58 41 8 3 9 105 42 42 72 24 81 30 101 0 40 78 64 26 30 41 0 6 0 1 72 108 133 6 36 165 63 4 25 2 0 6 47 82 114 0 90 72 93 24 8 6 12 20 72 25 6 22 99 74 89 14 120 135 131 142 61 33 51 0 6 147 19 79 39 7 92 30 2 99 95 78 117 28 27 62 110 22 6 39 15 48 133 94 35 18 27 84 23 27 81 42 104 6 6 16 6 67 9 21 36 81 0 12 34 78 103 32 10 3 135 51 8 24 67 60 80 10 85 10 66 57 50 30 54 96 17 0 62 48 58 6 54 16 12 56 72 0 50 9 10 183 45 24 69 0 94 36 12 108 6 88 127 18 113 14 78 37 0 88 56 132 8 84 36 36 18 166 78 0 51 18 27 6 183 63 0 7 85 12 5 43 5 22 99 3 12 75 51 64 66 24 78 6 18 105 106 12 0 0 9 63 27 20 48 0 8 24 24 15 103 5 10 0 9 16 204 96 51 26 41 141 16 
45 100 0 111 81 72 30 35 25 113 15 43 10 112 16 0 18 15 6 0 21 28 0 28 85 15 36 16 66 74 0 0 59 20 102 16 112 37 18 63 0 0 0 51 6 63 27 20 52 24 3 30 75 6 122 0 35 21 5 70 18 35 0 8 63 58 15 48 19 26 30 18 71 109 93 46 79 0 1 109 0 57 72 10 35 80 24 56 51 127 21 83 0 0 15 28 25 81 4 6 51 8 84 22 132 6 124 36 54 62 30 64 14 43 76 72 24 31 0 105 54 82 81 52 67 24 40 0 56 62 52 44 21 91 0 113 24 98 35 3 24 59 98 101 24 16 53 102 87 9 0 8 171 0 0 51 55 12 97 20 1 28 119 9 24 102 32 8 56 45 40 0 120 83 34 24 45 56 19 102 24 26 49 7 77 59 22 73 8 57 10 29 139 32 12 56 40 40 42 60 214 42 74 30 88 12 7 24 49 51 43 37 16 28 0 14 56 84 35 62 20 48 29 66 55 38 0 82 17 110 5 25 20 15 22 40 27 15 8 54 56 58 78 45 20 24 12 48 6 8 0 85 0 21 162 40 
32 0 97 26 83 16 43 26 5 72 0 97 43 0 54 72 0 25 51 18 0 0 44 81 89 45 28 45 77 12 9 12 19 18 39 54 54 189 41 69 54 18 46 33 9 48 100 5 48 189 7 48 27 31 0 29 97 80 90 120 45 105 168 0 78 16 38 81 9 58 5 12 0 176 176 27 91 67 78 173 112 25 46 107 14 27 99 15 52 113 112 18 40 74 74 77 118 0 153 110 90 195 54 55 6 36 85 83 54 135 45 57 87 54 105 50 33 205 21 64 106 66 42 84 88 61 66 27 0 70 0 105 36 98 77 78 45 0 0 38 0 41 70 142 169 28 73 51 25 26 49 18 12 18 24 0 71 72 32 48 158 43 54 0 18 0 75 18 36 94 61 0 42 12 70 32 65 38 27 90 10 40 54 116 5 16 32 52 69 30 30 54 15 18 172 44 27 90 88 10 38 26 72 5 20 0 48 1 0 6 33 95 0 21 84 0 80 21 70 17 90 27 63 70 30 83 44 148 72 16 45 14 42 36 121 39 54 10 75 48 136 70 39 57 59 38 48 12 12 44 18 46 32 12 123 15 
131 77 52 217 47 40 20 0 72 32 63 165 48 0 56 74 85 72 83 7 53 19 56 102 28 154 85 63 40 36 112 45 95 42 62 12 54 112 4 63 48 109 6 125 0 62 41 7 35 24 7 119 102 48 21 48 138 59 21 28 30 120 8 16 129 160 26 91 36 40 10 28 20 136 112 70 48 64 30 36 6 34 49 64 64 18 64 124 205 35 29 118 6 46 120 63 54 27 62 120 124 12 193 51 96 0 57 54 83 18 157 72 63 27 21 80 9 61 0 91 58 112 0 30 21 97 166 48 8 27 0 12 0 120 63 91 52 12 63 19 51 90 52 23 107 42 87 8 56 54 0 68 32 118 11 20 40 80 0 24 69 0 164 102 30 6 116 21 60 189 72 108 34 30 152 30 18 0 63 24 39 138 18 21 50 95 83 71 190 92 63 105 24 35 28 231 0 53 54 0 48 3 33 34 98 101 84 36 39 80 4 57 0 167 21 0 26 72 26 8 119 40 86 7 6 156 70 87 81 51 74 3 57 24 156 50 0 129 133 98 124 111 71 102 91 102 6 137 42 38 114 66 0 94 34 100 
99 54 65 135 84 96 91 54 28 48 0 207 126 94 13 51 55 100 37 38 134 179 115 10 24 2 42 66 126 187 96 36 36 63 120 0 93 50 284 53 0 307 126 12 54 40 47 111 54 187 114 69 8 140 67 111 98 112 118 55 54 229 9 0 154 41 90 109 0 0 63 76 32 176 99 97 153 56 78 62 92 93 108 11 51 24 112 28 52 93 71 54 0 181 6 30 81 51 144 134 38 153 46 80 69 0 53 145 199 112 128 109 61 40 6 108 27 66 90 60 60 166 0 176 253 164 6 88 72 32 181 48 38 90 184 73 78 35 97 124 103 36 18 120 194 22 146 81 84 81 145 63 24 45 0 35 0 42 146 100 77 108 199 122 54 74 216 63 38 131 94 41 142 65 68 19 36 89 118 36 140 45 113 144 36 18 126 76 155 127 186 147 117 163 176 27 18 30 134 16 239 42 102 155 75 158 126 124 109 205 81 146 35 97 72 30 169 156 113 30 161 94 115 16 49 193 68 121 54 147 5 0 45 18 83 18 121 61 121 168 50 135 54 92 65 115 72 96 42 44 219 110 150 140 41 77 
78 16 24 102 76 24 0 106 159 19 46 57 99 26 67 140 58 46 68 60 9 55 63 114 0 81 53 63 93 16 24 0 70 51 96 28 126 180 87 192 12 4 45 62 24 69 130 55 54 52 38 120 178 29 36 63 17 29 124 36 117 6 18 57 199 80 213 185 2 26 56 167 97 107 77 96 204 210 0 50 63 14 81 31 60 118 152 101 102 24 6 84 67 75 117 7 147 83 8 125 63 37 204 170 26 147 51 4 0 147 8 6 60 32 144 222 42 18 106 30 100 109 48 143 201 76 94 5 18 30 33 4 18 32 131 88 155 80 81 61 15 63 6 87 65 48 40 102 0 151 0 73 28 40 12 28 113 65 142 95 56 72 73 58 79 0 57 57 91 63 18 0 21 28 129 32 113 26 124 139 118 56 82 136 63 88 0 143 0 36 5 65 241 92 161 64 22 60 130 0 2 117 123 57 18 33 35 127 172 6 0 117 40 15 41 32 111 79 15 135 310 165 160 154 165 111 75 57 87 66 0 0 78 98 69 184 58 21 116 36 27 209 35 78 145 273 30 18 0 55 56 37 0 105 6 83 
61 182 77 159 63 13 14 48 67 68 175 107 84 73 111 68 16 26 0 66 26 21 9 21 20 9 55 110 32 40 36 67 129 44 88 18 51 24 58 61 74 80 79 73 44 108 23 35 82 41 4 92 77 148 40 195 52 10 70 44 29 8 114 77 105 70 198 125 22 155 30 87 179 204 9 30 24 44 17 137 43 30 41 193 52 61 59 66 106 117 43 56 4 48 83 47 165 111 118 10 83 63 164 80 86 68 157 67 80 87 117 98 86 71 104 110 6 171 0 35 32 80 93 36 68 141 185 109 49 101 8 9 24 209 95 61 83 16 59 24 20 52 0 50 76 67 86 86 89 31 38 21 72 46 128 5 107 41 16 77 60 0 252 62 67 81 77 29 98 60 186 53 71 33 10 64 20 47 32 137 116 56 85 12 22 135 40 77 46 59 48 82 193 54 55 89 133 84 32 47 120 95 105 28 100 103 72 166 147 102 84 127 20 93 27 63 0 42 32 57 130 92 149 111 79 62 18 136 41 68 57 77 61 162 114 201 95 27 87 46 15 147 54 68 132 165 14 181 24 39 10 3 43 54 96 83 
56 55 133 21 49 99 18 139 43 88 56 49 56 0 100 0 108 21 21 36 5 18 0 0 67 16 91 135 43 21 0 9 12 0 116 32 40 81 45 6 16 10 28 31 32 40 96 15 139 49 70 95 37 135 138 54 42 42 207 32 4 12 115 71 110 56 34 5 21 109 0 42 0 116 177 153 133 24 136 16 67 33 32 153 6 0 51 33 102 76 3 27 42 85 70 45 203 14 42 32 69 16 0 104 54 9 21 56 121 0 78 16 201 97 18 108 18 69 63 24 148 91 16 180 114 131 0 0 102 209 0 0 135 0 79 0 0 0 84 31 0 28 14 94 20 29 50 112 6 24 8 109 57 0 24 98 49 65 51 40 59 0 27 0 142 66 42 89 173 40 0 21 109 49 188 0 0 76 42 15 195 12 0 128 125 41 56 51 96 63 18 95 44 0 56 83 0 104 42 24 81 0 8 14 69 0 72 0 35 4 101 80 42 21 0 0 0 70 177 31 0 70 76 54 105 81 36 17 0 28 14 0 14 35 117 0 130 31 80 112 135 48 96 96 27 36 59 12 124 84 197 0 89 9 0 59 
29 53 2 30 45 12 50 136 56 49 24 11 86 15 5 62 24 84 155 171 29 56 24 129 165 33 29 233 141 110 105 44 30 0 115 82 60 79 101 73 87 36 24 3 135 66 9 0 55 21 30 48 8 74 84 58 107 12 17 108 73 102 45 27 149 16 138 77 8 53 22 146 4 12 12 23 120 96 85 149 85 129 34 138 115 128 104 165 81 44 69 42 0 48 72 24 0 92 82 132 27 77 95 91 43 6 58 84 45 126 70 40 60 103 44 89 31 133 84 100 2 91 63 113 23 182 80 111 64 68 34 36 32 122 179 82 45 83 47 104 20 24 10 69 121 13 8 72 21 94 45 0 121 21 90 57 8 0 81 0 47 77 42 91 64 119 47 13 56 120 9 82 119 73 99 71 147 66 21 66 0 40 154 16 77 69 0 115 16 221 10 140 96 63 209 18 136 27 113 99 130 36 81 30 12 69 7 74 59 21 123 141 16 79 87 91 16 4 88 32 42 20 19 121 0 116 0 3 27 35 71 15 152 25 59 47 194 86 28 71 73 102 0 104 58 120 31 63 63 72 114 149 98 131 184 84 
19 84 65 57 50 102 89 62 183 69 8 16 22 78 42 28 57 36 86 38 55 152 7 115 85 49 96 115 63 62 61 14 48 4 167 82 54 109 29 105 81 80 0 73 17 103 35 24 14 55 112 3 181 20 37 140 46 42 101 117 103 47 18 99 37 0 62 19 67 54 75 63 12 149 116 98 120 14 44 82 53 103 189 46 64 90 31 146 163 102 49 79 30 54 62 84 53 47 136 37 53 123 147 83 120 42 75 96 138 146 45 73 118 62 28 70 104 168 31 31 104 62 34 108 97 119 59 70 42 72 76 66 140 88 108 109 100 68 72 262 41 119 28 42 97 99 112 53 182 51 42 90 56 95 149 0 146 82 118 67 96 45 89 69 78 52 40 0 271 26 151 142 51 240 303 54 38 80 63 40 37 78 51 77 170 68 106 32 4 118 10 135 104 41 115 69 3 23 55 91 50 54 85 103 74 112 166 13 0 57 124 169 36 135 54 48 42 23 115 12 97 29 88 64 21 78 86 170 30 78 43 84 111 78 69 102 94 75 0 79 20 39 45 57 0 114 30 72 184 131 87 99 86 189 84 30 
30 60 15 71 30 6 6 80 18 38 60 34 6 24 8 101 179 132 112 74 71 1 65 56 10 16 17 0 153 33 6 33 131 0 44 129 61 12 44 58 61 114 16 14 42 10 122 16 40 21 32 117 125 16 0 90 125 80 41 77 61 66 18 54 134 56 12 87 0 12 72 34 12 0 56 104 46 96 2 78 0 3 50 79 59 102 76 80 71 46 8 61 21 0 80 8 0 30 188 32 19 36 15 137 3 96 4 66 155 124 36 18 24 0 103 94 23 0 43 60 0 117 48 103 69 171 89 79 32 69 24 5 35 76 3 12 14 122 33 99 0 100 27 39 111 57 198 36 12 16 45 60 78 74 53 4 6 56 75 6 93 26 87 32 91 120 62 38 36 132 30 105 138 119 33 84 42 83 83 46 98 64 0 82 104 99 56 14 136 51 0 22 34 135 0 90 68 101 16 54 80 50 61 81 74 56 0 0 0 0 135 33 20 9 117 0 60 60 0 8 64 43 91 43 40 60 25 24 13 32 114 36 42 42 4 110 110 12 42 32 88 75 60 12 28 32 29 88 24 9 81 34 40 2 62 92 
7 58 48 70 69 73 69 60 58 8 76 53 28 74 54 81 73 66 132 28 39 12 0 110 43 126 168 159 61 143 61 27 56 0 112 67 48 27 168 7 20 105 109 43 13 122 0 35 35 73 45 20 62 94 54 96 5 0 10 96 51 133 33 37 69 95 92 61 57 57 53 46 9 24 162 27 67 47 6 28 114 149 52 27 115 64 0 129 12 113 68 136 18 18 16 86 31 38 61 81 9 0 109 6 36 35 34 47 45 4 96 45 27 30 7 8 30 76 84 121 0 41 51 0 111 6 110 120 42 30 101 85 50 6 51 31 15 16 7 209 6 87 74 24 63 19 59 55 101 26 30 59 11 37 30 30 18 58 30 6 2 34 3 10 103 33 157 102 7 44 6 6 101 22 153 0 44 33 43 99 46 0 2 48 66 150 56 58 30 138 49 84 28 27 166 0 9 51 30 47 67 133 92 34 41 0 16 39 121 43 66 20 0 13 9 93 15 27 34 51 46 16 80 13 8 3 78 106 9 35 71 0 81 52 106 45 8 93 17 54 36 76 2 55 0 99 74 128 84 63 60 47 27 123 74 41 
132 87 71 75 70 68 105 92 35 52 75 23 154 63 36 9 102 88 160 58 76 73 15 63 24 30 65 137 26 31 42 53 117 43 139 42 66 70 37 126 36 199 61 5 146 21 101 0 32 30 30 224 35 69 116 42 30 36 23 80 72 63 127 123 18 149 97 156 52 81 52 3 45 70 11 60 149 92 18 39 56 32 107 100 43 57 49 111 45 235 49 21 28 194 85 62 32 75 183 110 93 143 42 92 39 91 51 70 98 177 111 131 7 188 81 49 117 157 69 164 56 197 58 156 19 117 60 153 155 19 7 65 29 70 14 61 125 45 128 64 79 59 15 167 114 100 117 14 45 86 18 138 168 23 94 15 50 118 65 115 39 37 20 28 58 99 34 97 75 57 89 190 31 62 45 35 4 41 15 95 201 134 109 111 197 128 62 115 30 130 83 5 192 140 139 76 67 151 8 76 0 83 52 47 10 80 167 62 151 38 193 59 69 87 15 48 14 118 78 51 87 47 66 97 134 21 0 28 59 73 128 47 100 144 65 31 70 65 138 109 56 73 38 65 100 234 22 102 161 87 247 109 20 127 17 118 
70 41 0 94 46 60 48 27 123 5 149 144 115 115 222 51 133 18 90 26 99 121 0 48 91 29 30 82 36 63 148 116 172 208 118 48 14 45 148 132 99 30 58 32 83 0 47 12 57 101 105 234 54 59 86 18 107 50 124 19 36 132 167 123 42 77 59 107 12 72 66 142 72 39 0 28 29 35 40 42 68 29 81 106 0 49 46 48 16 82 99 30 64 95 72 50 43 83 101 56 133 131 6 150 109 75 84 209 79 61 36 98 162 62 28 21 50 120 54 44 14 204 49 10 36 123 32 30 135 28 96 71 14 29 88 150 190 18 206 54 0 88 58 33 96 101 126 0 10 177 2 40 124 9 80 46 80 90 67 103 93 84 54 36 132 113 19 89 188 52 12 64 51 120 90 12 62 50 78 226 126 57 50 39 18 22 157 29 84 0 0 42 127 122 43 52 111 46 0 30 42 14 37 99 128 96 25 122 152 134 69 41 72 26 79 0 77 219 78 184 132 98 163 61 45 146 124 124 9 14 35 7 40 108 102 92 42 27 8 190 0 111 46 56 36 93 66 102 14 52 88 79 73 138 39 88 
96 119 72 95 21 12 0 0 48 0 81 118 115 18 32 91 71 51 32 216 38 110 0 44 116 35 0 34 234 60 61 43 70 70 9 35 76 131 48 104 80 48 11 0 160 117 24 40 76 82 72 89 48 94 44 152 72 14 76 79 39 54 88 55 6 9 43 90 0 42 147 85 39 107 120 115 96 79 86 80 203 29 54 165 117 55 30 83 147 82 80 95 42 4 123 132 98 96 87 165 138 45 82 81 40 36 40 244 43 117 132 50 107 10 97 27 50 153 24 54 38 110 116 5 21 21 69 61 106 113 66 24 103 106 105 202 28 0 91 181 108 27 20 77 101 55 99 104 75 102 8 12 61 66 70 73 43 16 119 21 114 0 119 106 0 109 57 57 30 110 0 126 29 43 242 5 5 119 111 98 38 4 0 23 63 51 42 49 178 21 6 117 80 74 193 37 40 37 88 100 71 52 199 101 179 108 102 77 117 0 113 131 0 56 24 15 39 114 48 154 111 64 129 62 103 305 131 71 48 68 31 108 66 0 109 85 56 48 82 93 208 54 144 132 130 115 62 93 78 86 70 18 42 145 263 44 
45 233 0 0 9 11 38 84 158 96 15 43 18 93 19 95 167 65 162 11 78 27 31 8 110 190 36 28 24 86 77 20 105 0 60 79 84 92 24 135 0 88 164 100 123 32 0 113 32 83 72 61 64 67 84 0 82 42 35 27 88 153 150 104 20 58 24 125 0 125 71 76 36 148 18 135 92 136 97 124 54 20 34 9 30 0 22 73 88 101 69 52 40 146 0 0 53 95 147 93 74 95 90 45 44 132 171 30 82 78 97 115 36 100 98 0 36 36 54 0 110 80 0 78 74 77 111 18 42 91 37 95 0 106 26 76 80 23 60 38 0 44 40 139 40 3 53 148 30 63 51 154 56 15 70 62 75 112 54 111 0 36 102 0 0 82 71 70 168 168 48 116 132 47 182 0 155 5 109 105 81 27 74 60 26 134 65 61 0 96 48 69 92 48 83 15 123 0 56 84 0 18 103 35 55 24 56 18 0 81 21 79 24 36 51 123 51 20 68 73 64 50 76 180 0 66 133 61 51 30 116 85 0 44 281 56 45 102 92 73 82 48 94 108 3 102 0 39 0 124 16 104 45 167 20 84 
0 17 53 46 44 10 27 16 20 64 44 133 144 59 27 82 56 36 34 26 70 0 6 93 75 176 126 32 85 61 31 12 104 135 30 84 0 65 37 8 0 117 207 26 23 0 15 7 0 140 12 31 0 51 12 20 58 52 74 32 53 141 153 112 56 133 27 95 3 117 69 4 96 49 0 113 45 18 56 85 53 36 30 0 16 80 89 14 1 3 72 44 52 116 16 58 65 12 168 82 63 72 21 138 8 27 85 97 42 72 63 162 36 239 64 44 32 176 0 0 14 87 24 20 30 100 78 21 135 24 0 91 0 44 37 81 133 28 59 168 0 9 53 76 194 76 53 12 8 168 0 108 70 50 56 64 10 203 65 49 16 67 4 21 0 45 67 55 60 111 32 0 39 41 55 72 0 0 0 147 95 4 52 68 72 67 124 106 130 33 5 21 107 97 170 89 61 104 150 0 0 28 111 20 8 8 0 96 125 27 51 18 0 18 40 0 0 95 12 35 36 40 63 24 98 82 58 90 29 41 155 0 55 53 140 61 112 40 55 79 93 78 20 70 19 84 58 82 98 78 194 32 44 124 202 154 
101 122 121 96 56 81 70 6 129 28 54 44 112 88 29 30 103 25 98 111 66 76 49 186 113 12 124 56 76 65 100 25 0 44 124 0 32 81 96 105 24 101 0 30 52 69 75 56 0 54 44 118 63 63 72 40 4 12 84 72 25 29 32 15 159 38 38 31 69 127 59 42 122 120 74 66 91 76 102 46 41 118 15 130 79 136 75 163 123 212 60 48 53 9 129 74 72 112 91 46 68 0 92 96 79 20 34 34 230 85 83 36 76 64 96 99 108 155 63 98 52 38 36 144 135 137 72 56 72 83 64 60 57 47 42 71 86 112 140 97 101 98 72 20 7 113 135 77 128 55 29 207 168 32 82 27 54 139 64 24 84 27 83 23 16 47 112 42 76 79 54 49 15 68 104 15 21 98 89 0 158 53 0 0 266 37 50 28 68 64 63 77 89 27 144 123 88 86 144 28 163 27 78 117 43 57 27 25 66 21 97 113 59 132 56 24 70 64 109 67 81 50 161 36 7 216 60 108 49 0 98 37 16 12 18 98 65 48 37 126 193 69 95 74 92 0 136 60 32 12 102 20 105 130 40 67 
20 51 95 42 148 183 48 136 53 34 53 27 156 70 0 2 54 34 133 27 0 130 20 30 11 18 139 140 80 28 81 113 187 92 143 98 57 73 131 145 43 51 88 41 71 35 65 1 20 105 145 91 27 207 35 90 94 85 20 92 89 89 38 127 131 67 165 64 9 10 85 29 30 141 134 93 83 46 45 105 67 93 120 46 110 126 64 83 48 121 48 55 14 112 32 36 50 76 115 92 147 140 86 69 95 7 127 148 55 81 101 131 94 160 28 47 72 127 217 152 108 123 124 117 113 177 23 132 72 95 50 60 107 88 112 134 97 44 37 112 48 15 97 162 112 107 51 97 88 108 18 202 65 79 101 48 56 109 76 113 110 55 8 24 80 41 34 157 216 40 34 80 162 18 70 0 136 115 0 19 71 47 152 111 35 66 71 131 24 140 73 37 108 47 212 90 78 164 184 83 163 96 24 114 21 36 64 57 54 96 129 128 45 61 45 91 0 55 142 0 12 64 12 48 40 24 51 95 78 90 78 54 95 52 43 46 94 134 42 169 136 0 87 139 123 199 41 0 109 74 85 77 110 221 34 111 
0 5 31 0 110 78 30 110 21 18 44 42 44 66 54 0 63 56 8 17 97 76 0 83 0 83 73 151 32 96 3 140 143 24 127 27 18 0 164 117 15 39 0 12 6 170 0 14 111 42 16 20 82 92 30 36 52 42 0 78 0 34 50 100 103 11 96 92 0 54 5 15 120 129 108 7 75 44 52 8 37 46 57 31 155 122 40 85 24 36 42 101 0 84 32 35 36 0 34 3 51 45 70 60 74 5 92 38 97 46 120 35 63 106 25 24 29 47 81 12 0 80 6 50 64 86 62 54 18 34 35 26 24 97 60 105 133 33 73 88 40 6 45 89 98 76 54 11 57 66 0 59 62 48 12 39 61 47 93 85 24 30 19 108 42 73 48 33 162 33 24 177 216 77 46 37 21 0 42 102 40 59 48 132 33 105 72 24 24 76 20 138 73 11 96 77 79 38 27 6 150 0 54 0 42 42 113 68 120 94 15 86 30 35 21 16 12 45 178 72 53 24 97 30 19 2 31 67 8 2 9 0 14 70 10 52 153 28 30 53 0 0 12 76 28 45 21 97 101 27 19 94 59 44 0 22 
20 2 65 69 2 18 60 15 54 16 48 45 16 72 111 37 0 17 85 40 0 57 36 31 0 0 2 39 67 4 3 36 28 25 28 36 40 104 56 58 10 8 8 20 19 12 0 91 42 122 63 50 76 9 0 41 0 50 32 45 121 12 21 22 0 47 20 29 32 144 95 8 64 40 18 224 3 10 0 88 72 42 31 135 21 79 114 6 6 103 0 45 54 80 0 35 16 3 19 55 8 14 51 75 36 58 0 52 16 162 56 12 88 32 37 87 0 18 15 0 80 85 0 18 61 82 143 74 0 113 27 25 36 34 147 142 72 91 137 84 27 70 0 11 0 48 96 21 18 36 108 9 116 18 107 91 94 120 36 4 16 26 114 28 122 16 51 29 24 14 0 33 0 164 40 0 0 38 88 98 54 40 24 48 46 22 90 62 8 32 24 0 0 52 0 10 32 0 18 9 10 35 64 0 106 27 0 18 31 8 119 66 0 112 35 0 98 25 81 8 60 55 83 171 21 27 111 25 0 10 24 50 17 93 155 45 110 0 24 115 63 18 143 0 24 73 27 85 0 35 24 27 68 0 35 21 
65 93 28 99 22 62 51 0 14 0 0 49 6 4 15 24 49 23 37 32 91 0 28 63 0 1 12 22 53 30 0 0 100 24 52 84 94 45 86 3 10 18 0 30 28 33 12 37 90 72 19 64 0 6 30 0 37 50 45 17 60 69 0 3 142 112 46 18 59 0 27 91 66 40 8 8 16 9 72 23 4 42 8 76 37 48 0 90 66 48 0 66 75 3 9 76 9 20 53 53 51 27 63 115 77 13 0 44 116 48 0 0 103 24 12 49 18 3 27 22 14 27 27 36 12 62 119 14 0 45 4 0 12 4 56 62 72 16 37 25 56 66 21 18 81 73 52 4 56 72 0 7 14 41 36 12 38 2 18 11 50 14 9 60 32 12 75 25 66 41 66 18 21 41 51 24 0 44 88 123 60 56 113 45 47 8 24 64 94 18 14 117 136 39 27 30 2 25 0 6 27 16 89 63 4 56 99 36 45 0 16 36 16 20 0 0 1 49 102 24 50 44 158 42 23 44 95 41 12 66 21 18 6 25 8 168 48 56 15 28 0 149 4 51 8 27 16 96 50 13 0 72 12 3 40 12 
87 70 62 18 21 149 61 42 20 28 50 14 30 91 8 81 66 36 97 12 35 0 2 36 0 8 1 7 26 57 25 0 152 24 3 36 36 50 57 70 39 60 0 5 76 63 110 26 28 92 6 104 145 13 43 87 97 0 53 3 72 32 6 68 0 48 122 25 3 63 57 0 10 61 43 3 48 75 24 49 77 26 3 52 144 71 70 97 59 34 12 35 9 40 89 12 41 77 52 49 87 35 21 86 107 0 30 78 21 66 153 32 27 79 89 84 60 32 12 50 101 108 69 81 63 33 61 4 35 35 41 44 0 35 30 17 45 15 30 40 79 20 0 116 32 18 109 42 117 18 0 30 87 32 15 16 82 0 73 44 63 39 183 10 42 12 70 56 180 81 64 45 82 12 90 66 15 66 10 13 61 18 0 30 20 75 12 27 40 20 73 10 62 3 38 48 0 69 41 64 25 12 44 142 36 0 21 14 134 26 12 66 0 31 67 4 0 32 6 51 35 11 18 128 0 33 61 2 49 25 45 75 28 2 0 153 54 87 25 32 85 63 70 36 57 76 0 20 59 54 119 45 0 130 37 42 
39 36 37 128 48 22 0 184 57 64 56 48 127 77 46 82 64 41 88 89 45 153 0 139 69 64 6 92 86 28 97 18 7 16 92 60 95 81 121 78 37 11 76 96 27 83 55 90 104 126 84 75 68 43 25 115 7 32 74 40 60 152 134 83 72 63 92 36 24 117 35 73 99 126 114 97 150 57 14 100 30 13 144 30 27 100 96 56 83 81 40 66 74 90 61 0 92 14 69 31 113 54 72 94 0 27 126 151 165 118 99 111 31 108 107 3 79 106 93 100 0 78 46 112 51 92 143 48 15 135 35 2 72 22 90 40 98 16 51 57 0 4 94 105 108 18 74 59 50 61 18 45 45 38 27 50 58 58 113 48 79 34 15 23 0 68 110 36 64 181 24 33 172 49 159 57 59 6 6 99 104 0 64 30 41 94 50 130 55 90 72 92 44 115 68 22 115 112 157 72 99 91 83 54 43 18 42 51 146 112 46 153 0 10 8 10 61 6 61 74 14 84 115 20 33 26 183 210 15 54 81 30 61 117 103 81 130 54 7 69 36 208 31 133 47 105 75 0 50 8 141 48 73 208 163 95 
20 23 14 99 34 22 6 55 0 14 84 0 62 22 16 25 2 8 25 100 26 14 0 104 0 37 55 138 67 93 14 41 18 6 32 34 130 15 113 15 4 51 18 3 37 23 47 14 57 103 54 57 18 60 53 95 60 40 81 8 16 39 8 0 22 2 117 99 40 21 20 0 38 79 73 87 140 107 12 51 131 24 6 55 76 52 85 63 21 37 29 44 63 49 43 21 15 33 43 46 141 7 97 193 14 63 16 164 59 104 107 69 7 32 74 21 0 40 91 0 56 91 22 64 13 108 58 42 0 53 12 64 204 0 80 80 90 30 24 59 45 78 0 61 18 10 102 8 22 16 0 54 3 3 0 3 10 51 12 49 60 21 21 41 51 0 73 72 40 111 24 35 37 0 46 28 76 110 94 77 129 11 66 72 10 21 24 58 6 93 45 49 6 113 65 34 41 12 141 8 82 107 56 45 50 82 12 103 83 65 4 93 8 38 71 73 14 0 9 6 29 40 58 21 49 0 58 24 86 0 61 60 9 65 49 30 7 0 12 14 27 119 35 0 54 68 0 20 62 2 0 118 30 40 0 66 
8 53 81 118 6 71 12 104 0 4 16 48 32 72 0 14 54 16 48 48 83 0 0 7 4 4 3 32 107 12 36 0 112 8 72 41 126 58 57 183 0 69 28 27 139 30 53 78 15 43 39 49 0 24 32 63 64 0 70 0 80 30 28 76 0 6 0 28 25 27 54 35 45 42 12 17 0 16 35 12 0 20 20 108 64 0 87 48 15 98 18 46 47 76 24 28 0 0 16 83 60 72 30 22 96 6 6 62 0 79 102 48 103 0 16 20 8 69 0 40 92 66 0 72 20 108 72 0 28 37 102 44 12 48 36 30 76 42 58 51 96 0 42 109 48 71 0 0 0 0 0 108 18 10 69 26 0 117 158 56 78 7 50 68 53 49 81 4 175 42 0 147 24 18 32 0 0 109 18 60 24 24 0 18 0 64 33 48 0 51 29 73 0 26 92 116 36 0 0 142 26 3 86 96 27 3 18 60 28 24 43 0 38 20 35 0 0 63 37 0 12 4 36 0 47 50 21 99 70 168 0 18 3 112 84 15 72 38 36 78 16 0 75 60 21 172 65 41 40 21 20 72 10 70 107 6 
62 0 0 0 128 30 81 177 124 27 107 18 6 84 57 71 56 23 78 30 21 81 6 28 66 128 94 0 97 70 35 63 30 40 103 24 89 140 72 146 2 162 106 102 4 0 49 10 30 115 138 90 17 42 74 152 41 0 67 70 120 177 125 12 121 88 23 95 14 76 87 10 77 81 28 72 29 48 78 120 82 105 48 66 64 127 74 112 60 129 48 49 23 63 0 0 70 79 103 98 0 47 54 36 14 70 48 105 199 153 63 65 0 158 92 105 99 162 36 0 36 98 40 103 69 33 57 47 56 134 63 55 0 20 49 27 148 57 166 62 0 33 35 34 0 76 82 116 16 76 63 114 93 113 32 28 101 52 62 90 86 140 51 11 36 49 123 32 0 107 14 21 49 21 138 0 81 0 42 62 180 0 29 68 9 168 62 88 0 49 8 49 149 49 54 39 98 138 56 0 42 0 35 49 0 79 21 120 72 42 1 32 58 12 106 46 120 14 16 49 193 72 127 140 36 139 0 197 58 1 64 24 2 16 55 0 64 45 87 6 0 139 0 99 4 44 50 42 16 64 105 0 82 66 42 89 
106 20 45 115 0 32 88 34 21 32 3 35 32 0 78 12 0 0 42 12 139 24 0 7 0 0 25 80 44 94 16 48 86 8 59 32 84 0 50 0 11 85 41 21 32 56 10 1 4 4 54 18 14 73 8 136 53 16 26 33 9 56 60 124 63 0 15 124 37 83 0 12 73 100 22 7 47 44 107 36 111 21 36 7 0 80 25 78 93 108 13 7 8 74 0 47 4 24 48 40 88 68 0 10 63 12 106 34 30 32 83 4 52 32 16 18 8 56 0 18 0 20 31 33 18 111 96 119 0 80 16 20 46 47 36 0 56 23 41 18 125 63 0 112 8 92 0 6 45 34 36 3 9 45 0 14 26 0 28 0 21 64 30 43 0 7 32 18 18 102 24 16 3 84 16 15 30 85 71 28 24 50 92 16 52 66 0 38 63 10 95 28 9 28 24 65 92 54 4 54 62 0 45 42 48 47 120 37 132 104 48 145 0 95 120 9 0 40 171 16 40 0 75 0 22 50 0 4 10 56 22 32 75 210 2 10 72 0 47 0 24 78 33 33 76 24 25 42 76 0 32 87 0 0 50 15 
47 9 133 137 30 21 0 30 102 36 50 35 0 53 24 7 78 81 72 35 42 0 14 93 0 12 0 126 79 93 96 0 142 0 0 38 40 63 99 187 37 49 30 9 9 47 4 51 48 114 50 176 48 85 72 36 54 48 31 61 12 64 52 48 129 64 0 40 56 0 32 6 48 55 42 100 101 40 3 72 57 54 0 36 25 125 56 171 149 57 8 90 0 20 70 36 84 51 77 61 98 90 17 68 38 91 28 123 149 73 72 110 21 0 0 0 35 107 28 18 54 83 0 35 78 128 126 132 165 12 82 30 50 90 90 4 72 4 33 26 64 54 122 73 60 18 148 0 27 0 54 16 94 40 125 6 36 36 18 123 23 35 18 102 3 30 48 12 87 30 0 141 65 18 18 36 24 79 80 57 111 106 72 73 60 27 24 71 40 51 129 48 47 56 4 79 48 0 0 19 1 35 60 35 116 136 24 12 48 124 0 0 48 27 3 0 12 65 98 45 10 103 120 130 68 102 44 64 6 132 28 0 89 86 16 0 102 36 32 62 34 54 61 54 0 96 0 119 0 131 117 51 0 8 27 63 
96 32 0 15 16 32 18 83 131 35 36 86 129 18 84 46 150 92 98 33 61 8 21 17 45 50 56 36 45 28 64 0 90 0 34 105 14 140 107 0 24 132 65 84 57 0 33 3 38 126 48 67 156 24 36 12 76 61 39 55 76 22 174 48 0 141 13 272 28 41 115 28 48 61 122 12 65 7 49 49 77 47 32 70 77 25 86 20 45 8 57 29 51 66 28 21 81 27 103 44 41 12 66 114 134 54 10 49 106 41 75 12 133 67 91 65 69 158 35 8 95 60 24 87 125 117 94 56 53 63 76 113 45 74 59 70 148 14 64 102 53 0 24 75 65 14 104 72 8 108 0 102 90 58 77 58 48 98 21 32 72 52 58 51 60 118 142 57 83 45 91 49 30 24 48 0 0 82 48 131 98 81 40 95 21 93 15 12 128 21 57 0 68 30 96 78 78 57 35 23 83 0 0 45 42 39 63 7 59 103 18 78 111 33 46 6 30 83 0 10 0 63 83 0 0 24 82 24 66 5 10 25 24 28 197 87 78 51 66 100 102 162 34 12 34 81 56 94 82 78 116 53 0 44 0 0 
24 24 38 33 3 16 32 93 75 0 40 127 32 0 159 0 116 65 92 101 26 78 120 6 18 106 67 113 48 57 88 61 27 65 144 54 49 162 24 121 13 8 43 4 86 4 20 14 48 84 73 96 46 261 189 84 28 20 167 94 41 72 81 56 0 120 10 189 0 212 53 51 135 234 112 63 84 121 50 44 0 28 92 92 89 46 29 14 39 65 19 34 27 91 56 0 67 12 96 7 41 136 45 142 0 122 160 138 75 0 175 107 5 51 57 81 24 84 4 56 70 33 20 70 24 93 165 0 82 39 36 109 90 188 51 134 88 20 0 70 27 4 40 62 109 8 30 62 36 68 0 0 89 16 64 30 61 110 79 5 119 39 92 28 0 35 125 0 127 89 27 56 89 16 184 44 63 34 36 76 167 0 101 180 14 155 116 30 113 123 81 14 83 15 105 54 44 0 27 43 143 56 124 107 95 137 38 104 73 64 79 57 36 67 12 12 16 89 40 113 56 78 5 75 119 202 27 162 72 0 64 0 25 114 162 18 129 20 110 130 96 27 140 98 37 0 0 48 85 212 151 4 0 97 0 120 
77 0 69 44 39 0 65 111 34 36 76 54 89 39 104 14 38 63 157 69 94 45 54 145 21 11 108 100 102 144 0 0 63 52 27 36 186 31 153 40 19 92 52 60 36 0 129 42 202 67 84 185 36 52 95 78 52 110 54 137 93 99 95 185 75 72 54 128 11 152 77 117 11 123 198 71 68 116 67 130 58 166 50 154 9 24 106 102 40 0 9 99 35 97 168 0 283 91 90 38 124 4 0 94 67 7 85 33 0 136 111 6 161 120 88 59 81 120 0 88 72 111 72 165 56 212 69 120 46 58 20 8 40 49 117 9 0 12 58 12 56 32 37 195 36 12 93 86 15 24 90 57 133 0 9 30 84 0 135 17 63 78 230 75 66 76 75 40 79 102 6 19 70 0 125 16 9 33 95 34 18 47 90 54 37 113 48 73 154 63 67 213 108 42 27 103 24 134 178 22 30 42 86 0 48 48 144 62 14 106 42 232 42 208 8 0 79 98 96 9 54 74 96 39 24 45 0 43 135 0 15 0 32 71 133 118 63 2 139 106 215 188 42 40 0 237 8 98 32 54 131 53 2 15 56 42 
80 0 45 54 99 64 0 68 42 114 149 132 54 9 0 106 49 0 138 69 5 169 127 159 8 83 82 176 119 6 0 29 37 29 78 87 5 84 86 0 12 42 36 44 90 60 30 5 6 77 24 43 0 83 201 44 66 83 173 140 0 79 0 63 63 112 64 54 9 56 94 76 13 52 119 51 61 111 66 116 82 117 105 62 86 48 88 136 12 6 60 30 48 92 42 42 146 36 88 34 72 119 0 144 95 5 127 164 50 120 44 46 83 20 13 149 74 0 100 63 30 149 54 102 91 164 3 58 56 39 136 0 42 87 172 56 0 36 73 102 40 7 24 91 120 50 18 0 0 9 12 32 25 111 0 88 26 97 71 24 49 0 12 98 80 156 38 36 234 127 32 12 9 63 145 89 9 71 0 29 82 106 48 154 0 122 49 163 50 28 26 110 63 42 153 62 24 32 112 55 106 42 37 175 136 138 54 90 69 78 40 154 16 94 48 21 53 62 42 48 168 30 60 19 31 265 6 148 72 120 42 0 0 59 99 65 120 61 82 87 165 10 42 36 21 220 46 156 60 161 63 6 48 57 160 6 
40 10 0 45 78 14 0 69 18 0 63 84 13 48 192 72 18 6 7 66 12 48 7 12 9 18 8 43 18 32 36 39 63 79 42 24 66 0 99 16 24 42 16 34 61 18 0 0 10 84 0 81 36 6 0 3 23 38 46 0 8 63 69 216 3 46 28 106 6 27 90 56 24 8 61 15 53 0 30 21 71 25 0 11 0 16 8 6 2 32 0 13 0 7 36 42 32 55 0 48 81 0 32 30 0 0 60 72 16 88 12 0 65 16 30 40 0 71 6 44 31 31 77 59 0 62 54 26 0 62 0 25 37 15 96 100 21 0 160 12 56 34 0 141 0 72 0 0 23 38 13 0 113 49 0 74 49 58 0 28 101 100 81 82 49 56 34 47 56 54 28 38 0 3 0 0 0 18 54 60 75 0 9 0 8 73 60 78 10 25 10 8 43 34 84 0 0 3 62 20 30 2 36 64 19 0 0 24 61 28 22 63 12 30 16 18 7 53 37 14 16 0 48 4 34 111 16 30 0 54 23 54 23 140 14 45 29 24 15 132 0 12 12 0 4 88 15 16 7 105 42 12 3 67 146 10 
63 51 4 117 33 41 0 24 0 31 140 2 4 43 98 32 0 29 44 34 18 33 0 25 35 50 13 74 46 46 3 28 81 19 28 132 41 49 31 9 17 98 70 27 81 66 8 27 86 26 8 78 5 60 14 146 3 10 14 0 0 33 27 86 18 128 131 0 96 42 7 31 25 71 20 28 20 44 35 69 55 110 68 37 14 73 36 56 0 73 42 54 21 47 14 9 52 23 83 36 51 78 84 109 45 90 44 122 41 9 11 3 51 41 27 138 25 15 12 112 91 127 49 29 63 47 62 65 36 30 10 26 24 28 31 30 2 16 9 26 8 0 41 63 12 24 17 82 78 154 72 36 68 86 16 45 16 42 2 25 40 40 12 25 4 24 9 121 54 59 12 7 92 94 18 45 54 99 5 81 72 8 70 36 103 49 24 129 18 45 46 31 8 46 21 14 7 21 30 81 0 84 0 50 77 20 35 24 34 30 96 29 2 18 97 49 28 37 7 72 100 45 64 54 42 18 102 31 13 39 55 45 103 172 0 11 67 79 28 20 40 42 0 22 85 99 19 0 33 46 77 0 12 86 104 65 
172 45 100 45 83 74 64 144 184 35 0 86 86 67 98 68 75 36 88 112 23 155 56 48 56 55 190 86 82 108 0 0 36 40 133 27 183 94 0 32 43 134 7 76 39 97 184 16 24 109 42 133 72 11 21 99 52 0 182 179 152 103 18 10 83 16 82 115 115 9 78 129 27 51 49 128 210 63 71 160 30 184 40 108 129 63 72 102 188 84 24 98 24 28 6 18 177 158 65 157 27 39 169 147 0 16 24 15 27 115 43 72 190 111 152 109 72 113 51 72 88 15 61 165 72 172 176 0 99 74 117 85 27 106 50 179 64 138 11 80 127 31 32 32 62 91 144 255 128 77 0 71 74 41 14 54 133 54 81 138 101 16 6 143 95 90 93 93 137 20 55 0 32 30 38 101 54 177 113 116 76 85 61 14 40 4 3 85 18 88 130 185 159 80 160 99 75 18 107 17 9 30 12 4 131 45 56 87 113 124 35 174 148 117 32 174 0 70 86 50 20 47 33 8 45 76 0 0 12 79 62 0 62 44 165 67 98 7 9 186 39 48 87 96 206 118 119 47 195 125 64 102 45 62 151 25 
56 113 166 106 0 40 15 43 123 0 148 21 8 70 18 206 12 45 63 21 57 117 0 15 77 65 97 30 20 48 93 0 45 35 72 4 40 98 65 91 6 121 180 44 24 0 5 84 8 69 100 60 61 66 6 100 32 88 16 6 65 7 0 53 104 130 136 43 87 134 40 30 16 50 21 56 163 36 0 35 32 56 52 18 12 40 81 15 149 0 24 49 0 42 61 0 19 81 92 51 64 41 44 56 0 0 82 0 79 42 70 15 54 85 20 42 28 154 36 82 42 15 30 36 133 49 88 57 63 0 0 15 3 46 27 0 74 0 54 53 15 33 6 69 10 37 82 42 87 6 45 12 80 36 35 27 30 78 14 40 36 73 28 85 60 0 58 0 41 35 15 0 39 2 34 35 78 0 15 117 61 82 12 34 80 58 12 122 6 135 55 82 54 111 48 24 16 95 98 16 1 8 93 40 119 59 9 46 104 16 0 59 24 166 26 36 30 60 0 2 134 40 41 49 47 128 80 22 109 63 60 6 144 68 86 56 60 42 25 0 105 166 158 52 102 93 126 87 4 84 136 47 54 96 61 43 
111 28 82 56 145 74 85 88 0 0 77 36 0 50 84 5 38 33 83 44 0 0 8 27 18 48 14 202 41 198 29 0 125 30 72 20 77 104 2 13 48 0 26 13 81 21 12 7 72 81 0 80 12 94 137 72 16 2 113 35 42 63 101 80 14 91 0 45 9 2 98 12 39 121 73 53 40 0 210 1 29 57 0 52 8 0 4 136 22 57 67 25 0 48 46 89 119 0 63 15 130 49 35 51 105 0 78 33 34 94 108 34 0 24 16 127 67 30 40 67 4 18 131 73 45 36 20 0 43 16 98 55 50 100 23 64 4 56 56 0 157 28 23 8 38 14 24 16 36 0 5 3 18 20 0 8 22 16 15 83 56 0 170 27 46 0 12 33 134 27 63 9 50 28 103 112 6 76 103 43 146 55 75 72 0 26 14 140 9 119 0 9 141 71 98 20 4 0 89 69 143 17 31 103 0 40 56 22 36 151 2 0 24 8 0 0 6 43 36 110 65 50 113 28 0 76 28 97 54 77 83 36 75 42 72 0 49 6 42 55 12 12 85 122 39 54 18 67 72 21 137 9 24 34 18 24 
128 80 104 22 66 6 33 139 30 38 35 12 32 54 114 24 16 0 83 62 133 0 54 13 42 24 51 61 77 64 36 0 127 0 81 44 150 40 61 157 24 100 116 8 130 21 165 12 0 104 86 96 60 50 32 52 105 8 109 3 210 90 96 82 32 56 82 87 12 76 61 80 84 46 105 55 92 46 42 100 42 23 44 56 102 22 42 81 0 52 6 8 9 77 48 63 107 2 18 58 48 73 166 30 98 21 78 0 67 65 123 96 0 21 10 112 6 48 85 0 48 30 84 82 45 46 178 0 36 82 171 32 9 42 25 109 110 48 14 131 106 26 124 73 42 46 132 122 20 83 0 90 21 82 56 0 0 48 104 92 0 0 0 34 20 78 98 170 186 52 42 54 69 57 44 0 121 163 0 77 93 38 82 47 123 120 56 144 0 49 32 54 77 6 86 100 63 39 214 90 18 6 6 90 71 21 82 81 60 78 22 4 90 33 12 78 0 77 109 62 104 68 92 96 68 48 0 36 34 74 14 18 41 99 123 12 143 61 139 74 47 0 101 121 26 107 112 30 0 74 32 101 16 114 56 18 
20 3 14 55 2 141 0 100 81 152 10 104 0 44 24 132 42 14 8 139 95 70 18 163 97 30 6 124 96 78 12 0 134 64 83 14 86 15 105 184 0 85 31 28 58 11 18 0 60 113 40 32 26 2 45 46 21 72 78 37 27 151 59 3 75 35 74 45 8 4 22 33 122 90 102 50 114 103 123 164 10 149 0 3 0 8 159 70 77 28 30 50 18 143 83 63 0 27 100 14 43 171 54 56 126 53 42 36 0 79 0 161 36 0 122 36 105 83 44 0 57 46 64 0 109 135 12 9 48 116 61 5 15 32 164 98 106 10 80 36 10 12 110 57 93 53 81 52 50 30 18 56 126 11 0 99 21 72 20 47 50 34 62 71 47 0 40 37 151 35 44 3 18 73 76 51 34 0 224 87 52 67 61 168 125 15 16 138 0 62 20 83 54 97 99 52 51 94 92 0 101 44 115 0 4 12 48 9 25 80 30 12 67 63 15 42 48 86 36 38 78 65 72 36 40 30 16 203 25 117 13 90 51 24 20 6 116 30 31 123 36 48 0 36 51 95 57 0 0 40 65 136 6 83 217 40 
115 79 12 101 81 107 128 136 56 0 87 45 12 23 0 37 8 0 9 45 223 32 54 51 8 32 70 16 112 18 6 0 69 21 23 0 122 102 12 21 0 56 76 91 16 0 120 21 64 62 16 20 36 27 20 24 93 97 60 4 78 162 51 36 99 80 9 23 0 39 15 62 0 12 44 22 24 28 65 56 8 96 6 98 37 18 0 63 146 63 6 0 9 5 29 87 97 18 20 31 63 0 107 17 81 0 0 90 11 0 42 68 0 30 2 73 96 86 55 0 0 66 119 33 42 0 87 0 29 90 131 0 6 24 34 46 77 0 63 53 47 81 121 45 30 65 110 0 54 0 49 0 12 81 38 62 6 24 112 59 93 94 27 49 75 16 71 28 160 65 14 0 2 63 8 7 54 87 81 50 114 36 4 9 105 166 47 35 72 19 23 42 15 94 12 72 0 85 115 48 33 24 34 124 53 69 0 16 57 0 0 24 52 20 0 39 36 4 8 48 106 17 59 2 3 90 0 55 117 104 0 0 48 29 126 57 114 78 54 0 53 151 53 24 102 103 110 94 28 45 38 113 42 29 124 14 
40 0 104 0 60 42 127 72 29 32 42 56 8 24 18 0 16 48 112 38 97 25 44 20 18 0 40 72 4 72 5 34 29 0 71 43 0 38 42 81 8 30 20 8 53 30 14 0 0 0 0 12 45 4 52 122 56 8 6 8 4 22 52 21 24 0 36 18 4 18 10 0 26 0 24 30 86 12 64 0 12 56 9 50 40 2 47 48 0 58 50 48 0 21 6 0 18 14 68 55 42 0 1 90 22 8 18 55 0 26 39 0 112 0 0 8 30 59 0 64 82 66 90 77 93 7 58 64 0 54 20 62 39 14 24 81 84 60 60 11 85 30 0 25 0 4 15 20 28 0 24 0 112 15 22 16 18 37 83 85 0 54 18 0 0 6 16 0 28 25 14 0 100 76 10 68 36 0 15 97 82 0 16 0 46 131 0 79 16 124 72 0 41 11 76 4 67 48 16 4 54 4 0 30 15 0 56 6 16 63 57 0 16 8 25 0 54 16 44 55 0 0 35 0 0 94 7 28 44 18 0 0 73 14 18 16 70 48 22 52 0 64 0 72 42 80 48 14 163 55 102 64 24 122 58 35 
114 41 26 43 27 1 12 17 35 58 42 123 15 37 55 68 18 35 12 45 177 33 54 54 0 3 62 53 45 25 107 16 36 96 65 44 9 87 94 9 0 9 73 66 79 45 54 38 0 96 63 68 0 133 61 61 57 30 110 66 9 41 57 67 0 106 77 0 52 41 91 70 10 9 40 85 24 0 24 142 77 40 48 49 4 47 35 29 0 21 71 53 9 50 11 78 70 29 64 0 0 114 1 149 98 36 35 28 23 20 55 42 231 125 56 49 5 72 0 55 104 49 98 46 54 26 92 47 222 18 158 48 61 4 9 0 37 12 124 138 38 0 84 29 59 28 83 20 85 89 7 0 53 40 42 0 12 0 122 123 57 15 21 40 45 31 59 40 89 9 34 21 6 91 16 46 54 65 0 93 205 0 10 39 93 95 85 59 50 15 2 10 0 28 13 86 105 109 138 11 38 4 2 99 63 173 56 34 68 27 1 27 0 0 63 42 100 58 5 92 76 60 42 75 16 47 65 78 51 33 10 0 17 0 69 51 99 4 105 0 36 37 31 40 61 32 91 14 0 71 108 72 32 50 107 54 
0 24 77 149 45 120 62 75 42 4 156 43 29 87 4 64 10 72 28 68 22 97 16 131 45 0 89 79 119 48 61 12 47 0 20 38 108 78 66 48 72 107 81 109 105 205 36 94 71 168 54 42 58 173 85 138 115 85 161 81 100 16 18 8 80 60 220 44 0 109 79 59 179 44 72 54 92 82 10 81 44 86 134 172 98 29 60 161 86 74 18 74 32 28 78 64 53 122 18 17 224 0 66 191 132 57 52 127 81 96 116 48 59 0 0 35 73 30 46 133 92 64 226 39 100 61 91 153 0 106 37 7 16 21 9 166 72 0 16 74 94 35 22 93 55 68 96 4 209 22 80 27 68 87 31 45 24 78 9 21 49 109 62 74 87 18 68 16 60 44 10 42 103 76 102 71 30 193 72 120 201 80 14 81 21 59 206 74 59 76 48 54 75 122 97 18 10 122 122 12 240 59 90 109 80 94 0 117 20 24 59 142 146 74 12 96 34 16 47 143 12 22 75 54 28 112 134 0 121 16 109 18 60 182 44 49 111 99 0 131 83 44 14 57 157 218 80 88 52 51 80 48 78 132 158 44 
35 54 89 69 128 60 0 72 0 105 94 14 44 216 23 42 119 8 157 12 27 76 0 73 35 76 42 61 57 129 21 20 114 20 133 42 96 70 87 134 8 14 126 63 100 7 0 116 114 60 102 43 61 15 0 110 35 8 75 49 92 63 32 100 74 49 113 25 0 16 0 26 79 49 43 60 69 36 0 93 20 9 75 95 32 91 0 72 84 106 0 147 32 149 0 42 36 49 36 97 36 99 36 29 39 43 36 24 0 120 66 113 56 118 116 63 9 14 146 7 100 79 0 81 79 42 42 0 0 150 23 18 54 35 48 32 14 0 0 86 98 6 98 277 143 21 35 134 81 25 21 18 70 29 56 0 20 99 68 40 5 84 14 75 56 63 42 0 102 92 0 81 137 48 162 21 0 35 59 126 16 0 67 36 45 147 138 85 52 37 104 57 118 0 36 57 115 64 84 124 0 19 118 28 301 49 71 0 70 120 182 82 26 14 0 0 21 44 117 8 0 0 142 17 64 36 86 0 29 47 107 0 133 12 177 92 48 21 0 36 8 24 123 64 42 108 0 80 0 100 79 110 0 109 56 63 
51 72 0 154 65 0 0 24 106 182 72 163 95 127 193 146 36 67 153 44 56 49 10 81 50 50 61 72 2 30 59 35 16 104 102 25 148 54 39 32 1 90 35 108 115 12 18 60 104 91 36 54 68 63 56 50 55 83 245 102 96 0 95 66 113 83 51 128 11 20 24 82 102 76 9 76 42 114 54 177 88 97 22 81 80 9 45 37 139 182 39 39 61 89 40 22 8 68 81 16 25 122 184 42 23 44 18 71 131 24 5 99 142 26 107 84 48 84 73 9 0 41 27 0 66 28 9 14 90 131 48 60 10 26 99 243 48 30 27 16 69 110 37 115 120 43 55 137 1 63 6 9 133 27 118 0 98 43 63 41 36 88 14 73 87 129 68 161 24 0 42 91 0 8 0 27 11 143 9 114 88 114 104 130 85 27 8 26 0 47 48 97 144 18 9 65 155 40 123 58 26 39 101 69 95 131 35 12 96 33 158 87 137 100 15 32 0 102 7 43 76 72 18 162 128 152 8 88 12 54 17 14 49 187 76 18 70 57 62 108 60 4 167 0 140 29 146 143 0 56 0 32 0 58 164 33 
36 123 60 111 33 48 59 119 153 102 127 115 129 52 173 60 135 50 84 93 3 32 21 98 29 24 78 68 54 105 126 134 120 8 18 63 24 142 72 56 61 63 9 16 15 49 18 48 90 156 102 99 72 25 45 186 55 48 56 7 28 7 0 64 48 2 91 139 55 123 43 175 77 104 69 95 150 0 31 28 108 55 1 49 73 109 56 136 56 38 3 69 72 76 49 0 103 83 36 68 104 64 69 123 132 72 217 57 45 92 71 52 73 74 63 94 0 33 22 112 163 29 70 87 145 211 172 94 69 46 46 71 140 83 222 72 137 71 67 18 26 30 142 130 83 118 174 157 74 50 87 0 147 15 31 144 24 39 12 76 56 63 91 33 47 32 6 72 36 6 209 56 4 65 35 23 125 92 186 129 120 133 34 32 50 143 64 50 0 161 24 87 72 32 133 24 70 21 80 167 138 28 177 16 128 56 42 86 199 141 28 115 118 81 35 49 72 72 33 63 49 104 140 112 32 84 229 81 60 29 0 39 127 130 184 183 169 78 53 84 75 104 98 34 47 105 101 83 88 102 78 93 37 146 64 9 
98 5 0 189 113 155 30 42 91 48 73 46 98 75 143 76 88 138 116 100 130 142 63 32 68 0 28 157 32 131 114 30 0 56 62 78 169 98 54 16 72 223 148 9 25 78 99 2 114 30 84 45 46 22 0 42 127 8 69 64 119 35 136 107 178 96 118 207 9 29 57 296 37 58 32 128 52 22 116 32 0 106 103 18 0 0 36 0 58 186 36 96 131 75 42 157 281 0 63 112 36 26 220 68 75 24 80 27 10 58 78 0 171 64 0 128 59 119 18 0 81 126 72 40 7 94 40 18 49 133 68 53 14 28 8 5 127 0 93 98 104 64 30 0 72 52 105 48 36 61 35 111 57 77 54 55 154 147 114 154 12 49 159 45 81 0 28 51 86 52 75 81 121 72 0 3 116 0 95 116 101 72 8 0 60 0 111 4 99 63 91 111 80 213 178 0 48 0 199 73 110 45 24 79 87 45 8 79 124 53 54 0 164 54 63 48 0 14 60 68 36 144 149 0 12 49 114 112 76 91 76 24 176 103 72 63 96 54 19 45 0 112 9 86 40 31 78 42 49 76 6 80 0 68 30 0 
109 37 54 108 6 74 87 185 141 15 32 51 135 77 3 15 6 63 63 36 4 154 40 106 17 54 125 134 37 80 190 69 183 0 111 117 36 65 45 201 42 2 15 36 91 51 5 55 89 24 25 96 64 67 80 90 72 34 84 72 11 32 32 32 105 72 0 62 112 70 115 44 5 92 41 69 59 106 119 70 45 89 64 87 40 142 63 112 134 154 9 57 0 142 138 63 27 48 21 210 115 174 253 106 121 75 18 0 135 95 104 0 70 32 42 90 43 90 81 58 88 26 25 131 15 93 49 118 27 135 77 0 125 24 93 83 66 0 63 41 128 8 8 155 4 46 77 54 0 123 39 63 95 0 16 0 0 0 63 18 36 48 0 47 0 24 79 0 96 114 15 79 72 9 151 15 72 58 32 81 0 42 152 0 45 113 43 41 32 81 130 28 40 36 66 84 67 99 93 112 74 107 24 101 34 109 117 94 31 21 47 163 3 66 27 2 11 81 179 47 57 12 126 15 16 46 37 3 75 0 33 6 45 134 15 0 0 36 27 15 18 0 87 25 195 103 75 45 130 86 81 44 15 111 36 114 
7 152 14 129 15 127 48 14 42 124 24 97 44 2 52 74 36 0 82 8 103 82 0 166 18 90 4 94 46 102 15 68 121 58 15 99 109 2 78 7 95 4 111 1 5 0 0 55 14 72 0 33 138 38 18 9 79 45 102 36 2 106 31 20 88 21 28 60 2 20 136 112 73 142 83 38 48 152 33 134 9 12 14 94 0 17 117 21 26 143 1 102 10 130 45 36 61 18 85 81 72 152 121 68 101 30 86 0 96 125 112 108 27 45 0 25 12 0 8 15 20 55 24 34 41 42 80 54 89 78 72 14 0 188 52 27 44 106 86 131 21 45 69 105 145 0 15 14 55 42 0 33 55 10 46 0 156 31 176 15 44 24 121 58 54 46 29 33 73 76 232 0 61 46 58 58 4 14 76 34 66 0 32 166 32 99 41 76 8 14 18 53 107 73 113 87 34 39 54 125 25 74 197 61 25 32 0 10 60 19 72 38 0 72 0 10 0 45 116 23 10 25 25 154 112 76 0 117 0 125 65 45 86 8 45 123 53 18 61 71 39 36 15 42 24 90 64 4 16 22 18 42 20 49 191 74 
98 57 35 108 169 108 140 62 5 0 44 15 8 69 99 16 54 0 8 60 102 28 28 94 113 6 55 61 0 98 138 0 112 42 26 0 37 35 13 164 78 93 81 56 68 19 118 42 48 140 121 69 63 51 51 70 0 127 24 4 87 209 72 42 79 0 60 12 8 145 104 128 60 105 127 79 155 89 72 61 76 35 28 72 0 0 112 122 7 0 4 56 66 53 172 68 0 27 62 46 162 43 58 104 32 8 31 21 40 167 63 124 99 56 45 64 110 117 77 28 131 104 28 12 179 86 59 81 42 81 103 13 116 5 153 46 114 2 0 138 64 30 70 141 42 0 65 33 0 21 74 32 31 2 42 0 33 138 37 62 91 136 14 75 115 35 46 66 189 24 72 0 44 39 71 65 155 67 88 42 40 44 18 32 34 80 68 118 28 60 74 82 59 93 70 122 48 77 156 96 85 78 28 152 127 112 68 75 137 134 73 62 48 0 21 28 121 65 227 66 112 63 172 0 28 19 102 94 43 88 28 7 0 70 87 105 57 0 6 85 106 0 113 135 132 108 174 80 12 110 120 111 42 8 132 22 
95 36 94 174 22 115 28 40 0 112 100 8 27 12 42 12 45 76 63 4 43 20 44 36 81 60 156 42 42 33 4 0 9 45 45 89 52 164 49 0 87 56 0 91 4 32 57 64 21 111 42 74 52 131 42 70 162 101 35 175 81 30 4 48 28 4 46 127 26 35 122 136 0 55 62 201 4 42 89 81 47 71 51 36 112 36 32 69 51 40 33 24 24 0 58 6 130 83 66 97 56 66 216 160 16 28 50 127 54 128 199 29 40 48 0 16 20 123 69 63 163 0 23 230 80 18 83 0 51 118 0 122 78 81 24 36 32 131 68 140 94 156 64 39 39 26 152 73 85 12 0 86 16 162 52 45 44 74 72 47 97 12 59 24 92 63 92 52 56 42 48 35 118 72 171 5 48 7 12 0 166 0 10 78 81 139 90 38 18 18 151 0 31 58 67 76 46 18 0 28 76 15 0 28 54 6 27 24 0 83 54 21 54 49 0 6 52 10 126 82 16 100 149 87 0 59 126 65 146 50 5 50 54 136 248 95 56 80 70 0 45 30 52 89 87 67 48 71 171 72 0 0 9 141 45 91 
14 31 18 18 56 148 90 136 117 21 49 40 123 58 83 0 0 0 150 55 65 71 0 54 36 75 82 40 110 14 16 20 152 47 26 18 57 19 78 100 106 46 69 76 58 81 25 6 116 19 44 122 87 53 56 24 39 0 141 51 77 126 73 83 128 12 52 117 2 10 48 77 85 92 94 102 16 87 107 150 87 130 46 103 0 56 128 82 67 175 26 40 92 34 145 70 65 6 56 17 57 134 79 111 92 4 6 53 10 64 129 143 19 119 0 27 176 187 8 70 0 12 121 22 35 90 54 101 9 134 125 0 90 98 150 66 206 0 72 135 28 28 105 18 133 47 62 48 26 56 51 12 75 0 65 22 0 10 54 0 118 53 50 53 75 35 59 54 123 40 0 0 46 67 78 0 86 0 60 26 28 8 36 99 39 0 88 161 79 0 0 144 112 53 245 52 24 66 45 132 110 106 140 35 27 15 30 98 102 73 96 60 78 67 28 24 10 73 108 86 20 9 157 18 26 114 86 217 26 37 72 10 4 44 14 129 95 82 98 130 60 105 16 187 10 161 40 0 20 30 11 138 0 6 54 45 
62 59 72 72 12 21 18 56 0 56 112 50 0 40 8 37 21 64 32 28 61 0 20 81 0 54 60 162 16 124 38 0 41 16 4 12 179 62 54 81 5 145 8 94 44 16 113 22 88 135 20 150 95 28 62 114 27 0 96 28 160 90 45 77 154 28 20 73 24 22 13 91 121 54 105 152 72 12 171 88 14 72 30 28 141 28 16 63 54 15 57 70 10 0 101 54 135 8 148 37 88 57 94 138 28 10 29 263 41 40 189 110 74 24 21 15 24 101 63 47 48 42 56 86 24 105 73 81 50 130 96 57 32 96 79 65 28 20 50 87 124 113 42 57 20 0 94 28 57 70 82 2 68 73 75 24 87 35 0 136 27 21 85 14 63 21 63 48 126 137 0 116 45 146 0 0 42 108 145 56 62 50 14 112 76 17 60 4 156 44 136 117 97 3 36 32 0 22 0 73 9 12 64 67 88 34 0 73 21 83 44 24 12 69 66 0 35 0 14 0 72 111 128 18 58 92 50 0 26 205 0 53 117 49 119 51 4 48 15 8 72 102 100 132 21 45 49 81 40 95 49 91 12 64 100 8 
0 1 8 52 0 15 20 52 20 44 25 57 32 18 0 8 0 46 36 75 32 71 0 73 0 4 28 0 14 122 48 0 40 16 41 73 9 59 1 27 36 44 0 5 40 0 55 62 40 89 14 8 0 31 16 2 51 84 46 76 14 0 1 73 31 46 41 26 6 54 0 121 9 74 45 9 81 0 0 22 0 56 92 73 6 0 4 63 18 58 0 17 24 50 14 0 44 27 2 39 93 21 121 104 0 21 20 10 0 12 146 78 18 88 52 0 26 58 5 6 28 9 18 36 27 12 20 41 20 45 20 7 0 56 12 74 91 32 0 34 0 117 0 16 8 0 6 4 8 30 28 4 36 0 60 12 4 45 1 66 36 56 68 16 14 8 4 20 18 8 35 57 23 4 5 0 141 81 12 0 6 0 32 4 68 12 35 30 0 104 8 0 49 0 69 18 0 0 114 16 6 10 8 63 36 30 43 7 0 41 9 33 63 46 14 55 34 35 25 0 30 27 24 36 30 6 31 127 52 59 0 27 50 115 58 27 24 24 47 117 55 37 77 56 0 41 54 25 24 79 4 102 9 97 0 2 
59 50 63 45 23 74 0 118 24 88 47 59 7 84 103 0 0 6 0 30 16 16 20 24 81 18 18 0 8 0 32 8 92 21 49 21 16 40 7 99 38 0 0 18 130 65 30 9 0 72 0 102 12 86 12 36 57 0 6 40 12 38 18 64 42 0 8 32 4 0 24 60 0 40 23 115 24 28 113 8 61 41 0 42 32 0 0 23 87 77 40 27 0 70 54 0 112 3 0 147 42 72 48 63 36 21 42 0 18 34 83 0 21 48 17 8 8 16 18 0 169 16 0 225 6 28 116 21 35 85 9 4 78 0 28 2 0 52 48 5 10 18 40 129 0 42 61 122 51 68 0 21 1 0 0 55 35 18 5 14 149 0 0 6 0 28 0 10 48 61 38 72 45 8 113 0 15 20 60 0 75 36 0 0 14 70 0 20 16 49 0 78 0 7 46 27 30 0 34 137 9 0 71 7 67 9 0 8 12 26 16 0 0 0 17 30 57 0 75 36 9 45 80 9 5 37 32 0 37 28 0 0 14 14 39 10 63 19 2 2 30 12 15 12 15 64 14 0 88 0 0 90 8 59 62 63 
53 99 25 83 0 46 39 64 30 2 20 35 14 9 33 76 93 0 91 36 110 59 0 0 16 10 25 86 43 54 6 43 115 0 18 61 70 25 55 42 79 0 78 60 24 0 20 81 38 10 18 48 5 0 28 55 99 60 66 33 37 181 77 0 124 14 6 6 0 69 54 45 48 40 35 128 40 0 93 60 20 55 39 56 85 0 0 64 63 54 0 14 15 0 45 27 18 52 121 8 63 60 13 12 18 25 74 71 77 5 83 92 103 6 9 0 33 93 69 20 40 121 105 33 37 65 12 48 56 60 63 15 9 0 34 21 0 56 66 75 33 86 37 26 9 26 48 0 42 27 0 48 30 0 8 14 0 8 17 10 32 0 0 11 27 73 6 29 80 68 0 19 136 59 103 45 34 14 65 28 50 6 36 12 70 29 25 20 95 21 0 36 95 63 14 23 73 68 23 64 62 26 47 36 0 69 54 42 24 0 41 26 0 4 56 26 82 0 126 39 133 0 78 49 21 114 48 62 0 81 94 44 15 0 74 25 34 81 7 28 57 92 16 63 0 82 10 0 45 14 0 66 91 86 0 45 
40 3 0 16 12 29 40 24 145 3 20 45 16 20 75 3 54 80 51 12 0 24 0 60 55 60 96 144 4 111 94 30 46 0 62 36 0 109 53 144 12 0 6 34 76 0 17 0 18 57 46 38 22 0 21 12 0 68 0 0 63 53 0 21 82 72 0 72 2 75 122 87 30 44 79 168 67 64 0 9 45 0 21 16 0 79 51 135 64 63 42 103 0 20 97 90 12 23 0 69 95 26 217 24 47 61 43 109 62 48 0 61 104 87 32 19 18 197 28 86 114 24 20 94 69 110 63 41 0 96 87 0 0 10 35 20 74 4 229 27 81 15 161 114 0 24 10 174 27 87 12 80 84 68 2 39 46 12 129 22 82 27 9 63 90 66 23 0 87 56 0 70 5 15 132 26 78 75 36 12 112 19 0 15 36 73 126 115 88 166 0 14 0 5 0 109 30 18 88 34 3 88 0 50 12 0 25 2 6 36 16 72 66 18 24 0 0 38 0 2 64 30 48 45 36 72 0 110 25 148 26 0 72 9 64 9 16 59 73 93 73 64 18 18 116 79 12 20 51 117 156 42 48 116 126 16 
6 23 49 85 0 0 54 8 60 3 12 66 0 41 42 15 18 24 71 45 12 12 40 76 45 0 5 9 5 16 23 18 0 25 35 28 9 0 16 16 47 65 0 54 78 81 9 10 10 64 0 26 72 0 0 6 14 44 0 56 18 0 6 21 0 35 63 41 0 43 49 88 0 0 57 0 16 40 157 0 41 64 0 68 51 49 32 25 30 46 63 15 0 0 165 27 12 10 27 137 18 8 54 69 0 28 57 63 190 0 0 28 80 14 24 24 70 58 0 85 0 95 72 126 75 76 12 6 0 0 77 0 7 48 18 36 48 40 33 56 80 9 54 0 35 24 42 76 31 35 0 14 22 58 56 9 72 45 45 0 18 97 14 11 14 57 160 0 36 63 0 62 0 112 69 0 0 48 0 86 120 0 88 0 19 0 10 26 5 119 0 13 94 20 45 0 63 45 24 42 10 15 0 131 24 14 81 10 0 0 12 16 0 20 0 0 73 81 90 14 107 21 82 32 49 81 23 0 15 14 32 36 0 17 10 0 0 46 45 0 56 115 7 49 7 0 25 8 54 106 26 27 42 57 62 28 
17 21 61 56 62 22 0 52 66 78 65 24 54 73 59 0 73 42 45 0 38 14 0 152 6 38 76 59 82 31 3 0 0 18 99 106 104 119 63 49 82 44 4 9 15 13 24 62 104 21 28 36 2 32 54 9 35 21 39 155 24 0 67 0 20 44 34 78 13 32 0 35 0 60 32 85 24 126 34 106 74 109 54 8 21 60 0 128 79 193 5 40 45 101 63 33 0 21 41 96 88 37 96 140 88 55 113 98 111 132 99 9 27 122 155 36 49 57 0 136 24 78 0 24 113 82 38 48 127 25 44 35 78 6 105 113 12 80 24 63 21 50 72 51 77 47 70 8 12 15 21 20 44 54 20 0 40 20 45 86 0 82 36 65 28 27 28 23 110 28 79 99 8 14 152 24 33 101 53 126 108 98 64 36 35 25 10 2 0 89 21 49 175 32 27 35 37 124 141 36 41 40 58 56 35 47 41 96 36 15 6 0 113 129 16 0 32 82 27 14 88 116 64 149 85 0 26 71 57 0 46 33 35 223 91 15 114 24 45 67 0 38 52 96 52 42 72 0 16 78 49 0 54 99 38 39 
0 0 63 40 30 27 85 110 131 16 55 68 91 10 121 81 108 86 135 66 132 55 0 172 48 27 0 96 56 150 151 114 172 72 90 36 30 112 73 165 58 53 32 0 63 32 54 98 141 30 54 62 130 50 12 36 166 95 0 53 111 10 52 5 21 45 15 129 0 32 94 24 81 102 0 91 6 140 54 20 101 7 42 99 32 173 57 14 0 0 34 30 0 30 11 0 0 0 28 0 115 0 63 117 36 30 0 0 109 112 133 36 9 79 198 56 41 76 88 25 0 48 0 107 55 98 45 119 57 54 0 89 89 108 0 54 72 58 81 6 72 104 44 153 47 18 46 24 4 96 35 47 21 32 54 3 40 21 140 30 243 60 114 67 84 124 91 137 9 101 29 89 57 48 90 5 21 25 137 54 54 36 0 187 56 54 155 25 49 56 54 0 63 139 34 12 90 90 58 0 136 25 136 188 44 65 45 0 6 24 98 78 0 57 63 0 18 161 63 104 56 29 40 68 94 55 85 72 35 0 0 30 19 72 55 114 36 12 12 64 61 63 38 42 116 36 63 70 67 21 175 0 95 65 0 0 
37 75 32 101 43 78 50 57 4 0 47 34 0 63 78 8 54 30 50 21 46 28 28 65 42 5 72 67 37 23 99 52 0 42 20 6 175 26 68 21 40 90 1 24 1 10 60 0 2 6 0 50 113 8 28 18 7 42 6 108 86 58 11 56 118 24 48 76 24 17 20 174 36 90 131 86 0 87 38 30 17 77 26 8 102 116 55 76 45 22 9 75 0 5 0 42 75 15 23 26 0 0 97 81 16 0 34 24 51 73 83 19 38 27 31 40 5 61 63 150 38 118 0 52 78 23 22 0 48 32 102 16 6 18 81 90 49 22 40 85 84 82 36 15 7 64 56 57 70 45 0 0 76 16 5 43 85 76 80 22 13 82 3 48 23 20 3 0 175 37 9 76 74 95 110 32 12 72 81 41 109 25 7 22 60 16 31 43 40 14 0 121 35 13 47 20 10 30 41 40 44 0 0 82 0 15 40 90 36 24 3 41 10 61 0 14 82 63 48 43 47 21 61 7 15 132 0 108 15 104 42 21 6 30 48 0 44 32 56 58 42 87 133 18 52 61 98 0 56 24 40 45 0 9 68 43 
171 0 117 86 28 74 3 42 20 148 77 47 8 28 63 117 92 41 77 84 85 1 36 69 81 0 17 16 89 30 9 12 211 24 104 110 137 42 99 86 0 28 140 16 117 63 153 24 84 94 125 222 151 34 108 116 121 16 108 0 177 54 33 86 136 143 2 126 118 102 157 28 0 12 43 70 229 49 0 77 41 107 63 179 43 32 88 65 103 60 4 100 51 34 142 0 111 78 64 128 79 24 4 81 40 34 35 26 32 133 32 56 45 56 95 139 0 121 69 14 128 7 48 86 59 24 26 69 7 87 28 132 102 47 42 0 61 0 49 167 62 0 0 150 92 42 88 72 3 118 0 138 97 0 138 16 15 183 123 56 179 24 126 8 68 160 137 0 160 62 0 82 24 110 54 12 46 36 40 147 68 68 83 54 120 94 102 0 57 125 105 54 131 5 236 108 92 124 98 6 21 8 18 84 115 50 89 12 7 64 194 45 19 25 114 0 52 94 99 17 15 0 33 8 42 120 118 27 54 109 29 48 40 122 129 125 94 44 96 56 174 121 56 4 35 177 84 179 19 34 129 2 72 125 122 10 
80 38 15 0 132 42 94 137 48 24 38 80 3 6 60 18 41 42 112 87 117 2 0 109 67 16 65 155 54 83 24 87 106 8 55 23 42 82 73 18 60 101 12 66 79 29 101 2 68 169 190 54 10 121 137 281 59 65 73 58 77 89 58 65 89 76 8 29 19 90 49 85 54 69 32 137 93 7 48 167 64 78 1 124 111 9 56 138 18 124 0 70 39 8 93 9 83 92 225 55 108 4 20 214 13 20 16 150 12 59 92 114 117 59 15 32 41 96 55 68 102 83 164 14 37 67 60 56 48 139 4 8 62 9 119 0 129 21 134 80 80 41 52 154 12 62 30 120 50 12 29 1 20 21 90 51 13 57 28 96 99 70 129 29 54 9 27 38 77 36 109 0 58 44 57 48 197 135 21 61 85 13 54 6 53 160 52 192 58 189 77 117 28 31 35 100 146 113 117 34 91 18 51 32 42 72 24 41 115 18 71 110 32 67 28 59 44 95 121 18 30 16 38 79 0 66 109 43 111 72 36 0 91 6 117 123 112 149 24 24 51 170 6 63 139 55 121 131 73 112 126 60 21 183 164 0 
184 41 188 161 87 117 27 92 131 30 36 34 120 63 103 99 150 127 70 0 13 100 90 77 85 32 79 0 130 17 142 59 72 63 154 120 81 138 71 117 50 112 0 14 57 12 47 156 37 148 114 12 213 83 51 0 120 56 100 51 99 78 15 32 274 58 151 132 15 77 172 227 126 56 0 243 95 0 15 187 31 72 91 175 137 243 168 0 84 130 12 71 48 0 0 117 108 134 144 109 72 4 40 404 0 123 48 107 286 102 100 39 55 0 48 213 111 0 0 40 20 72 102 161 181 206 79 87 69 52 15 82 16 66 148 110 68 187 33 127 85 38 18 21 112 25 159 70 116 54 4 90 85 148 22 28 68 155 69 43 78 66 64 32 82 102 121 42 137 35 36 62 143 56 71 99 66 18 153 27 271 8 20 117 44 130 81 74 32 74 147 24 83 114 129 123 37 8 44 16 97 45 0 140 169 145 12 124 141 43 43 198 90 112 16 50 66 66 119 216 63 116 156 72 40 164 71 16 4 24 153 27 48 116 129 79 105 62 0 120 0 63 50 27 113 50 159 6 70 100 0 17 135 116 64 191 
41 28 8 31 30 0 17 40 1 48 56 6 22 107 69 0 112 26 92 16 40 0 0 42 0 0 0 93 78 62 106 0 5 0 0 54 5 9 135 56 1 52 40 9 8 7 18 23 24 64 74 100 38 81 30 17 56 8 0 31 24 24 108 84 0 24 9 25 17 0 30 62 2 36 0 120 0 59 63 72 93 28 38 59 12 16 8 45 140 99 1 2 9 76 0 60 9 10 32 84 20 120 52 60 15 0 8 119 189 88 17 0 0 5 28 0 75 10 0 56 0 63 5 0 115 114 53 6 157 16 2 86 22 23 155 0 45 5 71 68 5 0 101 57 120 36 16 26 37 97 94 33 141 1 30 15 0 1 33 0 36 0 12 0 2 23 61 30 0 28 40 17 1 16 16 133 0 81 65 59 74 81 135 0 54 53 0 9 12 23 0 8 41 0 49 15 3 0 56 5 30 8 63 28 48 94 25 30 36 45 21 23 2 0 0 28 40 18 3 43 0 72 76 105 32 20 80 0 32 9 2 8 2 63 11 5 0 46 24 52 0 8 0 9 10 0 46 0 11 40 93 0 64 0 81 35 
38 100 0 56 99 67 12 0 92 0 44 14 60 7 0 18 108 0 15 0 62 54 0 34 30 90 77 77 21 42 114 30 18 72 0 0 18 35 64 12 0 0 15 4 24 16 0 36 60 60 63 0 21 34 30 6 0 0 18 0 0 6 0 6 152 6 46 0 43 24 70 129 19 98 0 0 116 58 21 7 41 0 0 90 4 3 0 80 8 72 66 0 0 34 27 60 9 18 24 10 56 49 158 17 0 0 58 27 15 0 20 6 14 15 2 16 0 0 98 0 76 69 5 0 57 73 125 44 6 36 80 14 4 35 118 33 6 28 0 9 32 14 0 10 33 25 0 81 10 0 1 0 4 19 43 59 62 60 84 14 20 0 9 15 18 10 73 0 54 32 68 0 0 29 1 63 0 28 81 15 0 0 26 0 0 4 0 67 2 38 37 56 106 0 20 24 36 0 56 78 35 95 60 202 0 21 5 74 63 98 54 66 54 27 34 12 0 91 75 42 0 65 39 18 74 74 8 78 2 67 72 0 21 4 90 89 48 2 0 63 62 32 4 21 43 28 64 49 0 93 63 0 0 74 20 56 
51 51 82 38 3 38 45 26 63 35 34 42 8 20 59 0 38 13 0 44 54 19 0 25 100 43 34 7 97 141 56 0 16 32 146 30 53 15 45 77 0 0 0 63 137 60 86 42 26 42 34 17 67 14 89 97 0 24 122 6 50 45 3 4 32 63 25 54 48 28 30 18 51 0 0 80 82 45 20 8 97 77 14 34 50 37 0 66 24 25 64 86 0 0 27 32 185 16 94 26 56 8 63 131 66 21 37 5 47 46 27 54 73 24 54 33 37 6 30 92 140 58 75 78 0 42 141 4 62 38 32 0 54 47 25 61 42 0 61 22 42 38 32 73 34 59 0 9 63 96 15 81 45 0 54 70 16 79 160 37 9 1 96 73 68 28 140 57 12 46 45 3 54 8 49 2 87 166 1 143 94 16 79 7 115 25 61 42 15 48 11 20 35 26 32 115 54 0 108 25 177 39 0 82 86 44 8 6 56 20 65 24 72 0 63 48 61 69 53 32 46 14 99 5 23 46 10 7 28 35 24 4 0 48 72 74 21 9 0 12 50 30 21 56 107 75 64 72 0 21 53 124 32 42 75 30 
24 75 0 70 5 2 10 114 151 20 64 72 108 188 145 22 0 8 34 89 14 115 6 69 30 126 78 58 81 0 56 21 208 111 80 105 163 135 48 157 82 156 76 56 168 0 97 0 79 118 1 64 43 20 46 0 41 0 25 86 80 48 18 117 82 124 22 234 59 156 138 86 82 105 24 160 9 12 0 34 90 95 30 93 39 137 72 6 124 103 0 138 1 93 16 16 64 33 160 171 0 135 34 125 8 122 162 126 142 49 164 143 46 72 10 0 122 218 14 84 64 179 105 247 117 74 237 95 0 14 153 99 24 80 84 81 99 88 4 131 35 0 26 91 73 9 147 15 49 88 0 56 96 4 6 16 85 54 81 27 89 115 25 48 0 51 101 21 103 72 92 81 148 64 35 80 127 17 7 5 141 0 27 6 43 117 72 79 137 0 117 74 136 136 0 44 32 29 86 104 59 90 34 70 140 0 0 176 157 138 68 48 0 84 36 50 90 189 48 90 2 66 162 35 55 103 0 99 35 39 178 7 8 150 27 39 163 0 50 91 61 118 166 78 88 160 63 72 56 1 81 141 35 139 27 180 
70 125 147 111 0 85 72 73 102 81 58 95 43 25 49 4 3 58 151 38 24 27 0 25 114 64 0 83 41 122 45 50 42 69 190 60 24 72 0 177 0 53 0 77 46 9 36 94 73 40 0 101 83 88 66 122 127 0 14 54 68 86 0 40 61 30 60 6 21 99 81 106 83 32 29 99 48 135 76 26 112 55 3 106 48 180 0 144 140 58 18 97 0 42 56 28 152 24 72 5 62 71 126 100 62 195 130 64 0 58 32 60 83 79 40 0 40 0 24 57 250 20 124 141 72 55 64 59 21 68 55 101 57 75 53 132 0 48 101 24 6 97 107 42 0 0 35 132 169 127 54 73 153 31 56 59 0 6 75 1 52 0 198 23 63 0 36 0 0 72 70 10 164 84 246 24 86 14 133 69 111 0 75 73 152 154 139 62 45 87 8 8 120 7 43 0 72 18 118 119 230 44 56 9 123 0 5 23 142 89 34 103 8 95 39 0 95 24 101 87 0 80 119 61 75 78 24 101 35 29 0 0 123 15 86 200 1 66 15 18 51 58 147 26 46 77 59 86 123 51 46 89 18 70 84 55 
5 92 14 60 54 138 105 27 28 0 5 4 13 0 25 72 56 48 56 63 6 28 42 59 0 23 0 29 109 3 30 26 119 15 79 55 0 6 100 16 40 40 9 8 40 8 60 30 44 4 24 111 80 23 10 72 68 65 95 17 47 130 55 0 64 102 70 34 0 3 45 22 32 16 47 55 45 53 120 24 35 37 45 73 90 60 0 8 24 42 15 12 22 28 26 69 1 3 93 0 28 116 80 122 61 0 0 84 168 75 52 104 63 0 56 0 43 60 75 48 65 51 59 57 53 74 77 16 39 36 76 5 48 21 0 24 5 76 125 61 116 40 75 147 123 12 48 0 27 40 0 9 42 9 8 2 0 15 102 69 100 0 78 85 133 64 0 8 0 0 0 16 24 28 36 36 0 30 42 6 107 0 115 63 40 13 5 104 48 25 35 63 63 41 79 24 0 121 8 84 52 100 98 238 41 84 116 15 69 0 21 32 5 0 88 0 67 84 146 60 96 62 124 20 16 72 16 21 31 119 8 42 0 0 9 112 39 34 0 102 0 56 57 84 63 116 6 36 61 30 56 42 32 0 110 5 
93 141 49 13 106 8 37 24 0 32 21 58 44 0 55 0 70 58 20 0 27 42 0 24 0 40 32 66 90 29 15 18 18 30 18 30 105 42 91 0 5 131 70 78 113 20 36 41 34 92 0 86 0 10 72 96 49 0 49 53 98 90 101 13 0 143 12 123 32 63 18 3 96 0 71 88 0 7 51 51 99 10 40 149 96 0 0 32 0 167 0 58 0 49 30 0 86 14 0 63 57 45 46 30 7 10 36 87 66 68 79 117 86 40 36 60 36 91 0 39 32 78 54 114 81 93 62 14 61 84 40 81 72 21 140 85 64 54 49 28 15 51 33 32 25 79 56 4 14 59 40 35 18 24 48 80 31 40 50 95 32 35 12 51 21 2 129 32 0 109 140 56 26 89 102 0 95 48 48 47 57 88 0 31 92 134 17 6 54 43 0 40 174 78 60 50 90 32 155 15 36 0 42 18 5 28 20 21 167 116 64 95 0 72 32 28 43 31 0 85 54 1 27 0 145 98 62 85 63 0 111 96 32 43 93 5 0 32 27 45 18 63 27 36 46 38 93 0 115 55 56 0 99 20 42 71 
121 47 35 279 83 69 65 129 15 120 141 116 6 78 35 90 82 25 171 246 53 60 0 182 164 27 36 150 105 109 56 85 0 119 100 0 176 71 64 174 9 14 84 90 27 135 99 29 94 97 20 25 11 75 125 21 128 72 114 30 79 185 53 3 115 8 100 32 9 57 161 139 66 147 160 62 253 72 93 148 118 43 80 45 75 100 72 123 115 39 30 132 54 133 24 87 122 120 96 80 6 100 115 102 10 137 115 66 195 168 19 30 254 97 271 178 50 56 7 16 18 201 0 142 85 250 133 168 55 96 33 0 144 28 67 141 135 3 29 54 120 40 2 2 57 9 191 139 0 47 40 76 182 0 97 14 118 144 157 198 21 18 30 40 112 251 216 145 77 70 49 96 130 60 184 124 40 34 109 118 182 6 72 150 57 84 9 144 7 194 0 99 85 119 134 68 105 32 246 0 157 148 53 117 79 16 86 81 178 104 86 73 8 0 55 69 100 63 165 134 162 156 112 71 61 105 52 91 79 72 27 69 15 135 0 53 126 52 52 39 137 70 76 0 63 109 83 91 72 52 113 47 24 67 181 92 
0 30 60 8 55 140 45 111 12 113 28 0 22 3 95 49 44 78 7 30 0 18 0 30 63 0 17 130 28 155 36 117 199 75 48 93 135 69 82 60 31 68 30 24 21 7 30 0 38 65 41 155 109 143 24 68 117 11 7 83 89 75 69 103 59 61 43 149 25 16 62 105 9 85 33 79 60 18 148 123 73 154 88 73 0 81 9 32 37 95 28 24 21 76 83 28 115 64 46 50 136 17 109 36 0 22 36 33 27 54 106 89 58 157 73 42 18 156 28 20 42 24 120 183 26 15 46 135 30 160 0 61 32 72 18 0 2 50 60 47 80 44 80 258 37 74 90 110 18 96 59 84 32 84 70 36 56 24 3 76 235 134 142 0 15 27 90 93 97 101 67 73 68 67 56 6 58 16 0 43 113 24 65 72 80 54 48 4 50 40 118 21 72 0 51 7 43 134 25 19 53 2 47 55 0 7 51 45 11 53 46 57 49 0 93 20 20 51 144 28 34 113 22 45 21 0 19 85 23 69 46 41 53 70 10 76 25 21 9 0 6 63 9 83 0 111 28 78 68 86 117 12 0 35 10 79 
112 113 96 30 96 8 27 141 49 24 16 9 135 0 81 49 0 105 213 30 15 52 45 117 0 44 105 83 108 10 9 0 14 8 114 36 58 247 117 88 65 0 9 158 56 36 158 27 45 49 62 18 79 114 63 40 101 93 207 139 118 0 68 60 52 117 125 77 12 205 52 222 101 211 72 63 29 66 49 105 84 110 117 75 52 51 153 35 3 15 48 36 112 45 119 0 247 66 42 28 145 22 218 125 0 12 110 104 123 56 18 14 93 89 24 266 56 76 135 32 78 72 16 207 54 92 112 0 18 207 7 21 139 77 105 67 142 36 7 53 0 64 48 18 122 7 0 81 15 107 0 39 9 103 65 46 170 0 151 69 81 53 86 53 165 0 67 36 121 69 83 0 99 123 150 0 149 27 0 28 109 35 114 129 8 154 0 123 0 151 40 91 64 0 114 132 162 103 178 84 129 0 4 42 48 37 4 81 116 12 16 117 50 83 4 84 32 0 115 50 221 77 0 128 102 67 0 129 117 23 6 36 70 16 137 71 121 138 0 62 92 84 100 190 65 157 0 0 0 102 71 7 30 49 28 0 
85 30 66 109 24 6 3 249 86 2 48 60 63 151 44 38 4 9 81 164 35 35 61 18 26 0 69 123 46 55 48 0 121 50 227 15 56 223 81 261 27 79 41 43 162 86 38 111 14 175 164 71 39 128 69 76 63 22 81 41 58 73 45 143 41 132 57 60 0 40 92 36 50 174 73 79 50 147 0 86 105 10 65 70 94 49 85 43 16 100 42 80 9 315 90 84 24 35 63 195 131 82 71 172 106 79 50 186 128 0 53 17 20 196 66 123 83 85 27 80 36 148 61 232 66 120 18 9 42 82 38 68 159 68 130 73 84 0 248 141 54 24 83 123 42 71 124 17 100 22 67 39 118 39 0 25 53 33 82 14 164 106 190 119 45 3 35 49 132 35 0 129 152 41 189 16 9 27 90 1 313 60 0 123 91 134 90 82 142 176 64 67 60 34 162 97 52 81 48 84 122 51 137 12 56 154 90 16 111 124 28 119 12 76 28 0 1 67 56 84 106 37 85 76 84 87 81 61 28 51 20 43 25 191 19 80 60 15 49 38 26 42 123 64 122 151 95 96 18 76 223 88 0 66 146 116 
25 134 121 6 78 47 83 63 20 8 0 32 27 54 81 40 108 58 79 83 110 28 0 213 0 65 72 20 90 93 16 35 65 44 168 53 140 95 124 84 13 65 103 72 63 9 32 114 90 118 194 50 35 0 32 125 38 127 73 29 12 94 6 3 36 72 48 96 46 0 76 46 132 156 74 47 32 32 129 8 72 104 0 142 64 30 0 20 0 136 17 135 27 62 95 104 0 164 101 0 96 0 78 37 3 47 72 55 30 115 0 8 8 72 64 0 6 33 33 0 0 50 81 61 115 63 158 22 72 51 82 61 71 0 258 110 28 135 68 60 65 4 60 62 150 94 88 109 41 45 0 126 123 11 30 27 20 62 129 16 29 74 6 20 93 42 100 76 32 33 141 42 70 0 11 35 40 42 8 80 145 0 0 0 97 54 25 0 18 10 90 48 131 40 77 72 25 91 64 74 103 56 108 42 0 139 35 24 111 169 36 53 42 60 27 42 0 63 61 28 72 8 66 17 98 71 89 53 92 0 56 0 58 36 28 142 29 27 35 45 16 68 0 207 0 119 16 78 51 6 34 2 0 134 50 16 
42 25 56 162 102 40 56 68 84 8 60 8 12 39 48 29 27 0 68 65 2 14 0 27 8 57 68 108 81 139 80 0 50 90 63 84 126 98 75 4 90 33 111 72 54 53 29 112 76 47 45 142 52 56 104 49 96 113 163 13 38 78 81 0 109 60 84 24 15 25 190 11 132 85 142 40 107 0 90 58 49 5 16 56 102 170 29 106 65 80 26 126 48 94 12 48 39 103 63 112 42 23 25 93 28 36 10 67 112 130 68 31 171 141 26 93 61 66 42 44 147 89 110 48 11 122 0 18 23 2 32 34 46 0 34 46 16 37 95 142 170 49 24 116 49 3 130 2 13 32 10 77 60 110 40 0 0 21 80 198 5 137 59 118 50 0 62 34 106 98 124 35 79 72 109 88 52 36 31 21 169 28 54 98 110 4 24 139 42 112 7 6 57 47 68 2 0 4 97 37 85 3 43 108 29 24 54 50 22 22 69 24 28 43 58 22 4 88 108 0 66 20 130 66 31 78 35 11 12 84 53 28 98 48 48 106 81 61 9 38 63 12 121 72 47 113 25 86 100 40 49 19 29 39 9 48 
56 67 18 20 63 66 4 48 40 147 55 57 114 36 95 28 74 3 61 22 97 44 15 64 54 0 4 15 61 54 7 7 61 22 165 14 23 0 5 14 25 28 94 6 22 61 12 28 20 69 48 89 78 88 52 38 89 38 17 19 92 30 2 92 40 73 96 182 0 63 0 59 72 91 16 22 150 35 8 79 14 78 89 17 0 0 48 0 24 80 50 40 3 39 154 0 54 66 26 50 53 6 29 6 79 0 147 12 3 115 50 100 8 162 66 4 87 81 72 27 105 56 32 16 109 0 71 42 53 100 42 8 6 133 82 8 99 10 0 0 7 9 21 122 72 11 30 36 35 14 0 14 61 27 4 77 100 6 16 72 27 65 99 4 17 25 16 5 89 31 56 8 69 70 23 21 68 0 16 48 8 59 114 21 133 108 7 69 0 67 103 32 238 57 81 2 87 83 56 32 73 30 61 35 28 36 111 76 92 72 12 2 15 16 16 45 12 6 23 8 64 25 0 101 4 90 32 16 86 111 20 83 53 107 22 57 115 104 81 14 36 83 0 40 19 50 2 27 0 30 60 46 4 81 66 7 
120 9 69 98 83 59 33 5 32 36 20 30 0 55 58 61 35 121 180 12 80 61 86 140 10 10 144 75 0 35 0 120 232 119 120 89 42 33 62 112 0 106 154 41 0 13 166 0 112 141 14 54 132 194 38 74 72 44 0 100 22 45 36 54 59 55 78 12 44 64 91 4 0 96 43 56 49 123 0 8 65 106 80 31 0 32 18 42 59 131 0 107 41 102 96 3 83 20 115 47 59 0 0 66 0 52 28 32 93 75 134 59 96 162 63 100 0 87 106 94 82 143 126 43 67 82 23 128 90 0 6 18 0 66 46 33 18 95 23 122 16 21 0 57 4 130 33 64 108 110 0 105 6 145 114 36 57 0 30 34 83 45 117 11 94 12 18 92 156 40 36 54 129 21 85 45 77 65 56 82 70 37 95 93 24 82 40 0 36 110 147 98 130 70 32 94 0 212 201 18 149 0 5 45 166 49 7 59 87 44 46 38 0 110 122 0 91 0 158 0 65 173 7 84 101 40 39 37 40 37 47 0 36 37 1 81 66 64 29 38 181 81 38 91 91 138 0 64 0 79 84 0 25 14 0 70 
25 88 16 7 0 49 88 58 60 91 52 153 6 26 4 76 44 15 50 28 115 53 53 235 2 43 28 44 6 70 46 36 0 45 33 16 72 101 83 89 3 112 53 40 27 48 126 63 113 88 24 49 77 92 22 30 40 152 72 108 127 14 24 0 26 63 38 16 42 103 4 63 28 60 36 43 119 109 36 112 71 39 10 15 25 9 113 0 0 121 0 18 21 149 48 14 5 23 59 72 109 118 87 0 60 0 16 14 9 0 74 45 32 108 63 68 5 32 58 7 32 29 0 0 189 64 74 68 73 50 108 56 30 44 0 40 72 25 0 2 76 32 21 60 81 9 32 71 6 38 90 32 123 85 0 94 88 38 97 9 54 92 64 42 75 43 58 85 106 28 48 19 42 27 16 6 49 105 125 94 0 72 19 173 0 25 14 30 16 78 16 63 35 80 21 30 24 52 59 37 108 0 39 114 57 84 63 84 18 0 62 0 46 75 16 24 119 78 14 8 117 60 64 175 108 75 28 71 50 80 12 0 52 76 196 4 73 45 16 92 139 60 116 48 194 154 109 93 34 36 44 50 69 0 130 3 
46 28 18 45 24 96 48 87 10 99 43 91 17 85 50 9 7 11 112 48 89 0 86 51 5 83 90 53 82 3 45 15 37 15 25 7 43 10 47 0 33 152 27 15 164 57 14 0 0 44 144 84 114 135 213 194 54 4 137 21 40 53 18 52 79 105 104 132 2 136 69 60 63 81 6 128 30 72 46 42 64 15 82 148 64 27 22 14 39 24 69 0 36 88 156 0 79 15 21 120 45 18 77 78 75 4 21 66 28 15 4 12 2 60 30 4 30 21 61 87 7 1 105 33 35 39 86 53 0 122 0 26 21 30 38 51 12 8 9 82 32 88 9 87 43 78 0 108 134 20 0 38 29 9 25 4 3 24 13 30 30 57 54 18 70 32 56 0 32 15 18 67 31 64 29 7 88 81 68 33 139 39 134 28 20 87 0 104 34 78 36 2 0 48 81 8 192 24 65 36 165 151 41 9 43 15 58 101 12 6 21 87 0 18 16 147 11 37 30 0 0 0 96 39 6 10 2 63 94 33 72 21 26 48 7 31 26 36 60 17 80 45 35 96 98 94 0 24 0 126 56 18 0 21 7 16 
59 198 124 41 87 135 96 20 100 64 115 97 130 92 90 32 112 109 144 178 55 78 0 26 105 86 55 149 114 170 115 0 61 15 95 57 15 57 259 189 64 77 80 27 91 115 20 160 60 20 57 68 53 109 66 73 44 0 5 35 24 67 2 120 141 207 74 94 100 40 37 73 81 135 0 39 28 136 66 66 130 134 36 165 85 83 24 35 165 40 47 64 31 0 50 12 52 26 120 35 28 96 64 45 147 0 42 87 49 40 78 64 86 108 69 21 109 115 35 149 75 133 82 25 113 112 237 38 157 10 14 142 82 120 184 28 63 35 145 57 43 0 127 101 133 56 64 42 113 131 18 49 154 14 128 59 32 70 158 20 0 70 76 137 0 62 154 40 34 88 99 85 71 121 189 41 54 212 173 80 143 146 53 145 68 49 35 44 7 48 49 108 127 57 287 64 0 25 79 59 147 32 210 81 210 36 49 100 24 97 93 7 16 62 33 136 79 53 115 65 118 88 89 154 105 128 74 28 12 36 81 20 72 100 68 176 108 9 6 16 54 68 18 87 77 154 64 4 79 29 40 70 20 88 73 83 
107 8 112 228 40 70 7 92 104 9 0 78 30 103 61 8 0 59 39 0 75 42 76 164 4 25 60 0 60 23 0 0 77 35 179 44 91 65 0 144 40 100 28 55 61 45 63 10 68 11 43 10 0 22 62 63 109 52 72 184 131 40 0 123 59 88 87 64 125 144 81 13 60 28 50 50 110 32 5 37 0 115 35 80 78 64 20 155 66 234 16 44 33 122 35 24 72 15 0 189 69 54 81 101 40 32 54 20 124 139 76 56 14 40 77 59 84 42 42 36 84 49 63 114 72 38 70 42 25 69 109 80 113 89 42 144 42 145 79 150 0 117 72 157 0 14 88 43 63 0 5 44 119 159 81 10 85 69 164 16 5 76 106 8 99 58 103 85 50 102 0 98 81 109 72 0 1 7 61 172 151 0 52 42 38 123 65 72 45 227 87 0 173 28 48 52 24 60 123 63 98 73 100 74 207 114 52 76 64 104 104 0 22 88 20 0 0 135 140 4 16 136 36 88 95 7 84 70 45 166 0 0 0 42 179 35 162 122 41 80 0 132 49 76 32 120 66 98 44 61 0 117 15 21 40 0 
74 49 64 37 18 5 94 52 21 24 14 12 0 4 81 14 42 9 107 106 4 27 0 30 27 17 54 35 67 94 3 46 0 0 0 0 80 0 0 18 59 18 34 27 30 21 17 18 67 59 21 21 35 2 24 93 20 7 26 8 47 45 0 0 59 64 0 0 14 40 26 5 39 21 14 127 8 0 113 18 12 75 0 129 55 9 105 19 45 57 8 40 81 38 23 15 0 0 56 48 18 0 41 85 46 0 31 38 20 86 16 24 75 82 31 37 29 77 51 56 31 17 40 10 13 6 16 16 0 6 3 40 16 0 94 0 38 55 50 21 86 2 8 54 15 14 32 55 35 12 27 58 3 8 21 0 0 6 12 38 15 48 21 8 12 24 0 18 91 0 18 73 33 103 38 40 25 7 26 6 109 18 0 0 50 47 66 0 3 0 28 21 44 15 93 63 45 24 15 17 15 23 10 16 6 33 71 0 0 18 35 38 6 97 0 48 1 0 1 32 0 8 32 35 3 116 52 7 16 0 35 30 44 35 14 45 56 3 57 42 4 44 4 76 0 2 0 34 72 0 38 15 14 65 29 21 
11 109 15 9 16 0 33 6 49 0 28 17 12 94 20 20 58 6 11 40 131 9 28 90 36 3 123 99 99 87 39 3 4 32 88 5 63 52 74 53 82 133 56 3 65 59 79 81 108 14 48 58 80 36 37 3 30 56 0 110 0 51 12 0 138 79 16 15 36 54 36 50 0 28 68 77 194 171 36 54 25 83 33 63 178 40 45 175 18 105 32 8 62 91 70 47 21 71 11 60 48 15 54 65 64 0 43 72 44 42 140 40 99 88 91 20 15 25 175 93 34 44 47 7 114 8 42 64 35 63 48 12 0 5 55 0 14 5 51 181 28 46 10 46 42 79 70 18 141 32 3 96 15 0 24 16 0 0 129 58 9 27 42 35 23 57 24 127 94 25 6 60 4 94 88 32 135 72 130 74 72 83 15 40 39 62 0 29 8 78 26 28 60 5 206 20 46 3 93 0 21 3 45 54 10 72 129 84 20 31 53 97 3 113 31 65 63 49 42 25 61 30 118 77 69 82 23 17 72 81 40 0 63 20 84 74 48 72 46 59 62 6 37 0 90 63 10 30 65 55 15 56 13 75 0 5 
48 9 40 91 147 20 74 104 227 0 115 8 20 79 133 29 8 0 119 4 30 45 0 56 63 27 28 38 69 57 60 101 72 24 150 113 0 189 13 105 76 42 12 8 126 60 48 8 25 0 109 0 75 105 56 72 49 24 199 0 157 56 15 63 72 76 38 132 128 8 55 72 72 65 94 144 0 6 48 61 57 0 135 118 24 108 105 22 54 91 6 162 0 40 40 53 217 27 156 76 15 0 108 120 6 32 36 63 234 77 100 50 85 54 115 131 86 0 30 72 35 78 83 68 23 127 50 3 88 100 0 63 157 119 96 125 42 123 125 117 48 0 34 21 36 88 96 73 63 171 0 52 99 64 20 43 0 0 67 121 49 172 40 69 18 45 82 74 64 3 0 0 180 53 169 81 156 118 3 113 226 0 126 163 32 89 30 122 110 128 36 36 91 9 81 68 0 0 8 44 72 16 64 97 111 137 54 0 12 24 51 10 60 69 36 119 24 99 158 123 60 25 77 83 98 37 53 0 108 54 99 30 17 49 4 25 57 98 10 75 24 90 88 129 120 36 73 30 124 33 74 33 45 38 46 81 
50 76 40 33 90 54 92 0 40 36 39 87 45 3 63 21 112 52 59 63 110 64 0 93 85 25 54 101 9 107 149 30 155 82 83 0 8 111 92 20 11 198 4 40 28 7 42 2 39 72 0 96 42 45 78 147 62 115 110 154 12 41 58 6 66 40 0 152 12 12 12 48 72 0 97 54 132 4 40 34 15 104 10 70 210 128 63 45 0 83 33 63 111 16 41 51 50 93 61 67 71 93 64 10 88 54 15 90 125 70 154 5 21 0 36 36 5 71 241 22 0 7 25 71 128 70 124 8 43 132 9 79 0 0 21 50 7 25 77 54 69 46 6 126 73 38 164 43 14 124 0 85 74 191 48 24 14 102 91 26 80 5 60 0 118 3 25 36 32 67 86 43 68 89 102 83 74 4 5 18 47 185 8 0 71 56 54 92 58 15 96 106 7 107 96 51 24 119 46 22 3 24 82 20 25 40 62 42 64 54 65 27 68 0 0 48 4 77 36 45 56 68 115 83 36 30 72 45 105 163 44 42 84 16 57 64 72 72 129 69 57 39 0 65 104 49 4 114 61 144 193 32 9 68 85 59 
98 189 40 116 151 58 90 36 64 102 3 32 44 107 26 63 36 106 75 133 15 39 36 69 87 20 93 134 106 90 64 42 0 102 55 140 179 113 19 138 146 233 59 68 109 104 84 79 173 143 121 63 126 129 36 42 28 83 160 275 43 172 47 45 165 40 65 80 14 12 157 119 81 84 159 74 150 179 31 212 87 185 78 51 192 123 0 184 75 110 20 63 59 79 54 30 9 90 115 116 48 67 219 226 57 104 37 102 220 161 101 28 109 184 130 97 141 184 249 4 0 119 0 132 205 93 78 24 57 99 38 184 34 63 149 121 51 0 27 170 41 71 0 86 21 82 258 73 86 138 61 138 28 196 97 24 12 32 48 61 66 191 103 150 126 56 180 106 255 63 87 157 80 190 206 58 134 8 227 47 107 145 38 94 98 98 61 47 52 111 6 153 320 0 87 18 36 63 117 27 170 8 41 0 59 81 38 40 127 88 113 63 102 84 0 28 175 137 0 0 27 87 77 138 93 121 76 90 21 85 76 31 108 40 166 30 141 50 69 52 232 132 129 82 63 177 46 58 71 200 36 45 33 186 133 69 
0 152 64 88 129 47 66 132 40 125 44 45 220 23 15 95 0 9 168 78 43 24 21 24 27 111 40 196 55 21 108 35 80 118 32 4 131 126 127 32 78 180 117 99 92 53 81 149 89 64 57 153 80 52 78 125 54 4 83 0 109 30 15 156 181 64 16 198 8 45 109 124 46 70 83 75 50 68 48 10 117 20 54 120 66 15 82 89 35 30 52 51 45 74 53 30 39 25 92 45 151 92 142 15 37 48 156 81 76 44 6 15 75 85 18 25 90 125 220 0 97 116 47 97 95 94 16 54 54 51 165 123 132 124 155 177 30 16 131 117 102 16 70 118 180 63 50 21 0 81 0 83 60 55 40 31 52 67 125 52 70 45 105 60 0 74 59 0 125 61 0 159 106 66 78 101 60 102 72 29 171 0 63 99 56 25 83 104 185 0 0 138 10 18 121 96 100 60 137 28 0 114 179 117 47 0 88 98 49 64 42 127 0 0 12 38 0 148 110 25 25 75 10 45 17 75 55 68 82 161 67 42 60 51 112 100 93 20 93 73 102 0 78 121 94 197 125 140 138 79 178 78 0 199 114 90 
20 93 80 0 184 116 31 19 48 24 33 7 61 27 6 18 60 28 166 77 81 97 0 67 48 20 75 201 25 54 73 20 113 83 223 92 85 89 91 8 0 80 124 54 46 4 63 58 76 176 36 47 2 84 40 41 21 42 91 25 75 0 42 49 14 24 85 83 39 88 69 67 49 21 81 88 189 107 0 28 27 93 149 128 36 40 44 42 30 110 12 118 79 44 0 40 65 0 49 95 0 125 0 23 79 20 51 174 89 117 52 109 64 126 81 0 42 45 154 13 53 241 35 61 163 183 59 16 81 183 16 92 27 56 21 28 67 8 119 62 68 0 35 74 136 63 78 30 67 27 56 46 19 20 66 34 80 83 173 124 31 56 45 10 111 32 49 16 64 120 35 0 87 70 128 0 69 90 67 91 128 78 83 33 49 115 16 31 0 105 91 174 57 104 38 5 57 130 223 80 11 40 138 113 7 10 63 24 139 12 84 68 33 9 29 103 53 0 56 0 24 102 7 60 78 36 48 73 167 74 39 47 104 16 8 50 46 44 27 67 94 139 1 27 42 117 77 32 71 72 77 52 0 16 70 0 
30 144 34 79 9 88 111 61 64 30 141 2 20 94 97 51 107 47 21 60 14 5 21 6 59 0 29 64 27 114 0 81 139 24 128 119 76 111 65 9 105 67 71 32 120 12 69 57 24 84 53 191 50 27 95 69 7 40 6 26 81 120 156 9 30 206 121 74 90 150 86 49 48 97 9 78 8 177 118 0 94 86 32 73 93 195 21 16 75 172 39 75 18 41 66 104 32 69 138 95 43 144 43 163 71 180 119 132 140 151 4 64 14 111 14 45 54 59 0 154 92 34 96 70 38 2 208 0 6 0 66 75 63 116 134 99 16 6 170 45 21 12 18 127 88 9 103 2 49 140 30 12 47 69 121 100 35 21 34 43 28 63 105 48 72 2 43 11 71 78 43 0 91 24 95 69 81 27 56 146 208 30 160 104 55 22 167 50 42 69 65 0 73 102 45 65 23 63 27 101 107 50 45 35 111 38 6 80 64 17 26 77 54 9 16 0 71 77 48 124 28 26 162 60 25 72 129 87 9 21 34 138 26 4 6 66 15 24 64 66 55 60 122 68 48 72 2 48 0 62 74 51 118 28 105 28 
51 85 61 129 48 86 28 77 80 0 173 92 297 32 135 137 46 86 95 201 28 123 0 147 42 143 216 205 48 83 74 81 67 49 80 63 165 26 78 133 26 69 170 59 10 73 26 63 133 179 126 38 84 45 149 63 72 92 21 46 67 179 94 83 96 154 26 82 2 81 146 28 138 57 164 86 53 195 23 32 163 103 26 66 25 4 24 116 72 77 60 88 40 136 24 80 117 109 10 327 88 72 122 83 71 28 270 117 195 132 54 84 73 117 86 36 75 179 107 135 56 196 108 149 124 154 193 102 0 87 24 36 148 190 13 101 158 34 137 89 50 119 87 96 85 82 52 12 50 132 84 128 23 43 50 6 73 101 173 121 17 69 63 41 164 95 167 170 27 115 54 81 6 94 98 24 51 144 135 41 184 81 54 24 79 123 124 39 164 74 104 15 73 54 270 53 102 135 148 38 116 112 122 171 132 63 134 69 85 210 45 176 0 73 34 186 56 112 42 4 124 41 186 28 68 33 63 69 70 60 138 54 43 155 68 125 81 16 153 143 0 167 7 8 56 29 74 300 95 128 125 27 33 167 49 86 
65 40 0 4 66 35 40 48 81 71 79 6 52 64 159 42 57 36 42 84 23 8 2 4 6 45 27 200 57 42 16 54 29 72 0 24 80 81 12 72 83 66 9 0 195 67 8 59 72 100 0 16 6 17 12 25 24 12 10 15 12 80 86 83 92 0 37 93 2 64 36 111 0 46 54 12 20 10 114 32 8 42 14 86 86 45 5 36 41 30 2 18 8 42 0 30 27 87 51 2 71 104 24 64 7 81 99 136 18 64 37 6 9 0 48 51 57 0 88 69 45 28 30 0 35 4 0 64 33 83 30 54 0 45 125 107 18 0 34 0 44 0 3 36 24 0 15 27 0 20 34 7 75 14 26 22 15 0 0 99 81 36 0 18 0 99 9 66 72 46 60 24 15 80 66 40 121 9 89 2 3 7 0 132 92 42 72 37 0 94 39 84 43 27 6 29 15 24 78 42 9 0 22 82 156 5 0 18 0 32 149 47 21 8 0 76 0 81 2 84 0 4 94 62 45 130 35 81 19 120 9 2 86 74 29 0 96 111 23 24 93 12 16 48 18 113 60 10 42 18 66 0 24 108 40 3 
5 50 18 121 15 20 8 15 64 0 13 80 62 35 28 4 72 15 25 0 88 91 25 111 0 45 70 112 14 91 21 0 59 18 52 0 33 75 28 0 8 78 118 0 47 35 0 65 0 0 0 5 45 60 16 15 126 46 34 87 96 15 80 8 55 31 57 72 20 23 10 32 5 126 31 120 20 83 25 56 48 45 22 92 83 0 20 117 63 226 41 52 50 56 4 89 0 40 18 70 54 19 129 96 25 18 72 63 21 81 136 0 20 0 10 0 0 4 104 33 72 44 0 54 78 54 57 24 0 63 85 35 71 108 41 38 0 81 28 138 72 60 4 53 45 79 76 49 64 75 7 31 0 5 161 0 72 63 43 9 61 12 78 65 100 16 25 42 31 5 31 50 45 121 59 27 15 6 4 61 39 48 81 71 104 18 84 94 19 5 45 34 72 12 51 17 36 0 32 0 58 65 32 16 228 43 5 38 22 72 129 28 0 68 10 30 7 72 89 8 24 5 58 68 14 40 63 107 6 9 106 0 144 59 160 55 54 72 78 74 39 83 98 0 15 8 0 60 94 97 108 0 142 68 41 18 
99 61 0 116 126 36 2 30 13 21 80 57 18 55 70 30 0 57 53 10 46 49 14 78 32 83 6 40 24 48 0 41 4 54 103 18 61 37 54 0 10 182 41 47 40 0 51 0 116 142 0 20 30 30 0 122 0 64 152 16 14 51 88 159 32 33 0 75 8 36 107 0 0 28 30 62 54 42 105 82 68 55 78 43 20 50 30 19 63 116 0 72 32 6 35 11 124 10 108 16 51 62 0 12 56 46 9 92 54 56 29 22 43 56 44 65 114 36 87 83 0 21 16 36 150 43 42 75 6 125 82 24 0 22 95 16 70 0 147 81 74 6 73 93 62 14 12 12 24 36 48 16 138 59 24 42 41 20 198 54 0 45 72 21 109 80 54 21 81 10 93 15 48 119 17 0 51 42 70 14 76 2 0 34 52 22 0 117 15 70 12 25 139 8 0 9 30 83 125 151 39 100 49 49 62 25 0 45 53 90 133 10 22 30 83 10 28 26 0 23 73 21 105 76 103 85 64 19 60 78 44 49 67 105 57 0 10 36 16 13 64 51 2 0 32 40 24 24 50 27 50 0 8 48 123 101 
0 118 32 63 81 40 0 9 72 0 36 0 45 32 76 0 0 12 39 0 30 42 0 71 63 30 64 70 42 51 12 30 79 150 68 21 70 95 42 64 42 40 73 0 91 0 0 81 40 78 0 4 77 48 7 24 6 0 60 37 51 0 30 96 36 0 0 139 36 0 40 60 0 56 58 83 42 80 0 46 7 32 21 36 72 21 0 24 0 106 4 99 0 51 0 51 8 0 32 63 43 0 192 24 0 27 0 67 69 0 20 42 101 75 29 9 56 24 0 9 0 45 0 51 3 23 74 42 83 90 24 5 6 99 62 145 107 0 63 74 0 9 0 2 0 96 51 0 53 69 0 20 36 24 128 39 89 12 106 12 72 5 9 44 0 56 8 41 71 18 25 91 17 31 77 28 42 77 4 16 20 49 43 15 40 28 36 0 48 30 9 85 69 24 59 102 18 72 90 42 35 0 42 146 0 0 35 72 68 63 178 25 0 0 5 0 0 82 60 48 35 48 0 36 147 78 0 0 11 27 35 21 32 57 0 0 42 56 0 32 84 0 36 40 19 40 0 0 75 24 47 9 0 1 14 0 
35 135 5 47 24 40 12 152 49 140 84 58 40 35 45 60 36 93 127 75 24 142 0 71 96 12 51 149 67 104 179 0 57 8 141 153 158 146 44 28 50 151 19 31 105 2 75 57 117 151 34 274 3 180 120 70 18 91 28 126 65 21 33 65 180 62 90 0 81 52 42 227 8 121 119 95 67 72 124 80 10 170 102 110 1 122 20 33 51 72 93 0 9 207 42 6 24 40 86 96 86 198 135 59 78 38 67 41 152 0 117 108 34 151 28 64 159 153 93 76 84 106 0 117 58 96 173 24 81 59 35 0 34 93 148 80 52 0 44 79 72 172 0 27 56 34 31 93 18 188 36 12 55 98 27 44 14 75 38 52 105 79 20 32 0 21 162 129 103 68 119 35 15 85 136 36 164 143 124 81 79 36 162 83 75 9 49 82 14 89 14 98 186 9 163 81 129 24 94 54 46 36 17 185 75 144 29 60 36 27 128 41 90 9 45 41 24 28 91 84 28 30 105 51 28 103 3 263 45 157 8 58 91 161 78 81 163 85 67 84 78 36 179 82 80 40 150 18 36 187 179 53 10 151 131 84 
127 93 117 110 75 78 149 25 15 44 64 47 10 66 15 52 0 52 64 46 95 124 121 197 16 10 40 96 15 120 41 0 5 8 137 51 82 33 154 7 39 82 64 4 63 122 144 45 113 162 45 78 51 33 82 4 25 91 53 88 61 72 5 32 44 50 66 56 4 35 98 76 90 182 71 123 102 45 46 59 19 6 116 12 78 84 20 9 50 45 60 90 80 53 69 120 189 0 118 112 0 90 165 97 68 28 115 98 187 53 43 50 69 0 0 112 48 165 39 81 24 33 59 162 153 78 213 3 27 69 134 62 15 21 3 27 16 36 66 40 80 42 133 82 36 15 98 0 92 125 81 45 0 168 20 6 80 0 52 59 142 49 140 70 222 0 82 15 94 74 70 79 66 76 68 13 72 24 36 30 96 16 0 20 50 52 104 77 66 114 201 77 74 122 24 30 27 40 172 72 93 36 27 107 116 134 0 0 132 15 10 108 8 62 12 18 59 25 18 84 111 117 65 60 87 90 31 38 59 51 3 35 36 21 92 81 79 23 37 126 101 21 118 14 286 74 104 74 35 86 72 21 184 60 126 0 
0 4 0 85 91 3 10 24 64 50 56 28 74 0 54 8 72 0 0 40 0 7 0 57 0 0 31 48 18 24 0 0 0 122 76 30 40 0 100 176 0 0 0 45 66 0 0 16 75 0 23 12 54 10 6 29 116 0 21 78 24 12 67 0 21 0 72 124 15 28 0 0 109 138 2 69 32 64 0 0 0 0 18 27 40 18 0 46 74 62 8 30 64 124 29 4 0 24 0 58 111 64 86 154 50 72 20 64 18 44 0 0 6 24 16 0 9 10 87 18 0 64 0 32 64 64 0 0 0 0 5 40 143 0 48 154 102 0 9 0 30 0 80 113 99 24 40 0 0 36 36 107 90 72 0 6 36 48 46 0 54 53 8 20 0 54 22 92 70 8 0 60 72 4 94 87 21 3 54 64 76 0 0 12 4 40 24 64 36 50 0 42 98 90 0 14 78 12 16 3 107 82 67 38 40 42 30 24 66 0 36 14 10 10 14 0 30 86 56 42 48 12 160 34 118 18 91 0 10 0 12 0 15 122 16 72 32 24 60 40 14 146 12 0 93 74 0 82 54 0 40 14 43 44 30 74 
73 41 35 89 33 54 85 0 152 53 66 47 115 45 64 64 104 41 192 21 117 37 0 131 0 81 43 27 93 84 6 24 60 29 219 45 130 97 60 87 14 149 73 33 61 112 28 136 224 34 6 156 65 43 53 57 30 32 68 125 142 56 60 86 101 93 80 174 84 62 33 40 54 68 156 233 13 4 68 184 163 8 53 156 16 140 177 107 177 133 33 285 51 63 98 86 225 34 134 84 40 14 97 39 88 137 18 44 14 108 167 22 123 145 184 61 54 40 34 93 160 136 64 74 76 140 56 164 151 97 34 45 136 58 62 120 14 90 171 57 49 51 70 111 104 137 148 0 127 54 72 54 193 69 75 65 24 72 28 40 21 50 126 60 46 44 95 72 18 134 32 0 66 60 90 0 48 81 180 74 117 63 0 144 38 124 32 56 205 63 0 73 135 105 45 111 8 101 74 20 3 108 72 15 105 153 216 36 37 27 104 139 142 117 90 72 105 70 51 54 45 102 178 144 56 46 73 19 133 61 76 77 37 108 267 84 114 27 105 64 163 97 127 0 89 71 89 167 120 60 20 88 0 70 0 44 
31 44 0 57 0 62 15 87 49 78 17 204 0 8 45 0 0 0 7 33 139 0 90 8 30 8 18 105 91 0 0 14 105 23 45 0 67 0 57 21 27 93 45 45 153 10 61 0 66 34 0 15 0 93 210 87 0 24 137 16 41 81 93 9 48 15 48 45 0 75 36 21 9 0 55 14 71 4 59 56 4 76 72 69 68 0 105 21 45 24 42 36 0 30 81 0 54 0 108 4 22 0 84 122 14 0 0 36 78 0 59 92 144 16 9 32 82 63 42 0 63 17 83 9 53 25 0 8 0 36 37 6 0 0 27 21 63 80 6 27 52 113 49 101 9 61 18 12 18 16 0 16 16 18 0 32 69 36 62 69 46 18 6 18 98 9 0 55 104 36 0 18 12 83 12 36 15 42 27 99 0 0 73 16 65 90 0 54 24 63 74 15 31 18 12 25 85 70 79 0 55 63 28 61 18 0 0 96 45 96 75 0 9 49 21 12 0 124 6 21 0 36 0 21 27 18 7 89 87 102 9 0 30 0 18 0 114 0 30 207 0 18 21 0 9 8 35 0 0 120 78 83 0 127 63 2 
45 40 49 0 0 65 24 64 70 30 10 38 56 108 91 0 0 20 119 30 6 4 16 74 0 0 63 61 126 62 10 0 75 64 83 75 2 127 102 156 3 8 24 27 202 21 0 21 25 40 4 36 85 16 81 39 6 0 33 3 78 36 105 136 211 0 76 150 0 16 12 95 49 72 0 196 3 177 40 97 66 125 16 68 0 0 0 27 88 77 3 33 0 88 14 106 10 42 0 82 76 128 75 92 64 18 0 122 10 48 46 0 50 15 48 54 131 18 25 113 88 12 15 139 16 31 92 0 0 81 0 27 54 38 120 137 81 15 123 17 15 0 15 124 72 71 43 60 43 145 0 25 75 23 112 27 11 3 18 10 45 0 28 59 0 88 45 51 86 40 5 83 6 10 63 114 35 40 66 130 75 29 14 102 29 62 30 81 44 32 60 56 27 15 111 51 38 4 0 64 19 14 165 25 125 33 48 16 0 87 84 45 51 51 0 0 56 79 40 76 0 0 51 24 28 84 0 72 40 0 9 0 6 32 0 23 0 0 96 0 108 0 33 101 35 181 64 43 51 16 6 140 0 57 150 9 
63 99 147 15 24 54 98 0 36 20 10 29 4 111 59 28 0 0 127 46 91 16 0 136 84 36 28 0 104 90 113 0 36 2 63 6 16 81 32 36 7 169 0 66 104 50 40 41 48 20 6 75 104 16 40 217 38 53 74 24 15 86 71 0 0 39 120 38 0 117 14 42 96 62 24 63 20 50 98 20 83 49 100 75 53 79 47 16 74 40 86 0 24 21 86 34 16 25 5 26 39 13 46 11 45 0 93 182 155 20 54 41 40 58 108 24 9 81 27 8 30 0 87 135 30 41 138 59 72 50 35 106 6 0 53 53 20 35 51 77 65 28 0 54 76 74 72 116 73 76 10 19 39 70 70 16 38 36 110 31 87 0 16 40 144 6 20 15 90 94 62 92 37 70 102 100 0 83 36 0 158 146 41 17 143 53 0 82 21 75 0 27 27 25 77 4 103 44 137 92 32 60 31 81 81 32 90 0 187 30 82 65 0 27 4 32 8 80 6 66 27 40 47 47 23 35 36 179 44 79 78 21 66 35 73 137 23 17 0 28 57 18 104 163 8 0 5 0 186 48 135 0 4 72 118 21 
45 40 103 74 30 0 108 127 30 73 158 68 61 57 23 0 60 0 84 73 93 0 39 18 0 52 0 159 9 120 42 12 153 20 68 24 104 63 120 28 80 80 47 4 59 6 74 62 6 87 44 223 30 88 99 129 126 0 117 18 99 27 49 42 0 65 22 20 0 46 56 56 4 87 56 33 0 40 135 9 46 72 38 153 11 27 18 16 60 31 57 22 156 75 99 30 20 0 8 24 45 63 42 128 39 12 9 199 92 81 30 94 57 156 62 111 71 48 3 22 24 3 175 48 59 82 68 0 14 58 44 87 74 0 100 99 4 45 0 104 125 39 51 36 78 15 59 27 39 0 26 6 9 160 33 0 7 36 79 99 4 45 81 42 65 28 83 47 100 214 0 18 34 149 125 45 0 96 20 149 228 0 40 119 0 54 41 19 31 76 88 123 95 1 109 18 44 54 72 29 76 44 47 0 119 25 63 151 76 95 63 33 0 27 46 0 12 76 89 86 61 36 119 12 16 86 32 16 40 133 33 0 31 38 174 81 78 62 7 70 42 18 137 251 45 63 56 43 135 77 124 32 0 58 56 34 
92 3 23 60 30 105 102 63 102 27 48 50 113 83 72 2 0 18 88 75 16 2 0 38 45 15 35 81 66 30 64 63 147 107 50 36 75 35 98 218 15 0 0 4 131 35 0 9 140 16 12 71 15 63 44 6 93 32 44 112 88 39 26 104 70 38 32 83 28 12 120 21 74 40 12 66 47 53 92 20 108 126 0 78 89 56 42 146 30 81 16 24 64 78 84 50 68 30 70 204 84 107 155 25 175 60 75 138 171 57 115 47 112 117 13 136 54 48 21 139 84 39 63 74 14 138 84 141 30 56 90 58 53 72 30 189 81 20 114 187 192 13 51 65 30 37 28 27 75 192 0 88 94 139 115 45 0 66 117 49 138 105 28 163 50 186 27 93 198 74 30 183 51 109 114 1 6 58 90 43 8 34 135 227 15 64 54 16 20 112 12 66 150 70 128 40 117 0 29 68 119 20 64 116 63 0 90 6 50 51 134 43 74 8 20 25 8 176 218 62 47 8 85 0 76 107 42 36 31 45 2 0 13 99 134 70 92 0 32 70 56 16 102 0 16 151 40 119 102 163 65 121 20 85 129 9 
40 99 21 48 18 0 45 35 24 24 64 14 48 56 15 0 16 0 0 45 6 48 0 39 0 79 21 105 14 81 6 24 169 20 49 72 46 45 101 0 81 56 68 18 54 49 0 48 48 73 0 117 68 30 12 102 18 0 36 36 0 117 39 49 81 85 0 30 64 0 49 0 12 106 0 117 35 0 12 72 28 89 4 24 135 88 28 69 0 0 0 42 0 0 0 98 30 37 0 32 99 6 27 18 70 45 41 111 95 24 126 56 0 86 27 56 30 21 117 30 16 48 46 72 35 14 30 39 90 0 54 0 57 55 90 0 28 18 89 55 48 27 10 87 43 49 14 0 54 72 0 30 71 0 0 30 48 10 0 0 67 55 99 35 0 42 75 36 84 16 48 0 48 45 62 0 63 24 12 78 56 49 84 0 0 67 4 85 16 0 16 0 151 42 0 21 72 0 37 0 84 12 52 0 0 120 63 42 7 60 63 100 0 35 76 36 76 24 0 18 54 0 81 123 7 93 54 0 0 63 94 93 78 111 18 75 72 0 0 0 72 21 7 0 0 45 7 42 0 0 74 0 78 26 30 58 
42 28 43 0 22 0 79 30 131 74 36 12 23 39 22 0 30 56 105 62 62 18 28 94 46 6 61 7 28 3 4 0 54 0 55 0 48 24 51 54 16 150 6 0 46 52 81 15 25 57 76 24 103 34 85 0 99 113 55 49 137 38 18 6 8 66 21 137 24 76 30 36 6 68 28 41 7 40 28 74 74 20 0 24 15 0 18 20 78 21 32 24 138 0 9 46 81 24 78 23 6 24 108 25 46 0 72 67 44 32 36 25 30 15 0 28 6 42 102 64 0 20 72 54 54 8 64 12 14 60 2 43 0 92 28 95 0 20 9 84 73 16 37 87 58 18 0 72 10 16 63 23 0 72 53 8 76 8 66 61 91 63 38 117 46 55 72 75 46 93 45 102 48 48 24 9 81 65 10 72 67 0 42 6 30 44 3 110 4 48 41 68 18 72 81 28 0 6 62 10 63 30 51 76 114 90 42 0 44 18 73 30 81 87 14 28 0 46 48 2 30 38 96 39 0 44 0 12 38 33 28 10 2 27 97 117 18 42 36 20 140 57 18 87 93 18 83 119 50 24 2 51 66 127 36 0 
32 103 0 83 0 100 54 54 78 6 21 34 32 0 0 54 0 42 38 46 22 0 10 109 26 23 0 100 7 130 9 42 14 18 70 43 99 36 35 0 0 77 74 0 7 8 116 0 94 145 0 0 0 3 57 21 0 28 117 14 75 77 0 28 63 72 19 184 57 8 110 68 12 25 12 39 63 36 0 11 87 28 43 86 50 6 56 85 137 42 0 109 16 53 60 57 77 7 118 102 102 47 134 120 0 4 30 72 51 83 50 66 35 0 72 0 12 0 0 40 88 30 33 55 91 34 160 55 0 90 63 56 112 12 71 100 61 54 58 145 56 35 54 78 52 0 0 21 0 42 55 43 42 17 43 0 24 42 128 99 16 24 3 72 141 60 125 56 127 4 96 0 0 37 16 8 71 63 18 23 80 0 56 81 12 64 50 107 24 131 118 20 102 9 29 60 0 15 160 72 34 136 15 32 138 18 0 0 89 0 56 50 0 32 0 37 15 0 60 0 78 62 43 4 21 0 69 20 126 96 0 66 45 0 71 177 31 58 31 22 21 106 24 6 24 47 61 85 135 33 42 56 21 145 93 20 
74 36 7 63 235 41 153 35 0 21 30 74 82 0 88 1 88 27 52 19 104 54 8 110 5 15 10 14 16 22 39 84 0 48 61 34 56 95 8 9 15 80 63 21 23 5 97 12 70 13 80 85 35 119 77 57 20 66 107 62 14 153 112 164 86 2 37 104 14 78 78 61 82 146 56 90 30 56 14 51 78 50 34 139 40 33 7 111 121 118 10 0 43 91 42 89 6 106 133 35 43 20 82 53 15 70 157 211 200 127 123 2 0 67 7 123 35 56 141 65 0 184 40 52 94 111 128 46 66 167 0 107 27 44 80 52 114 40 154 54 38 75 5 139 35 36 0 2 129 106 5 137 104 192 82 106 0 6 45 78 105 75 13 35 83 84 14 51 172 121 44 65 29 155 59 86 48 15 63 45 151 10 60 124 89 150 0 17 66 48 73 16 109 3 24 0 25 112 0 26 74 0 0 0 120 85 15 36 94 64 56 23 82 0 0 40 33 26 23 18 0 8 34 81 63 88 59 0 72 104 30 28 0 96 11 0 131 0 103 12 82 119 72 16 26 5 111 6 5 267 117 74 23 35 238 7 
30 151 70 80 78 26 15 88 15 0 6 27 65 0 40 48 3 51 54 131 102 21 16 65 126 15 73 185 44 194 127 0 18 24 15 0 76 39 105 54 100 253 14 52 92 79 88 6 55 65 0 40 0 27 27 153 75 105 99 20 121 9 90 81 75 35 0 66 7 150 35 128 2 104 136 177 52 80 0 97 61 106 73 51 146 0 79 192 65 15 0 78 48 41 101 67 127 77 86 101 126 70 158 27 0 24 18 83 45 49 131 36 242 24 62 90 25 227 175 55 32 136 48 0 84 49 79 78 20 179 60 73 35 101 7 8 0 30 65 137 132 45 20 169 5 16 74 54 64 56 96 25 27 134 137 9 38 54 92 36 0 35 82 35 115 106 33 38 8 125 0 152 12 142 111 69 104 205 33 58 43 0 32 45 108 46 83 147 110 32 68 40 69 107 109 78 68 130 9 81 68 17 4 88 10 15 45 92 3 48 95 93 0 12 93 56 37 57 56 24 104 50 43 140 51 124 44 0 181 196 72 65 100 109 73 39 0 102 41 74 71 35 124 42 80 69 102 45 0 130 140 9 41 128 291 15 
20 17 0 92 0 125 54 0 32 16 125 133 32 103 85 33 10 36 108 60 63 126 4 103 0 69 54 100 18 32 6 6 28 0 131 42 0 0 24 36 0 51 54 67 33 42 7 60 80 56 6 26 0 73 44 10 0 147 109 75 56 8 13 9 49 154 130 0 8 135 44 35 114 113 89 108 62 72 5 63 48 48 0 21 21 108 35 26 88 50 0 81 0 44 22 24 0 11 25 4 32 0 126 94 26 113 66 50 28 39 98 12 81 168 53 0 0 30 34 63 86 49 29 4 53 34 55 68 61 40 4 30 0 58 52 150 28 42 104 0 18 55 3 107 0 27 40 12 84 40 55 33 76 52 8 83 63 148 15 12 119 65 88 35 67 28 10 75 16 29 5 0 43 0 80 25 10 80 3 8 190 113 33 71 32 110 127 114 0 72 24 48 0 135 142 58 0 4 34 54 48 47 74 132 43 65 45 46 75 24 38 31 78 49 32 57 8 85 52 6 34 32 82 38 45 0 46 57 6 4 71 21 63 170 39 4 106 30 104 273 31 40 24 0 105 40 55 40 20 58 35 36 38 101 58 70 
55 107 105 48 30 45 70 30 24 16 45 82 3 48 42 14 13 60 134 72 9 81 4 45 5 22 6 103 30 78 42 24 21 52 56 33 43 0 81 123 97 3 12 66 59 18 14 10 37 54 6 94 37 34 23 31 0 50 18 29 29 102 22 17 126 32 48 94 19 4 59 49 0 58 195 83 108 24 16 44 63 36 35 130 120 36 66 99 24 35 42 87 0 2 106 0 56 15 48 2 38 5 103 3 28 25 59 88 42 118 39 58 45 40 113 30 57 97 86 110 54 72 57 54 77 36 115 121 90 1 24 45 45 48 238 96 8 0 38 18 0 29 38 72 75 1 72 21 15 12 39 64 61 7 79 0 31 101 18 44 9 35 14 0 4 0 223 27 16 93 69 54 38 96 93 40 48 69 15 3 56 81 52 30 22 37 63 79 48 45 62 43 104 0 105 36 0 40 59 0 66 38 9 89 0 15 20 6 0 46 107 29 8 23 9 63 74 21 65 6 52 144 39 117 32 58 48 71 46 48 0 44 81 109 15 92 73 48 30 122 90 34 43 15 23 67 21 54 35 48 38 39 15 119 0 4 
0 20 32 0 56 0 73 168 15 37 32 34 32 55 63 0 22 97 106 21 12 48 9 187 6 45 103 90 63 81 0 22 159 122 45 68 82 110 75 8 0 54 227 8 42 49 9 6 72 150 50 117 84 40 48 87 0 71 4 24 12 109 117 202 89 32 2 151 0 12 75 6 43 126 79 70 65 0 27 24 39 60 16 128 4 50 48 69 90 114 0 84 12 138 35 49 44 60 88 5 180 15 16 28 4 4 9 139 72 52 16 24 26 123 42 0 27 153 64 48 68 112 112 117 99 40 48 63 124 36 8 35 64 0 98 75 102 16 46 114 0 0 20 118 42 84 48 141 0 0 54 75 86 42 70 68 0 20 63 77 63 129 134 4 0 42 0 62 28 19 46 0 76 12 30 89 31 20 18 117 56 0 10 0 30 137 32 66 2 70 10 48 46 20 47 8 22 99 148 18 15 29 90 0 91 15 0 32 81 64 48 99 22 17 20 0 16 21 110 18 45 66 35 10 8 37 46 0 98 7 40 0 86 63 75 68 101 48 51 76 84 143 0 149 13 193 42 14 86 88 160 0 21 120 128 58 
103 83 21 94 11 25 33 36 16 86 121 105 76 152 87 112 85 70 137 60 82 18 118 133 20 21 0 72 76 141 33 18 107 12 18 81 101 98 81 37 8 50 162 9 124 2 94 33 78 184 0 171 105 103 123 181 172 52 107 84 142 52 128 0 11 48 107 109 0 169 109 65 30 32 60 178 24 52 159 137 182 47 64 308 75 77 99 2 62 94 15 89 136 129 158 97 85 4 23 90 89 131 50 123 209 74 29 348 116 130 84 69 118 70 65 59 51 205 9 57 96 167 140 58 120 62 40 0 105 120 81 157 107 71 146 0 121 28 49 215 7 44 110 71 62 16 120 43 6 0 64 106 42 63 91 42 15 93 63 32 77 8 103 46 113 0 59 119 129 138 110 107 93 91 86 23 21 145 81 60 125 63 112 89 77 111 202 17 36 98 39 116 22 30 76 12 137 118 152 48 97 66 31 121 146 26 36 64 125 40 121 107 0 44 57 0 21 59 132 16 113 60 104 121 31 147 122 111 108 92 17 65 0 63 304 122 140 44 78 0 234 184 187 73 56 32 59 42 96 94 77 40 39 26 33 29 
13 85 7 72 33 3 15 63 35 60 76 92 9 27 138 35 0 10 165 36 56 2 0 72 18 24 18 18 5 55 93 6 107 55 147 50 2 42 18 12 0 141 64 0 122 5 7 45 48 15 64 66 33 39 25 58 76 38 94 26 31 60 59 4 38 178 27 104 0 25 61 25 0 91 59 77 52 7 62 70 111 63 51 61 72 17 5 0 0 68 29 5 50 77 84 35 7 0 54 41 106 14 58 106 89 0 30 78 10 38 93 46 27 96 83 27 0 67 79 51 63 17 0 73 15 58 109 76 45 15 18 25 75 14 31 49 6 0 35 10 87 54 25 76 146 0 95 58 69 72 54 25 13 0 63 0 0 31 14 132 15 69 107 44 64 12 9 67 120 54 54 75 64 7 31 0 0 24 0 34 50 96 41 27 36 0 55 24 7 80 39 93 38 0 17 6 86 12 18 42 38 45 0 0 63 37 94 15 29 90 47 24 5 54 13 0 63 51 17 0 42 43 36 9 20 15 97 4 42 156 61 7 26 98 117 0 21 79 21 48 58 60 50 21 21 4 9 28 24 35 60 20 8 48 45 64 
0 49 0 0 119 63 21 0 24 0 0 65 0 0 0 28 40 0 14 30 72 0 21 48 98 58 21 128 126 138 38 35 34 15 42 0 49 59 60 0 16 0 49 21 4 6 24 7 14 3 47 36 24 39 106 126 27 0 59 69 111 51 70 10 48 137 21 103 35 6 6 87 145 7 0 198 20 6 0 23 45 0 10 46 28 81 0 26 2 47 62 48 80 66 81 56 0 0 24 26 16 26 77 60 72 72 28 18 57 30 60 123 144 8 21 0 0 15 0 49 0 107 104 0 48 151 105 72 0 86 4 30 75 84 42 21 48 24 21 48 3 29 37 0 43 2 152 14 69 84 0 56 18 73 0 0 23 79 56 72 38 0 30 12 20 56 61 73 26 40 42 4 22 72 56 0 119 123 9 87 29 28 27 24 12 49 60 8 172 92 39 28 120 98 77 24 64 4 118 15 92 65 64 15 3 73 2 6 6 38 27 0 0 15 26 61 0 0 47 28 76 15 144 12 69 23 97 66 8 4 54 0 10 35 45 60 123 21 12 30 18 54 57 68 83 18 0 18 30 58 0 71 4 43 0 40 
98 0 0 111 148 85 56 20 111 37 0 90 84 24 83 14 26 41 54 14 63 0 0 38 35 0 2 58 96 0 206 63 34 78 112 15 35 132 113 18 5 49 0 0 51 14 36 52 24 56 81 111 0 197 90 68 14 37 58 104 55 49 114 73 124 130 125 121 29 27 122 70 24 0 16 27 90 5 121 91 27 47 53 52 57 107 4 24 93 159 66 35 0 51 28 39 0 18 114 82 51 146 90 64 30 3 37 52 88 185 113 100 151 80 63 64 12 70 116 62 156 74 118 18 32 79 74 36 104 16 16 16 7 50 87 84 29 64 91 44 155 56 45 145 40 30 29 20 25 72 7 72 72 54 2 36 20 0 185 226 83 61 12 134 0 30 35 73 93 8 54 39 77 63 69 14 24 83 10 83 35 24 160 89 12 68 0 111 14 25 61 20 164 48 0 21 49 24 221 58 45 132 10 153 65 131 138 75 83 82 4 102 14 54 53 8 6 68 114 49 80 36 157 67 70 61 111 81 44 125 0 53 43 21 0 0 39 27 21 42 36 50 78 118 99 70 42 4 54 114 64 91 0 113 53 145 
35 39 18 45 90 75 0 0 90 0 42 8 38 27 18 56 30 8 114 40 73 60 0 86 53 15 75 0 70 20 6 0 49 0 115 63 136 20 83 9 60 121 53 0 21 85 72 35 101 34 78 56 32 21 45 36 108 0 0 0 36 53 0 14 108 146 38 53 56 78 24 144 36 97 105 64 70 90 0 45 27 63 83 69 0 29 0 9 0 48 0 50 40 15 6 58 70 16 0 46 3 97 9 10 107 0 141 0 28 81 5 8 0 59 12 49 2 40 16 105 66 0 0 67 43 44 53 22 93 10 12 50 0 109 27 45 0 54 55 0 56 81 14 58 91 24 30 45 20 63 0 3 7 0 22 41 85 0 158 25 68 5 0 81 0 24 6 5 42 94 63 56 55 24 39 0 39 57 87 63 64 34 42 152 64 30 111 27 14 8 18 207 0 81 162 42 54 5 72 20 20 48 72 0 40 0 0 9 114 21 77 5 60 33 40 28 18 79 65 93 18 82 0 4 0 0 4 3 18 9 98 0 0 40 63 0 2 3 42 35 0 42 0 0 4 81 59 36 12 45 44 58 10 0 5 43 
35 11 56 64 58 116 111 30 18 0 36 60 24 45 62 0 0 6 89 100 30 98 1 117 46 84 31 105 7 127 86 56 77 8 0 5 83 37 65 8 67 6 104 63 60 90 12 16 90 0 0 0 0 6 85 63 20 8 56 32 24 20 21 9 0 75 0 15 5 67 24 12 88 111 42 34 0 16 100 16 106 96 31 15 66 144 44 68 29 50 25 127 15 110 57 0 27 93 0 149 36 2 134 0 36 6 33 30 40 8 93 0 67 126 25 12 20 78 48 53 0 91 116 0 0 67 36 120 16 58 27 37 0 48 16 45 14 156 41 59 195 0 30 227 6 24 32 73 84 90 0 3 75 22 28 35 0 0 21 36 78 182 36 42 20 120 39 36 18 47 6 50 7 24 24 35 45 86 0 27 99 20 24 0 41 24 0 76 4 78 40 72 25 42 131 82 80 32 9 81 83 0 86 15 64 39 49 54 35 0 6 45 14 14 75 30 18 49 86 58 24 0 18 38 26 106 21 12 64 15 107 5 21 97 23 0 88 72 0 12 30 0 63 87 38 0 68 110 63 79 24 30 16 112 155 45 
109 97 35 111 42 70 10 58 66 33 86 8 67 157 4 17 6 24 94 37 81 22 64 45 17 0 117 92 77 177 93 0 48 51 20 81 105 3 105 56 0 39 100 45 14 77 60 14 116 95 102 0 48 63 85 0 30 71 34 148 1 90 23 175 171 12 96 52 16 93 203 108 100 83 65 160 193 104 36 71 8 188 12 34 25 37 38 153 55 129 41 8 15 49 10 78 127 49 77 12 96 44 0 73 157 7 22 9 88 148 74 21 7 74 127 32 96 23 72 81 54 148 42 30 42 108 129 16 99 18 150 118 74 32 168 132 14 44 123 226 8 18 48 24 6 34 94 16 15 0 48 151 49 86 73 71 42 29 20 40 48 27 160 25 44 32 114 81 99 161 87 16 74 18 198 32 21 21 72 13 143 40 80 1 69 66 32 86 16 40 74 80 54 72 74 2 36 33 126 0 130 28 103 144 61 100 42 40 80 36 39 117 8 25 4 49 48 24 129 0 22 119 65 48 3 96 144 77 65 39 24 29 12 2 96 36 176 0 141 65 153 72 20 72 38 126 91 40 6 0 51 55 76 28 67 0 
96 63 94 139 65 99 0 6 92 48 123 25 94 66 39 98 54 21 36 247 57 40 68 33 127 60 51 118 144 2 26 0 17 0 166 47 42 24 80 119 25 63 68 96 33 211 147 86 71 69 0 60 99 104 5 20 66 14 21 30 56 75 64 72 16 52 162 121 42 132 46 81 76 85 9 115 248 245 75 36 20 25 98 54 61 134 0 72 182 73 21 74 30 70 124 146 88 112 63 109 81 36 139 99 48 125 68 52 128 126 57 64 18 98 0 27 218 89 91 2 169 121 42 73 187 122 79 0 48 99 108 36 0 74 36 47 157 0 317 35 15 0 147 144 64 49 117 83 18 150 32 95 150 52 89 37 67 45 153 135 80 71 95 51 8 76 16 9 126 69 41 40 99 1 167 51 40 18 163 94 313 81 40 0 130 45 81 123 5 186 101 164 186 49 110 56 28 6 151 16 15 102 174 110 85 78 119 0 78 138 0 127 8 91 21 2 86 45 52 32 99 60 104 33 81 103 16 95 32 118 15 12 18 73 51 45 87 46 134 36 105 96 66 0 179 229 70 89 66 14 92 0 0 61 75 103 
91 100 119 68 209 108 51 18 119 24 108 57 0 37 108 88 41 34 76 26 60 132 49 70 15 72 20 158 88 171 123 63 44 8 53 29 123 96 142 27 51 172 163 58 101 84 0 147 111 63 103 89 137 143 22 193 72 66 173 51 78 192 145 56 120 64 24 73 31 8 90 56 0 136 36 189 95 56 156 96 45 87 21 54 7 124 45 15 21 85 34 122 80 28 30 164 96 60 53 109 20 59 161 112 63 41 33 69 71 119 123 41 136 64 27 56 89 36 99 27 48 42 88 78 198 155 84 66 75 153 68 112 6 5 21 93 76 160 195 66 243 42 47 100 120 149 204 20 56 16 9 70 69 110 97 29 98 95 108 148 34 105 67 116 101 63 58 67 102 31 133 152 70 117 42 53 94 86 175 42 144 162 17 99 147 25 51 129 94 187 82 142 55 114 71 35 0 77 111 57 114 51 29 72 36 125 94 45 33 106 152 92 50 25 72 91 105 98 18 26 120 0 221 129 60 127 36 14 47 67 164 0 63 106 227 7 53 48 28 23 35 63 104 122 102 33 24 84 109 55 35 28 57 0 21 94 
38 34 87 79 54 140 0 22 145 24 20 15 67 107 95 39 66 16 117 78 6 22 0 114 0 137 264 63 86 52 12 8 5 56 209 51 56 33 95 41 36 41 43 95 60 111 0 75 128 69 48 0 92 0 29 16 38 32 26 128 30 43 12 0 72 63 90 57 42 48 19 39 126 68 58 92 131 117 12 43 85 114 0 66 18 114 16 102 0 147 85 151 24 36 0 98 4 28 14 124 64 89 92 68 119 83 5 12 44 16 25 0 22 85 20 0 58 98 6 7 104 160 0 65 98 219 119 116 16 24 97 78 39 76 27 50 14 45 193 91 75 81 60 100 61 69 57 96 94 53 0 18 49 57 36 55 0 45 72 2 71 69 91 121 66 71 49 18 9 58 0 14 0 18 116 0 0 24 191 81 96 49 0 81 78 118 6 66 10 77 40 124 27 89 173 99 3 10 0 45 76 129 243 72 28 81 72 24 13 15 42 69 62 97 41 54 51 112 54 42 30 40 149 0 27 30 12 102 41 40 80 27 39 54 121 57 117 71 0 56 54 93 79 56 60 113 83 100 53 100 50 84 16 46 70 29 
92 20 64 180 42 95 54 206 70 87 41 45 56 41 32 12 78 33 99 207 74 197 170 60 108 81 49 87 161 29 44 78 164 48 156 32 95 68 81 24 77 150 86 24 55 70 54 42 128 70 36 115 187 115 172 107 116 91 66 57 16 141 76 159 46 92 14 86 14 62 10 62 0 58 195 102 57 77 160 140 136 118 99 128 72 0 160 128 75 40 7 116 46 80 77 0 81 52 241 147 80 43 75 249 129 66 60 106 138 112 118 96 178 90 12 187 79 225 11 90 88 147 105 171 88 80 68 77 108 76 107 58 132 101 113 134 90 163 66 181 79 152 70 88 54 67 148 44 58 193 51 116 96 153 59 150 12 109 48 32 107 35 101 62 62 151 21 122 224 160 0 122 12 60 160 0 88 169 120 28 158 47 113 147 217 41 84 62 138 126 65 58 79 199 236 84 40 97 91 118 176 0 130 63 109 147 14 58 49 104 131 55 18 79 98 49 102 28 52 3 105 124 76 54 107 390 0 85 20 24 12 37 161 105 73 0 125 34 115 111 38 18 70 16 58 102 29 76 66 75 48 35 51 153 186 140 
72 76 57 256 88 151 49 49 82 100 116 48 0 51 76 72 114 32 0 91 33 76 28 293 168 62 69 126 79 289 68 72 159 54 162 96 46 62 106 168 51 37 96 39 34 19 12 4 26 134 96 43 0 51 18 119 102 46 105 96 63 36 1 60 113 56 176 0 59 32 88 107 98 205 35 119 36 144 124 84 93 142 12 46 74 310 53 88 62 82 56 119 25 115 45 105 36 115 97 195 51 142 190 199 83 108 154 49 216 196 18 34 24 62 34 36 43 131 11 41 99 95 97 135 246 180 96 110 64 82 16 54 118 37 66 88 0 98 39 48 84 60 124 116 112 13 102 84 136 44 78 182 145 60 0 105 32 87 32 4 60 21 135 85 80 50 88 96 101 110 69 27 253 56 94 78 54 10 41 91 141 31 56 75 143 98 66 72 12 147 129 82 82 67 56 53 11 86 225 61 188 59 23 88 47 144 8 51 81 46 9 0 26 97 18 105 38 78 162 61 72 50 172 69 62 60 147 79 51 12 130 7 20 82 8 4 80 84 27 63 0 64 48 74 121 109 90 24 81 68 63 64 84 52 169 108 
47 159 79 172 97 3 10 49 83 30 156 82 81 146 121 185 55 14 170 110 92 30 73 40 100 68 109 162 126 75 116 8 53 48 41 33 143 144 221 72 29 91 60 79 40 170 100 26 60 49 78 217 186 108 60 96 13 23 99 18 14 61 27 76 37 41 78 153 0 100 90 116 28 148 56 190 134 160 48 10 84 35 0 155 32 122 178 133 132 72 67 61 126 79 199 74 37 123 71 86 225 6 17 135 1 27 96 210 119 22 66 8 138 9 99 130 15 187 72 28 108 73 56 165 208 220 55 0 122 88 113 118 125 140 262 164 108 32 77 80 18 31 9 100 68 24 69 5 115 20 48 88 174 31 38 72 62 10 45 25 51 180 110 60 8 1 215 69 72 144 54 30 54 60 168 72 47 212 265 165 138 104 104 76 33 69 98 134 143 42 36 184 100 20 160 126 64 83 131 0 163 0 87 72 59 54 0 151 114 121 77 170 54 97 39 0 114 18 83 22 151 92 84 107 44 218 50 90 9 80 34 63 37 123 241 97 33 31 67 62 146 66 116 42 205 189 9 119 68 33 32 31 21 45 30 22 
57 101 72 50 81 66 42 144 73 56 0 48 108 83 65 0 62 87 114 10 127 162 21 71 0 0 0 36 239 115 138 0 90 0 96 8 191 71 40 188 4 107 28 32 140 81 125 0 95 44 150 176 28 48 54 91 63 23 28 0 101 90 48 172 12 81 99 112 6 9 72 133 45 166 79 116 70 0 145 169 55 56 123 156 144 18 99 72 57 155 90 74 107 42 54 81 29 0 100 70 100 16 4 80 96 0 54 125 164 42 30 64 107 81 56 52 116 199 42 83 64 291 128 0 81 79 137 36 126 0 61 206 51 24 49 99 0 0 71 41 104 4 137 158 78 125 57 0 38 65 6 79 145 65 0 0 0 52 176 0 157 40 57 65 42 96 74 22 44 185 36 61 79 81 40 0 0 178 33 108 60 117 85 16 40 42 8 155 36 6 68 54 43 60 171 72 64 56 90 79 16 128 113 137 177 69 54 60 153 36 39 66 0 0 128 146 18 74 66 108 115 116 40 63 60 105 136 63 102 170 35 16 8 81 64 0 88 45 0 102 0 0 66 42 184 82 127 16 60 44 90 0 50 29 206 2 
130 33 136 63 33 8 9 42 42 4 10 44 0 35 9 0 0 77 52 27 58 28 75 72 43 15 63 0 26 39 104 7 56 0 47 98 52 38 8 125 0 117 8 24 45 6 37 66 48 70 24 67 54 22 27 110 58 20 0 63 35 29 32 12 0 76 35 0 71 41 10 25 30 87 16 45 28 0 31 52 98 157 33 129 0 66 77 101 7 63 15 0 2 7 24 35 199 21 94 38 110 0 24 87 91 18 3 49 52 36 63 55 63 20 55 213 36 112 6 0 68 0 44 0 26 50 46 72 12 9 74 9 66 64 50 0 65 40 3 97 0 61 28 45 5 7 22 38 0 98 34 36 0 57 137 49 83 54 5 28 44 68 126 0 81 0 14 26 73 62 30 108 5 18 83 25 63 65 48 120 66 4 85 42 55 8 64 51 20 36 140 37 62 52 30 0 81 44 88 6 63 12 7 36 81 71 20 70 24 32 6 48 0 7 0 0 0 73 1 60 77 202 5 105 24 73 16 18 40 85 0 7 14 79 140 58 41 0 20 18 8 33 85 49 55 67 75 84 28 64 45 0 0 12 43 0 
0 41 103 103 54 60 47 16 14 1 54 84 52 90 103 0 24 16 68 24 87 74 5 58 0 6 166 71 13 41 0 42 113 70 145 38 76 15 55 64 5 70 103 55 57 20 111 5 52 115 35 41 6 38 40 1 16 55 68 51 0 20 37 98 7 101 41 66 22 172 150 24 88 27 10 120 3 23 20 0 40 44 26 44 59 104 4 70 81 40 6 33 0 59 15 57 27 9 74 40 39 0 54 92 44 6 91 5 73 91 33 66 77 158 52 0 22 145 49 12 87 132 53 84 84 67 171 35 79 44 22 29 40 24 85 107 50 108 128 114 32 66 56 122 74 125 42 8 64 24 40 84 72 42 58 116 78 63 148 20 42 13 74 9 68 62 71 67 121 63 12 0 0 59 4 0 0 0 16 70 131 40 9 13 98 89 79 5 21 33 83 32 132 34 73 124 16 110 107 85 72 21 86 1 72 11 0 42 119 88 66 20 2 33 29 19 7 116 41 0 17 64 10 28 100 45 59 32 61 0 56 12 40 61 0 6 75 4 71 72 38 5 32 28 64 94 19 10 120 78 138 10 25 26 72 19 
185 0 77 136 108 2 29 128 98 105 124 94 21 0 15 8 117 107 14 23 132 102 154 60 35 36 113 96 18 33 39 38 13 0 84 48 57 111 60 120 36 209 3 36 150 35 34 47 0 57 131 20 71 140 89 160 88 106 81 111 3 125 24 99 130 12 5 71 76 68 115 15 7 86 24 49 72 21 87 60 54 26 241 97 2 23 88 61 118 37 0 116 0 15 88 0 186 44 65 59 47 59 16 228 6 46 16 98 3 159 56 2 79 17 71 139 30 70 0 69 54 9 0 99 78 152 47 48 69 69 8 35 51 46 83 20 0 30 25 6 60 113 105 208 83 65 66 26 52 0 60 43 43 140 36 68 14 62 35 73 6 0 81 35 136 135 18 54 108 187 41 144 24 132 132 35 86 68 136 87 18 51 49 137 89 141 115 113 140 75 183 102 28 61 105 56 28 14 111 64 204 73 69 0 241 66 1 56 0 94 62 66 15 69 96 49 71 54 64 99 16 87 145 0 24 231 15 42 70 201 7 23 96 43 0 70 67 63 23 45 80 40 41 62 234 123 0 19 49 235 98 72 45 49 152 28 
54 9 114 21 6 38 103 43 38 4 25 31 0 9 12 7 48 30 64 51 34 142 63 170 4 12 40 132 121 116 59 12 180 0 0 96 63 0 20 54 68 73 56 9 36 0 90 81 96 69 30 136 97 6 102 63 0 65 118 45 31 18 63 0 48 107 45 24 62 100 45 23 0 12 71 35 42 56 73 16 40 51 76 90 38 42 14 92 42 49 37 43 0 90 43 114 60 14 106 90 20 88 53 157 73 0 26 109 141 36 52 100 95 38 40 58 27 0 59 115 74 193 56 30 122 64 78 52 20 12 24 40 3 42 81 93 18 36 49 18 247 60 4 64 64 4 84 0 36 113 36 73 105 8 9 26 0 148 92 45 24 0 24 76 30 42 43 27 124 30 0 0 23 12 41 56 8 88 51 60 114 12 150 0 180 16 44 112 12 72 62 12 175 9 93 32 31 8 48 78 25 38 0 148 64 56 36 24 0 64 77 15 0 114 12 15 126 91 102 60 18 42 159 54 0 122 5 24 0 43 37 0 56 25 35 12 16 6 12 91 166 18 74 165 17 162 24 30 28 32 153 18 104 94 0 70 
42 17 4 102 0 96 26 0 98 71 62 74 32 42 58 9 18 15 43 55 90 90 15 145 42 0 21 112 5 31 71 0 114 0 98 14 53 91 103 28 58 107 22 47 12 0 57 8 24 80 0 68 14 46 69 45 0 0 25 14 24 34 72 9 88 56 20 43 4 16 56 54 25 33 25 51 54 10 0 64 2 76 3 77 14 56 0 14 83 33 58 92 73 39 25 35 57 49 0 27 0 114 57 15 40 0 18 105 92 26 7 47 94 0 102 71 23 68 88 80 0 5 89 79 30 24 59 14 0 62 0 13 0 17 44 48 0 16 8 0 67 29 5 4 62 18 141 84 56 35 24 4 83 33 0 84 97 54 89 43 56 6 14 8 43 58 26 25 10 19 15 32 118 50 65 84 14 41 0 59 65 101 37 0 7 2 37 0 0 27 42 149 30 109 0 53 70 3 180 28 57 86 20 33 59 5 28 35 92 18 91 36 43 0 23 62 10 48 62 82 36 48 67 27 0 4 98 83 0 0 39 0 99 117 20 0 96 6 33 58 8 0 1 40 68 76 0 64 0 21 63 76 0 95 143 39 
71 92 34 79 25 35 20 203 72 32 32 77 16 0 24 46 0 16 45 58 65 22 22 99 35 18 4 22 68 14 2 0 128 103 40 0 213 47 92 48 0 102 20 48 123 35 118 86 128 77 40 124 87 40 149 88 4 14 53 32 89 94 94 142 107 99 54 86 93 43 12 109 0 0 14 98 58 72 144 44 24 36 29 59 0 0 33 95 182 184 14 24 0 0 107 67 16 43 50 17 79 0 84 28 0 21 40 92 87 76 18 133 14 12 50 0 64 48 0 38 38 24 184 121 32 42 139 0 18 80 50 8 86 12 172 107 40 92 90 7 74 171 42 137 69 16 64 32 62 86 0 21 74 14 22 40 25 20 63 45 84 34 88 48 73 50 18 46 37 93 21 0 49 49 41 33 0 63 132 41 56 20 42 3 60 53 6 54 79 84 16 35 153 9 33 60 99 58 104 51 112 0 59 74 49 89 0 138 55 96 25 52 4 78 62 10 22 8 159 24 39 44 47 35 148 46 65 105 4 136 0 62 1 66 48 40 122 2 20 43 56 100 87 140 91 76 57 18 4 23 81 78 32 44 88 16 
81 56 72 2 27 28 101 9 16 21 56 0 16 14 90 36 0 45 15 108 100 0 42 151 45 2 0 32 23 73 0 49 0 28 126 70 114 69 34 0 0 56 108 64 79 6 52 0 18 38 35 15 8 105 75 64 47 126 14 14 45 27 76 20 24 77 88 72 63 207 73 0 175 81 63 77 40 15 111 0 20 77 50 53 24 14 0 18 0 128 0 0 25 101 7 49 22 0 32 37 68 20 66 0 115 8 99 50 78 18 56 25 0 92 12 28 40 82 35 0 0 27 49 99 141 30 193 28 72 75 72 0 25 20 50 46 28 52 47 82 0 45 86 121 4 81 120 134 27 121 49 89 72 56 42 55 34 0 54 32 77 84 0 49 67 0 2 150 126 75 141 59 21 39 21 23 0 28 0 96 237 76 63 56 147 68 35 43 0 63 9 0 67 61 40 80 127 44 56 18 116 0 81 120 65 105 0 32 211 32 56 86 0 0 63 0 0 34 135 15 33 24 107 29 18 0 0 99 25 0 59 27 0 84 35 0 114 18 55 20 71 172 30 75 160 42 14 90 28 3 0 0 42 0 0 16 
42 51 49 82 51 2 0 91 49 0 20 0 98 17 96 91 24 18 60 106 0 84 70 58 38 0 77 97 26 131 0 9 43 0 33 12 27 81 72 56 16 6 34 0 3 0 14 80 30 35 38 98 19 0 2 29 0 5 30 34 11 75 58 0 81 169 42 36 34 74 16 102 9 0 127 133 169 28 12 0 31 14 18 27 94 90 70 74 21 67 16 17 11 57 18 78 45 14 66 118 0 12 24 102 0 0 24 42 70 92 3 10 56 128 99 49 40 72 98 38 20 59 15 114 105 71 140 32 0 53 7 0 64 57 141 44 16 0 152 35 56 0 0 68 84 51 84 58 39 19 9 0 5 10 10 10 16 21 79 12 33 12 2 17 0 0 115 2 15 32 18 0 3 15 36 22 42 37 83 84 131 0 70 12 41 61 64 109 103 30 21 20 119 49 102 80 37 31 12 2 77 19 91 49 47 104 53 89 49 59 27 154 0 0 0 35 48 28 25 0 56 147 65 5 74 66 38 6 30 84 44 0 88 0 55 63 16 18 110 19 48 55 5 0 46 21 72 42 28 41 175 12 88 76 0 0 
20 92 228 108 68 86 81 121 0 94 71 46 22 9 112 52 32 24 19 135 106 44 88 127 54 10 123 66 125 0 19 91 36 65 128 33 151 93 69 63 60 75 59 90 127 47 82 18 117 124 59 30 38 29 162 93 87 27 89 76 21 42 66 21 84 199 80 188 14 168 87 98 45 142 93 207 44 40 65 111 149 84 72 157 150 69 37 5 84 137 49 72 63 43 113 118 43 0 173 93 90 60 154 113 57 0 88 94 194 106 0 34 96 108 115 3 54 217 83 148 212 161 129 107 71 57 261 126 27 73 45 103 225 30 177 93 18 14 109 119 18 6 67 177 286 112 62 39 76 121 0 36 9 8 46 6 54 58 216 57 137 0 7 24 117 14 96 129 18 50 89 50 48 0 138 56 90 81 54 121 279 36 105 25 90 55 81 48 65 14 9 90 48 89 193 250 0 92 108 48 185 99 321 41 137 64 42 10 108 0 36 0 0 27 170 0 92 68 164 0 113 103 117 16 64 74 57 113 185 81 62 54 71 67 21 180 61 2 171 14 52 12 62 113 131 105 38 93 0 41 72 81 56 24 127 3 
93 70 0 132 143 105 6 185 48 5 136 107 65 0 106 0 214 48 176 149 54 64 62 93 85 64 70 115 86 91 134 0 174 84 167 15 104 223 103 117 84 92 12 70 72 11 0 127 56 91 101 141 89 128 129 111 88 66 160 88 60 272 59 70 146 105 0 91 0 145 148 88 175 205 141 87 20 127 81 151 44 13 72 218 41 54 105 121 59 54 73 66 12 133 128 77 68 44 33 0 125 45 82 156 33 18 28 57 108 148 116 175 28 73 46 88 83 126 18 94 100 36 78 105 31 226 85 48 64 59 64 51 60 127 157 166 137 100 113 46 108 115 141 124 179 50 154 54 83 43 81 18 78 74 98 103 108 188 128 92 58 186 222 41 120 142 56 84 310 174 91 81 58 42 144 0 3 49 187 120 173 14 101 178 110 129 175 15 47 114 29 97 42 11 117 59 135 22 57 34 156 61 94 173 41 39 22 117 100 108 33 66 76 22 45 18 15 80 221 104 42 108 82 57 0 60 36 127 104 85 120 0 102 134 254 112 116 63 56 172 67 140 90 94 39 75 137 158 66 165 240 52 0 152 73 141 
40 96 84 60 60 22 40 131 139 0 25 32 0 106 18 0 195 130 34 40 47 52 0 85 20 140 160 56 62 76 27 20 201 83 62 17 27 45 96 225 84 0 90 42 153 48 0 7 24 258 54 53 69 48 0 0 25 84 102 24 134 105 6 111 72 114 33 89 0 60 77 0 63 57 0 73 89 94 15 57 18 100 38 75 122 35 0 56 70 84 0 119 46 75 12 0 102 47 60 77 24 42 140 31 0 56 8 36 0 108 111 172 10 120 32 40 44 81 185 20 184 19 26 74 96 130 78 54 81 124 22 37 31 70 64 77 18 68 32 108 12 0 55 128 99 86 33 121 24 94 24 56 56 9 151 89 44 81 107 12 56 0 18 15 136 72 132 54 36 141 0 150 116 120 194 0 64 63 78 98 46 0 0 28 24 138 116 3 49 81 48 148 88 42 32 29 5 141 115 157 78 0 155 43 74 18 0 6 90 24 145 40 108 27 28 32 0 45 99 60 45 120 99 123 126 87 63 0 28 30 78 27 75 16 198 65 184 53 0 63 98 0 38 42 9 148 66 150 35 117 81 83 18 142 64 116 
104 42 70 13 29 25 44 75 85 18 45 0 54 72 3 8 4 25 80 32 81 26 31 16 0 83 0 8 105 110 27 4 18 0 59 50 106 123 40 105 5 170 37 94 34 36 149 10 78 80 28 45 73 46 60 135 16 0 54 42 121 81 38 40 74 48 79 5 0 16 55 52 18 54 52 253 131 155 94 91 12 53 5 59 88 0 0 36 60 0 9 21 43 95 36 54 9 34 71 46 123 21 54 105 0 98 49 135 11 57 68 73 32 0 4 80 59 71 106 9 70 9 49 15 66 45 35 12 0 36 54 57 92 0 45 21 56 37 35 132 164 112 21 44 54 43 21 65 86 130 0 119 20 66 0 28 13 2 10 103 15 5 44 2 21 21 0 154 118 38 18 4 5 54 54 29 54 68 52 49 148 56 0 45 44 0 0 27 20 61 65 144 89 9 125 45 139 27 6 0 69 25 21 33 7 45 98 32 23 63 37 58 16 76 23 0 54 45 32 89 92 104 117 72 28 111 0 24 32 66 20 42 18 0 65 0 11 0 45 0 74 0 73 58 65 62 62 10 67 13 33 6 40 118 48 0 
50 25 0 135 185 95 94 102 60 0 52 0 111 25 55 55 103 24 14 93 178 88 66 0 4 45 28 115 31 0 45 12 21 0 8 0 28 154 16 30 59 0 72 40 32 0 40 2 63 58 4 58 16 16 22 24 143 38 25 8 4 12 58 41 64 47 72 82 20 74 75 106 20 65 100 50 136 24 28 26 56 92 41 76 0 55 71 56 18 217 19 0 31 120 5 56 9 72 40 109 108 67 28 52 135 63 159 107 5 43 88 24 27 80 16 46 80 102 39 57 34 97 72 54 18 78 84 99 42 68 110 59 127 53 110 67 83 24 69 48 16 15 101 8 82 50 128 40 0 35 12 4 50 16 10 30 51 100 2 125 11 97 8 0 6 0 47 0 77 8 60 86 0 63 0 52 120 40 57 64 180 106 23 22 96 76 65 60 0 20 69 85 44 96 114 0 64 62 88 49 0 89 60 94 50 10 7 101 98 35 0 69 75 68 4 102 50 0 0 18 76 58 60 65 66 127 9 125 113 70 41 5 154 191 146 18 128 81 44 0 14 167 65 68 113 45 179 77 0 87 0 126 16 14 79 36 
0 10 0 76 66 31 36 114 173 18 75 9 12 0 30 0 60 24 45 120 12 101 0 130 48 73 103 40 40 77 98 177 42 24 32 75 100 34 5 45 12 56 29 15 81 24 81 36 91 117 54 73 82 81 29 45 24 89 0 47 67 27 106 4 24 74 40 24 42 35 85 68 30 104 62 40 126 9 55 0 27 46 71 49 6 6 64 93 110 147 61 183 79 200 15 0 48 90 148 141 169 32 155 202 62 0 37 20 189 81 127 54 31 137 131 76 28 37 30 8 112 102 58 75 36 173 97 69 0 69 0 60 112 92 30 0 135 82 0 64 6 91 12 48 0 21 97 91 46 55 0 52 0 86 0 90 53 66 111 78 45 118 0 112 82 9 39 184 77 12 30 23 102 59 30 27 152 82 120 27 36 0 118 56 79 7 0 0 60 141 29 72 75 30 145 48 56 31 161 47 50 70 79 39 167 15 3 0 40 10 77 28 54 72 43 18 0 80 15 50 0 107 94 6 0 6 133 22 101 12 61 61 5 153 165 81 176 59 9 150 27 129 56 3 85 42 75 53 0 137 36 72 17 39 24 33 
40 44 24 112 93 72 115 93 60 11 36 28 10 0 30 0 157 10 24 86 4 65 70 63 49 99 21 42 35 98 145 109 190 56 163 85 9 39 0 184 3 96 0 20 42 0 95 4 0 1 55 146 8 24 66 73 6 0 39 35 43 288 45 93 127 114 0 101 47 69 77 55 64 103 72 1 101 74 95 29 78 21 83 0 72 149 49 87 79 99 19 44 0 22 73 65 32 90 216 0 30 0 121 45 61 73 51 54 184 259 105 141 0 5 167 0 89 58 28 35 84 0 69 28 104 60 93 42 7 42 47 15 54 27 211 51 82 90 85 144 79 9 120 163 157 10 90 54 44 101 9 38 50 70 32 56 36 70 0 49 72 107 16 0 6 45 139 35 161 173 24 0 93 50 114 136 81 8 31 18 87 16 95 18 14 45 20 37 72 32 56 12 111 7 57 67 45 84 80 42 132 35 61 79 17 101 76 33 46 61 0 0 88 0 15 0 60 35 88 50 99 148 33 27 9 163 14 72 96 63 143 14 0 77 81 14 37 0 13 91 54 35 116 36 4 0 133 56 27 63 96 0 85 101 63 143 
104 82 49 95 0 0 43 53 56 77 94 74 107 99 133 58 25 8 32 107 49 6 0 15 5 28 78 144 37 90 176 54 98 115 87 50 51 47 108 54 124 83 52 0 125 61 35 61 2 54 52 77 49 86 56 63 50 0 56 12 8 28 57 171 175 15 87 121 113 91 161 92 55 60 8 84 111 48 81 75 35 0 49 45 161 27 21 51 26 38 2 56 0 105 4 26 149 52 63 70 57 91 161 205 63 89 42 146 37 0 104 15 138 113 96 48 35 94 119 75 8 89 40 149 6 29 107 57 88 35 13 5 66 27 206 119 29 28 104 33 14 44 26 91 85 107 55 6 7 117 56 81 105 53 15 27 38 103 38 59 35 119 51 1 18 12 57 60 8 42 99 0 67 101 38 108 88 91 15 46 189 75 15 65 106 30 38 110 76 30 184 77 75 82 70 73 30 60 134 63 81 128 32 10 90 57 0 37 60 148 147 88 8 0 126 88 0 82 134 13 37 19 44 59 56 51 63 9 2 67 2 35 102 167 9 60 73 70 23 71 160 94 18 90 225 189 37 56 70 0 81 6 56 94 56 130 
49 6 16 6 144 48 89 28 8 0 51 57 66 32 106 12 76 25 39 22 40 21 24 105 12 72 36 100 81 63 37 77 57 90 86 0 40 146 89 12 0 0 0 27 95 0 5 8 0 82 0 104 16 133 47 155 59 107 27 172 14 145 112 54 41 97 38 39 4 112 90 44 19 44 42 106 38 95 91 125 37 63 46 24 74 34 0 69 18 0 8 0 44 0 56 29 39 47 6 30 97 100 32 66 35 107 120 238 28 138 69 119 36 32 32 28 74 56 67 16 0 0 41 58 77 105 58 0 18 0 0 58 33 40 52 69 0 0 25 25 35 84 57 103 102 0 0 69 0 127 56 17 24 44 0 0 13 45 31 61 100 84 48 182 36 6 133 60 66 109 111 6 13 12 93 46 101 44 24 55 38 91 35 68 0 45 118 64 108 87 12 91 119 83 37 8 121 0 236 45 75 21 52 56 78 112 0 92 12 25 4 99 18 72 16 0 0 68 20 53 3 16 148 18 0 48 24 90 37 21 66 63 0 74 89 56 67 4 0 94 116 40 56 0 136 136 0 126 6 30 88 24 63 116 54 72 
89 37 45 140 5 81 0 0 0 68 94 94 23 163 99 45 0 12 153 7 81 16 40 27 45 2 72 14 89 182 72 21 23 15 75 35 0 45 81 0 77 0 56 25 44 122 36 27 0 58 52 66 35 171 0 112 101 35 0 161 15 60 18 53 8 49 26 6 88 3 83 81 27 72 33 173 74 91 55 95 106 75 0 19 92 0 16 42 33 49 40 56 0 12 30 39 156 42 8 67 9 19 27 94 0 45 39 196 76 115 91 12 43 32 72 9 4 90 1 139 69 36 14 132 76 45 98 0 204 45 38 218 43 162 109 20 0 81 98 8 16 109 56 42 0 24 34 67 57 79 0 15 78 0 6 49 71 25 117 45 70 72 35 72 41 18 126 48 28 112 0 5 156 20 83 9 63 126 27 103 136 101 75 147 6 10 77 60 35 24 96 28 134 130 42 16 90 30 28 0 121 18 21 9 47 32 0 1 0 121 46 3 8 32 1 59 35 8 45 44 28 106 76 96 21 0 136 20 32 139 17 63 17 149 112 24 28 4 0 37 174 80 48 51 103 40 75 68 76 0 26 35 17 84 56 44 
82 58 113 71 87 26 111 49 30 24 104 76 18 61 93 33 16 25 96 107 70 136 42 105 87 28 48 240 103 76 142 116 121 94 76 20 181 42 193 0 77 38 0 17 40 53 67 14 108 98 21 187 82 71 159 9 33 50 81 44 82 175 37 160 36 40 9 42 4 43 30 72 0 9 212 32 38 92 44 24 23 31 0 88 111 53 55 102 111 140 67 67 79 134 65 55 84 158 68 206 104 90 95 93 30 34 87 142 165 18 128 111 57 97 72 67 67 70 102 0 0 142 176 86 84 63 81 103 64 40 123 49 41 138 12 199 0 228 123 153 136 215 0 63 45 98 109 65 128 163 0 67 137 40 48 35 20 38 66 28 65 240 165 67 77 189 91 12 35 183 16 83 12 51 119 14 0 94 180 100 189 16 0 91 170 69 24 24 77 66 24 72 96 79 77 46 133 70 180 100 79 70 42 98 0 128 0 96 115 85 36 117 18 68 96 66 106 133 54 36 72 28 60 64 114 216 21 53 54 106 46 0 0 120 49 91 94 52 53 79 130 76 59 0 71 107 15 193 3 3 70 42 64 49 121 42 
36 45 14 0 32 60 12 0 10 16 71 35 139 38 56 45 30 13 64 33 30 65 0 7 0 27 69 28 40 42 0 4 30 82 120 53 46 12 104 16 33 14 26 0 56 24 12 85 8 118 37 10 11 32 16 0 55 0 24 20 0 16 8 57 104 70 154 10 3 54 20 103 28 46 48 137 28 68 14 32 49 63 32 95 84 0 0 24 6 16 0 16 2 36 10 59 19 4 12 25 77 79 50 156 56 39 51 125 9 53 0 32 12 104 24 64 0 0 94 23 77 14 18 62 100 42 37 32 20 32 10 30 104 70 76 101 0 72 80 25 32 68 10 43 80 0 0 56 99 172 0 40 63 32 14 10 0 0 40 24 2 0 4 131 20 47 0 112 10 35 0 0 6 31 21 9 31 22 106 0 75 0 10 166 91 38 121 64 57 64 62 49 60 78 63 58 78 39 31 16 81 8 87 5 51 0 70 30 30 67 0 50 14 45 0 35 53 149 35 66 64 83 29 56 39 16 3 40 8 32 12 36 32 12 39 18 10 0 119 88 34 8 12 52 0 83 10 64 64 66 117 42 112 135 53 0 
103 65 60 31 66 117 62 106 55 63 118 106 8 113 69 16 40 57 104 72 27 25 26 100 80 35 64 0 73 84 71 0 157 134 107 153 145 85 135 58 69 114 61 30 36 125 0 42 106 184 85 222 59 118 23 84 15 37 17 145 76 131 62 105 101 141 160 239 82 61 151 96 32 72 104 89 71 16 0 79 83 148 110 69 63 93 40 41 73 14 12 90 0 70 73 3 33 40 75 107 128 19 184 34 52 39 14 119 214 34 26 91 59 133 83 80 111 244 14 96 92 136 64 102 244 1 99 110 48 68 97 41 78 34 153 84 86 94 50 178 83 138 32 109 62 35 85 65 25 104 83 8 138 3 111 32 33 35 60 71 138 181 153 0 18 155 155 20 48 34 72 109 126 56 116 24 107 44 102 128 103 20 48 74 100 88 66 35 24 14 56 110 168 23 116 7 11 72 146 0 48 84 96 118 5 35 9 0 32 96 62 46 81 29 3 20 125 213 12 49 101 82 76 11 31 212 59 211 75 17 45 69 83 76 121 88 67 18 67 106 87 132 141 129 61 164 18 49 0 106 214 67 11 175 84 111 
35 0 40 86 91 125 0 92 83 48 81 18 122 3 103 35 63 59 0 54 74 71 21 53 109 4 115 54 18 49 49 85 44 49 0 68 50 52 58 182 0 116 0 66 54 9 32 12 73 0 51 124 56 75 5 58 48 16 30 0 18 165 4 124 98 64 76 83 32 134 45 125 70 128 48 12 33 36 90 36 24 64 60 0 46 82 98 1 30 7 63 93 24 110 209 49 54 10 52 21 47 4 63 2 20 0 90 22 85 123 50 0 87 63 83 79 50 153 14 180 108 142 68 170 8 75 81 47 53 48 41 4 65 158 149 12 49 26 53 89 0 7 42 98 10 7 106 56 35 36 54 0 0 42 0 48 28 115 25 70 58 49 42 0 42 64 87 125 163 103 0 0 70 64 156 38 8 12 73 72 56 0 108 0 24 55 48 44 44 72 8 43 6 40 209 72 0 40 0 24 45 35 49 63 70 36 3 92 182 113 85 45 0 81 56 2 119 20 186 135 114 92 9 10 0 99 28 0 53 40 46 98 6 49 35 73 126 49 53 28 72 0 44 38 32 0 63 35 48 176 79 26 42 25 76 102 
18 71 62 22 24 107 56 42 40 36 0 33 90 0 24 12 48 0 115 56 0 124 70 130 0 18 74 0 2 3 16 32 87 42 59 15 56 77 0 56 12 58 44 72 134 19 6 0 79 80 182 68 104 26 51 80 24 7 34 25 0 89 22 36 2 87 114 24 4 90 19 156 113 147 5 9 92 16 61 54 17 0 26 42 32 38 85 70 36 96 0 66 0 92 154 19 24 40 24 130 83 72 94 92 92 115 102 210 24 0 6 63 61 30 0 0 0 22 42 54 130 91 111 54 124 153 76 0 18 56 83 88 29 54 31 65 169 28 10 44 87 45 84 67 95 62 87 72 108 69 3 6 6 22 71 40 6 35 0 42 30 73 18 10 14 6 0 0 83 0 30 46 73 52 25 6 68 63 69 33 35 104 7 63 134 60 100 79 84 104 12 30 0 121 40 54 189 4 0 104 81 0 27 0 81 75 48 78 24 82 48 157 98 42 24 0 49 109 13 24 12 55 59 8 2 129 78 114 6 3 53 7 12 43 86 0 0 15 8 147 74 21 20 55 64 0 20 110 24 127 86 0 0 71 30 51 
78 3 129 20 30 80 45 16 50 156 30 157 169 36 76 107 56 4 30 60 84 74 20 152 0 77 48 121 139 134 153 55 160 53 0 38 100 65 140 60 18 59 91 34 53 43 79 65 140 167 2 44 65 16 159 15 71 49 121 140 84 61 93 138 64 110 16 77 24 74 40 0 0 110 81 184 201 44 73 76 169 49 0 65 88 267 159 0 22 92 12 55 1 65 44 55 117 56 205 103 50 196 104 160 74 77 37 72 36 146 175 125 74 166 30 35 54 40 82 6 45 96 70 23 84 219 150 130 53 117 43 1 13 36 87 103 120 93 88 16 142 95 40 249 97 10 144 0 4 0 54 0 57 30 4 79 15 84 0 91 45 20 109 0 23 39 86 32 130 114 90 0 12 0 36 0 0 36 121 50 89 99 71 90 74 61 132 82 81 156 120 110 108 161 64 111 0 109 244 27 4 99 101 50 54 12 90 32 40 189 64 286 59 121 16 42 22 93 87 47 71 37 137 53 121 81 56 123 49 0 48 0 63 61 46 0 209 31 130 67 52 126 44 0 130 73 67 18 8 65 65 84 0 204 137 84 
65 116 45 132 5 57 75 12 69 32 16 22 71 56 0 162 48 0 60 173 109 0 83 133 7 0 23 0 88 49 7 0 56 36 20 0 13 24 55 0 76 150 51 2 24 96 75 112 0 197 24 0 64 24 23 26 74 36 14 64 97 38 14 67 0 66 52 57 0 72 56 130 16 112 66 44 0 16 21 107 19 98 26 136 36 109 24 4 0 11 43 115 41 39 39 190 89 94 82 87 63 27 97 1 113 4 95 71 126 108 48 54 60 46 47 35 32 8 26 0 70 50 63 115 70 101 70 54 80 165 136 9 35 58 102 98 38 14 91 96 6 1 121 89 21 1 88 32 40 0 58 11 113 32 83 19 99 56 65 1 85 28 84 72 98 20 76 7 137 14 68 0 24 64 16 4 56 45 146 9 145 0 3 0 131 133 110 143 0 69 0 16 184 36 66 85 31 9 81 90 30 26 133 90 172 28 0 21 49 0 88 43 0 57 32 58 53 0 100 6 25 15 70 111 0 31 61 45 40 64 10 131 14 30 181 145 136 32 75 0 167 33 69 101 48 92 4 87 0 40 0 12 24 75 131 1 
30 41 78 158 23 81 109 8 125 48 63 24 118 9 50 81 39 22 57 82 105 52 12 69 62 25 32 110 3 65 9 8 62 30 19 53 78 26 55 60 111 0 168 0 190 49 72 8 52 14 72 75 99 18 105 108 92 3 84 58 86 31 124 53 137 73 30 149 0 22 3 30 30 33 105 29 42 27 106 13 61 49 69 14 37 17 62 18 0 126 49 125 34 65 56 30 100 0 132 161 64 75 142 93 69 8 78 9 123 0 52 56 67 141 53 39 71 65 98 14 38 107 84 9 32 95 25 51 16 64 36 52 25 49 40 105 58 92 52 10 30 30 0 92 33 21 26 12 26 78 29 4 48 49 26 12 58 40 15 2 0 34 16 34 0 43 92 63 40 13 0 24 6 37 74 30 31 70 60 102 129 0 10 54 58 62 61 17 112 60 9 55 115 41 243 97 30 35 113 24 57 0 103 0 105 45 105 1 63 100 140 50 117 123 32 20 17 60 53 93 18 8 101 48 72 93 39 24 0 5 10 27 96 49 54 18 97 8 34 62 0 123 0 78 23 67 72 104 54 30 71 82 34 123 57 20 
143 28 92 12 45 80 88 64 90 12 74 25 0 88 20 0 0 15 62 40 112 68 73 96 0 12 44 110 49 98 74 28 72 16 21 0 32 92 13 168 0 57 37 72 141 60 56 56 73 38 0 7 56 28 79 0 104 72 8 43 77 36 0 64 54 96 8 81 76 72 35 63 76 32 64 81 32 0 0 17 44 60 72 107 50 50 60 0 27 70 56 206 20 69 60 119 98 24 73 116 82 70 134 72 112 31 6 8 24 7 96 0 157 32 79 16 12 40 54 144 64 85 128 72 53 25 56 108 72 97 137 0 0 90 38 43 40 25 14 27 80 0 122 170 0 19 88 35 32 32 64 32 49 76 0 16 63 0 18 86 72 104 9 115 0 68 4 20 172 96 37 72 0 34 86 8 127 80 71 35 72 32 20 77 64 70 166 58 120 34 9 20 0 104 80 28 0 28 71 96 108 58 8 131 149 92 0 20 42 88 40 80 8 32 32 56 26 42 60 124 24 24 64 0 0 39 4 4 9 18 8 0 20 72 40 20 112 8 71 0 89 62 8 18 251 115 0 143 0 32 49 72 63 32 10 8 
51 1 10 0 19 72 0 18 84 24 0 13 8 35 0 22 69 18 27 0 33 27 2 12 11 56 14 48 45 12 13 0 56 14 35 84 40 72 106 139 0 16 4 111 26 4 14 0 7 7 14 28 0 9 57 0 46 0 13 67 0 45 0 18 70 64 62 2 0 7 36 54 47 0 25 27 95 176 0 0 8 42 65 0 29 66 76 101 86 18 28 18 0 12 28 14 4 34 8 36 41 24 81 43 92 118 25 95 36 154 58 52 122 0 12 0 0 63 42 90 54 81 25 0 125 172 36 35 0 18 113 69 0 0 58 5 63 18 30 94 7 4 51 61 20 2 0 27 45 45 0 87 24 14 8 16 20 32 122 5 15 40 0 14 81 37 6 68 170 110 0 0 13 5 180 1 42 47 35 28 40 32 72 71 10 10 6 29 49 35 7 63 2 72 36 77 116 40 12 36 16 0 92 20 0 0 21 11 34 58 5 84 42 6 62 0 0 8 64 7 0 41 84 0 0 36 4 66 60 42 4 0 0 0 18 57 0 0 78 56 58 81 0 0 24 69 10 8 68 18 9 54 0 16 19 4 
21 51 42 51 6 97 47 111 169 69 69 20 115 7 17 49 42 0 45 12 42 130 33 4 37 0 24 170 17 134 100 42 109 0 153 99 0 215 91 108 2 58 69 6 149 20 5 85 25 5 60 36 5 62 142 72 48 20 55 36 24 72 24 2 102 0 94 64 30 14 32 56 0 158 138 32 51 38 39 77 45 0 107 2 33 167 147 11 0 37 35 143 24 119 0 7 7 14 49 7 0 72 76 77 74 30 50 86 56 4 20 7 94 21 55 168 0 61 58 5 52 54 18 172 111 125 57 42 14 42 19 35 42 40 125 50 42 0 15 24 62 9 0 63 14 0 64 35 76 89 72 37 6 83 0 24 22 71 69 51 40 56 82 16 42 28 64 41 142 79 0 0 38 46 200 0 0 55 3 63 42 21 0 71 7 66 93 23 48 106 28 62 10 0 199 18 18 28 108 74 88 48 16 114 72 0 35 103 49 96 61 175 6 48 38 19 5 92 95 106 46 42 19 35 73 0 2 55 7 25 0 9 42 20 68 35 88 15 67 87 65 7 85 8 62 87 49 0 49 61 203 28 71 209 24 105 
15 5 93 26 45 5 0 65 12 4 41 0 10 54 41 0 1 20 7 17 24 20 28 145 0 15 38 123 2 32 14 0 135 8 36 26 117 75 95 121 48 10 43 46 0 20 91 16 42 158 45 106 135 48 41 14 102 45 30 14 0 63 69 0 21 9 30 0 1 101 84 0 40 165 113 92 82 63 0 30 35 69 44 119 1 23 18 85 75 4 5 64 105 55 106 14 43 9 43 15 74 64 49 32 45 6 14 114 4 85 8 69 72 48 71 57 45 87 82 28 56 70 91 24 72 6 82 59 8 8 0 0 33 40 63 92 20 36 41 53 0 0 4 0 0 19 64 29 0 24 45 12 3 98 67 40 95 3 7 84 0 0 64 0 7 0 37 16 175 71 0 105 25 113 174 123 42 0 138 104 80 55 0 64 37 15 78 12 8 49 40 127 140 8 7 63 5 104 0 24 80 8 37 0 0 10 42 107 40 20 67 35 0 8 0 23 121 38 119 67 143 146 32 77 64 17 30 27 27 81 27 0 0 6 77 89 51 48 15 26 47 0 50 107 88 177 0 93 77 15 28 0 30 16 54 0 
0 116 0 118 24 38 0 25 76 42 92 0 7 25 21 46 15 60 11 6 0 0 0 21 74 45 0 41 10 44 65 0 27 0 49 78 15 130 42 91 50 130 69 0 33 6 0 13 16 40 56 42 18 15 6 32 42 23 18 49 42 81 54 27 37 48 53 45 34 24 0 49 56 38 100 32 93 27 45 18 114 0 94 6 21 126 20 37 148 49 64 49 72 25 52 102 0 89 54 45 18 73 88 6 9 27 63 54 233 116 24 10 12 101 109 9 51 183 0 35 0 6 93 49 61 112 32 35 0 0 34 43 27 13 162 36 32 48 12 35 28 56 5 9 71 6 67 39 60 120 58 56 35 115 0 0 14 1 9 26 110 25 35 48 0 0 92 5 0 33 102 15 18 42 58 40 63 39 66 0 63 0 57 6 25 6 8 50 0 31 84 72 16 27 8 9 3 0 77 27 106 2 31 28 47 88 16 51 80 95 36 27 75 106 47 42 69 20 0 37 93 81 12 23 0 99 68 141 15 8 99 63 86 21 69 26 14 34 15 46 69 36 79 56 105 0 7 24 26 69 98 0 58 123 15 44 
54 0 72 68 20 0 40 74 16 112 9 105 42 66 30 12 0 44 24 76 83 6 88 72 0 12 3 138 32 8 0 0 149 0 112 0 9 35 4 81 46 111 108 24 194 0 8 42 72 47 0 81 32 91 163 118 32 92 81 32 100 24 44 110 4 129 117 106 63 168 59 0 55 56 62 7 141 82 4 79 0 15 175 144 6 12 56 12 37 50 0 32 9 112 109 0 45 2 100 71 18 134 66 96 0 62 44 48 12 37 98 80 24 156 81 18 70 48 41 0 80 57 35 95 136 100 8 72 45 12 16 33 0 18 12 28 72 0 64 0 0 0 30 147 40 7 30 84 27 34 36 26 0 42 0 16 36 33 84 48 5 0 30 18 0 18 0 45 132 52 0 113 0 95 45 34 0 54 51 113 126 36 88 4 105 139 5 32 0 147 71 28 108 32 30 16 109 48 50 146 45 109 146 36 34 64 166 87 36 64 110 56 13 133 60 5 0 63 30 30 44 0 68 0 36 0 0 36 117 48 9 72 116 112 63 30 40 22 42 136 32 168 0 40 24 149 42 0 76 72 12 63 0 93 50 36 
72 33 84 80 34 42 55 64 25 72 147 0 66 113 57 24 72 57 86 137 19 33 6 94 0 96 52 154 106 161 81 126 99 0 15 29 119 116 114 137 42 45 52 162 43 17 81 64 181 236 40 77 64 8 147 45 40 0 45 18 56 72 75 0 46 87 87 5 0 104 55 45 67 74 71 72 97 30 65 44 65 99 87 83 100 130 98 52 56 45 71 183 40 78 105 100 112 108 116 110 127 22 82 81 8 0 228 222 128 130 44 81 48 241 102 40 2 81 24 81 47 46 70 89 83 150 160 227 48 124 6 16 88 146 64 153 69 36 38 0 188 45 135 164 170 73 58 48 69 63 60 48 58 0 80 16 76 25 73 227 18 77 9 21 126 53 159 122 107 230 48 137 96 50 8 0 10 0 94 194 197 32 0 8 62 110 74 0 80 69 248 95 0 0 0 115 149 156 63 32 0 97 177 50 40 18 4 9 87 178 69 72 51 54 4 91 41 45 68 8 20 103 131 14 32 36 29 109 155 45 49 99 32 64 5 18 31 15 77 63 64 0 9 118 0 45 69 198 0 61 59 23 16 99 62 0 
24 86 20 8 0 39 54 0 100 35 71 48 52 33 63 0 36 42 72 66 126 18 36 24 0 41 46 140 67 81 54 42 118 35 6 94 126 158 66 0 0 49 69 6 67 15 84 6 18 81 0 88 3 41 0 0 31 0 0 0 164 108 48 50 182 68 18 219 33 87 75 141 97 24 78 158 59 90 75 21 12 32 0 48 0 57 48 42 81 30 54 150 20 58 60 141 71 0 114 1 45 112 117 61 64 100 161 71 42 18 55 39 157 45 0 30 15 50 60 48 63 100 78 39 21 104 211 40 45 115 117 66 0 55 54 39 53 48 0 90 0 18 48 0 0 40 125 0 0 57 10 36 65 66 41 12 75 30 164 130 0 12 9 58 81 0 42 48 86 74 0 24 93 108 72 75 105 89 101 72 54 24 15 131 72 35 144 6 162 18 42 81 59 105 0 54 62 123 179 72 28 93 45 99 126 6 0 14 142 46 0 105 0 42 24 0 0 16 0 82 0 61 97 12 84 86 82 87 9 95 96 54 70 35 30 81 146 30 152 24 134 51 37 90 16 53 0 24 30 54 43 76 66 53 75 140 
