5283 5167 5180 5019 5111 4896 5384 5019 5680 4567 5168 5303 4720 4745 5238 5112 5239 5216 5255 5140 5243 5356 4859 5285 5203 4406 5461 4854 5168 4972 5016 5073 4805 5091 5185 5343 6046 5411 5446 4924 5427 5198 5524 5440 4941 5491 5161 5244 5258 4858 4907 5194 5357 5192 5223 5581 4814 4820 5256 4988 5239 5114 5148 5112 5427 5271 5218 5443 5277 5245 4866 5258 5385 5340 5402 5310 5051 5458 4752 5296 5303 5299 4950 4460 5571 5276 5177 5215 5342 4696 5312 4687 4965 4956 5281 5073 5323 4990 5329 5207 5239 5846 5307 5235 5424 5384 5141 5639 4975 4864 5359 5268 4791 5211 5476 5369 5784 5158 4988 5474 4896 5755 5418 4755 5349 5259 5128 5318 5082 5466 5348 5050 5356 5204 5246 5270 5419 5099 5442 4704 5198 4969 5270 5136 5145 5149 5355 5207 5162 5642 5035 4753 5237 5351 4664 5091 5379 5400 5348 5403 5119 5196 4959 5565 5130 5500 5149 5058 5269 5323 5346 5350 4671 5262 5289 5653 5038 5147 4896 5280 5660 5088 5530 5093 4864 5354 5333 5365 5256 5018 4973 5269 5135 5123 5219 4937 4795 4932 5007 5162 5017 5007 5216 5010 4778 5131 5322 4867 5385 5127 5120 5202 5383 5154 4962 5356 5198 5361 5048 5335 4662 5754 5502 4708 5276 5128 5007 5272 5748 5093 5146 4904 5474 4901 5385 5584 5317 5257 4972 5139 5127 4890 5591 5393 5038 4693 5218 5000 5101 5249 5059 4896 5286 5145 5211 5140 
5264 5381 5182 5248 5200 4977 5645 4642 5503 4771 4940 5619 4712 5085 5159 5271 5248 5180 5178 5135 5724 5187 4922 5419 5120 4645 5143 5026 5212 5120 5306 5161 5096 5215 5291 5370 5794 5653 5396 5200 5494 5053 5440 5512 4682 5379 4986 5316 5405 5065 5034 5307 5293 5300 5285 5598 5052 5221 5286 5025 5087 5275 5200 5303 5599 5349 5663 5424 5193 5061 5171 5344 5378 5674 5513 5419 5078 5397 4935 5308 5429 5452 4736 4816 5527 4959 5256 5159 5317 5059 5392 5066 5380 5068 5397 5449 5072 4733 5551 5237 5179 5826 5448 5191 5224 5326 5306 5524 4966 4966 5199 5337 5141 5422 5298 5450 5564 5442 5076 5175 5059 5667 5305 4752 5220 5167 5304 5566 5330 5345 5251 4983 5298 5202 5145 5179 5257 5007 5232 4678 5211 5173 5399 4975 5285 5219 5328 5299 5273 5684 5286 4899 5298 5280 4921 4778 5248 5596 5431 5087 4974 5172 5021 5227 5158 5847 5274 5331 5626 5688 5325 5225 4646 5441 5095 5718 4970 5252 5152 5301 5568 5161 5292 5322 5050 5291 5451 5380 5579 4872 5280 5308 5273 5151 5126 5112 4961 5192 5262 5263 5322 4821 5165 5303 4973 5267 5295 5017 5239 5719 5218 5244 5535 5140 5069 5319 5247 5286 5013 5306 4633 5487 5667 4953 5533 5412 5126 5401 5795 4983 5144 5091 5383 5365 5432 5931 5244 5283 5124 5340 4972 5207 5223 5122 5128 4901 5460 4845 5273 5386 5151 4870 5506 5154 5057 5232 
5833 5701 5386 5333 5330 5338 6174 5095 5742 5008 5443 5752 5140 5335 5649 5492 5446 5877 5603 5233 5793 5558 5522 5669 5794 4985 5424 4892 5373 5412 5564 5502 5409 5580 5633 5832 6142 6089 5923 5481 5836 5741 5800 5798 5368 5805 5644 5617 5564 5491 5304 5811 5860 5431 5777 5887 5096 5621 5665 5464 5710 5588 5717 5559 6079 5530 5772 5607 5190 5670 5477 5666 5679 5815 5571 5705 5314 5776 5236 5822 5601 5632 5048 5038 5773 5552 5752 5520 5463 5059 5713 4977 5283 5419 5745 5490 5696 5300 6131 5526 5407 6037 5441 5544 5606 5706 5606 5881 5418 5258 5751 5752 5385 5842 5757 5690 5827 5751 5586 6019 5497 6376 5918 5139 5656 5581 5835 6106 5877 5683 5529 5529 6068 5649 5957 5573 5751 5383 5730 4978 5310 5691 5589 5361 5664 5348 5728 5597 5558 5981 5824 5357 5711 5578 5077 5321 5513 5666 5902 5500 5205 5573 5369 5808 5352 5937 6095 5491 6035 5559 5523 5700 5016 5489 5672 6057 5222 5469 5467 5551 5947 5554 5543 5449 5003 6119 5785 5917 5588 5103 5468 5281 5513 5754 5284 5076 5445 5435 5549 5563 5547 5264 5660 5420 5275 5676 5746 5368 5581 6048 5429 5746 5843 5332 5380 5538 5336 5645 5537 5629 4946 5908 5860 5061 5908 5578 5709 5534 6184 5195 5292 5538 5706 5242 5606 6072 5441 5650 5491 5454 5576 5350 5664 5894 5392 5108 5914 5047 5420 5924 5309 5318 5751 5441 5398 5373 
5415 5282 5395 4997 5065 5227 5429 4785 5385 4699 5088 5039 4829 5027 5243 4984 5183 5068 5364 4627 5767 5201 4960 5265 5004 4408 5278 4744 5025 4949 4929 4949 4900 5144 5152 5405 5625 5636 5367 4982 5349 5152 5209 5323 4822 5314 4939 5360 5228 4912 4814 5351 5182 5196 5055 5475 4752 5013 5245 4780 5277 4647 5102 5023 5604 5113 5387 4956 4955 5145 4770 5262 5564 5474 5461 5169 4927 5152 4856 5010 5515 5156 4661 4775 5165 4956 5298 4911 4884 4977 5513 4546 4997 4760 5285 5188 4688 4886 5404 4869 5128 5802 5549 5208 5385 5184 4933 5476 4940 4742 5473 5189 4878 5392 5064 5413 5598 5456 5222 5386 5110 5764 5229 4766 5110 4925 5094 5410 5070 5168 4955 5029 5329 5150 5286 5074 5221 5152 5329 4918 5272 4945 4892 5063 5379 4923 5351 5079 5333 5576 5442 4536 5290 5319 4669 4885 4977 5623 5320 5443 5181 5325 4987 5554 5116 5518 5495 5353 5500 5230 5281 5339 4404 4908 5303 5506 4994 5226 4898 5187 5616 5100 5332 4982 5015 5377 5521 5615 5293 4832 5121 5255 5099 5469 4795 4933 4886 4853 4961 4958 5204 4900 5321 4892 4890 4932 5224 5003 5316 5472 4984 5387 5159 5143 5071 5191 4800 5131 4898 5245 4657 5457 5602 4853 5410 5189 4954 5177 5713 4841 5120 5150 5268 5085 5327 5653 4940 5272 5087 5042 4861 4944 5458 5247 5212 5167 5543 4904 5041 5151 4907 4792 5212 5113 5126 4957 
5240 5004 5017 4973 4483 4871 5476 4553 5250 4479 4819 5057 4696 4656 5110 5066 4851 4877 5003 4456 5335 5313 4800 4889 4633 4429 4816 4735 4850 5032 4837 4602 4600 5013 5045 5027 5512 5373 4902 4851 4863 5041 5060 5504 4860 4785 4762 4912 5133 4918 4740 5200 4853 4903 4972 5129 4898 4920 5086 4925 5112 4964 5244 4791 5076 5213 5096 4944 4828 5050 4887 5188 5354 5199 5327 5159 4848 5258 4966 4791 5177 4838 4785 4863 4998 4400 5285 4845 4896 4509 5240 4735 5014 4938 5088 4828 4625 4925 5586 4952 5058 5526 5208 4946 5204 5186 4923 5558 4741 4675 4778 4985 4737 5008 4995 5217 5416 5341 4751 5419 4888 5561 5387 4495 4824 4875 5208 5093 4992 5043 4799 4475 4989 5028 4931 4918 5115 4637 5281 4611 5219 4959 4935 4734 5048 4730 5108 4993 5185 5202 5204 4690 5335 5148 4488 4771 5137 5221 5018 5098 4920 5093 4756 5155 4560 5410 5329 5220 5351 5292 4810 4998 4553 4777 5108 5888 4790 5041 5084 4998 5251 4809 5149 5063 4573 5402 5357 5065 5115 4740 4752 5040 4690 5146 4781 4519 4911 4986 4872 4728 5043 4549 4814 5044 4862 5242 4929 4712 5439 5257 4854 5019 5029 4778 4888 5092 4810 5055 4672 4947 4604 5396 5245 4881 4965 5129 5091 5267 5331 4776 4747 4941 5185 4910 5439 5336 5151 5147 4862 5130 4896 5016 5289 4929 5027 4693 5353 4631 4803 5143 4838 4594 5056 4875 4859 5032 
5559 5503 5755 5452 5213 5328 5988 5192 5840 5080 5050 5638 5252 5256 5573 5455 5588 5631 5644 5114 5463 5640 5253 5592 5489 4885 5511 5002 5167 5358 5551 5184 5155 5534 5444 5746 6033 6072 5828 5011 5510 5565 5400 5506 5239 5415 5043 5270 5636 5349 5374 5537 5682 5459 5226 5657 5234 5237 5702 5374 5593 5184 5576 5519 5797 5444 5657 5471 5553 5349 5075 5625 5725 5647 5943 5541 5435 5491 5018 5489 5673 5457 5017 5199 5715 5124 5604 5476 5430 4891 5587 5059 5142 5375 5532 5333 5294 5437 5772 5558 5327 6181 5550 5653 5563 5709 5402 6033 5483 5261 5649 5482 5251 5766 5464 5728 5979 5573 5264 5637 5191 6186 5678 5089 5574 5415 5553 5297 5429 5755 5212 5330 5711 5603 5781 5457 5936 5367 5517 5002 5632 5490 5458 5472 5335 5468 5496 5530 5515 5979 5370 5081 5617 5637 4723 5502 5501 5891 5426 5398 5538 5333 5082 5769 5528 5835 5941 5632 5861 5708 5557 5479 4912 5409 5462 5994 5165 5632 5309 5687 5825 5232 5534 5371 5234 5851 6080 5835 5499 5264 5411 5837 5161 5440 4957 4977 5235 5371 5630 5700 5408 5123 5634 5470 5570 5588 5348 5248 5752 5783 5313 5535 5651 5184 5099 5531 5293 5581 5196 5344 4962 5876 5597 5225 6019 5472 5397 5747 5882 5265 5270 5394 5568 5189 5600 6160 5662 5690 5790 5217 5250 5140 5522 5446 5707 5222 5783 5053 5406 5530 5263 5015 5872 5411 5496 5294 
4965 5001 5226 4712 4758 4801 5060 4443 5143 4351 5082 5189 4724 4650 4909 4858 4754 4932 5198 4398 4776 4769 4836 4671 4901 4125 4706 4513 4855 4897 4899 4552 4617 4829 5123 5257 5175 5195 5193 4688 4851 4913 5074 4965 4508 4901 4735 4993 4891 4860 4842 4897 5170 4713 5088 5157 4643 4732 4963 4845 5003 4585 4973 4905 5059 4810 5153 4847 4494 4884 4577 5090 5028 5303 4894 4911 4480 4789 4615 4919 5090 4815 4439 4593 4950 4646 5074 4645 4876 4716 5111 4417 4641 4513 5068 4724 4980 4686 4858 4783 4731 5457 5065 4949 5080 4765 4757 5093 4721 4649 4940 4809 4846 4975 5008 4891 5350 5064 4752 5096 4557 5455 5211 4521 5036 5109 5086 5185 4978 4751 5063 4592 5057 4665 5028 5018 4684 4633 5039 4600 4603 4935 4943 4541 4757 4905 4985 4713 4996 5406 5014 4517 5076 4930 4291 4852 4686 5173 4958 4886 4671 4935 4648 5213 4603 5139 5100 5003 5076 5070 4888 4718 4356 5059 5062 5368 4490 4851 4885 4865 5196 4952 4817 4790 4365 5051 5144 4951 4943 4602 4764 4833 4900 4746 4447 4664 4764 4619 4536 4854 4963 4454 4856 4769 4507 4811 4839 4719 5064 5305 4522 5163 4978 4560 4600 4852 4614 4651 4520 4961 4254 5042 5052 4561 5042 4727 4743 4993 5238 4607 4755 4882 5214 4728 5024 5371 4838 5121 4831 4898 4888 4650 4867 5169 4890 4547 4977 4645 4832 5106 4692 4645 5043 4952 4749 4854 
5032 5025 5103 5288 4951 4733 5484 4846 5527 4697 5006 5277 4817 4846 5151 5056 5050 5190 5229 4639 5356 5299 4842 4843 5230 4532 5141 4666 5100 4899 5064 4959 5011 5262 5296 5147 5513 5741 5098 4917 5289 4873 5253 5326 4690 5292 5008 5232 5073 4919 4974 5232 5159 5040 5171 5326 4774 5196 5343 5334 5170 5151 5152 5141 5268 5083 5278 5098 5150 5083 4966 5262 5108 5120 5399 5047 4869 5200 4842 4980 5363 5230 4753 4814 5020 4608 5171 4953 5067 4765 5274 4809 4836 5038 5361 4993 4835 4832 5589 5034 5008 5620 5086 5189 5381 5125 5039 5281 4985 5101 5230 5058 4996 5134 5119 5303 5642 5288 4856 5446 4759 5733 5319 4920 4930 5138 5078 5100 4962 5217 4992 4826 5440 5226 4974 5107 5452 5173 4938 4762 5052 5078 5008 5021 4884 4940 5253 4760 5278 5468 5183 4700 5502 5310 4681 4911 4794 5430 5311 5233 4989 5076 4860 5349 4935 5653 5232 5065 5330 5288 4934 5083 4655 4997 5073 5560 4838 4925 4931 4995 5331 5244 5247 4964 4669 5410 5419 5645 4985 4617 5329 5137 4791 5132 4921 4735 4674 4937 4910 4947 5174 4579 5001 5075 4967 4952 5214 4867 5320 5748 5023 5267 5251 4944 4967 5085 4804 5384 5068 5056 4280 5233 5449 4955 5190 5079 4970 5210 5438 4961 4829 5100 5230 4921 5254 5621 4917 5435 5266 5163 5027 4983 5174 5135 5188 4600 5276 4739 5315 5238 4996 4891 5434 5084 4924 4932 
5172 5197 5364 5379 5100 4806 5805 4952 5566 4609 5117 5930 4852 5097 5141 5369 5141 5201 5566 4948 5576 5214 4994 5197 5137 4567 5138 4964 5321 5304 5019 5012 5213 4976 5361 5548 6150 5489 5159 5162 5172 5071 5509 5407 4941 5344 5184 5012 5211 5136 4854 5388 5351 5284 5214 5561 4977 5060 5329 5026 5239 5407 5371 5199 5456 5437 5716 5373 5144 5246 4848 5309 5505 5441 5609 5497 4847 5394 5061 5356 5370 5503 4885 4888 5417 4934 5438 5211 5197 4679 5660 4671 5068 5191 5381 5340 5197 5107 5797 5121 5095 5888 5213 5184 5486 5519 5127 5352 5220 5002 5514 5283 5129 5185 5384 5616 5491 5297 5242 5701 5146 5988 5178 4779 5275 5134 5555 5370 5420 5437 5298 5396 5295 5536 5348 5219 5462 5199 5425 4776 5487 5374 5346 5003 5132 5191 5221 5357 5128 5768 5373 4912 5330 5323 4477 5289 5364 5782 5314 5243 5125 5374 5128 5512 5392 5495 5743 5291 5456 5452 5353 5317 4660 5216 5499 5857 5109 5318 5019 5144 5488 5197 5390 5417 4944 5558 5303 5404 5415 5045 5179 5451 5250 5438 5041 4996 4935 4979 5339 5471 5106 5013 5229 5055 4979 5311 5361 5209 5469 5496 5235 5287 5515 5176 5057 5394 5576 5480 5279 5317 4759 5461 5478 4955 5699 5335 5319 5454 5551 4989 5326 5133 5592 4938 5651 5626 5550 5339 5388 4922 5201 5050 5594 5470 5265 4814 5379 4878 5095 5574 5138 4890 5451 5052 4928 4981 
5357 5346 5386 5009 5176 4992 5422 4789 5525 4643 5352 5416 5004 5039 5038 5190 5233 5443 5206 4884 5425 5271 4976 5269 5237 4586 5106 4722 4972 4896 4959 4827 5060 4800 5168 5210 5743 5500 5093 5138 5210 4953 5593 5624 4764 4958 4747 4957 5238 5038 4788 5370 5251 5101 5108 5198 4660 5150 5048 5073 5257 5085 5107 5197 5517 5264 5306 5215 4929 5127 4909 5457 5423 5419 5161 5357 4897 5446 5085 4903 5133 5281 4626 4595 5442 4924 5320 5239 5004 5026 5442 4787 4910 4915 5082 5141 5183 5085 5510 4869 5035 5816 5037 5338 5294 5375 5455 5516 4964 4737 5287 5260 5231 5402 5195 5283 5723 5304 5183 5406 4886 6048 5220 4683 5337 5121 5349 5545 5120 5172 5115 4957 5251 5050 5125 5199 4919 4948 5189 4655 5351 5272 4990 4786 4994 5005 5205 5107 5272 5952 5343 4693 5273 5224 4837 5206 5042 5452 5425 5056 4943 5186 5214 5477 4909 5012 5441 5127 5502 5348 5243 5288 4706 5168 5327 5696 4863 5223 5124 5381 5500 5062 5367 5045 4794 5102 5471 5135 5098 5056 5200 5278 4946 4959 4772 5017 4870 4981 4896 5054 5112 4891 5200 4734 4896 5170 5291 4938 5391 5465 5069 5184 5072 5086 4740 5150 5000 5037 5073 5297 4613 5542 5319 4927 5155 5223 5345 5332 5416 4715 5097 4962 5537 4927 5556 5656 5289 5123 5126 4922 5045 5058 5159 5175 5225 4967 5079 4997 5277 5297 4865 4831 5534 5118 4835 5047 
5525 5125 5386 5069 5007 5099 5520 4917 5672 4653 5027 5293 5024 4752 5319 4875 4921 5026 5278 4831 5236 5450 5206 5175 5076 4625 5132 4906 4884 4908 5142 5140 4821 5037 5358 5477 5750 5532 5160 4902 5283 5128 5212 5417 5013 5266 5158 5245 5122 4976 4991 5271 5273 5381 5286 5366 4945 5021 5388 5024 5336 5125 5336 5181 5428 5455 5259 5281 5212 5333 4969 5306 5418 5454 5722 5064 4859 5199 4985 5142 5356 5095 4827 4812 5467 4962 5255 5237 5290 4656 5267 4522 4829 5094 5291 5084 5093 4977 5686 5197 5041 5862 5203 5117 5321 5329 4983 5668 5001 4972 5126 5168 4848 5447 5578 5318 5690 5516 4850 5328 4944 5634 5337 4720 5385 5086 5438 5376 4998 5487 5271 4911 5441 5345 5400 5115 5435 4949 5322 4628 5077 5020 5043 5018 5053 5035 5323 5095 5188 5619 5376 4716 5567 5376 4571 4837 5026 5541 5270 5083 5292 5181 4953 5244 5152 5414 5620 5375 5336 5205 5198 5244 4641 4987 5397 5637 4794 5133 4990 4970 5614 5269 5339 5328 4925 5379 5717 5347 5185 4967 4952 5275 5102 5178 5114 4638 4924 5048 5256 5448 5070 4574 5276 4921 4842 5401 5495 4925 5449 5386 4837 5169 5389 5036 5022 4960 5088 4984 5307 5527 4732 5461 5399 4832 5494 5217 5155 5406 5232 4837 4886 5140 5389 4699 5367 5855 4938 5405 5429 5444 4964 5111 5282 5310 5358 5008 5409 4832 5184 5301 4946 4869 5325 5074 5128 4860 
5414 5143 5315 5182 5136 4862 5728 4928 5607 4789 5412 5392 5047 4803 5203 5129 5176 5022 5245 4997 5748 5574 5078 5362 5361 4701 5252 4916 5162 5042 5031 5164 5087 5187 5489 5384 5882 5922 5309 5084 5616 5124 5400 5487 5068 5161 5275 5309 5439 5204 5238 5271 5087 4960 5284 5424 5073 5313 5217 5479 5373 5156 5127 5209 5579 5389 5668 5385 5177 5110 4900 5353 5504 5611 5659 5441 4796 5596 4669 5054 5759 5336 5006 4920 5342 4737 5471 5317 5111 4913 5539 4967 5047 5032 5566 5139 5015 5236 5967 5086 5155 5957 5276 5260 5475 5381 5308 5502 4982 5016 5302 5222 5222 5619 5141 5482 5912 5373 5226 5480 4878 6127 5436 4991 5297 5230 5529 5543 5099 5337 5040 5195 5698 5420 5205 5087 5315 4946 5376 4857 5207 5247 5359 5142 5335 5106 5460 5069 5494 5821 5362 4907 5411 5605 4638 5156 5085 5496 5251 5254 5452 5298 5315 5694 4834 5372 5623 5210 5537 5358 5203 5356 4891 5298 5433 5562 5110 5135 4878 5169 5513 5152 5683 5418 5035 5484 5688 5456 5347 5093 5248 5312 4695 5294 5115 4880 4938 5350 5354 5423 5114 4783 5312 5079 4946 5311 5145 5009 5719 5632 4996 5143 5287 5100 4989 5294 4935 5340 5112 5386 4620 5547 5511 4960 5460 5174 5271 5223 5593 5107 5181 5150 5626 5143 5504 5595 5311 5509 5234 5097 5066 5111 5537 5441 5251 4954 5724 5178 5287 5467 5048 5128 5308 4956 5229 5311 
5361 5326 5577 5264 5046 4982 5909 4886 5610 4803 5070 5655 5250 5167 5490 5196 5062 5302 5652 4844 5586 5349 5175 5392 5132 4459 5350 5051 5171 5290 5167 5267 5341 5460 5543 5315 5914 5687 5469 4992 5482 5370 5461 5633 5020 5292 5014 5311 5340 5134 5311 5442 5415 5148 5300 5650 5022 5336 5337 5312 5427 5319 5283 5371 5760 5204 5501 5103 5257 5108 4990 5612 5472 5288 5503 5603 5233 5567 5116 5428 5476 5115 4851 4838 5570 5116 5327 5270 5163 5075 5650 4990 5157 5174 5458 5537 5025 5385 5759 5457 5387 6136 5236 5409 5343 5404 5186 5688 5171 4993 5401 5374 5344 5387 5419 5358 5745 5379 5380 5809 5151 6083 5598 5422 5350 5338 5300 5405 5169 5365 5199 5409 5787 5668 5473 5400 5493 5142 5440 5048 5572 5415 5310 5165 5352 5212 5414 5013 5365 5775 5816 5077 5622 5601 4647 5298 5059 5698 5531 5530 5220 5495 5272 5520 5156 5630 5738 5704 5358 5554 5498 5359 5008 5216 5487 5768 5107 5453 5093 5432 5699 5212 5484 5420 5112 5666 5854 5560 5356 5083 5434 5410 5122 5257 5061 5179 5070 5214 5197 5325 5440 5045 5302 5226 5271 5264 5416 5230 5368 5626 5185 5626 5791 4890 5012 5245 5339 5600 5169 5369 4802 5503 5661 5010 5409 5343 5259 5245 5691 5213 5009 5345 5798 5190 5650 6157 5271 5514 5568 5331 4956 5145 5657 5361 5559 5056 5435 5064 5237 5341 5229 5058 5433 5204 5223 4988 
5062 4949 4632 4877 4664 4529 5190 4565 4839 4276 4761 4931 4328 4564 4796 4731 4797 4747 4855 4477 4919 4826 4806 4758 4693 4197 4745 4400 4796 4531 4659 4586 4711 4796 4771 4726 5051 5325 4930 4607 4904 4656 4938 5239 4513 4853 4880 4783 5041 4509 4564 5119 4776 4743 4612 4768 4418 4696 4957 4728 5061 4785 4779 4650 4867 4665 4893 5042 4675 4709 4644 4817 4978 4820 5130 4976 4580 5159 4364 4913 4719 4560 4278 4370 4931 4554 4516 4457 5100 4546 4772 4425 4488 4684 5103 4862 4762 4299 5093 4537 4669 5202 4975 4856 4878 4699 4760 5269 4580 4590 4945 4681 4690 4984 4752 4832 5191 4755 4515 4981 4543 5538 4846 4417 4695 4837 4884 4800 4705 4813 4859 4520 4899 4862 4633 4794 4636 4671 4916 4193 4693 4717 4979 4821 4803 4882 4785 4521 4664 5057 4903 4422 4772 4832 4048 4684 4724 5014 5031 4666 4591 4570 4629 5113 4650 4981 4987 4393 4880 4927 4675 4739 4350 4801 4942 5105 4347 4797 4725 4766 4891 4598 4906 4564 4549 5120 4922 4851 4470 4624 4745 4866 4518 4473 4639 4417 4295 4565 4711 4837 4691 4367 4688 4801 4463 4818 4800 4549 4954 4853 4576 4878 4531 4644 4689 4495 4619 4827 4682 4791 4262 5072 4941 4759 4839 4494 4857 4852 4903 4210 4671 4520 5060 4713 4776 5185 4548 5023 4899 4761 4515 4789 4950 4963 4702 4718 4789 4204 4623 4886 4552 4366 4948 4650 4610 4475 
5420 5390 5567 5385 5483 5288 5733 4949 5852 4732 5375 5695 5045 4932 5665 5223 5493 5136 5361 5143 5702 5607 4971 5432 5158 4908 5147 4953 4994 5275 5272 5250 5280 5537 5505 5767 5751 5987 5588 5020 5845 5427 5912 5706 5055 5504 5173 5678 5467 5427 5185 5583 5567 5394 5365 5499 4988 5225 5555 5177 5353 5308 5287 5419 5648 5027 5504 5403 5411 5188 5126 5432 5622 5463 5944 5499 5231 5635 5151 5372 5606 5564 5168 5040 5709 4888 5549 5411 5345 5260 5682 4903 5143 5114 5621 5326 5198 5226 5631 5220 5458 6017 5312 5496 5737 5361 5219 5956 4966 5137 5356 5245 5232 5654 5447 5711 6153 5506 5155 5271 5110 5886 5600 4918 5606 5595 5227 5518 5292 5224 5145 5418 5624 5471 5331 5352 5302 5352 5592 4904 5551 5087 5651 5199 5385 5242 5450 5316 5509 6127 5766 4842 5507 5661 4924 5242 5212 5775 5243 5412 5073 5673 4816 5599 5207 5801 5384 5438 5758 5540 5313 5497 4897 5352 5292 5701 5146 5316 5362 5442 5464 5248 5519 5078 4988 5691 5962 5742 5549 4919 5373 5450 4887 5240 5271 5087 5215 5094 5186 5372 5323 4840 5509 5315 4940 5352 5277 5295 5551 5515 5446 5293 5575 5019 5312 5435 5328 5184 5362 5417 5125 5753 5636 5267 5759 5210 5463 5710 5612 5033 5108 5468 5577 5211 5667 6194 5432 5548 5218 5260 5183 5272 5717 5291 5333 4948 5711 5161 5424 5412 5253 5007 5668 5213 5376 5218 
5447 5290 5498 5547 5281 4901 5569 5127 5667 4694 5344 5366 5055 5184 5584 5093 5322 5407 5587 5085 5753 5396 5403 5342 5673 4929 5281 4864 5468 5233 5131 5178 5163 5262 5421 5667 5997 6089 5500 5297 5528 5347 5501 5558 4865 5644 5240 5382 5416 4981 5171 5646 5462 5194 5316 5527 5075 5104 5495 5422 5299 5166 5416 5309 5540 5418 5501 5459 5320 5268 5112 5284 5532 5602 5607 5559 5072 5437 4844 5333 5321 5338 4764 5090 5305 5035 5376 5221 5200 4766 5420 4653 4962 4779 5652 5232 5122 4999 5605 5248 5356 5875 5497 5586 5643 5490 5258 5591 5133 5266 5537 5362 5211 5679 5430 5752 5863 5414 5162 5447 5004 5747 5533 5088 5385 5542 5381 5674 5380 5699 5384 5249 5731 5431 5489 5332 5387 5244 5180 4750 5339 5535 5062 4901 5438 5204 5384 5134 5318 5930 5671 4813 5640 5486 4715 5098 5388 5646 5437 5376 5211 5259 4972 5623 5360 5505 5475 5446 5542 5462 5116 5501 4947 5222 5249 5583 5042 5500 5172 5365 5816 5255 5609 5118 4792 5484 5730 5388 5566 4989 5322 5142 5153 5270 5124 5216 4937 5391 5531 5169 5254 4561 5410 5299 4991 5396 5527 5217 5472 5782 5240 5507 5555 5134 5195 5454 5413 5240 5001 5608 4865 5539 5649 5182 5607 5037 5144 5287 5772 4964 5188 5052 5542 5345 5387 5776 5261 5577 5432 5174 5135 5390 5588 5583 5495 5136 5714 5349 5330 5426 5081 5494 5375 4931 5091 5097 
4720 4532 4742 4535 4572 4544 4971 4196 4825 4482 4786 4764 4214 4325 4713 4660 4461 4711 4759 4294 5097 4599 4680 4796 4786 4224 4483 4373 4656 4439 4616 4734 4560 4688 4787 4775 5118 5190 4863 4645 4886 4706 4860 4724 4274 4788 4353 4816 4789 4808 4160 5048 4782 4700 4843 4913 4295 4703 4744 4493 4610 4437 4813 4755 4773 4618 4914 4775 4774 4544 4464 4521 4844 4683 4739 4731 4732 4818 4454 4594 4933 4535 4268 4481 4847 4216 4582 4596 4974 4533 4584 4214 4524 4398 4630 4569 4546 4270 4927 4648 4459 5251 4583 4789 4799 4922 4441 4893 4595 4645 4459 4813 4352 4676 4722 4747 5416 4667 4527 4895 4516 5204 4605 4117 4728 4860 4793 4783 4814 4717 4515 4628 4760 4842 4640 4720 4748 4599 4739 4266 4846 4531 4737 4719 4576 4740 4803 4718 4677 5126 4745 4419 4823 4768 4063 4628 4597 4947 4797 4693 4421 4832 4416 4738 4644 5029 5041 4544 4900 5040 4730 4810 4182 4842 4629 4985 4549 4764 4496 4797 5181 4728 4811 4843 4436 4809 4668 4926 4793 4551 4793 4563 4581 4589 4371 4523 4397 4709 4868 4771 4666 4442 4980 4434 4560 4758 4878 4308 4794 4896 4614 4647 4791 4412 4281 4739 4464 4778 4678 4563 4223 5011 5299 4478 4891 4643 4720 5113 5161 4391 4647 4506 4852 4568 4955 5187 4563 4997 4763 4660 4552 4182 4607 4647 4712 4664 4894 4471 4617 4843 4293 4408 5078 4701 4590 4584 
5173 5517 5439 5229 5448 5277 5699 4810 5602 4949 5155 5313 5093 5082 5338 5435 5457 5369 5253 5008 5645 5598 5051 5147 5381 4515 5393 5241 5226 5233 5170 5318 5023 5127 5426 5645 5936 5694 5403 5205 5451 5381 5389 5469 5061 5205 5111 5137 5424 5160 5279 5593 5322 5541 5165 5825 5078 5125 5376 4970 5418 5170 5297 5333 5583 5436 5769 5293 5371 5398 5218 5456 5766 5647 5459 5690 5082 5390 5023 5199 5781 5430 5025 4595 5287 4902 5529 5404 5357 5064 5513 5115 5029 5117 5424 5142 5219 5087 5487 5537 5151 5924 5629 5235 5759 5601 5379 5566 4975 5182 5127 5319 5192 5495 5473 5375 5700 5398 5148 5527 5128 6026 5508 4853 5438 5304 5466 5519 5347 5374 5204 5310 5406 5332 5452 5367 5405 5007 5630 5112 5303 5294 5306 5282 5465 5170 5532 5430 5261 5891 5471 4826 5319 5248 4978 5147 5102 5621 5205 5142 4976 5501 4995 5569 5176 5674 5508 5331 5596 5716 5533 5228 4665 5319 5276 5800 5008 5228 5246 5374 5945 5478 5364 5246 5027 5333 5578 5548 5467 5093 5316 5261 5159 4969 4995 5032 5098 5305 5260 5561 5398 4847 5429 5034 5140 5335 5404 4927 5620 5570 4992 5505 5488 5065 5083 5301 5289 5374 5253 5499 4755 5465 5609 5152 5658 5334 5124 5428 5575 5012 5358 5386 5546 5157 5589 5957 5338 5477 5136 5305 5247 5070 5338 5364 5152 5103 5737 5014 5273 5669 5214 4873 5442 5203 4966 5191 
5418 5319 5157 5111 5199 5143 5471 4759 5620 4824 5204 5422 4738 4658 5409 4988 5440 5197 5223 5044 5397 5562 5306 5329 5042 4487 5091 4960 5304 5000 5042 5093 4815 5043 5181 5534 5768 5657 5108 4849 5685 4981 5343 5313 5035 5187 5285 5209 5209 5056 5160 5279 5193 5253 5170 5590 5315 5226 5284 5089 5062 5034 5246 4983 5574 5167 5349 5273 5541 5368 4863 5444 5548 5553 5641 5038 5068 5489 4748 5106 5648 5295 4852 4793 5326 5069 5532 5176 5103 4918 5229 4881 5027 5033 5628 5226 5421 4899 5470 5244 5233 6041 5209 5121 5627 5510 4911 5799 5118 5293 5120 5294 5004 5221 5272 5392 5860 5266 5323 5414 5035 5706 5037 4858 5521 5228 5331 5486 5075 5281 5202 5210 5554 5266 5219 5416 5437 5145 5246 4992 5143 5080 5377 5489 5271 5254 5410 4980 5575 5758 5342 5037 5200 5446 4588 5021 5081 5526 5376 5357 5012 5453 4930 5450 5069 5418 5523 5220 5694 5464 4982 5210 4803 5167 5151 5523 4826 5267 4875 5207 5649 5251 5329 5218 4836 5192 5227 5289 5537 4767 4930 5245 5249 5007 4990 4845 4796 5290 5131 5448 5224 4715 5181 5395 4726 5189 5574 5050 5458 5361 4940 4887 5405 5037 5044 5411 5206 5291 5355 5321 4924 5584 5592 5030 5486 5223 5284 5475 5721 4970 5140 5321 5194 4868 5462 5747 5216 5428 5208 5070 5174 5194 5276 5141 5190 5084 5902 5089 5148 5301 5073 4909 5360 5245 4943 5022 
5547 5443 5434 5318 5092 5232 5696 4848 5655 4786 5312 5437 4783 5225 5508 5295 5096 5278 5585 4987 5379 5463 5225 5283 5239 4464 5389 4829 5277 5256 5075 5034 5145 5400 5489 5569 5826 5784 5477 5175 5494 5284 5299 5637 5070 5332 5336 5374 5428 5050 5236 5540 5577 5281 5194 5604 5048 5357 5426 5217 5382 5215 5361 5126 5376 5273 5603 5463 5184 5251 4846 5358 5760 5624 5516 5479 5202 5580 4945 5373 5642 5493 4903 4782 5598 5004 5550 5168 5296 4899 5470 4903 5327 4947 5300 5429 5353 5065 5803 5319 5427 5953 5537 5357 5611 5294 5184 5727 5114 5199 5424 5542 5211 5573 5401 5611 5723 5290 5175 5547 5187 5925 5394 5230 5339 5291 5272 5464 5278 5362 5329 5253 5532 5342 5416 5430 5507 4964 5542 4912 5349 5251 5287 5311 5282 5287 5279 5526 5495 5749 5412 5185 5470 5676 4766 5172 5498 5566 5319 5426 5396 5463 5005 5724 4964 5794 5575 5776 5422 5559 5117 5413 4818 5047 5489 5849 5237 5522 5162 5452 5719 5225 5116 5028 4948 5560 5517 5847 5341 5245 5176 5240 5225 5459 4954 4878 5051 5257 5096 5497 5277 4954 5295 5233 5132 5447 5567 5181 5636 5558 5088 5172 5468 4900 5026 5061 5071 5266 5308 5376 4978 5561 5654 5188 5466 5164 5157 5426 5669 5137 5388 5229 5573 5260 5286 5719 5603 5525 5242 5237 5378 5466 5651 5452 5323 5238 5790 5010 5226 5523 5148 5040 5462 5179 5065 5398 
5565 5285 5573 5380 5394 5232 5775 4867 5936 4943 5214 5484 5301 5294 5513 5342 5461 5384 5434 5123 5726 5732 5123 5492 5611 4785 5509 5041 5224 5395 5371 5332 5293 5418 5746 5634 6107 5778 5699 5516 5528 5356 5651 5581 5153 5372 4955 5323 5789 5327 5143 5496 5511 5552 5559 5360 5156 5540 5691 5153 5394 5188 5345 5151 5626 5503 5847 5383 5499 5493 5081 5640 5700 5677 5588 5580 5216 5572 4961 5474 5567 5353 4950 4951 5767 5372 5660 5458 5232 5159 5635 4927 5133 5327 5437 5619 5102 5293 5675 5404 5457 6083 5577 5539 5615 5608 5302 5958 5257 5166 5722 5518 5244 5519 5523 5547 6107 5672 5708 5757 5079 6444 5635 4967 5510 5335 5500 5611 5567 5665 5249 5503 5724 5589 5403 5452 5539 5617 5650 5009 5690 5308 5408 5279 5432 5470 5677 5519 5567 5922 5561 5032 5550 5584 5081 5508 5090 5817 5503 5182 5337 5563 5392 5752 5389 5537 5919 5718 5750 5675 5527 5467 4817 5552 5438 5949 5270 5618 5208 5382 5673 5295 5600 5325 5349 5602 5462 5656 5418 5352 5437 5601 5296 5316 4970 5052 5253 5219 5455 5678 5360 5226 5721 5455 5083 5205 5645 5020 5613 5672 5430 5554 5618 5303 4868 5419 5402 5352 5122 5878 4918 5748 5685 5168 5730 5733 5418 5594 5770 5216 5393 5445 5877 5302 5870 6079 5542 5517 5498 5507 5105 5276 5545 5561 5624 5287 5643 5245 5499 5379 5247 4968 5838 5437 5213 5414 
5316 4913 5000 5158 4976 4747 5285 4837 5373 4775 5148 5062 4709 4867 5013 4785 5046 5196 5133 4474 5241 5316 5114 4923 4989 4511 4996 4631 4925 4792 4621 4893 4875 4893 5202 5378 5220 5613 4982 4729 5001 5189 5108 5451 4980 5246 4850 4894 5043 5106 4787 5396 5058 5028 5027 5202 4916 5053 5176 5233 4951 4994 5010 4762 5280 5163 5410 5268 4949 5284 4822 4855 5131 5243 5094 5008 4940 5180 4743 4978 5414 4849 4807 4768 5031 4833 5133 5020 4761 4750 5259 4683 4962 4770 4937 4914 4735 4757 5313 5032 4773 5416 5062 5046 5248 4903 4778 5563 4625 4855 4893 5236 4924 5456 5163 5151 5413 5134 5075 5459 4904 5708 5138 4583 5124 5137 5249 4964 5064 5022 5054 4851 5355 5032 4929 4895 5167 4864 5322 4617 4824 5257 4855 4970 5243 4812 4869 4945 5172 5426 5137 4553 5116 5249 4602 4741 5071 5253 4907 5138 4795 5383 4755 5304 4848 5134 5383 5157 5154 5104 4936 4920 4517 5173 5210 5342 4729 4976 5029 5085 5180 5259 5416 4974 4627 5104 5237 5373 5023 4804 4854 5028 5044 5067 5090 4510 4640 5253 4818 4963 4692 4647 5180 4883 4908 5158 5158 4478 5178 5259 4813 5218 4810 4815 4869 5185 4803 5281 4939 4952 4575 5160 5306 4893 5109 5054 5101 5223 5251 4667 4909 4908 5084 4818 5382 5657 5153 5015 5100 4936 4926 5164 5323 5041 5126 4848 5344 4745 5090 5304 5007 4685 5285 5224 4895 5018 
5136 5104 4830 4901 4874 5060 5404 4540 5327 4523 4959 5101 4556 4698 5147 5017 4855 5033 5162 4658 5417 4988 4998 4883 4923 4239 4743 4594 4959 4781 4891 4789 4886 5171 5094 5180 5536 5467 5206 4648 5386 4920 5445 5317 4778 4991 4707 4858 5192 4462 4754 5220 5101 4890 4924 5264 4688 4846 5070 4685 5427 4905 4886 5265 5306 4835 5170 4781 5148 4854 4567 5413 5312 4991 5032 5047 4753 5398 4632 4985 5121 4959 4577 4507 5036 4862 5038 4742 4966 4649 5205 4569 4732 4685 5216 4812 4887 4839 5440 4931 4819 5667 4931 4929 5265 5098 4960 5148 4715 4791 4959 5037 4952 5036 5038 5173 5688 5175 5031 5342 4735 5753 5041 4635 5195 5296 5171 5184 5044 5185 4938 4841 5231 4953 4845 4888 4931 4761 5108 4565 5018 4738 5088 5051 4965 4875 5072 4860 5152 5488 5031 4517 5007 5051 4453 4765 4820 5288 5046 4883 4849 5117 4978 5218 4859 4965 4950 4950 5386 5209 4897 5145 4364 4915 5041 5434 4882 4987 4900 4919 5465 4967 5222 4761 4803 5281 5197 5159 5149 4781 4774 4881 4876 4977 5105 4694 4598 4734 4721 5118 4776 4692 4931 4827 4683 5147 4761 4644 5180 4992 4920 4685 5259 4877 4671 5046 5000 4935 4924 5197 4672 5380 5363 4782 5284 4855 5051 5068 5001 4815 4754 4885 5287 4658 5194 5451 4653 5434 4709 4897 4712 4902 5032 4910 5058 4765 5243 4686 4826 4935 4682 4848 5206 4878 4878 4651 
5491 5503 5278 5215 5329 4882 5612 5042 5539 4794 5352 5414 4988 5099 5536 5045 5385 5217 5336 5013 5551 5208 5387 5386 5317 4629 5340 4746 5377 5093 5038 5139 5155 5512 5410 5453 5833 5964 5489 5217 5513 5210 5515 5424 5205 5181 5087 5255 5493 5176 5002 5404 5615 5271 5185 5108 5003 5214 5356 5213 5242 5194 5239 5357 5694 5208 5464 5341 5210 5178 4849 5418 5687 5508 5448 5617 5077 5548 4831 5288 5324 5146 4921 4666 5510 4802 5109 5193 5419 4743 5543 4892 4888 4934 5612 5236 5319 5005 5454 5328 5262 5963 5266 5413 5441 5376 4982 5533 5039 4992 5284 5204 5094 5686 5313 5443 5488 5438 5382 5525 5312 5875 5598 4920 5508 5483 5560 5728 5449 5376 5092 5021 5579 5418 5436 5307 5218 5231 5368 4733 5008 5198 5330 5304 5639 5104 5481 5291 5272 5505 5376 4885 5447 5423 4749 5277 5334 5448 5407 5341 4848 5280 5128 5641 5050 5647 5416 5275 5632 5421 5324 5338 4735 5317 5140 5901 4961 5146 5206 5331 5726 5196 5377 5130 4866 5648 5341 5569 5179 4949 5289 5292 5244 5104 5143 4946 4925 5373 5145 5236 5181 4989 5297 5214 4844 5277 5444 4899 5448 5594 5139 5268 5400 4836 4686 5285 5085 5080 5490 5220 4584 5455 5607 5092 5407 5046 5144 5413 5658 5000 5166 5003 5600 5118 5382 5819 5192 5362 5060 5188 4986 5180 5351 5087 5091 5013 5559 4987 5160 5438 5378 4955 5484 5127 5193 5179 
5971 5527 5736 5412 5367 5120 6014 5147 6183 5027 5429 5730 5224 5160 5945 5561 5531 5738 5862 5064 5696 5869 5492 5545 5441 4903 5514 4935 5487 5371 5538 5603 5402 5566 5695 5636 6190 6024 5777 5266 5769 5658 5691 5826 5292 5465 5562 5511 5540 5410 5305 5825 5672 5487 5619 5654 5271 5452 5775 5351 5534 5420 5742 5751 5899 5738 5629 5810 5549 5656 5210 5719 5725 5804 5833 5897 5527 5632 5242 5593 5760 5652 5231 5134 5739 5302 5735 5439 5486 5080 5525 5157 5410 5336 5763 5578 5594 5314 6118 5418 5190 6214 5622 5393 5647 5888 5380 5844 5560 5520 5669 5562 5127 5737 5867 5891 6029 5623 5696 5864 5300 6196 5458 4998 5693 5539 5832 5736 5604 5792 5646 5490 5899 5727 5663 5678 5619 5387 5806 4915 5317 5487 5801 5492 5506 5299 5624 5483 5705 5829 5500 5286 5605 5744 4950 5185 5433 5825 5502 5698 5487 5546 5406 5835 5170 5700 5995 5517 5982 5686 5895 5765 5259 5387 5920 6200 5052 5476 5337 5698 5722 5487 5787 5897 5222 5840 5895 6005 5516 5303 5447 5801 5528 5282 5272 4979 5080 5358 5630 5874 5479 5185 5470 5365 5409 5876 5631 5235 5869 5694 5211 5486 5747 5264 5318 5701 5437 5702 5607 5333 5128 6039 5834 5217 5699 5522 5316 5827 5910 5235 5358 5477 5654 5216 5635 6188 5176 5745 5766 5185 5371 5116 5782 5506 5683 5343 6060 5161 5626 5865 5288 5366 5709 5637 5406 5481 
5631 5610 5770 5610 5602 5410 6159 5328 6115 5246 5448 6114 5532 5113 5809 5635 5524 5620 5771 5388 6051 5899 5298 5815 5586 4902 5756 5352 5655 5575 5720 5523 5602 5617 5668 5889 6150 6132 5745 5515 6135 5558 5911 5792 5283 5849 5519 5826 5897 5550 5403 5957 5609 5818 5596 5823 5287 5958 5986 5587 5753 5657 5626 5514 5871 5639 5814 5508 5515 5528 5441 5500 5800 5847 6079 5658 5724 5902 5292 5645 6019 5770 5262 5191 5995 5696 5865 5565 5883 5412 5908 5401 5555 5511 5729 5744 5556 5432 5916 5542 5631 6283 5850 5640 5849 6109 5454 6171 5492 5669 5693 5773 5525 5846 5641 5830 5969 5981 5591 5893 5255 6574 5653 5224 5906 5548 5707 5866 5496 5838 5506 5698 6075 5735 5740 5699 5887 5757 5838 5031 5719 5466 5805 5634 5320 5635 6064 5597 5874 6090 5871 5379 5634 5763 5294 5588 5382 6205 6022 5761 5693 5763 5412 5730 5534 5901 5907 5833 5905 5977 5667 5798 5029 5763 5519 6190 5473 5570 5455 5822 6077 5550 5788 5680 5457 6176 5993 5954 5681 5441 5736 5878 5630 5393 5436 5422 5130 5364 5625 5853 5638 5327 5859 5324 5269 5823 5921 5528 5830 6083 5707 5497 5805 5382 5482 5689 5688 5927 5432 5684 5125 5966 5996 5168 5685 5415 5437 5780 6111 5512 5688 5529 6063 5439 5910 6221 5557 6088 5690 5569 5726 5560 5975 5676 5865 5103 6085 5326 5691 5803 5442 5505 5980 5456 5458 5544 
5418 5440 5528 5418 5461 5151 5794 5041 5876 4890 5493 5684 5076 5001 5250 5231 5354 5349 5510 5008 5375 5449 5033 5418 5243 4573 5289 5055 5320 5388 5152 5239 5095 5439 5516 5805 5952 5718 5574 5197 5501 5409 5579 5605 5044 5591 5208 5240 5542 5273 4921 5583 5589 5238 5364 5117 4961 5428 5708 5402 5169 5064 5398 5250 5558 5325 5472 5194 5407 5109 4936 5332 5684 5571 5352 5438 5047 5510 4950 5437 5292 5205 4992 4738 5506 5247 5648 5362 5494 4898 5586 4856 5130 4987 5496 5167 5265 5163 5749 5495 5267 5983 5513 5255 5414 5484 5210 5553 4905 5059 5567 5346 5225 5619 5283 5676 5599 5329 5279 5488 5192 6009 5604 4903 5605 5085 5346 5646 5422 5445 5515 5377 5574 5369 5575 5364 5411 5066 5306 4873 5508 5387 5472 5295 5187 5385 5318 5378 5417 6125 5499 4787 5313 5540 4774 5153 5314 5669 5378 5350 5130 5560 4964 5708 5404 5469 5741 5417 5517 5581 5296 5311 4618 5407 5286 5792 4906 5254 5214 5399 5619 5082 5674 5329 4910 5219 5323 5757 5368 5127 5555 5511 4955 5323 5161 4921 5073 5207 5337 5368 5353 5056 5485 5234 4938 5501 5247 5189 5334 5594 5125 5475 5592 5192 5219 5133 5316 5301 5375 5334 5026 5509 5586 5032 5569 5175 5584 5561 5828 5133 5205 5057 5777 5214 5390 5961 5511 5335 5267 5184 5129 5282 5430 5581 5353 5091 5431 5091 5332 5397 5305 5225 5780 5141 5069 5091 
5163 4748 5192 4909 4789 5080 5686 4680 5216 4481 4871 5281 4928 4515 5205 4838 5009 5088 5094 4691 5268 5347 5056 5053 5259 4480 5010 4620 4957 4809 4828 4889 5065 5097 5224 5329 5459 5454 5133 5035 5291 5120 5073 5286 4937 5224 4967 4970 5142 4730 4719 5126 5207 5138 5047 5290 4783 5172 5150 5013 5206 5003 5265 5069 5306 5202 5404 5262 5009 5011 4872 5162 5306 5274 5326 5155 4664 5355 4814 5017 5456 4962 4795 4599 5078 4797 4979 4948 4856 4654 5334 4695 4557 4951 5186 5001 4828 4830 5525 4989 5093 5607 5175 5221 5044 4915 4920 5318 5247 4742 5049 5169 4844 5171 4999 5349 5593 5170 5041 5252 4893 5417 5272 4864 4940 5138 5201 5228 5050 5346 5039 4955 5450 5090 4947 5228 5115 4856 5329 4819 4828 5176 4988 4706 5246 4697 5096 5207 4973 5699 5310 4768 5183 5154 4452 4706 4844 5123 5396 4924 4954 4937 5002 5224 4785 5283 5333 5311 5217 4873 4969 5045 4498 4852 5175 5464 4882 5053 5024 4910 5398 4869 4993 5302 4662 5567 5466 5240 5102 4759 5053 5242 4989 5094 4654 4506 4784 5095 5219 4995 5269 4537 5179 4816 4770 4968 5130 4828 5294 5266 4882 5277 5088 4996 4701 5069 4887 5060 5142 4988 4596 5256 5529 4797 5134 4990 5034 5102 5629 4843 4950 5159 5325 4865 5082 5308 5004 5025 5292 4880 4710 4690 4993 5191 5172 4874 5346 4807 5041 5344 4826 4810 5084 4942 4741 5017 
5681 5537 5697 5472 5500 5108 5988 5180 5866 4946 5387 5458 5104 5244 5458 5400 5339 5364 5714 5070 5537 5481 5379 5426 5619 4809 5458 4992 5421 5446 5183 5217 5440 5395 5556 5702 5924 5705 5282 5334 5643 5589 5482 5746 5119 5609 5431 5529 5610 5620 5280 5770 5293 5512 5654 5807 5126 5338 5794 5439 5554 5449 5551 5591 5921 5518 5885 5668 5455 5656 5586 5604 5587 5659 5898 5657 5546 5806 5423 5527 5798 5230 5314 5055 5444 5274 5699 5403 5293 5260 5792 4963 5240 5243 5646 5491 5388 5215 5805 5339 5577 6252 5309 5694 5612 5630 5375 5831 5311 5168 5829 5724 5552 5693 5660 5691 6191 5704 5295 5411 5252 6159 5524 5126 5693 5562 5754 5699 5478 5774 5294 5474 5989 5552 5399 5597 5380 5409 5769 5237 5487 5665 5145 5345 5529 5102 5599 5411 5519 5883 5742 5137 5803 5587 4872 5255 5304 5867 5706 5422 5667 5301 5337 5941 5301 5856 5994 5644 5722 5621 5476 5380 4996 5383 5402 6058 5362 5533 5406 5610 5816 5230 5423 5529 5111 5736 6017 5612 5625 5009 5543 5665 5398 5472 5262 5097 5406 5229 5568 5789 5540 5197 5409 5581 5331 5226 5375 5483 5661 5818 5273 5698 5570 5408 5134 5520 5637 5470 5421 5485 4871 5808 5889 5168 5589 5289 5392 5285 5759 5082 5279 5516 5785 5438 5797 5854 5481 5554 5670 5471 5361 5474 5404 5658 5615 5154 5725 5267 5503 5699 5407 5084 5591 5564 5382 5211 
5357 5498 5468 5426 5363 5240 5595 4924 5525 4421 4828 5215 4800 5003 5101 4944 5135 5298 5186 4715 5494 5272 4886 5261 5293 4823 5069 4730 5132 5001 5128 5125 5025 5087 5235 5370 5729 5777 5465 5075 5698 5370 5710 5435 4940 5485 5293 5387 5205 5179 5041 5566 5481 5126 5048 5554 4764 5061 5453 5123 5706 5321 5342 5227 5479 5062 5202 5235 5179 5322 4850 5340 5475 5232 5284 5424 5087 5292 4908 5312 5270 5232 4769 5012 5248 5118 5210 5230 5293 4816 5223 4383 5303 4959 5229 5287 5022 4856 5682 5126 5054 5628 5131 5267 5283 5252 5168 5558 4891 4897 5222 5271 4943 5354 5116 5199 5727 5580 4886 5475 5040 5811 5548 4925 5428 5141 5077 5506 5276 5406 5443 4986 5777 5203 5401 5012 5506 4987 5679 4640 5156 5199 5194 4972 5272 4977 5451 5274 5468 5882 5521 4728 5274 5420 4487 5114 5422 5667 5259 5566 5243 5271 5065 5477 4940 5490 5327 5138 5452 5138 5161 5622 4741 5248 5277 5592 4988 5246 5243 5181 5597 5137 5417 5163 4852 5664 5341 5434 4989 4877 5207 5159 4974 5146 5199 4753 4945 5219 5193 5339 5160 4915 5239 5085 4991 5248 5171 4955 5480 5620 4963 5332 5641 5180 4975 5254 4933 5391 5183 5024 4864 5430 5448 4825 5212 5300 5410 5295 5621 4939 5055 4931 5513 5104 5352 5908 5199 5517 5152 5399 5134 4896 5418 5246 5310 4910 5357 4979 4946 5390 4843 4772 5249 5267 5024 5123 
5429 5281 5434 5246 5517 4871 5814 5118 5615 4652 5084 5400 5011 5325 5504 5000 5049 5399 5478 4813 5588 5274 5119 5172 5336 4607 5183 4931 5355 5130 5307 4923 5003 5448 5722 5549 5665 5774 5439 5137 5579 5137 5457 5589 4954 5565 5468 5310 5343 4947 5129 5485 5523 5048 5690 5554 5070 5309 5501 5153 5211 4954 5639 5409 5500 5305 5726 5285 5044 5114 5082 5452 5391 5658 5484 5548 5135 5576 5034 5320 5391 5286 4916 4824 5533 5072 5255 5336 5154 5053 5404 4748 4886 5252 5603 5260 5058 5081 5491 5345 5014 5891 5437 5011 5606 5058 5335 5576 5013 5051 5475 5066 5236 5557 5383 5556 5621 5484 5259 5456 4983 5858 5458 4944 5381 5472 5171 5426 5145 5442 5346 5342 5587 5566 5480 5476 5321 5154 5580 4611 5266 5144 5357 5014 5258 5124 5459 5157 5360 5694 5471 4863 5546 5434 4809 5193 5157 5537 5677 5349 5033 5374 4779 5489 5165 5597 5423 5226 5510 5442 5567 5041 4702 5349 5396 6067 5251 5187 5044 5450 5905 5458 5353 5361 5185 5703 5709 5396 5493 4969 5102 5242 5266 5316 5262 4906 4880 5215 5087 5455 5309 4968 5191 5010 5285 5293 5293 5168 5399 5428 5024 5261 5669 5087 5118 5283 5215 5326 5546 5441 4639 5765 5718 5082 5552 5261 5211 5452 5626 5065 5132 5110 5645 5146 5443 5950 5245 5395 5073 5065 4987 5090 5181 5539 5396 4816 5517 4954 5301 5514 5126 5286 5541 5077 5347 5264 
5138 5454 5317 5316 5321 4992 5621 4883 5552 4765 5066 5478 5063 4943 5159 5295 5194 5237 5264 4845 5171 5346 4938 5178 5237 4765 5178 4788 5230 5250 4926 4954 4977 5200 5322 5475 5695 5908 5435 5010 5571 5342 5274 5474 4926 5409 5222 5162 5229 5088 5098 5576 5397 5207 5196 5569 5064 5175 5468 5149 5266 5081 5263 5290 5621 5196 5481 5247 5166 5128 4901 5243 5580 5400 5619 5488 5277 5455 5099 5052 5395 5217 4781 4585 5568 4782 5405 5043 5102 4936 5333 4977 4960 4995 5136 5119 5288 4944 5621 5303 5169 5827 5219 5128 5636 5243 5074 5555 5053 5139 4983 5323 5288 5510 5250 5613 5584 5448 5098 5511 4853 6107 5328 4874 5241 5289 5330 5419 5313 5226 5042 5038 5686 5064 5229 5309 5518 4933 5570 4873 5174 5207 5242 5128 5233 4985 5141 5295 5311 5974 5752 4694 5281 5452 4662 5227 4998 5661 5133 5101 5134 5329 4905 5368 5092 5478 5409 5284 5388 5281 5272 5376 4814 5325 5266 5576 5017 5184 5258 5366 5451 5099 5344 5013 4841 5624 5503 5322 5199 4718 5250 5242 5252 5023 4913 5007 4917 5034 5329 5455 5013 4977 5484 5045 4988 5132 5454 4952 5364 5640 4884 5524 5414 4869 4833 5034 5024 5199 5294 4987 4854 5270 5346 4844 5558 5134 5216 5277 5559 4895 5038 5239 5468 5099 5406 5819 5307 5434 5203 5066 5009 5258 5544 5290 5324 5044 5194 4924 5214 5625 5068 4793 5372 5036 4877 5347 
5751 5442 5962 5486 5718 5342 5971 5195 5971 5223 5581 5807 5403 5493 5831 5456 5602 5623 5724 5417 6090 5780 5532 5860 5487 4754 5625 5293 5451 5551 5356 5508 5160 5629 5690 5966 6193 6086 5509 5154 5966 5545 5656 5858 5121 5818 5501 5518 5633 5492 5390 5798 6028 5682 5655 5766 5299 5615 5910 5376 5614 5572 5752 5474 5828 5611 5818 5551 5438 5569 5408 5742 6159 5871 6026 5789 5331 5693 5059 5684 5955 5791 5056 5071 5713 5442 5867 5207 5628 5216 5989 5151 5255 5187 5674 5722 5145 5137 6050 5281 5560 6083 5849 5711 6068 5412 5358 5892 5476 5341 5885 5796 5653 5860 5581 6098 6211 5761 5781 5858 5473 6234 5578 5090 5841 5704 5896 5712 5285 5803 5425 5450 5917 5830 5790 5414 5764 5460 5642 5178 5515 5476 5560 5528 5662 5453 5686 5453 5577 5946 5683 5075 5880 5458 4964 5211 5615 5937 5864 5655 5615 5670 5122 5873 5597 5980 5737 5883 6067 5876 5715 5808 5130 5475 5678 6081 5262 5690 5297 5643 6075 5350 5813 5559 5359 5811 5894 5993 5721 5312 5903 5846 5435 5611 5316 5472 5256 5444 5534 5433 5512 5101 5832 5298 5538 5945 5621 5489 5879 5795 5322 5584 5782 5286 5362 5896 5352 5743 5461 5699 5117 5825 6083 5430 5852 5448 5533 5837 5964 5293 5493 5606 5701 5469 5938 6297 5537 5798 5816 5476 5479 5650 5878 5733 5870 5327 5972 5333 5525 5724 5428 5194 5815 5557 5556 5398 
5653 5412 5704 5486 5298 5474 5896 5045 6228 5170 5501 5924 5310 5302 5518 5643 5540 5510 5749 5204 5927 5780 5260 5689 5511 4620 5299 5016 5358 5488 5423 5198 5130 5696 5537 6052 6280 6191 5676 5397 5731 5583 5653 5764 5170 5543 5513 5536 5604 5386 5332 5755 5721 5588 5787 5607 5410 5478 5760 5496 5674 5615 5724 5470 5905 5575 5743 5923 5328 5520 5415 5557 5873 5760 5847 5708 5446 5746 5203 5782 5966 5742 5041 5152 5744 5326 5833 5588 5565 5022 5909 5001 5335 5247 5782 5426 5407 5308 6180 5425 5358 6386 5662 5620 5702 5493 5414 5914 5132 5069 5703 5507 5408 5796 5855 5844 5936 5556 5566 5969 5350 6057 5787 5177 5633 5503 5632 5714 5513 5441 5340 5373 5575 5684 5541 5625 5775 5429 5745 5171 5444 5685 5805 5427 5602 5226 5735 5561 5323 5975 5667 5121 5579 5733 4873 5297 5468 5871 5650 5478 5193 5550 4990 5744 5394 5838 5715 5458 5881 5529 5628 5497 5076 5287 5653 6119 5349 5512 5491 5243 5734 5425 5748 5474 5322 5823 5801 5786 5768 5253 5399 5613 5374 5294 5206 5256 5393 5452 5409 5550 5510 4888 6002 5645 5260 5675 5390 5263 5930 5858 5457 5617 5569 5262 5119 5564 5635 5742 5433 5397 5225 5695 5866 5404 5652 5734 5528 5896 6093 5148 5368 5590 5860 5274 5924 6167 5496 5690 5555 5301 5631 5496 5718 5676 5584 5226 5999 5122 5751 5458 5287 4999 5726 5335 5380 5316 
5373 5095 5273 5085 5369 4869 5408 4679 5257 4626 5021 5181 4594 4810 5248 4909 5146 5422 5274 4627 5414 5318 4951 5213 4935 4290 5231 4557 5028 4935 4771 4894 5144 5092 4987 5276 5543 5410 5032 5040 5330 5019 5405 5472 4677 4857 5011 5042 5067 4962 4965 5364 5033 5200 5085 5401 4789 5206 5263 4774 5205 5208 5412 4917 5506 4986 5651 5027 5144 4997 4854 5183 5476 5105 5090 5325 4879 5540 4706 4911 5404 5068 4532 4536 5029 4986 5385 5066 5061 4878 5218 4599 4864 4889 5177 5058 4930 4800 5252 5082 5330 5565 5234 5011 5398 5195 4910 5613 4919 4935 5139 4980 5019 5176 5109 5224 5411 5165 4843 5352 4986 5846 5216 4877 5151 4919 5208 5173 4970 5185 5223 5038 5440 4983 5000 5193 5276 4754 5293 4907 5041 5126 5306 5112 5242 4960 5238 5394 5317 5428 5178 4639 5220 5270 4746 4681 4811 5451 5266 5189 5002 5240 4818 5116 5072 5442 5541 5140 5121 5338 5052 4960 4548 5075 5151 5366 4920 5163 4898 5264 5208 5059 5097 5140 4624 5507 5046 5250 5141 4737 4921 5167 5076 5053 5065 4602 4778 4969 4897 5214 5184 4850 5172 4739 4773 5144 5048 4881 5216 5187 4889 5299 5319 4782 4937 5008 5084 5318 5040 5125 4465 5306 5234 5072 5398 4964 5033 5008 5595 4905 5258 5207 5364 5099 5256 5616 5182 5186 5183 4868 4912 4990 5342 5137 5037 4776 5245 4775 4884 5369 4861 4955 5280 4838 4796 5031 
4793 4872 5092 4760 4537 4750 5160 4551 5273 4397 4710 4815 4430 4501 5007 4725 4615 4877 5050 4507 5098 4911 4634 4751 4667 4225 4820 4638 4606 4819 4843 4628 4605 4849 5126 5146 5517 5233 4807 4681 4891 4728 4974 5152 4465 4709 4677 4898 5208 4720 4647 5175 4853 4799 4780 4930 4675 4681 5189 4538 5156 5059 4934 4644 4975 4692 5169 4985 4852 4907 4578 4924 5310 5142 5379 4838 4879 5100 4619 4979 5062 4849 4099 4374 4762 4640 4918 4451 4906 4711 5152 4295 4762 4572 4806 4884 4721 4601 5229 4994 4740 5456 4759 4899 4836 4804 4679 5263 4882 4557 4712 4886 4961 5055 4896 5317 5236 4782 4808 4940 4484 5373 4853 4639 4924 4913 4807 4816 4779 4860 4771 4495 5175 4778 4894 5039 5113 4806 4814 4408 5076 4866 4715 4777 4691 4875 5217 4891 4920 5274 4973 4680 5052 4980 4293 4644 4862 5167 4913 4751 5023 4778 4442 4900 4852 5443 4819 4697 5139 5051 5039 4881 4382 4766 5034 5360 4683 5080 4648 4790 5162 4773 5033 5007 4703 5169 5286 5101 4985 4702 4780 4958 4698 4725 4562 4626 4702 4990 4921 4821 4621 4612 4802 4878 4777 5101 4767 4586 4890 5032 4630 4902 4885 4704 4542 4674 4581 5002 4878 4883 4518 5131 5147 4657 4983 4881 4853 4943 5172 4725 4645 4585 5267 4524 5059 5209 4529 5034 5093 4762 4712 4761 5124 5097 4997 4636 5190 4682 4768 4696 4552 4573 5197 4677 4939 4991 
5265 5302 5527 5102 5211 5022 5679 4777 5582 4851 5244 5492 4989 5067 5483 4971 5120 5808 5204 5032 5553 5492 5010 5340 5326 4623 5279 5056 4844 5093 5356 5215 4891 5121 5369 5630 5586 5728 5584 5200 5473 5329 5453 5600 4922 5385 5201 4921 5519 4887 5221 5602 5570 5242 5351 5473 5138 5195 5343 5284 5448 5178 5459 5335 5627 5506 5514 5074 5281 5247 4954 5562 5368 5710 5402 5567 5025 5610 4759 5192 5489 5491 4906 4570 5360 5149 5441 5217 5101 4838 5510 4651 5003 5081 5385 5390 5322 5003 5603 5351 5437 5660 5392 4968 5466 5312 5049 5852 5048 5018 5428 5107 5112 5111 5404 5310 5770 5401 5253 5707 4908 5731 5475 4912 5495 5180 5633 5435 5213 5314 5272 5097 5375 5343 5288 5278 5525 5007 5400 4866 5337 5061 5287 5226 5219 5193 5532 5144 5424 5888 5392 4942 5302 5366 4956 5189 5153 5632 5414 5006 5193 5352 5055 5328 5095 5598 5463 5349 5461 5537 5214 5249 4702 5471 5589 5851 4793 5218 5167 5294 5714 5389 5583 5418 4961 5510 5628 5456 5316 5023 5426 5130 5097 5330 5152 5180 4771 5183 5192 5381 5298 4807 5600 5120 4919 5329 5421 4944 5334 5720 5115 5289 5557 4987 5034 5105 5042 5309 5363 5322 4815 5358 5594 5122 5507 5339 5330 5610 5854 5172 5090 5361 5437 5075 5520 5927 5230 5496 5294 5310 4962 5212 5360 5377 5471 4934 5333 4934 5402 5658 5023 5167 5474 5211 5036 5159 
5495 5207 5120 5328 5084 5039 5764 4896 5897 4607 5233 5502 4957 5002 5186 5293 5357 5454 5528 5267 5676 5634 5158 5260 5422 4589 5227 4926 5226 4982 5130 5441 5129 5161 5286 5511 5793 5676 5424 5083 5535 5671 5427 5618 4956 5545 5197 5097 5382 5133 5005 5630 5479 5546 5234 5606 5104 5450 5444 5185 5590 4942 5385 4997 5491 5402 5506 5077 5279 5362 4969 5518 5836 5407 5574 5472 5268 5666 4935 5292 5593 5232 5023 4712 5557 4881 5557 5148 5141 5085 5489 4992 5157 5152 5404 5257 5121 5263 5802 5471 5292 6004 5297 5421 5517 5551 5502 5570 5127 5213 5203 5355 5243 5490 5336 5681 5945 5447 5140 5688 4924 5844 5421 4996 5368 5205 5452 5451 5250 5175 5284 5145 5402 5247 5085 5468 5363 5076 5561 4955 5351 5031 5301 5361 5309 4977 5372 5216 5481 5648 5594 4937 5538 5387 4748 5078 5304 5582 5291 5202 5106 5194 5183 5570 5157 5419 5869 5406 5416 5504 5192 5469 4791 5259 5483 5893 4974 5112 5164 5467 5664 4955 5427 5135 4820 5539 5521 5694 5332 5048 5358 5460 5124 5189 5005 4910 4925 5081 5257 5386 5248 4950 5346 5195 5045 5391 5392 5056 5538 5595 5092 5240 5446 4996 5219 5317 5158 5360 5300 5453 4804 5454 5696 5064 5600 5126 5144 5230 5638 5216 5323 5241 5430 5156 5701 5765 5402 5347 5072 5162 5175 5205 5572 4979 5458 5135 5624 4775 5129 5191 5220 4932 5598 5288 4952 5039 
5249 5149 5422 5250 5159 5204 5642 4819 5738 4696 4862 5369 4800 5124 5308 4993 5192 5118 5462 4915 5742 5529 5098 5193 5093 4503 5189 4878 5236 5071 4853 5072 5008 5235 5586 5591 6010 5974 5191 5060 5390 5100 5295 5485 4950 5331 5068 5520 5202 5132 5067 5518 5192 5070 5480 5293 5009 5389 5491 5119 5252 5004 5285 5534 5405 5362 5513 5112 5053 4953 5071 5655 5306 5462 5479 5396 5308 5538 4861 5417 5538 5349 4802 4911 5341 5019 5482 5341 5040 4830 5345 4986 4846 4904 5194 5353 5222 5084 5681 5075 5197 5828 5128 5245 5368 5157 5126 5769 4857 5133 5353 5275 5109 5410 5338 5392 5680 5461 4964 5753 5093 5919 5445 4992 5439 5224 5344 5475 5253 5319 5033 5211 5641 5169 5392 5208 5252 4918 5290 4959 5421 5190 5218 5080 5164 5171 5350 5083 5287 5601 5340 4831 5475 5475 4622 5064 5189 5531 5335 5364 5059 5297 5046 5512 4968 5802 5529 5329 5307 5508 5410 5177 4683 5249 5031 5729 5043 5472 5281 5304 5800 5277 5774 5229 4966 5700 5397 5507 5275 5186 5292 5460 5223 5090 5299 5050 5077 5402 5148 5446 5169 4819 5260 5281 5197 5234 5196 5112 5721 5579 5104 5453 5360 4953 4994 5361 5265 5301 5190 5359 4806 5462 5277 4984 5623 5296 5137 5286 5383 4918 5079 5289 5680 5187 5443 5870 4996 5345 5286 5052 5142 5382 5370 5428 5367 4705 5594 5007 5095 5164 5181 5078 5477 5329 5157 5120 
5467 5598 5585 5456 5310 5482 5733 5070 5862 4980 5201 5343 5101 5223 5559 5302 5627 5513 5536 4905 5701 5464 5419 5460 5492 4751 5640 5027 5615 5411 5256 5310 5205 5439 5698 5804 6103 5695 5761 5493 5787 5309 5560 5928 5081 5244 5188 5431 5503 5334 5448 5664 5684 5499 5304 5611 5376 5249 5496 5376 5518 5504 5641 5635 5906 5340 5775 5453 5356 5525 5098 5739 5887 5776 5491 5779 5526 5653 4931 5359 5722 5374 4903 5028 5630 5282 5530 5301 5423 4957 5668 5314 5185 5495 5482 5614 5283 5298 5803 5401 5485 6056 5642 5389 5927 5469 5380 6048 5228 5299 5349 5521 5324 5394 5582 5598 6014 5507 5442 5730 5362 6149 5727 5002 5645 5597 5621 5842 5464 5537 5436 5185 5982 5420 5469 5440 5721 5484 5926 5039 5469 5545 5507 5261 5392 5254 5703 5226 5801 5752 5466 4865 5526 5792 4494 5012 5663 5853 5576 5680 5601 5764 5267 5608 5178 5666 5846 5551 6043 5576 5570 5492 5055 5513 5405 5815 5250 5462 5329 5621 5777 5299 5650 5650 5186 5588 5795 5549 5776 5089 5533 5671 5288 4979 5027 5088 5303 5309 5385 5576 5311 4955 5682 5449 5295 5472 5640 5180 5778 5791 5164 5584 5578 5121 5096 5523 5373 5623 5231 5440 4797 5946 6045 5367 5697 5616 5634 5683 6063 5164 5346 5290 5897 5260 5705 6009 5281 5625 5603 5474 5357 5343 5598 5393 5451 5470 5789 5066 5456 5521 5251 5156 5734 5375 5374 5353 
5512 5311 5707 5428 5299 5301 5640 5006 5874 4698 5480 5571 5279 5286 5559 5436 5271 5640 5533 5156 5536 5765 4973 5284 5417 4795 5518 4955 5409 5273 5349 5444 5325 5257 5585 5712 5825 5718 5484 5242 5728 5543 5793 5739 5104 5509 5258 5545 5786 4863 5085 5673 5601 5441 5559 5703 4892 5369 5724 5297 5328 5394 5388 5206 5664 5719 5708 5385 5457 5353 5262 5442 5649 5557 5649 5825 5495 5763 5211 5530 5631 5578 4975 4948 5581 5205 5649 5485 5321 5152 5579 4771 5291 5057 5517 5721 5233 5161 5775 5266 5480 6181 5746 5507 5588 5472 5338 6070 5046 5302 5625 5359 5429 5332 5519 5276 5846 5444 5073 5803 5110 6085 5459 5021 5466 5282 5499 5435 5441 5385 5496 5279 5667 5552 5466 5471 5662 5639 5409 5037 5594 5364 5529 5421 5631 5332 5623 5627 5619 6004 5431 4978 5268 5597 4758 5425 5316 5827 5694 5398 5100 5534 5082 5592 5339 5631 5563 5477 5740 5697 5245 5222 4827 5613 5759 5978 5055 5402 5254 5284 5828 5323 5613 5371 5161 5493 5815 5685 5587 5278 5501 5223 5383 5126 5210 4945 4929 5183 5190 5612 5606 5007 5356 5268 5228 5587 5450 5283 5601 5672 5424 5424 5716 5175 5282 5337 5495 5525 5275 5697 4816 5809 5707 5266 5823 5326 5524 5644 5851 5024 5602 5318 5692 5053 5920 6256 5813 5348 5430 5391 5187 5343 5593 5302 5598 5189 5510 4819 5162 5714 5207 5007 5389 5628 5310 5168 
5514 5425 5452 5340 5299 5212 5377 4987 5716 4683 5136 5351 5149 5028 5380 5164 5433 5522 5387 5054 5808 5434 5020 5255 5519 4762 5334 5111 5492 4902 5365 5312 5074 5143 5483 5644 5893 5690 5470 5554 5574 5161 5627 5603 5141 5229 5117 5220 5547 4995 5134 5590 5272 5227 5283 5605 4993 5132 5500 5166 5320 5126 5321 5170 5579 5518 5752 5359 5123 5437 5099 5473 5519 5524 5657 5676 5172 5520 4982 5188 5573 5374 5035 5125 5624 5078 5572 5516 5176 4824 5443 5120 5037 5158 5639 5044 5293 5097 5673 5194 5406 5801 5622 5554 5556 5447 5420 5770 5097 5084 5433 5424 5148 5410 5455 5607 5749 5316 5282 5707 5177 6035 5350 4947 5419 5270 5497 5835 5365 5553 5133 4931 5826 5278 5214 5332 5547 5343 5467 4942 5376 5383 5329 5098 5314 5011 5330 5005 5385 5827 5340 5128 5258 5497 4681 5336 5168 5609 5398 5248 5335 5530 5338 5352 5124 5729 5641 5337 5655 5409 5420 5331 5057 5372 5518 5732 5231 5519 5408 5347 5637 5228 5412 5285 4809 5439 5694 5373 5387 5096 5231 5383 5292 5019 5247 4863 4914 5364 4997 5306 5247 4789 5506 5125 5151 5614 5544 5217 5735 5899 5271 5299 5364 5123 4850 5386 5423 5324 5102 5729 4803 5736 5539 4822 5673 5264 4983 5414 5651 5056 5424 5206 5451 4996 5609 5863 5296 5463 5314 5241 5230 5374 5389 5496 5349 5020 5554 4788 5130 5602 5200 4927 5410 5237 4919 5132 
5547 5165 5018 5166 4698 4842 5413 4726 5382 4462 5108 5087 4753 4942 5216 5077 5149 5028 5116 4464 5291 5094 4910 4821 5161 4367 4927 4768 5106 4875 5012 4600 4971 5231 4951 5268 5375 5459 5141 4840 5043 4947 5199 5333 4730 4981 4888 5002 5135 4795 4812 5376 4946 5200 5147 5460 4511 4906 4870 5093 5148 4924 4972 5228 5402 4976 5362 5089 4995 4971 4931 5275 5295 5104 5132 5352 4839 5424 4671 4918 5056 5052 4693 4555 5100 4538 4876 5045 5009 4636 5530 4552 4776 5038 5134 5004 4510 4917 5303 4917 5033 5492 5071 5243 5345 5181 4811 5370 4915 4852 4960 5039 4792 5206 5144 5411 5525 5261 5014 5161 5024 5404 5075 4555 5106 5129 5157 5130 4941 5241 4908 4910 5263 5159 4946 5023 5182 4978 5154 4699 5187 4973 4843 4954 4995 4867 4878 5035 5089 5420 5166 4536 5184 5339 4514 4902 4747 5148 5106 4997 4859 5250 4711 5108 4835 5343 5203 5137 5285 5289 5090 4905 4376 5027 4866 5579 4693 5018 5015 5325 5332 4948 5142 4792 4878 5158 5193 5417 5211 4542 5135 5070 5199 5017 4680 4723 4544 5155 5138 5217 5133 4679 5198 4943 4779 4777 5229 4934 5183 5269 4792 5136 4998 4961 4715 4849 4818 4878 4662 4956 4525 5271 5290 4739 5254 4979 4869 4871 5435 4734 5005 5051 5272 4918 5194 5288 5178 4985 4869 4738 4954 4813 5004 5272 5143 4499 5475 4740 5041 4989 4780 4563 5293 4713 4654 4792 
5616 5575 5513 5338 5147 5229 5655 5115 5599 4881 5070 5512 4852 5179 5330 5268 5111 5352 5513 4983 5518 5378 5118 5534 5316 4573 5358 4726 5424 4940 5271 5569 5068 5373 5575 5604 6031 5632 5723 4943 5535 5404 5611 5550 5095 5405 5264 5485 5342 5162 4899 5492 5517 5428 5246 5755 5108 5208 5671 5194 5469 5345 5261 5322 5522 5302 5534 5274 5309 5257 4769 5485 5729 5364 5443 5573 5250 5716 4918 5333 5491 5368 4759 4873 5509 4922 5334 5268 5537 5135 5738 5161 5222 5105 5291 5563 5338 5436 5759 5238 5219 6085 5657 5362 5399 5517 5327 5760 5089 5245 5405 5310 4902 5226 5269 5450 5676 5493 4993 5619 5429 5987 5739 4968 5442 5294 5211 5478 5452 5505 5569 5063 5715 5185 5274 5276 5867 5323 5692 4963 5545 5216 5287 5348 5300 5298 5541 5231 5698 5815 5299 5036 5432 5364 4698 5172 5342 5884 5615 5586 5336 5709 5379 5555 5279 5894 5757 5673 5694 5462 5415 5387 4767 5614 5422 5912 5166 5316 5298 5516 5885 5152 5457 5231 5052 5683 5680 5651 5359 5114 5294 5509 5195 5224 4919 5016 4904 5143 5037 5379 5345 4979 5407 5114 5071 5435 5591 5146 5479 5579 5118 5190 5589 5028 5235 5096 5114 5138 5363 5340 4629 5762 5489 5074 5617 5406 5283 5339 5827 5267 5229 5244 5719 5170 5658 5949 5306 5632 5345 5296 5130 5192 5608 5180 5410 5028 5558 4797 5421 5565 5151 4925 5526 5275 5187 5333 
5584 5257 5649 5424 5189 5115 5643 4963 5640 4820 5289 5438 5066 5094 5588 5162 5204 5403 5214 5069 5679 5715 5289 5699 5429 4874 5513 4860 5287 5124 4976 5281 5174 5332 5554 5504 6017 5781 5545 5158 5473 5288 5487 5563 5153 5329 5129 5498 5445 5297 5341 5504 5247 5317 5277 5569 4957 5279 5619 5279 5350 5324 5480 5379 5647 5269 5405 5361 5352 5313 5035 5319 5627 5541 5726 5538 5110 5663 5055 5135 5649 5054 4793 5026 5556 5103 5350 5284 5156 5068 5492 4905 5021 5025 5316 5298 5233 5195 5570 5325 5265 5839 5642 5337 5696 5403 5323 5535 5191 5052 5226 5449 5249 5490 5616 5569 5830 5601 5144 5324 5202 6140 5542 4999 5211 5421 5314 5587 5138 5446 5373 5166 5748 5560 5282 5336 5349 5215 5498 5024 5476 5441 5291 5254 5368 5320 5423 5263 5206 5900 5548 4770 5662 5459 4917 5117 5167 5605 5275 5320 5392 5373 5220 5674 5185 5555 5581 5570 5476 5342 5225 5535 4906 5397 5392 5748 5354 5410 5200 5414 5737 5177 5623 5438 5055 5687 5747 5595 5413 5182 5108 5398 5182 5274 5158 5024 5101 5398 5537 5442 5493 4902 5492 5235 5196 5327 5519 4891 5786 5465 5305 5556 5603 5121 5305 5473 5438 5194 5390 5471 4885 5778 5675 4956 5295 5346 5190 5479 5724 5103 5142 5397 5732 5245 5700 5707 5248 5779 5323 5459 5222 5198 5539 5476 5517 5120 5479 5123 5312 5730 4917 5174 5560 5190 5215 5291 
5678 5195 5446 5259 5409 5131 5350 4990 5530 4611 5258 5300 5002 5194 5290 5100 5327 5478 5193 5024 5520 5603 4982 5202 5069 4817 5213 4813 5333 4965 5164 5086 5081 5151 4996 5487 5869 5704 5255 5097 5453 5389 5602 5627 5037 5275 4902 5113 5324 5198 4924 5502 5405 5167 5283 5446 4887 5021 5149 5042 5046 5189 5163 5273 5398 5538 5420 5443 5329 5246 4954 5239 5588 5519 5518 5523 4966 5583 5237 5415 5310 5137 4897 5122 5511 5006 5404 5281 5403 4915 5343 4918 4954 4845 5531 5281 4929 4891 5524 5066 5086 5626 5308 5359 5441 5495 5190 5617 4964 5230 5271 5014 5050 5415 5116 5461 5960 5311 5019 5567 4886 5751 5539 5180 5351 5365 5169 5369 5154 5255 5111 5049 5632 5175 5360 5439 5160 5248 5508 4810 5178 5132 5269 5042 5473 4971 5412 5335 5348 5840 5583 4726 5338 5594 4831 5063 5282 5551 5269 5340 5249 5337 4932 5304 5074 5462 5289 5130 5550 5201 5313 5223 4812 5115 5245 5704 4922 5147 5198 5223 5911 5093 5621 5147 4530 5351 5458 5704 5050 4733 4940 5059 5209 4911 5099 4797 4883 5043 4993 5425 5214 4892 5140 4981 5079 5338 5401 5095 5397 5339 4921 5264 5406 4925 5067 5224 5239 5067 5305 5521 4439 5564 5506 4847 5635 4804 5017 5340 5531 4849 5296 5153 5183 5229 5647 5712 5208 5068 5089 5042 4976 5123 5392 5403 5309 4805 5430 5095 5021 5575 5152 4775 5509 5045 4900 5144 
5232 5158 5121 4861 4821 5023 5487 4884 5293 4500 4886 5485 5039 4849 5208 5096 5160 5399 5391 4806 5285 5249 4925 5231 5417 4413 5064 4665 5280 4928 4829 5048 4886 5072 5110 5400 5677 5427 5306 4990 5505 4955 5235 5566 4897 5143 4759 5157 5316 4755 4952 5320 5299 4797 5429 5611 4961 4968 5280 5035 5182 5024 5076 5228 5385 5218 5432 5053 5124 5089 4909 5341 5342 5377 5228 5156 4842 5531 4462 5000 5417 5167 4738 4762 5320 4900 5344 5267 4854 4957 5133 4784 4849 4893 5145 5177 5041 4822 5497 4949 5220 5716 5230 5076 5494 5346 5247 5437 5002 5038 5332 5429 4809 5094 5454 5334 5643 5272 4974 5474 4945 5915 5130 4551 5194 5092 5277 5304 5031 5308 5199 4915 5237 4851 5356 4953 5039 5115 5097 4665 5075 5150 4921 4879 5091 4918 5209 4959 5183 5558 5055 4656 5296 5241 4637 4957 4891 5091 5208 4771 4777 4882 4700 5419 5263 5171 5579 5448 5350 5414 5013 5021 4720 5157 5178 5408 4917 5164 4970 5099 5635 4896 5156 5221 4811 5542 5482 5090 5101 4604 5075 5118 5078 5138 4935 4801 4963 5118 5287 5106 5033 4979 5318 4975 5064 4940 5181 4894 5071 5438 5091 5138 5199 4654 4758 5083 4992 5073 4963 5170 4852 5449 5345 4874 5763 5093 5038 5167 5317 4809 5066 5328 5640 5080 5410 5437 4805 5057 5136 4877 4868 4839 5075 5262 5309 4813 5339 4580 4976 5114 4848 4748 5401 5061 5108 5147 
5609 5357 5592 5470 5232 5061 5918 5003 5707 5117 5322 5453 4857 5493 5548 5233 5598 5386 5554 5222 5684 5679 5593 5684 5192 4799 5443 5060 5464 5378 5005 5191 5224 5324 5513 5684 6129 5933 5709 5287 5485 5431 5587 5772 4996 5461 5018 5503 5660 5161 5276 5632 5515 5564 5594 5692 5052 5233 5437 5337 5736 5341 5355 5388 5632 5401 5850 5698 5280 5505 5120 5839 5883 5693 5805 5921 5081 5814 5208 5305 5754 5137 4994 5056 5474 5234 5649 5368 5438 5061 5758 4970 5361 5297 5384 5437 5390 5133 5745 5157 5589 6163 5556 5578 5509 5786 5350 5940 5252 5085 5963 5764 5226 5516 5575 5684 5836 5581 5338 5630 5261 5946 5620 5279 5689 5446 5589 5562 5460 5559 5241 5177 5890 5511 5491 5571 5395 5474 5725 5390 5575 5515 5294 5453 5570 5338 5386 5204 5308 6041 5659 5291 5371 5538 4693 5167 5468 5566 5659 5493 5435 5602 5278 5608 5450 5689 5787 5463 5807 5762 5481 5682 5007 5251 5342 5614 5370 5635 5244 5570 5846 5375 5339 4916 4976 5668 5439 5525 5432 5146 5338 5549 5384 5345 5139 5127 5179 5436 5176 5465 5339 5046 5507 5334 5372 5419 5608 5204 5794 5628 5039 5628 5646 5103 4943 5413 5394 5201 5316 5757 4765 5636 5716 5457 5606 5336 5335 5552 5897 4941 5269 5283 5912 5471 5723 5948 5539 5689 5323 5058 4956 5422 5691 5446 5479 5363 5951 5319 5473 5516 5453 5093 5604 5403 5193 5357 
5502 5291 5511 5449 5609 5322 5692 5092 5749 4799 5359 5696 5244 5178 5427 5325 5302 5572 5566 4992 5532 5294 5310 5397 5407 4708 5320 5153 5378 5059 5131 5231 4998 5101 5611 5625 5937 5889 5514 5476 5560 5361 5629 5573 5005 5200 5289 5172 5571 5076 5065 5731 5502 5141 5392 5512 5084 5327 5438 5192 5247 5195 5404 5304 5503 5529 5746 5291 5402 5166 5012 5454 5634 5394 5633 5781 5268 5378 5224 5449 5535 5324 4888 4902 5558 4686 5503 5377 5345 5159 5806 4983 5130 5164 5567 5375 5036 5159 5577 5124 5450 5844 5539 5507 5603 5456 5465 5596 5068 4909 5476 5433 5490 5410 5347 5365 5936 5541 5201 5417 4968 5806 5483 4954 5509 5410 5429 5728 5397 5205 5349 5208 5450 5565 5422 5347 5549 5078 5706 4560 5574 5308 5313 5277 5297 5073 5580 5460 5597 6205 5629 4876 5439 5679 5002 5034 5361 5433 5676 5510 5455 5496 5218 5601 5244 5715 5519 5632 5628 5346 5351 5396 4912 5129 5375 5956 5248 5286 5329 5454 5722 5220 5635 5105 4962 5477 5773 5481 5472 5116 5454 5359 5104 5395 5181 5068 4991 5059 5108 5404 5320 4898 5412 4942 5192 5494 5311 5539 5580 5528 5129 5414 5358 5266 4904 5177 5547 5423 5456 5419 4905 5697 5690 5153 5586 5105 5297 5489 5826 5090 5392 5352 5912 5229 5550 6001 5456 5465 5460 5237 5113 5372 5586 5367 5310 5141 5544 5093 5487 5480 5370 5249 5510 5156 5007 5129 
5342 4963 5298 5136 5011 4893 5488 4478 5381 4479 5043 5407 4820 5014 5039 4847 5108 5110 5149 5006 5677 5254 5030 5021 4559 4391 4844 4660 4919 4792 5120 5013 4775 5192 5278 5293 5505 5520 5017 4706 5254 5206 5071 5325 4974 5128 4893 5080 5233 4962 4939 5468 5165 5174 5250 5326 4900 4857 5399 4798 5305 4952 5173 4791 5082 5087 5188 5129 5062 5150 4920 5295 5489 5213 5231 5233 4969 5389 4589 5177 5373 5303 4607 4498 5337 4852 5289 4934 5019 5019 5343 4697 4787 4766 5059 5223 4850 4833 5270 5103 5238 5452 5135 5159 5233 5053 4929 5329 4908 4974 4942 4785 4789 5299 5254 5253 5355 5098 5325 5276 4764 5587 5175 4738 5182 5104 5238 5112 5084 5150 5212 5003 5328 5142 4948 5231 5121 4947 5391 4546 5147 5124 5044 5121 5180 4990 5233 4877 5233 5360 5147 4593 4993 5276 4576 4887 4936 5510 5309 5134 4917 5397 4639 5297 4890 5366 5374 5172 5454 5461 5270 4910 4532 5137 5218 5641 4622 5242 4996 5121 5502 5066 4988 5149 4774 5311 5032 5351 5216 4853 4958 5184 5193 4863 4774 4765 4613 5021 4615 4978 4910 4840 5030 5093 4873 5042 5294 4948 5319 5403 4984 5027 5117 4701 4856 4974 5050 5058 4804 5133 4639 5389 5221 4972 5409 4703 5001 5422 5359 4774 5253 5079 5117 4987 5312 5463 4806 5365 4963 5139 4844 5081 5165 5043 5349 4942 5340 4827 5217 5007 5047 4932 5346 5049 4895 5115 
5688 5186 5458 5014 5310 5089 5794 4873 5889 5027 5409 5276 5333 5159 5648 5088 5393 5574 5731 4974 5754 5541 5520 5702 5417 4953 5422 4957 5230 5277 5241 5290 5164 5440 5714 5927 6107 6049 5662 5473 5587 5377 5583 5840 5039 5529 5266 5451 5691 5323 5364 5643 5596 5209 5631 5534 5202 5581 5475 5249 5386 5305 5575 5605 5837 5623 5723 5475 5382 5481 5361 5580 5726 5510 5567 5545 5269 5513 5116 5466 5502 5137 5134 4787 5466 5150 5418 5355 5304 5048 5546 4929 5235 5037 5501 5458 5357 5109 5864 5330 5397 6104 5549 5577 5765 5464 5464 5864 5313 5061 5600 5435 5429 5729 5535 5448 5901 5545 5325 5711 5307 5955 5556 5026 5490 5510 5727 5597 5467 5364 5327 5372 5695 5522 5375 5539 5496 5193 5600 4980 5404 5281 5323 5259 5593 5247 5509 5537 5200 5873 5610 5202 5589 5787 4872 5029 5170 5611 5781 5302 5497 5253 5256 5685 5467 5831 5782 5503 5581 5605 5304 5186 4967 5508 5359 5983 5204 5601 5319 5221 5822 5480 5578 5536 5124 5599 5826 5628 5378 5001 5434 5576 5285 5299 5250 4995 4862 5327 5659 5379 5446 5057 5774 5423 5101 5321 5472 5032 5589 5682 5416 5693 5418 5101 5580 5414 5385 5320 5206 5365 4907 5507 5606 4980 5361 5224 5257 5685 5947 5061 5243 5377 5810 5442 5790 5832 5269 5600 5544 5483 5117 5315 5574 5602 5587 4910 5494 4911 5413 5825 5233 5233 5623 5328 5569 5334 
5013 4795 4664 4835 4454 4731 4934 4217 5065 3909 4501 4675 4511 4545 4548 4462 4550 4706 5096 4293 5028 4805 4638 4619 4717 4252 4807 4347 4677 4570 4704 4411 4425 4803 4917 4649 5177 4894 4888 4464 4975 4608 4916 5099 4622 4559 4338 4955 4983 4463 4628 4893 4919 4824 4843 4782 4530 4698 4966 4677 4929 4860 4532 4544 4821 4425 5002 4664 4763 4621 4271 4886 4913 4847 4736 4774 4721 4858 4200 4929 4821 4714 4256 4191 5021 4385 4698 4562 4744 4426 4747 4416 4528 4734 4686 4932 4755 4589 4963 4493 4756 5327 4933 4880 4971 4797 4577 5174 4667 4545 4703 4873 4506 4850 4809 5113 4986 4874 4621 4746 4389 5441 4782 4627 4890 4740 4670 4605 4736 4881 4500 4490 4835 4704 4700 4600 4772 4694 4886 4494 4964 4640 4845 4582 4620 4369 4822 4481 4898 5002 4883 4302 4942 4993 4284 4560 4574 5134 4838 4851 4867 4757 4539 5022 4558 5247 4963 4906 4857 4939 4626 4731 4350 4862 4861 5067 4515 4754 4626 4949 4807 4586 4770 4688 4530 5245 4865 4769 4624 4438 4564 4924 4530 4609 4363 4468 4162 4648 4583 4821 4805 4381 4578 4535 4448 4491 4905 4721 5141 4732 4507 4692 4764 4438 4557 4594 4460 4878 4706 4599 4247 5167 4902 4485 4711 4768 4544 4876 4916 4529 4680 4771 4930 4704 4880 5258 4661 4955 4584 4754 4595 4843 5106 4701 4780 4391 4899 4311 4489 4608 4356 4423 4901 4565 4633 4526 
4737 4633 4827 4368 4539 4666 4972 4314 4959 3963 4781 4959 4499 4366 4585 4541 4329 4679 4725 4309 4952 4425 4789 4619 4744 3913 4451 4204 4328 4378 4471 4409 4576 4729 4592 4925 5105 4957 4691 4578 4834 4717 4973 4894 4294 4713 4448 4674 4828 4714 4594 4797 4807 4719 4656 4747 4481 4643 4787 4716 4647 4494 4567 4418 4722 4512 4673 4436 4751 4656 4527 4809 4836 4819 4902 4621 4577 4989 4508 4816 4891 4803 4525 4158 4743 4439 4832 4521 4769 4392 4982 4178 4430 4290 5033 4433 4324 4455 5040 4555 4576 5263 4606 4639 4815 4524 4446 4931 4594 4259 4774 4666 4386 4711 5017 4888 5073 4961 4885 4529 4335 5112 4324 4405 4913 4723 4771 4862 4713 4696 4613 4655 4995 4782 4419 4626 4779 4331 4722 4235 4455 4662 4631 4428 4588 4392 4718 4635 4454 4970 4772 4364 4818 4747 4254 4450 4614 4977 4700 4453 4520 4901 4519 4648 4651 4946 4544 4864 5134 4872 4454 4771 4024 4788 4802 5114 4409 4681 4436 4846 5072 4440 4708 4566 4377 4805 5114 4640 4709 4293 4764 4820 4654 4704 4506 4553 4419 4413 4609 4479 4431 4545 4901 4454 4373 4923 4758 4565 4689 4858 4420 4653 4775 4320 4477 4658 4914 4685 4454 4725 4562 4773 5022 4555 4696 4775 4707 4704 4773 4180 4727 4682 4670 4598 5059 4767 4517 5172 4817 4881 4443 4632 4543 4720 4992 4337 5011 4148 4654 4978 4487 4213 4728 4681 4692 4430 
5032 5168 5176 5182 5038 4880 5595 4593 5450 4161 5029 5200 5027 4992 5316 4811 4931 5056 5401 4708 5143 5272 5199 5089 5110 4304 5026 4819 5208 5150 5218 5129 4986 4838 5217 5452 5610 5881 5054 5055 5158 4986 5428 5328 4733 5136 4786 5215 5207 5074 5045 5097 5015 5079 5034 5423 4803 5055 5363 4901 5017 4987 5014 5074 5468 5148 5219 5297 5145 5236 4911 5104 5211 5387 5303 5326 5211 5306 4607 5088 5230 5179 4834 4526 5395 4805 5010 5276 4877 4707 5297 4741 4793 4636 5330 5257 5072 4919 5388 5042 4970 5396 5077 5144 5264 5258 4996 5411 4882 5042 5104 4901 5002 5170 5247 5440 5626 5209 5047 5414 5000 5583 5142 4735 5294 5146 4943 5246 5146 5074 4830 5084 5382 5000 5276 5350 5098 5153 5180 4593 5317 5023 5395 5171 5003 5043 5223 4852 5359 5560 5223 4584 5472 5377 4455 4909 4873 5582 5081 5228 5210 5292 4997 5206 4906 5336 5452 5170 5437 5293 5298 5316 4637 5120 4988 5471 4671 5239 5259 5161 5496 4857 5414 5150 4840 5294 5372 5246 5276 4864 5325 5174 4851 4942 4856 4727 4737 4970 5122 5305 5007 4700 5181 5287 4835 5245 5324 4967 5312 5339 4987 5155 5279 4813 4828 5073 4962 5319 4997 5059 4655 5568 5410 4696 5362 5008 5028 5289 5439 4739 5105 5063 5269 4930 5253 5626 5218 5318 4846 4961 5002 5055 5410 5214 5083 4533 5391 4887 5052 5562 4962 4747 5303 5043 5084 5089 
5311 5489 5060 4995 5318 4979 5540 4923 5434 4821 4973 5337 4838 5026 5238 5124 5164 5119 5376 4722 5258 5215 4886 5342 5229 4538 5212 4867 4914 5088 4971 4951 5015 5237 5178 5345 5895 5577 5202 4955 5451 5120 5354 5421 4817 5328 4975 5068 5262 5148 5074 5444 5504 5176 4983 5346 5005 5056 5374 5452 5274 5160 5128 5190 5627 5222 5351 5318 5277 5337 4849 5422 5317 5417 5513 5322 4810 5338 4839 5304 5266 5060 4719 4946 5123 4813 5253 5296 5104 4876 5298 4523 4952 5155 5360 5135 4955 4998 5693 5056 5234 5844 5085 5255 5380 5293 4965 5673 4989 4844 5402 5362 5070 5492 5326 5314 5496 5486 5114 5524 4914 5798 5128 5037 5285 5296 5392 5300 4922 5269 5041 4817 5451 5345 5080 5263 5307 5269 5547 4619 5059 5300 4957 5085 5082 4926 5375 4990 5241 5703 5326 4874 5413 5347 4665 5135 5096 5724 5403 4926 5070 5195 5082 5524 4896 5477 5421 5314 5302 5357 5131 5088 4798 5142 5329 5772 5050 5132 5210 5263 5486 4996 5248 5094 4862 5259 5377 5201 5046 4873 5114 5178 5016 4948 5000 4835 4761 5107 5047 5302 5325 4735 5056 5025 5133 5376 5246 4891 5102 5359 4907 5258 5355 4775 4910 5115 5259 5132 5285 5233 4533 5204 5374 5054 5463 5281 5281 5242 5320 4826 5082 5169 5469 4883 5639 5845 5056 5461 5270 5032 4771 5024 5284 5120 5190 4854 5535 4905 5157 5351 5023 4659 5315 4962 5083 5054 
5575 5399 5146 5176 5003 5052 5480 4654 5505 4601 5051 5517 5214 4917 5285 5189 5206 5271 5098 4642 5623 5337 5029 5297 5524 4262 5025 4823 4964 5104 5139 4983 5089 5075 5259 5489 5651 5633 5138 4764 5450 4953 5325 5489 5025 5122 5169 5025 5544 5169 4978 5387 5076 4942 5148 5330 5060 4938 5106 5039 5218 4928 5004 5032 5448 4851 5262 5170 5231 5178 4902 5287 5275 5551 5500 5278 4972 5431 4759 5191 5412 5151 4632 4960 5341 4884 5203 5267 5048 5035 5369 4543 4833 4987 5351 5145 4755 5074 5212 5060 5226 5633 5119 5204 5559 5079 5094 5406 4866 4752 5034 5167 5046 5434 5240 5437 5849 5525 5306 5085 4910 5896 5303 4775 5333 5172 5428 5391 5088 5070 5148 5504 5254 5170 5154 5067 5264 4905 5273 4712 5342 5112 5113 5040 5278 5017 5108 4929 5301 5674 5547 4544 5340 5345 4761 5013 5139 5405 5117 5272 4953 5445 4975 5400 4994 5287 5551 5438 5606 5243 5197 5358 4595 5078 5299 5511 4785 5322 5013 5153 5586 5273 5296 5011 5019 5276 5627 5447 5005 5009 5059 5148 4967 4998 4882 5074 5047 5101 5118 5457 4939 4811 5353 5289 5035 5152 5394 5199 5443 5460 4785 4913 5348 5145 5202 5192 5143 5075 5024 5168 4775 5640 5654 4985 5288 5156 5307 5197 5467 4755 5280 5433 5337 5135 5195 5710 5103 5177 5111 5246 5007 4915 5225 5235 5501 4860 5738 5055 4971 5326 4949 4647 5499 5061 5159 5087 
5458 5105 5084 4973 5011 4834 5168 4609 5400 4616 5026 5226 4574 4966 5146 5016 4752 5187 4991 4820 5245 4952 4908 5001 4911 4282 4940 4594 5040 4869 4695 5158 4931 5084 5214 5035 5623 5568 5222 4952 5433 5017 5127 5331 4829 4880 4896 4920 5097 4764 4912 5097 5361 4793 5252 5244 4865 5143 4944 4699 5318 5135 5092 4977 5231 4974 5158 5249 4871 4917 4762 5146 5276 5222 5359 5207 5083 5243 4813 4930 5372 5143 4514 4447 5194 4950 5007 5035 4890 4911 5293 4927 4790 4866 5008 5141 4771 5013 5410 4810 4862 5637 5026 5203 5329 5246 5021 5368 4891 4556 4972 4839 4948 5135 5047 5216 5329 5164 4959 5216 4748 5444 5351 4876 5157 4847 5006 5310 5082 4954 5095 4942 5297 5108 5203 5075 5205 4684 5093 4402 4925 5111 4994 4902 4976 4878 5064 5180 5142 5667 5188 4727 5124 5363 4486 4964 5091 5318 5095 5172 4988 5029 4869 5269 4979 5298 5268 5204 5190 5183 5076 4950 4565 4740 5151 5414 4772 4721 4966 4971 5211 4871 4922 4925 4702 5225 5408 5239 5038 4716 5064 5144 4900 4876 4807 4693 4728 4809 4834 5039 5022 4455 5066 4912 4862 5055 5161 4910 5259 5177 4713 5078 5345 4917 4918 4904 5129 4807 5167 5389 4406 5424 5345 4775 5085 4841 5302 5301 5271 4873 4776 4825 5318 4812 5203 5637 4902 5247 5135 4867 4885 5205 5309 4973 5005 4649 5135 4625 4984 5094 4835 4764 5445 4617 4772 4787 
5163 5090 5250 4827 5196 4924 5289 4643 5469 4567 4970 4975 4570 4829 5227 4915 4820 5237 5272 4762 5453 5115 4855 5211 5156 4280 5301 4821 4830 4990 4694 4965 4909 5172 5291 5435 5773 5762 5249 5064 5308 5066 5128 5336 4706 5082 5026 5389 5177 4959 4973 5571 5251 5028 5037 5205 4994 5299 5349 4776 4883 5018 5089 5209 5651 5057 5295 5104 4921 4944 4812 5234 5279 5219 5313 5218 5003 5419 4665 5047 5367 4982 4470 4697 5003 4933 5184 4875 4991 4890 5243 4669 4795 4737 4900 5118 4894 4749 5436 4809 5019 5793 5071 4959 5386 5118 4934 5425 4699 5153 5159 5138 5136 5322 4977 5254 5591 5199 5088 5410 4778 5804 5048 4907 5201 4986 5237 5125 4938 4860 4962 5097 5238 5105 4900 5008 5209 4852 5070 4656 4919 4953 5028 5094 5252 4876 5334 5042 5082 5507 5123 4530 5196 5292 4732 4917 5000 5258 5107 5112 5115 4956 4835 5490 5061 5689 5297 5167 5400 5124 5083 5045 4443 4908 5183 5514 4944 5210 4940 5127 5374 5038 5240 5149 4809 5211 5328 5288 5202 4990 5113 5092 4874 5085 5077 4682 4734 4945 5231 5240 5091 4630 5322 4983 4717 5041 5132 4821 5397 5297 4934 5186 4950 4970 5187 5044 4911 4938 5186 5138 4509 5443 5459 4793 5210 4876 4831 5277 5352 4763 4943 5287 5184 4753 5298 5805 4975 5301 5224 4968 4724 5145 5192 5019 5240 4629 5365 4635 5047 5275 4866 4930 5121 4995 5282 5063 
5096 4787 4829 4770 4986 4737 5121 4328 5222 4231 4538 4852 4715 4564 4887 4663 4971 4920 4772 4555 5115 4945 4728 5059 5005 4023 4864 4476 4808 4868 4705 4553 4465 4930 5058 4978 5218 5330 4940 4692 5095 4947 4955 5130 4617 5010 4664 5009 4935 4697 4806 5028 5043 4950 4881 5028 4574 4746 4757 4757 4992 4867 4968 4845 5176 4868 4876 4736 4581 4700 4407 4923 4894 5112 4963 4825 4680 5023 4485 4599 4852 4751 4526 4323 4908 4674 5026 4778 4932 4326 5069 4390 4818 4528 5084 4991 4665 4773 5325 4652 4871 5483 4982 4885 5010 4954 4704 5211 4610 4726 4687 4840 4501 4764 4631 4845 5240 4897 4668 5077 4779 5597 5212 4478 5086 4796 5060 5076 4869 4985 4741 4792 4988 4802 4762 5027 4866 4870 4978 4649 4811 4815 4853 4836 4848 4798 5288 4620 5090 5107 4809 4617 5012 5086 4290 4507 4547 5103 4963 4999 5057 4715 4688 5178 4656 5105 5193 4882 5155 4794 4848 4942 4398 4820 4920 5151 4379 4647 4939 5064 5137 4711 5130 4917 4771 4885 5082 5004 4912 4554 5000 4826 4891 4503 4407 4573 4472 4585 4494 4930 4701 4665 4842 4808 4686 4995 5044 4537 4898 5276 4507 5110 5044 4744 4536 4908 4796 4964 4770 5029 4407 5050 5203 4464 4954 4894 4703 4902 5245 4543 4753 4908 4996 4555 4858 5274 4862 4967 4928 4784 4668 4883 4921 4868 4782 4484 4938 4627 4906 5084 4665 4738 4974 4717 4704 4737 
4706 4825 5027 4673 4752 4745 5313 4618 5192 4582 4676 5114 4706 4430 4894 4935 4882 4769 4944 4460 5061 4982 4658 4998 4960 4102 4796 4761 4680 4606 4706 4796 4602 4836 4800 5324 5324 5392 5160 4745 5032 4736 5023 5154 4553 4957 4831 4993 5096 4910 4676 5081 5074 4935 5093 5039 4345 5139 5265 4998 4801 4969 4595 4917 5054 4885 4886 4711 4893 4912 4534 4940 5290 5053 5208 4750 4773 4976 4874 4814 5090 4804 4481 4595 4828 4579 5143 4723 5017 4585 5311 4426 4647 4611 4811 4896 4836 4595 5605 4792 4959 5452 4830 5005 5168 4895 4878 5242 4619 4643 4797 5014 4804 4963 4826 4924 5234 5253 4843 5010 4741 5569 5232 4264 4978 4860 5038 5064 4759 4927 4952 4602 5312 4952 4842 4720 4795 4779 5116 4492 4844 5037 4971 5090 4696 4699 5086 5089 5080 5290 5135 4594 5177 5052 4570 4635 4419 5169 5215 4887 4616 5111 4650 5286 4765 5180 5257 4839 5099 5269 4946 4836 4553 4787 4760 5388 4671 4832 4812 4807 5285 5001 5015 5061 4635 5036 5248 5162 5036 4406 5104 4952 4539 4974 4891 4681 4635 4709 4841 4870 5043 4586 5182 4754 4765 4878 4917 4419 5127 5138 4733 5036 5141 4693 4686 4780 4818 4995 4927 4758 4502 5084 5218 4594 5190 4896 4895 5171 5240 4653 4710 4863 5107 4939 5301 5643 4910 5394 4936 5138 4520 4812 4879 4781 4756 4684 5038 4674 4927 5171 4654 4380 5062 4742 4741 4751 
5031 4959 5220 5056 4883 5129 5291 4574 5286 4534 4869 5273 4973 4754 4906 5094 4950 5076 4982 4647 5192 5158 4848 4973 4887 4202 4795 4438 4894 4962 4865 4821 4870 4847 5188 5093 5273 5442 5037 4797 5194 4983 5457 5159 4735 5121 4923 4828 4932 4782 4817 5253 4950 4966 4864 5393 4709 4966 4936 4734 5001 4857 5014 4726 5139 4712 5157 5014 5105 4971 4516 5059 5292 5149 5256 5125 4980 5161 4844 5001 5302 5101 4528 4405 5170 4797 5140 4604 4764 4760 5198 4615 4841 4697 5087 4978 4693 4711 5243 5033 4978 5772 5070 5065 5089 5023 4903 5320 4835 4702 5043 4925 4900 5243 4912 5447 5206 5206 5015 5269 4739 5321 5057 4534 5110 4812 4769 4894 5018 5321 4902 4940 5406 4981 4890 5070 5219 4843 5175 4606 4854 5084 4809 5028 5002 4719 4994 5000 5053 5504 5304 4552 5040 5075 4447 4914 4952 5340 4901 4971 4722 5265 4684 5159 4925 5244 5189 4988 5469 5149 4831 5193 4443 4672 5046 5091 4847 5201 4682 4938 5352 4921 5208 4676 4594 5060 5189 5132 4954 4739 4825 4828 4689 4739 4534 4804 4731 4867 4670 4938 4878 4950 5376 5031 4781 4976 5274 4631 5163 5148 4739 4922 5000 4770 4577 4892 4931 5200 4657 5084 4725 5155 5137 4835 5100 4690 4935 5037 5303 4625 5006 4731 5081 5003 5101 5408 5024 5134 4875 4929 5122 4889 5142 4959 5252 4825 5189 4717 4983 5068 4778 4722 5148 5024 4788 5017 
5122 4910 5290 4951 4686 4894 5307 4620 5019 4326 4788 5062 4753 4602 4942 4994 4896 5006 4879 4535 5320 5230 4971 5087 4873 4230 4959 4638 5165 4639 4794 4711 4845 5115 5136 5294 5477 5470 5098 4690 5162 4973 5054 5073 4566 4784 4738 4993 4889 4598 4564 5108 4751 4908 5116 5070 4403 4862 4948 5038 4847 4850 4725 4886 5064 4847 5166 4981 4941 4806 4627 5018 5188 5103 5213 5078 4995 5230 4794 5090 5165 5039 4596 4612 5199 4590 4950 5021 4943 4544 5263 4507 4813 4863 5307 4786 4664 4785 5168 4973 4957 5532 4916 5161 5165 5011 4878 5021 4602 4576 5167 4942 4752 5057 5193 4933 5249 4948 4801 4968 4779 5421 5123 4472 4878 5050 4934 5183 4849 4988 4840 4863 5412 5126 5231 4753 4927 4898 5003 4754 5235 4873 5188 4845 5022 4736 5090 4920 4990 5402 5201 4569 5028 5321 4357 4776 4925 5216 5201 5164 4849 5177 4779 5103 4525 5182 5230 5027 5279 4880 4803 5090 4320 4785 4731 5618 4681 5029 4700 4901 5424 5032 5005 4841 4723 5070 5352 5299 4937 4639 4848 4910 4728 4756 4810 4697 4574 4975 4721 5152 5069 4607 4930 4887 4816 4870 4877 4600 5282 5110 4808 4527 5232 4686 4496 4814 4844 4893 4720 4992 4567 5265 5157 4521 4953 4642 4964 5001 5429 4678 4732 4612 5485 4779 5198 5287 4992 4891 4742 4736 4914 4598 4947 5038 5030 4456 5157 4790 4943 5088 4532 4664 5279 4901 4579 4892 
5298 5180 5149 5065 5160 5030 5463 4684 5341 4621 4812 5350 4728 4902 4966 4836 5151 5109 5013 4892 5337 5114 4763 5362 4830 4311 5026 4805 5104 4912 4906 5041 4890 5162 5176 5187 5607 5618 5063 4825 5229 4976 5282 5197 4636 5054 4854 5205 5289 4863 5041 5253 5108 5203 5117 5169 4721 4962 5326 4931 5209 5082 4969 5175 5416 4910 5308 5015 4980 4894 5076 5187 5415 5146 5485 5352 4922 5373 4390 5125 5231 5223 4771 4732 5413 4794 5225 5107 5059 4733 5184 4288 4639 4940 5103 5088 4789 4879 5210 5148 5079 5509 5056 5080 5327 5310 5008 5449 4802 5023 4927 4723 5074 5176 4950 5226 5435 5388 4697 5332 4760 5843 5321 4678 5082 4971 5073 5093 4838 5118 5041 4948 5356 5269 5257 5205 5283 4898 5086 4558 5063 4847 5048 5035 5137 4942 5082 4993 5213 5658 5248 4507 5303 5373 4616 5015 5065 5317 5390 4904 5019 5346 4834 5349 4798 5443 5462 5110 5154 5282 4987 5092 4626 5066 4895 5425 4818 5337 4940 5303 5228 4836 5104 5116 4641 5359 5401 5355 4932 4786 5266 5096 4945 5036 4847 4576 4853 4981 4855 5130 5041 4578 5218 5035 4986 5105 5058 4986 5520 5423 4815 5135 5410 4730 4885 5156 5053 5050 4980 5170 4553 5556 5258 4935 5463 4982 4906 5167 5414 4933 4888 4842 5414 5057 5249 5646 5167 5221 4859 4990 4971 4851 5277 5135 5046 4778 5234 4835 5160 5106 5175 4732 5251 4910 4885 5009 
5484 4958 5291 5123 4752 4737 5398 4892 5640 4658 5269 5477 4853 4990 5226 5060 5372 5133 5360 4764 5470 5350 5264 5140 4998 4465 5057 4744 5275 4994 4963 4892 5396 5129 5325 5322 5664 5647 5254 4791 5163 5121 5224 5172 4670 5342 4946 4979 5310 4982 4869 5392 5206 5216 5319 5171 4962 4904 5299 5001 5075 5153 5211 5256 5482 5070 5660 5349 5237 5148 4809 5400 5141 5232 5418 5278 4921 5335 5006 5312 5369 5151 4725 5017 5537 4912 5241 4854 4919 4688 5237 4581 4737 5399 5353 5134 5077 4999 5289 5413 5162 5773 4963 5383 5407 4964 4975 5588 4812 5014 5337 4935 4941 5278 5221 5386 5520 5054 5374 5519 4769 5933 5255 5123 5235 5138 5228 5214 5084 5192 5258 5087 5550 5359 4927 5191 5186 4846 5107 4681 5226 5041 5032 5158 5182 4918 5037 4944 5097 5434 5291 4748 5277 5454 4643 4946 4916 5545 5424 5262 4981 5258 4984 5214 5024 5179 5575 5086 5279 5522 5315 5102 4795 5215 5378 5461 4805 5271 5039 5243 5417 5044 5451 5250 4766 5292 5201 5572 5205 4687 5090 5120 5060 5270 4998 4856 4476 5288 5044 5215 5166 4949 5039 5110 5238 4919 5452 5004 5506 5203 4848 5255 5382 5070 4961 5030 5316 5325 4924 5361 4551 5378 5455 5027 5368 5024 5088 5356 5430 4748 5047 5061 5278 4911 5282 5570 5116 5123 5108 4981 4886 5003 5345 5179 5246 4778 5439 4815 5094 5465 5016 4859 5366 5248 5153 4980 
5513 4999 5142 4806 4798 4879 5462 4853 5666 4743 5194 5370 4966 4854 5334 5117 5149 5084 5206 4666 5296 5254 4775 5396 4977 4413 5128 4704 5006 4968 5096 5157 4992 5026 5206 5507 5561 5484 5074 5084 5202 5210 5232 5144 4969 5331 4863 5041 5267 4815 4930 5065 5178 5100 5139 5400 4911 5062 5433 4938 5135 4798 5147 5100 5360 5271 5167 5116 5070 5427 4665 5161 5278 5340 5182 5475 4951 5196 4775 5175 5525 5283 4784 4558 5160 5061 5111 5082 5133 4887 5312 4654 4847 5022 5269 5096 4946 4859 5566 5139 4753 5918 5112 5196 5236 5149 4791 5587 4870 5026 4691 5235 5013 5194 4971 5442 5728 5223 5382 5476 5119 5693 5131 4741 5143 4992 5098 5267 5391 5289 5187 4880 5341 5145 5000 5060 5426 5101 5237 4665 4953 5085 5210 4882 5220 5031 5105 5233 5462 5522 5284 4778 5190 5219 4591 5103 5140 5445 5208 5131 5027 5059 5054 5162 4816 5673 5541 5488 5428 5201 5200 5245 4643 5257 5313 5622 5024 5375 4975 5177 5503 4905 5213 5125 4748 5420 5532 5367 5161 5063 5151 5238 5107 5081 4798 4818 4696 5222 5236 5177 4928 4848 5262 4995 4765 5386 5155 4801 5371 5212 5072 5154 5324 4690 4890 5054 4701 5103 5100 5067 4780 5502 5430 4583 5097 5025 4863 5260 5373 4943 5085 5242 5162 4866 5559 5985 4927 5482 5412 5098 4610 4918 5087 5140 5414 4816 5341 4477 5091 5321 4918 4595 5246 5055 5026 5172 
5184 5316 5250 5297 4884 4805 5523 4786 5391 4495 5019 5379 4903 4905 5386 5210 5071 5185 5256 4672 5495 5305 5019 5221 5247 4686 5185 4783 5287 4849 4909 4932 5157 5183 5236 5294 5806 5487 5163 5268 5522 4989 5403 5551 5015 5191 4961 5139 5292 4989 4950 5342 5556 4890 5059 5458 4967 5170 5210 4889 5288 5344 5195 5207 5484 5138 5372 5179 5200 5178 4827 5482 5379 5194 5392 5343 5079 5339 4763 5097 5317 5126 4491 4911 5265 4744 5144 5012 5121 4484 5241 4814 4837 4936 5355 4981 5050 5184 5583 5029 5402 5543 5235 5266 5489 5215 5019 5516 5142 4949 5153 5114 4996 5341 5101 5338 5658 5183 4991 5270 5071 5689 5273 4785 5301 5231 5072 5352 5061 5308 5110 4940 5420 5020 5063 5334 5124 5034 5411 4762 5314 5475 4817 5024 5252 4689 5095 5132 5218 5572 5230 4778 5495 5228 4504 4761 5167 5483 5240 5012 5186 5202 5076 5483 5011 5520 5403 5205 5503 5496 4936 5342 4418 4924 5271 5684 4965 5081 5197 5297 5455 4875 5085 5118 4954 5479 5369 5425 5182 5117 5309 5121 4950 5193 4985 4853 4752 5105 5231 4993 5188 4837 5003 5264 5073 5112 5205 5198 5326 5378 4765 5115 5376 4631 4955 4831 5152 5007 4905 5137 4556 5484 5553 4896 5434 5029 4895 5079 5435 4759 5195 5169 5263 5014 5537 5635 5091 5425 4952 5026 4738 5131 5263 4979 5242 4760 5359 5093 4951 5269 5088 4489 5319 4906 5089 5283 
5087 5147 5160 5015 4836 4814 5471 4673 5387 4365 4983 5056 4970 4998 5052 5126 4981 5029 5216 4800 5404 5093 4976 5091 5124 4557 4984 4805 5114 5039 5056 5084 4669 4968 5346 5534 5745 5521 5082 5055 5478 5020 5073 5293 4939 5074 4968 4774 5177 4943 4766 5244 5309 5020 5378 5268 4549 5168 5164 4965 5284 5010 5089 4940 5052 5216 5486 5262 4997 5273 5125 5124 5416 5138 5270 5328 4823 5076 4641 5097 5210 5167 4637 4605 5231 4602 5070 5143 4779 4490 5414 4719 5192 4661 5135 5091 4862 4912 5417 4913 4958 5695 5301 5242 5056 5088 5104 5467 4812 4673 5017 5169 5082 5104 5364 5186 5296 5041 4933 5246 4944 5517 5179 4558 5230 5212 5163 5101 5122 5218 5028 4938 5236 5039 5064 5006 4977 4718 5034 4642 5198 5121 5272 4905 5301 4808 5305 5042 4922 5233 5262 4751 5133 5174 4518 4832 5011 5307 5071 4959 5026 4998 4829 5653 4927 5489 5475 5028 5482 5161 5168 4969 4820 5021 5146 5542 4774 5226 4803 4949 5504 5043 5234 4980 4691 4963 5125 5109 4932 4757 5098 5271 5092 4831 4890 4504 4852 5086 5169 5138 5075 4565 5138 4799 4898 5133 5139 4763 5333 5247 5009 5061 5277 4865 4780 5197 4953 4870 5427 5117 4615 5457 5362 4669 5462 4918 4941 5161 5315 4873 5251 5120 5298 4966 5232 5692 4967 5193 4780 4916 5002 4903 5185 5008 5161 4767 5394 4561 4967 5340 5012 4841 5281 4786 4846 5171 
5233 5228 5313 5085 5164 4987 5494 4938 5372 4654 5234 5528 4696 4987 5299 5234 5366 5270 5328 4851 5410 5308 4952 5272 5036 4677 5116 4741 5163 5010 4936 4890 4954 4925 4950 5364 5874 5621 5235 5156 5184 4958 5116 5579 4915 5177 5054 4843 5166 4991 4846 5249 5418 5182 5131 5230 5050 4678 5192 4803 5234 5402 5391 5281 5508 5264 5475 5634 5127 5498 5030 5441 5557 5687 5382 5227 4855 5719 5183 4948 5248 5359 4615 4917 5077 4665 5104 5218 5237 4676 5418 4643 4885 5149 5382 5219 4962 4883 5390 4984 4992 5624 5188 5090 5388 5271 5197 5384 5157 4792 5153 5174 4939 5114 5183 5451 5504 5526 5135 5252 4923 5664 5208 5028 5285 4936 5217 5479 5180 5191 5083 5070 5156 5164 4970 5198 5269 4968 5481 4632 5068 5281 4950 4861 5206 4910 5194 5011 5421 5428 5344 4987 5223 5257 4588 4959 5417 5571 5425 5234 5217 5263 5154 5038 5171 5441 5507 5269 5412 5126 5311 5209 4727 5186 5363 5614 5056 5209 5112 5167 5369 5071 5198 5053 4759 5396 5325 5453 4955 4956 5270 5282 5149 5130 4978 4852 4762 5080 4955 5080 5279 4888 5307 5131 5149 5280 5320 4990 5255 5301 4900 5271 5322 5022 5068 5154 5080 5062 4997 5328 4524 5304 5564 5107 5285 5113 4951 5387 5244 4910 5241 5241 5404 4848 5460 5691 5217 5455 5245 5173 5205 5102 5397 5263 5048 4994 5305 4818 5136 5446 5178 4694 5401 5112 5028 5348 
5080 4850 5279 4990 5021 4770 5418 4749 5558 4589 5005 5156 4513 4669 5274 4773 5094 4961 5293 4769 5139 5044 5152 4941 4901 4402 5101 4690 5197 4936 4671 4854 4783 4918 5172 5448 5562 5519 5047 4630 5149 4885 5315 5173 4841 5241 4891 5043 5215 5081 4956 5136 4990 5075 5117 5155 4770 5093 5118 4806 5003 4987 5210 5025 5316 5084 5421 5097 5119 5225 4693 5161 5261 5256 5388 5130 4959 5233 4856 4987 5409 5039 4585 4792 5331 4812 5263 4828 4862 4746 5032 4634 4827 4664 5207 5060 5056 4791 5294 4952 4996 5766 5188 4933 5319 5228 4830 5435 4869 4873 5284 5180 4980 5108 5167 5147 5415 5333 4982 5175 5137 5925 5246 4714 5270 5211 5182 5267 5112 5005 5085 4836 5626 5155 5251 5084 5204 4906 5228 4744 4874 4953 5045 4918 5043 4732 5143 4971 5359 5565 5361 4788 5370 5211 4590 4716 5046 5716 5048 5211 5100 5183 5094 5273 5023 5484 5073 5057 5055 5099 5000 4789 4602 5107 5093 5564 4665 5037 4848 5031 5316 5102 5376 5107 4699 5396 5193 5245 5202 4806 4981 5234 5175 4942 4797 4832 4616 4836 5103 4981 5098 4644 4844 4839 4557 4766 5074 4947 5326 5132 4843 4929 5342 4937 4812 5202 4924 5097 4706 4989 4616 5257 5313 4612 5052 5068 4932 5068 5354 4902 4804 5012 5546 4850 5386 5770 5015 5264 5048 4945 4843 4949 5239 4991 5208 4694 5272 5077 4995 5103 4996 4864 5199 5221 4812 5012 
4852 5027 4907 4721 4933 4711 4807 4417 5378 4314 4547 4894 4486 4430 4808 4650 4786 4829 4892 4358 5088 4805 4539 4870 4730 4467 4670 4370 4608 4428 4646 4643 4659 4791 4859 4928 5292 5166 4744 4566 4958 4477 5204 5223 4400 4563 4463 4733 4697 4690 4583 5164 4796 4860 4845 4721 4308 4542 4999 4589 4943 4599 4455 4750 5063 4683 5063 4677 4945 4520 4680 4766 4883 4721 4812 4872 4624 5067 4410 4813 4727 4681 4433 4478 5007 4695 4688 4725 4931 4593 4880 4267 4532 4893 4930 4551 4560 4524 4821 4801 4726 5493 4715 4775 4952 4827 4693 5350 4483 4583 4616 4706 4632 4858 4863 5016 5316 4775 4467 4669 4495 5238 4926 4389 4863 4603 4710 5007 4759 4636 4866 4657 5069 4859 4613 4708 4875 4554 4981 4030 4917 4574 4688 4521 4597 4519 4818 4663 5014 5164 4822 4146 4903 4829 4319 4485 4639 5110 5049 4850 4639 4942 4453 4875 4562 4872 4767 4945 5060 4786 4552 4813 4396 4864 4627 5221 4536 4842 4616 4632 4954 4575 4710 4767 4463 5086 5052 4939 4774 4385 4668 4715 4567 4499 4462 4400 4522 4648 4655 5064 4657 4395 4855 4629 4562 4701 4890 4605 4981 4973 4564 4505 5135 4690 4479 4549 4721 4420 4789 4612 4225 5319 4740 4293 4997 4739 4725 4702 5013 4492 4826 4629 5067 4465 4894 5302 4851 4994 4623 4912 4497 4594 4912 4951 4645 4507 4858 4651 4858 4762 4440 4385 4911 4766 4679 4541 
5392 5423 5514 5462 5635 5416 5943 5045 5626 5217 5394 5343 5169 5188 5636 5086 5801 5384 5594 5319 5719 5710 5470 5739 5577 4894 5602 5226 5224 5578 5525 5327 5169 5517 5610 5923 5863 6133 5893 5424 5744 5334 5486 5779 5181 5748 5555 5720 5652 5387 5439 5622 5686 5596 5476 5754 5320 5597 5554 5495 5561 5360 5597 5405 5901 5607 5722 5377 5428 5446 5218 5576 5615 5843 5842 5655 5078 5630 5072 5418 5789 5425 5209 5040 5759 5136 5724 5829 5592 5136 5559 4950 5309 5179 5543 5576 5555 5085 5891 5369 5294 6187 5713 5314 5802 5607 5277 5959 5320 5413 5423 5646 5290 5631 5566 5696 6039 5733 5261 5740 5206 6058 5700 5054 5613 5538 5847 5792 5328 5742 5460 5433 5683 5591 5588 5622 5686 5336 5707 4961 5632 5513 5341 5613 5331 5536 5726 5516 5411 5929 5642 5453 5486 5594 4752 5507 5251 6102 5809 5458 5594 5677 5180 5706 5464 6088 5824 5644 5706 5769 5624 5522 5125 5344 5278 5864 5170 5757 5537 5535 6068 5547 5725 5478 5259 5859 5674 5601 5507 5119 5412 5561 5472 5395 5217 5058 5235 5366 5683 5468 5392 5100 5715 5274 5008 5467 5635 5120 5623 5967 5357 5945 5761 5167 5264 5555 5493 5684 5669 5602 5011 5783 5834 5080 5670 5721 5310 5769 5919 5388 5530 5444 5869 5210 5646 5870 5488 5683 5417 5621 5371 5364 5623 5786 5652 5207 5883 5229 5574 5837 5408 5205 5711 5348 5425 5438 
5212 4730 4995 4958 4789 4903 5195 4583 5357 4592 4787 5137 4700 4266 4838 4804 5160 4582 5114 4573 5095 5029 4811 4777 4824 4291 4873 4653 4957 4824 4646 4709 4777 4648 5074 5255 5575 5524 5024 4868 4940 4705 4981 5009 4652 5000 4774 4853 4853 4878 4621 5195 4871 4987 4836 5064 4609 4846 5124 4774 4744 4713 5243 4875 5148 5168 5218 4956 4648 4769 4280 4896 5126 5034 4972 5068 4561 4945 4579 4812 5163 5076 4473 4630 5148 4506 5110 4949 4890 4606 5189 4445 4536 4907 4879 4794 5010 4591 5171 4917 4657 5315 4860 5210 5120 5153 4779 5132 4831 4678 4901 5113 4791 4982 4760 5173 5384 5175 4689 5140 4917 5397 4999 4550 5045 4920 4947 5113 4913 5094 4836 4847 5258 4928 4713 5018 5265 4652 4814 4455 4763 5050 4946 4739 4800 4675 5106 4989 4790 5331 5021 4454 4911 5099 4196 4525 4849 5207 4947 4986 4723 5017 4690 5230 4656 5364 5119 5096 4863 4942 4937 5013 4420 4981 4852 5141 4792 4950 4674 4880 5001 5029 5162 4707 4406 5198 5051 5104 5031 4613 4843 4995 4885 5021 4564 4702 4764 4962 5062 4990 5088 4685 5136 4950 4686 4761 4780 4739 5247 5166 5051 4967 4761 4583 4578 5052 4935 5103 4591 4951 4515 5003 5112 4545 5087 4849 4735 5254 5428 4596 4880 4889 5235 4618 5260 5243 4981 5288 4938 4757 4982 4772 4880 4930 5103 4485 5276 4933 4868 4902 5057 4610 5023 4788 4651 4830 
4965 4917 5029 4879 4802 4834 5098 4480 5198 4190 4810 4834 4618 4716 4795 4648 5000 5001 4885 4661 5173 4782 4981 4835 4966 4341 4834 4421 4908 4658 4729 4655 4585 4845 5125 4989 5285 5231 5007 5070 4937 4811 5302 5341 4558 4950 4774 4966 4830 4916 4757 5306 5098 5005 4903 5035 4756 4884 5180 4699 4874 4908 5103 4880 4967 5070 5120 4786 4659 4927 4783 5158 5151 5318 4891 5086 4833 5235 4579 4818 4992 5097 4426 4328 5067 4365 5198 4806 4790 4337 4807 4747 4605 4544 4938 5043 4715 4682 5283 4877 4710 5470 4957 4728 5368 4811 4843 5308 4769 4595 5092 4767 4910 5115 5040 5203 5315 5035 4870 5240 4999 5567 4954 4539 5049 4927 5140 5272 5025 5043 4912 4827 5121 4966 5114 4992 5048 4785 5101 4389 4998 4988 4829 4744 4879 4683 5046 4925 5052 5382 4989 4492 5032 4921 4320 4682 4954 5056 5092 4882 4942 5020 4772 5174 4900 4943 5017 4769 4962 4871 4680 4923 4271 4755 5317 5422 4699 4982 4911 4785 5360 4906 5080 4930 4752 5294 5082 5086 5004 4609 5069 4631 4619 5016 4511 4631 4318 4925 4819 4787 4705 4593 5116 4566 4702 4978 5089 4723 4943 5234 4879 4974 4790 4734 4689 5037 4937 5034 4736 5062 4356 5026 5093 4481 4999 4772 4815 4975 5225 4403 4884 4706 5220 4679 5127 5390 4965 5027 5111 4894 4815 4865 5057 5046 4968 4656 4902 4724 4838 5034 4845 4638 5023 4995 4776 4806 
4958 4982 4911 5071 4918 4615 5304 4491 5257 4321 4811 5242 4589 4735 4770 4845 4883 4959 4843 4426 5034 5097 4876 5099 4701 4392 4669 4703 4748 4777 4692 4778 4738 4738 4904 5296 5455 5431 5021 4674 5059 5133 5004 5347 4583 5203 4846 5143 5207 4761 4756 5142 4939 4545 4980 5197 4705 4959 4887 5039 4930 4806 4786 4961 5198 4942 5231 5030 5004 4873 4655 5057 4887 5227 5025 4894 4579 5155 4668 4824 4781 4889 4636 4442 4776 4559 5104 4834 4716 4490 5061 4486 4681 4548 4917 4978 5011 4631 5535 4827 4909 5320 4970 4923 4980 4983 4811 5142 4684 4799 5048 4958 4952 5000 4674 5104 5225 4894 4858 5191 4874 5487 4974 4494 5197 4890 5088 4711 5086 5203 4831 4763 5304 4806 5028 4670 5159 4846 4993 4486 5197 4836 5099 4799 4998 4858 4929 4693 5024 5569 5134 4345 4957 5073 4530 4879 4733 5352 5005 4902 4811 4764 4787 5345 4773 5298 5161 4680 5050 4956 4995 5151 4463 5047 4972 5278 4550 5284 4799 4936 5415 5080 5048 4873 4576 5114 5166 4992 4911 4548 4742 5049 4723 4991 4768 4485 4624 4803 4826 4948 4892 4552 4872 4780 4746 4895 4883 4515 5352 5110 4838 5126 5199 4914 4946 4930 4630 4902 4922 4890 4550 5097 4978 4756 5260 4879 5008 4912 5160 4559 4823 4937 5175 4895 5162 5485 4983 5282 4874 4471 4666 4761 5080 4875 4974 4618 5277 4448 4772 5160 4808 4910 5002 4685 4711 4778 
5312 5182 5359 5408 5140 5004 5439 4834 5703 4500 4989 5278 4727 4966 5078 4858 5138 5285 5168 4536 5523 5432 4808 5312 5305 4518 4798 4830 5247 4830 5019 5076 4654 5193 5375 5375 5588 5399 5351 4821 5208 4937 5203 5464 4685 5171 4969 5274 5186 4882 4789 5372 4994 4997 5143 5261 5029 4945 5330 5080 5317 4969 4884 5268 5288 5128 5372 5060 4981 5002 4971 5142 5474 5340 5432 5398 4903 5260 4838 5255 5588 5036 4704 4677 5338 4703 5333 5011 5188 4878 4984 4634 4878 4855 5243 5064 5084 4859 5508 5225 5160 5711 5247 5092 5284 5237 5249 5595 4805 5085 5202 4894 5018 5136 5110 5220 5661 5150 5009 5173 4952 5846 5342 4742 5164 5159 5273 5292 5230 5230 5242 4864 5471 5151 5337 4930 5254 4904 5300 4684 4993 5060 4990 4822 5307 5065 5091 5043 5327 5596 5181 4779 5299 5393 4740 4960 5133 5168 5321 5278 4869 5276 4889 5436 5012 5459 5586 5058 5548 5256 5295 5211 4766 5228 4952 5567 4898 5191 4840 5181 5493 5043 5299 5194 4863 5325 5738 5359 4947 4927 5172 4996 4906 5005 4690 4719 4918 5236 4898 5326 5108 4853 5170 4748 5141 5149 5324 5066 5559 5380 5021 4882 5470 4816 5044 5190 5289 5082 4924 5253 4582 5510 5206 4932 5371 4925 5008 5257 5548 4859 5211 4930 5251 4775 5268 5660 5252 5415 5138 5141 4773 4849 5050 5336 5210 5070 5481 4659 4916 5117 4735 4852 5287 5023 4945 4865 
5169 5128 5274 5058 4957 4805 5318 4812 5203 4420 4885 5074 4721 4669 4927 4888 4859 4865 5034 4782 5475 5260 4777 4888 4954 4551 4817 4677 5027 4851 4946 4896 4710 5041 5027 5415 5733 5572 4897 4940 5272 4835 5090 5331 4700 5131 4809 4995 5098 4892 4686 5217 5049 5099 5081 5351 4702 4738 5165 4865 5032 5113 4643 4862 5332 4944 5452 5166 5076 4869 4883 4975 5108 5255 5365 5272 4808 5266 4684 5000 5384 5023 4564 4539 5037 4685 5340 4879 4605 4660 5256 4855 4656 4710 4956 4891 4997 4729 5384 4850 4832 5768 4971 5143 5225 5181 4923 5255 4719 4931 5068 5068 4893 5155 5121 5490 5663 5157 5075 5341 4749 5571 4984 4641 5209 4831 5147 5156 4973 5139 4901 4934 5517 4900 4949 4823 4929 4975 5173 4660 5151 4856 5094 4787 5254 4827 5112 4717 5267 5220 5104 4816 5113 5072 4276 4731 4697 5428 5140 4855 4949 5039 4723 5073 4999 5281 5448 5093 5299 5216 5113 4823 4720 5025 4993 5176 4572 4846 4806 4840 5407 4571 5130 4913 4593 5100 5280 5062 5030 4646 4974 5095 4779 4795 4735 4603 4765 4836 5118 5110 4922 4522 5061 5019 4993 5166 5075 5294 5397 5146 4718 4923 5210 4760 4974 4871 4735 4894 4876 5024 4441 5366 4977 4557 5370 4665 5091 5032 5230 4652 4817 4782 5150 4999 5438 5529 5025 5159 5042 5010 4906 5311 5185 5048 4882 4678 5049 4920 4911 4945 4895 4671 5239 4603 4806 4795 
5372 5106 5298 5300 5115 4834 5398 4745 5593 4790 5390 5217 4828 4934 5141 4944 5062 4999 5236 5040 5289 5262 4948 4864 5123 4715 5292 4786 5228 5287 4896 4925 4956 5142 5245 5291 5755 5529 5114 4644 5094 5076 5315 5582 5203 4946 5360 5310 5266 5250 5186 5472 5365 4999 5139 5233 5095 5084 5260 5211 4967 5216 5203 5164 5760 4895 5502 5142 5239 5175 4873 5417 5523 5412 5379 5293 4963 5251 4772 5156 5376 5183 4819 4780 5275 4680 5192 5057 5180 4723 5409 4632 5027 4927 5444 5205 5048 5047 5451 5016 5084 5507 5304 5387 5370 5255 4950 5315 5150 5006 5396 5071 5094 5521 5316 5476 5505 5430 4929 5378 4953 5842 5336 4925 5103 5064 5329 5378 4938 5242 5159 5215 5684 5251 5221 5186 5449 4843 5168 4680 5147 5278 5356 5061 5100 4890 5246 5154 5189 5505 5258 4681 5535 5371 4828 5150 5079 5439 5461 5251 5125 5221 4923 5248 5141 5595 5389 5165 5322 5126 5043 5109 4898 5137 5441 5580 4798 5019 5063 5005 5432 5367 5274 5103 4690 5168 5312 5425 5289 4553 5143 5038 5401 5025 4812 4766 4993 5285 5120 5285 5158 4654 5140 5174 4955 5252 5426 5060 5084 5430 4730 5389 5054 5051 4963 5310 4960 5478 5099 5205 4626 5413 5392 4962 5342 4930 4995 5310 5532 4914 5038 5173 5357 4881 5436 5618 5217 5284 5274 5071 5233 5167 5299 5396 5143 4727 5643 4768 5007 5445 5319 4824 5451 4876 5042 5036 
5407 5199 5521 5454 4986 5290 5516 4760 5554 4946 5198 5702 5122 5174 5229 5377 5165 5359 5505 5090 5373 5191 5140 5638 5353 4614 5381 4927 5180 5384 5148 5214 5320 4963 5382 5321 5703 5936 5507 5153 5904 5259 5684 5523 4973 5170 5199 5388 5474 5024 5064 5513 5437 5127 5450 5814 5062 5355 5502 5113 5250 5215 5439 5255 5486 5291 5748 5250 5051 5263 4841 5506 5671 5466 5486 5490 5256 5523 4845 5098 5529 5347 4772 4768 5821 5274 5387 5418 5353 4997 5729 4758 5150 5125 5386 5414 4874 5180 5567 5347 5097 5770 5689 5474 5507 5424 5448 5589 5057 4962 5258 5136 5110 5307 5396 5404 5431 5375 5265 5530 5029 5854 5586 4812 5604 5265 5280 5674 5307 5330 5257 4998 5543 5378 5360 5463 5245 5145 5404 4809 5142 5189 5463 5068 5502 5283 5323 5259 5413 5771 5231 5004 5337 5390 4958 4966 5266 5737 5468 5384 5395 5320 5113 5457 5021 5733 5657 5437 5610 5593 5283 5219 4857 5406 5405 5710 4961 5039 5109 5211 5717 5091 5389 5040 4717 5334 5580 5541 5360 5162 5370 5588 5375 4995 4892 5040 4868 5221 5244 5420 5293 4951 5463 5146 4902 5622 5351 5079 5436 5474 4902 5244 5356 4862 4973 5307 5167 5467 5082 5406 4801 5501 5783 5068 5434 5263 5081 5528 5730 5117 5275 5134 5710 5059 5631 6184 5333 5491 5314 5111 5169 5175 5371 5455 5342 5023 5297 4763 5086 5238 5103 4822 5653 5183 5002 5248 
4915 4945 5303 4817 4728 4892 5000 4813 5310 4323 4923 4970 4760 4740 4958 4869 4933 5127 5158 4513 5409 5093 4903 4908 5101 4374 5056 4637 4859 4934 4922 4844 4709 4773 5069 5233 5473 5486 5085 4867 5165 4892 5324 4859 4804 4840 4944 4953 4803 4793 4867 5187 5076 5011 5155 5116 4769 4796 4951 4997 5222 4881 5034 5181 5124 4947 5419 5015 4701 5280 4822 5119 5228 5016 4999 5056 5085 4972 4778 5115 5203 4988 4542 4654 5062 4799 4959 4930 4708 4515 5144 4462 4768 4777 5163 5038 4940 4656 5405 4988 4880 5567 4978 5254 5238 5060 4665 5393 4605 5073 5090 4859 4857 4995 5077 5261 5452 4752 5126 5283 4847 5543 5185 4617 5113 4873 5041 5360 5068 4751 4853 4793 5454 5036 5154 4792 4999 4695 4876 4420 4993 5111 4817 4751 5065 4654 5094 4853 4885 5335 5121 4667 5053 5180 4583 4665 4911 5309 5001 5086 4959 4957 4635 5176 4753 5307 5367 5040 5354 5056 5141 5097 4500 5006 4814 5462 4663 5096 4901 4667 5262 4812 4948 5096 4461 4977 5397 4988 5207 4524 4956 4826 4972 4846 4933 4563 4708 5203 5034 5142 4839 4467 5145 4740 4648 5102 5034 4766 5121 5315 4691 4910 5353 4817 4751 5062 4798 5040 5145 4941 4536 4991 5149 4476 5105 4733 4774 5189 5368 4692 4986 4726 5146 4589 5020 5376 5085 5221 4957 4922 4815 4747 5051 5125 5114 4567 5398 4542 4828 5169 4679 4543 5203 5009 4904 4824 
4922 4555 4744 4600 4526 4767 4855 4224 4817 4278 4519 4576 4514 4666 4903 4621 4720 4684 4696 4258 5166 4805 4538 4814 4637 3942 4625 4287 4525 4441 4572 4648 4470 4590 4935 4936 5151 5263 4962 4675 4654 4698 4995 4576 4602 4352 4424 4701 4792 4359 4672 4876 4598 4894 4566 4926 4352 4488 4945 4183 4766 4566 4753 4741 4975 4757 5015 4717 4633 4829 4495 4869 5074 4602 4990 5013 4596 5024 4445 4719 4849 4608 4407 4293 4659 4388 4658 4513 4732 4237 5019 4452 4455 4611 4881 4620 4385 4488 5111 4647 4678 5163 4759 4789 4761 5119 4655 5267 4377 4668 4710 4487 4436 4839 4621 4684 5079 4557 4773 4950 4677 4931 4735 4297 4953 4755 4508 4717 4903 4683 4310 4567 4698 4718 4566 4782 4886 4443 4919 4340 4662 4670 4715 4862 4911 4493 4725 4784 4671 5026 4482 4473 4850 4912 4074 4399 4757 4680 4874 4670 4699 4867 4554 4916 4515 5159 5023 4984 5052 4978 4586 4747 4234 4693 4523 4888 4693 4785 4644 4720 4861 4361 4756 4747 4330 4699 4919 4779 4779 4635 4696 4645 4405 4563 4535 4348 4263 4431 4654 4684 4540 4299 5066 4672 4532 4845 4784 4475 4976 4736 4486 4606 4653 4370 4332 4788 4705 4780 4525 4780 4286 5001 4928 4558 4822 4542 4311 4903 4970 4410 4638 4511 4911 4431 4930 5180 4707 4881 4839 4511 4425 4452 4660 4709 4741 4427 5131 4264 4547 4835 4577 4385 4667 4187 4689 4584 
5405 5529 5517 5267 5061 5095 5607 4780 5502 4560 5059 5452 5105 4936 5364 5329 5333 5324 5070 5091 5562 5526 5256 5478 5060 4578 5512 5132 5032 5037 5196 5209 5085 5441 5477 5468 5761 5678 5644 4982 5747 5228 5419 5705 5286 5209 5072 5342 5543 5365 5049 5599 5564 5140 5243 5589 5244 5448 5539 5152 5526 5335 5386 5219 5697 5116 5415 5504 5209 5425 4923 5470 5776 5545 5445 5435 5325 5666 5051 5295 5583 5306 4898 5051 5577 4777 5403 5399 5134 5281 5498 4846 5173 5159 5417 5108 5150 5160 5607 5401 5427 5980 5408 5339 5661 5318 5247 5655 5037 4877 5205 5485 5081 5640 5400 5581 5752 5357 5212 5553 5057 6009 5571 4770 5305 5549 5411 5483 5268 5459 5248 5236 5912 5268 5347 5473 5287 5309 5692 5147 5671 5107 5320 5460 5426 5145 5355 5069 5241 5766 5478 4918 5513 5393 4728 5218 5363 5615 5386 5321 5212 5322 4910 5556 5206 5646 5444 5428 5786 5435 5340 5244 4935 5168 5407 5950 5204 5166 5245 5466 5446 5141 5098 5146 5019 5480 5530 5522 5330 4690 5001 5395 5171 5249 5059 4885 4914 5421 5059 5217 5354 4713 5295 5351 5090 5353 5252 4986 5458 5394 5106 5106 5519 4931 5122 5283 5089 5386 5230 5375 4946 5510 5625 5064 5601 5189 5195 5284 5877 5115 5419 5456 5530 5138 5590 5878 5203 5407 5167 5483 5105 5048 5743 5217 5211 4973 5504 4930 5229 5431 5162 4954 5457 5074 5209 5030 
5336 5320 5141 5280 5080 5183 5682 4989 5418 4672 5085 5317 4773 5083 5307 4787 5075 5205 5201 5012 5421 5346 5023 5494 5178 4334 5068 4774 5124 5020 5041 5157 4810 5267 5247 5423 5596 5712 5448 4881 5540 5283 5346 5285 4877 5153 5028 5183 5726 4907 5120 5413 5247 5106 5111 5440 5114 5153 5312 5060 5279 5052 5043 5158 5441 5130 5506 4970 5178 5107 4680 5202 5683 5532 5518 5454 5114 5540 4918 4948 5359 5073 4481 4650 5454 5041 5391 4988 5009 5042 5401 4533 4909 4904 5143 5069 4984 5285 5489 5233 5475 5628 5433 5180 5411 5295 4904 5570 4739 4757 5363 5198 4967 5147 5256 5364 5648 5354 5119 5554 5106 6095 5474 4991 5590 5133 5519 5208 5092 5356 5047 4878 5617 5066 5238 5084 5434 5124 5529 4910 5353 5229 5393 5123 5151 5279 5287 5336 5576 5671 5290 4815 5232 5485 4788 4797 5238 5550 5241 5180 5282 5523 4884 5450 5069 5478 5593 5254 5624 5138 5163 5335 4686 5067 5167 5717 4827 4976 4981 5517 5486 5029 5310 5148 4818 5340 5328 5415 5219 4874 5164 5332 4873 5193 4925 4916 4917 5207 5026 5182 5083 5052 5416 4810 5378 5334 4940 4950 5298 5248 5113 5048 5365 4685 4842 5171 5048 5368 5156 5275 4974 5194 5466 4949 5484 5128 5185 5337 5527 5057 5067 4936 5487 5064 5400 5856 5300 5566 4937 4951 4793 5076 5454 5205 5251 4778 5343 4822 4990 5412 5046 5024 5388 4924 4998 5044 
5305 5255 5066 5051 5048 5074 5587 4900 5224 4671 4771 5358 4879 4939 5458 4968 5298 5222 5209 4762 5400 5727 5048 5433 5160 4561 5217 5281 5143 4791 5269 5142 4871 4927 5302 5443 5912 5573 5397 4983 5426 5142 5308 5432 5193 5214 5042 5326 5241 4846 4947 5394 5234 4958 5107 5249 4774 4977 5346 5106 5175 4908 5239 5153 5494 5354 5652 5347 5191 5110 4778 5272 5639 5272 5532 5290 4858 5171 4971 5084 5296 4983 4856 4701 5289 4904 5694 5341 5015 4650 5020 4787 5133 5037 5479 5176 5161 4774 5728 5059 4947 5507 5345 5120 5541 5338 5202 5794 5143 4937 5278 5220 5061 5360 5287 5181 5712 5212 5181 5690 4987 5772 5251 4762 5202 5183 5316 5233 5010 5074 5400 5102 5406 5288 5434 5127 5299 5071 5488 4443 5229 4903 4967 5110 5121 5144 5320 5100 5471 5686 5313 4932 5385 5357 4755 4645 5138 5534 5328 5201 5040 5360 5006 5460 4822 5491 5519 5107 5317 5198 4958 5071 4838 5007 5122 5649 4907 5343 5036 5183 5465 5178 5348 5204 4872 5520 5462 5531 4973 5131 4885 4952 4872 5013 5137 4927 4865 4954 4959 5088 5235 4650 5081 4823 5193 5455 5219 4961 5333 5319 4827 5070 5559 4607 4957 5301 5061 5228 5176 5579 4628 5217 5503 5020 5402 5212 5143 5298 5568 4915 5134 4998 5334 4867 5330 5747 5197 5426 5318 5072 4990 5173 5319 5236 4979 4780 5609 4982 5033 5187 5054 4848 5252 4805 4910 5152 
5226 5114 5444 5139 5061 4823 5696 5131 5602 4634 5088 5384 4909 5059 5137 4953 4979 5155 5406 4728 5387 5121 5076 5091 5089 4242 5067 4919 5190 5050 5088 5141 5212 5183 5080 5291 5494 5577 5246 4718 5149 4898 5445 5424 4659 5165 5165 5084 5189 4720 5302 5182 5174 5086 5038 5311 4806 4994 5435 5329 5186 4983 5082 5171 5374 5159 5446 5104 5146 5148 4742 5279 5414 5364 5682 5069 4807 5429 4784 5158 5396 5083 4915 4754 5307 4871 5191 5203 5028 4841 5220 4612 4857 5080 5316 5125 5136 4898 5811 5416 5125 5706 5212 5348 5270 5316 5006 5527 5016 5063 5208 5304 5113 5415 5248 5470 5752 5176 5109 5359 5074 5866 5117 4891 5036 5072 5029 5549 5122 5312 5255 5145 5258 5465 5344 5208 5326 5063 5169 4586 5092 4939 5166 5084 5119 4959 4877 4714 5314 5502 5183 4575 5382 5326 4796 5014 4888 5358 5264 5363 5063 5116 5195 5597 5008 5332 5237 5164 5422 5430 5167 5376 4574 5257 5425 5445 4916 5328 5040 5493 5449 5219 5214 5200 4942 5319 5596 5384 5406 4692 5226 5059 5138 5169 4900 4720 4739 5092 4886 5340 5125 4478 5269 5021 5028 5186 5040 4904 5209 5461 4930 5186 5436 4999 4831 5261 4915 5182 5160 5205 4872 5322 5631 4987 5389 5117 5197 5432 5405 4892 5184 5157 5454 4942 5363 5642 5017 5500 5077 4968 5138 4994 5293 5239 5124 5052 5607 4686 4979 5262 4803 5076 5290 5028 4900 4984 
5077 5053 5153 4903 4950 4840 5523 4650 5326 4469 4890 5350 4588 4678 5122 4777 4826 5000 5193 4720 5280 5152 4741 5110 4935 4222 4989 4581 5157 5104 4848 4673 4698 5036 5232 5349 5640 5371 5309 4781 5148 4887 4992 5206 4848 4918 4991 5144 5138 4819 4612 5258 4926 4833 5067 5227 4979 4670 5254 5068 5165 4917 4807 4774 5127 5015 5261 5147 5054 4749 4935 5107 5263 5255 5372 5160 4811 5363 4839 5151 5216 4738 4476 4631 5275 5094 5343 5067 4874 4591 5286 4657 4537 4894 5314 5042 5167 5068 5141 4975 5051 5532 5140 5102 5127 5048 4967 5645 4686 4814 5309 4912 4628 5053 5368 5425 5318 4886 5123 5287 4985 5502 5391 4791 5213 4955 4923 5271 5191 5087 5096 5038 5320 5190 5250 5212 5214 4970 4955 4654 5186 5066 5062 5019 4795 4982 5022 4758 5031 5504 5285 4647 4975 5143 4579 4983 4786 4855 5096 5430 4844 5224 4685 5249 5173 5377 5379 5215 5059 4919 5068 4997 4625 4978 5128 5472 5012 5093 4724 5032 5326 5006 4967 5196 4854 5226 5535 4978 5338 4622 4867 5114 4916 5052 4692 4685 4895 5068 4992 5077 5070 4568 5219 4821 5045 5085 5179 5112 5184 5506 4961 5121 5198 4651 4840 5059 4976 5124 5051 5155 4666 5546 5208 4541 5002 4936 5169 5060 5494 4671 4839 5091 5386 4865 4962 5530 4992 5362 5139 4812 5007 5010 5387 5334 5011 4956 5666 4837 4837 4920 4889 5008 5258 4794 4866 4852 
5336 5325 5407 5134 5382 5074 5595 4923 5707 4707 5054 5463 5042 5053 5394 5174 5383 5447 5408 4837 5631 5362 5020 5544 5391 4607 5151 4960 5121 5078 5373 5190 4901 5268 5373 5555 5771 5744 5021 5236 5593 5384 5354 5410 4902 5485 5094 5334 5414 5182 5028 5646 5464 5354 5258 5689 5047 5258 5413 5197 5753 5349 5188 5399 5484 5278 5410 5227 5368 5196 5208 5503 5516 5412 5501 5291 4918 5517 4890 5159 5404 5208 4692 5018 5525 5068 5551 5211 5296 5050 5566 4530 4993 5063 5238 5089 5049 5075 5270 5335 5279 5743 5256 5208 5549 5229 5149 5470 5022 5108 5056 5328 5176 5178 5384 5179 5742 5492 5070 5410 4946 5854 5659 4881 5464 5236 5293 5352 5205 5689 5364 5022 5553 5285 5243 5072 5613 5040 5416 4694 5244 5155 4965 5128 5217 5364 5368 5259 5597 5703 5467 4818 5406 5217 4932 4861 5116 5727 5580 5205 5093 5278 5074 5679 5121 5721 5619 5399 5510 5518 5365 5173 4831 5207 5447 5925 5036 5346 5164 5131 5882 5177 5575 5331 4787 5482 5408 5278 5541 5195 5415 5372 5145 5159 5007 4767 5010 5403 5267 5216 5379 4718 5269 5115 5033 5347 5405 5028 5453 5566 5226 5340 5643 4983 5235 5172 4871 5163 5168 5173 4756 5710 5464 4844 5580 5337 5171 5150 5442 4823 5283 5332 5445 5153 5522 5984 5129 5480 5210 5206 5073 5097 5215 5310 5067 5050 5135 5078 5257 5274 5160 5191 5342 5367 5009 5267 
5725 5562 5429 5243 5260 5431 6092 5156 5638 4877 5194 5612 4900 5247 5495 5476 5251 5607 5454 4992 5722 5574 5227 5522 5398 4828 5493 4971 5414 5230 5401 5141 5321 5823 5316 5700 6120 5832 5730 5444 5682 5309 5596 5820 5149 5450 5329 5363 5554 5152 5236 5614 5385 5382 5440 5638 4955 5544 5744 5125 5560 5532 5610 5539 5743 5442 5944 5414 5327 5497 5161 5426 5848 5651 5725 5592 5406 5677 5241 5599 5561 5313 4784 4942 5591 5172 5545 5299 5403 4954 5629 5035 5250 5314 5518 5340 5437 5245 5867 5275 5442 5907 5443 5408 5545 5636 5209 5774 5543 5364 5428 5511 5192 5666 5474 5354 6036 5734 5374 5892 5353 6268 5605 4902 5304 5691 5524 5625 5372 5589 5377 5101 5760 5464 5316 5410 5489 5142 5534 5027 5272 5374 5230 5043 5420 5175 5510 5358 5461 5918 5543 4953 5761 5745 4815 5194 5286 5771 5670 5474 5314 5438 5102 5664 5233 5799 5777 5375 5651 5596 5402 5548 4859 5633 5468 5882 5374 5541 5542 5623 5645 5197 5575 5474 4837 5800 5675 5618 5496 5223 5468 5327 5472 5327 5197 5024 5268 5364 5520 5467 5693 5116 5574 5263 5259 5333 5608 5127 5793 5571 5299 5577 5461 5171 5433 5276 5343 5601 5445 5276 4823 5661 5797 5119 5435 5425 5368 5440 5743 5267 5369 5405 5569 5357 5861 5911 5387 5875 5185 5159 5325 5251 5563 5436 5368 5103 5907 5051 5262 5781 5275 5170 5607 5196 5029 5167 
5326 5432 5412 4944 4839 4695 5328 4619 5317 4563 5098 5453 4934 4823 5379 5024 5320 5158 4951 4722 5286 5183 5026 5264 5028 4509 5102 4767 4961 4731 4870 4997 4778 5121 5126 5582 5575 5472 5159 4759 5381 5081 5244 5273 4717 5159 4905 4953 5438 4873 4808 5391 5171 4872 5290 5206 5056 4929 5095 4867 5210 5042 5203 5116 5275 5103 5126 5000 5154 5052 4990 5171 5459 5440 5312 5250 4988 5177 4631 4968 5323 5331 4792 4648 5049 4556 4990 5213 5289 4822 5189 4838 4833 4994 5248 5088 4783 4775 5354 4943 5389 5392 5157 4974 5420 5013 4887 5483 4927 4706 5018 5075 4743 5229 5202 5208 5571 5326 4840 5234 5006 5607 5349 4566 5076 5310 5307 5478 5056 5384 5153 4797 5070 5177 5245 5039 5326 4998 5009 4405 5151 5124 4976 5081 5101 5070 5148 5045 5271 5739 5461 4640 5043 5157 4662 4807 5119 5607 5322 5038 5019 5305 4949 5379 4931 5305 5253 5019 5129 5054 5128 4989 4485 5107 5262 5775 4783 5275 4869 5035 5381 5137 5402 5205 4777 5537 5421 5337 5339 4759 5260 5034 4974 5020 4796 4879 4783 5325 5016 5160 4993 4607 5084 4968 4828 5000 5400 4877 5333 5270 5009 5210 5358 4843 4836 5180 5107 4774 5051 5049 4657 5334 5421 4778 5495 4914 5230 5080 5552 4936 5091 5259 5195 5035 5357 5553 4715 5186 4974 5015 4919 4720 5273 5241 4956 4747 5368 4960 5132 5225 4899 4969 5452 4944 4942 5229 
5186 4875 5224 5083 4861 5099 5264 4744 5211 4360 5009 5168 4921 4931 4962 4807 5220 4909 4920 4852 4924 5476 4844 5258 4932 4440 5106 4587 4890 4965 4921 4651 5013 5038 5096 5115 5428 5572 5234 4759 5406 4822 5202 5380 4853 4910 4954 5048 5205 4993 4609 5210 5098 4913 5161 5309 4410 5165 4964 4902 5080 4888 4962 5140 5133 5144 5312 5294 4973 4955 4639 5093 5656 5158 5335 4960 4805 5275 4683 5084 5345 4900 4621 4718 5388 4638 5171 5050 4806 4731 5446 4663 4886 4838 5163 4968 4696 4835 5340 4811 4983 5562 5093 4957 4952 5192 5017 5327 4723 4755 4930 5022 4972 5013 4981 5123 5322 5346 4966 5308 5008 5618 5222 4578 4900 5254 5160 5027 4869 5274 4826 4886 5554 5203 4818 5115 5206 4871 5129 4688 4869 5007 4983 5010 5038 4968 5178 5026 5211 5431 5108 4857 5103 5129 4722 4795 4788 5457 5231 4960 4999 4933 4846 5296 4730 5333 5411 4927 5549 5272 5104 4922 4626 4815 5003 5409 4573 5012 5014 5195 5539 4876 5176 5064 4542 5305 5084 5307 5080 4667 5007 4971 5024 5003 4633 4630 4964 4811 5131 4996 5010 4757 5089 4885 4939 4832 5126 4806 5311 5252 4825 5132 5055 5043 4848 4918 4959 5006 5158 5092 4692 5389 5243 4823 5122 5099 4828 5086 5255 4870 4836 4965 5422 4820 5188 5640 5017 4952 5005 4860 4646 4977 5212 5319 5000 4469 5260 4621 5278 5292 4804 4666 5388 4935 4805 4926 
5217 5146 5179 5073 5087 4920 5371 4852 5419 4665 5157 5269 4671 4850 5105 4954 5046 5238 4967 4584 5327 5244 5038 5077 5171 4490 5398 4799 4884 5025 4906 4978 4842 5074 5257 5330 5649 5734 5308 5002 5171 5010 5054 5219 4891 5049 5044 5243 4805 5017 4748 5263 5116 5172 5183 5209 4676 4926 5236 4860 5038 5274 4997 5103 5281 5138 5525 5293 5025 5112 4901 4954 5257 5283 5442 5021 4962 5483 4752 5260 5445 5030 4705 4552 5171 4701 5249 5047 5210 4692 5392 4454 4895 4887 5192 4904 4984 4633 5500 5112 5151 5874 5035 5042 5301 5145 4822 5509 4933 4791 5139 5180 5068 5365 5239 5128 5285 5389 4995 5283 5001 5712 5082 4662 5098 5045 5164 5144 4897 5159 4786 4820 5219 5255 5112 5111 5552 4625 5255 4733 4909 5227 5072 5109 5205 5015 5251 5072 5053 5353 5146 4711 5186 5350 4377 4744 5105 5376 5051 4995 4932 5118 4979 5267 5133 5492 5447 5058 4982 4961 5061 4965 4424 5214 5181 5215 4869 5148 5017 5016 5449 5265 4992 5116 4953 5323 5534 5369 5175 5082 5125 4971 4875 5094 5030 4837 4593 5126 5017 5208 5171 4880 5155 4879 4935 5297 5161 4834 5239 5638 4929 5251 5140 4966 4827 4978 5000 5236 4794 4924 4501 5138 5342 4958 5320 4986 5028 5305 5446 4508 4986 5004 5140 5020 5231 5694 5286 5358 4989 4988 4952 4840 5255 5283 5114 5011 5321 4833 4945 5368 4973 4804 5272 4998 5148 5114 
4974 5018 5080 4759 4862 4729 5422 4484 5048 4582 4804 5042 4729 4772 4893 4999 4588 5012 5192 4552 5022 5043 4841 5048 4854 4016 5099 4539 4897 4939 4803 5101 4764 4919 5176 5203 5591 5175 4977 4830 5312 5257 5293 5369 4870 5057 4834 5014 4973 4883 5002 5080 5139 5038 4862 5104 4758 5106 5156 4910 5126 4922 4963 5016 5445 4872 5428 5062 5022 4965 4727 5216 5365 5120 5002 5203 4808 5360 4751 5029 5145 5094 4579 4476 5127 4899 5126 5130 5105 4597 5307 4852 4797 4750 4848 4967 4915 4933 5445 4966 4981 5485 5017 4899 5182 5082 4845 5269 4882 4806 4936 5253 4915 5046 4930 5331 5416 5153 4871 5290 4770 5651 5263 4589 5134 4775 5245 5131 5231 5313 4749 4979 5235 5034 5038 4889 5208 4846 5423 4713 5104 4995 4859 5216 5029 4815 5236 5131 5074 5274 5149 4522 5315 4966 4694 4847 4818 5200 5147 5135 5120 5053 4771 5255 4708 5419 5506 5115 5389 5071 5120 5206 4474 4746 5047 5535 5133 4930 5131 4823 5195 4886 5010 5115 4804 5350 5381 5142 5101 4794 4966 5023 4953 4967 4756 4490 4905 4729 5071 5383 4692 4679 5277 4836 4908 5162 5238 4617 5197 5222 4618 5078 5158 4680 4812 4919 5016 5192 5078 5028 4497 5329 5335 4680 5016 4938 5076 5281 5217 5061 5118 5191 5344 4873 5264 5281 4932 5265 4958 4850 5099 4963 5336 5103 4781 4920 5537 4579 4765 5168 5018 4707 5212 4680 4821 4964 
5067 4950 5301 5074 4830 4733 5365 4560 5300 4527 4948 5170 4814 5131 5030 5152 5119 5230 5125 4566 5170 5023 5026 4959 4979 4700 5249 4590 4937 4997 4953 5027 4974 5021 5130 4856 5843 5772 5304 4983 5143 5152 5186 5256 4895 5143 4726 5005 5305 4773 4926 5130 5347 4912 5029 4972 4712 4920 5228 5056 5235 5195 5076 5220 5196 5168 5126 5115 4924 5320 4842 5359 5121 5267 5273 5300 5069 5001 4682 4996 5142 4962 4522 4496 5182 4537 4995 4904 5222 4516 5073 4668 4787 4878 4871 5239 4972 4879 5520 4851 4898 5548 5111 5200 5345 5291 4817 5318 5127 5002 4902 5074 4843 5284 4828 5206 5424 5297 4969 5232 4630 5537 5238 4630 5003 5185 5051 5258 5116 5201 4848 4732 5440 5216 5206 5129 5013 5291 5089 4716 4947 5253 4989 5022 5241 4759 5150 5138 5075 5463 5390 4589 5415 5059 4320 5060 4924 5364 5136 5177 5188 4954 5022 5186 5004 5271 5337 5169 5292 5222 5273 5221 4701 4914 4971 5448 4955 5242 5149 5079 5386 4908 5117 5171 4649 5370 5283 5149 5096 4930 5269 5227 5004 4888 4945 4720 4614 5114 5002 5242 5011 4628 4941 4985 4652 5011 5215 4672 5310 5252 4748 5301 5247 4959 5015 5035 5012 5240 4935 5091 4293 5588 5375 4919 5224 4912 4711 5191 5331 4672 5031 4846 5135 4954 5190 5653 5196 5193 5030 4910 4736 4740 5303 5087 5193 4931 5180 4802 4883 5365 4934 4746 5252 4745 4895 4839 
4972 5162 5016 4864 4727 4843 5411 4464 5326 4368 4946 5172 4672 4882 5146 4875 4899 4715 5091 4744 4930 5174 4653 5151 4957 4374 5044 4425 4706 4636 4770 4935 4732 4826 5001 5028 5657 5277 5084 4777 5171 4827 5246 5116 4640 4785 4444 5012 5038 4693 4942 5188 5132 4704 4915 5261 4570 4946 5126 4856 4701 5025 4899 4937 5155 5074 4923 4905 4760 5273 4489 5160 5036 5205 5448 5223 4670 5187 4340 5061 5015 4866 4468 4554 5087 4802 5157 5012 4627 4438 5182 4432 4805 4578 4733 4783 4914 4911 5125 4783 4913 5585 5072 5172 5030 5232 4861 5444 4890 4760 5058 5071 4647 5042 5167 5066 5417 5271 4777 5354 4432 5578 4964 4746 5037 4842 5058 5085 4936 5120 4923 4807 5196 5005 5162 4991 5065 4892 5167 4365 4835 5019 4976 5040 4866 4983 5285 4769 4978 5424 5184 4628 5054 5234 4354 5027 4787 5393 5039 4680 5129 5177 4835 5155 4631 5076 5374 4991 5239 5250 4958 5037 4496 4957 5025 5328 4610 4890 4922 5090 5592 4633 5271 4701 4299 5198 5197 5282 4983 4996 4950 4917 4645 4942 4739 4743 4603 5002 4841 4886 4893 4575 5029 4840 4827 4853 5062 4878 5124 5134 4813 4894 5041 4576 4837 5050 5277 4905 4874 5032 4488 5421 5019 4741 5123 4812 4707 5119 4893 4712 4555 4815 4960 4716 5313 5626 4940 5192 5026 5093 4641 5005 5248 5110 5082 4747 4868 4528 4864 5189 4703 4485 4964 4815 5048 5093 
5119 4960 5257 4987 4833 5067 5596 4735 5465 4459 5050 5154 4869 4818 5222 4856 5059 4992 4731 4641 5241 5261 4722 5153 4931 4173 4896 4686 4997 4848 4788 4780 4830 4870 5060 5188 5397 5073 5041 4842 4999 5014 5037 4924 4597 4737 4890 4850 5033 5018 4836 5206 4939 5093 4992 4967 4683 4826 5126 4700 5175 4910 5284 4996 4973 4972 5123 4943 4946 4850 4897 5246 5406 4996 5148 5133 4820 5081 4793 4924 5194 4887 4570 4690 5270 4886 4977 4746 5135 4407 5123 4367 4661 4857 5110 5029 5062 4853 5308 4805 5073 5448 5279 5074 5182 4920 4605 5342 4899 4855 4908 4855 4850 5068 4921 5288 5492 4945 4891 5091 5013 5677 5234 4406 5259 4815 5054 5154 4552 4997 5049 4852 5169 5338 4973 5002 4998 4962 5180 4530 4949 4876 4891 4801 4851 4569 5138 4929 4923 5430 5077 4556 5021 5213 4370 4628 4921 5345 5166 4953 4932 4958 4831 5144 4776 5325 5243 5193 5312 4964 4861 5067 4379 5174 5024 5471 4555 5062 4934 5037 5297 4948 5238 5110 4674 5264 5096 5143 5050 4621 5098 4999 4771 4975 4755 4677 4579 4750 5082 5037 5087 4600 5045 4717 4535 4981 5090 4760 5292 5093 4800 5072 5127 4915 4676 5081 5134 4985 5078 5024 4566 5171 5330 4786 4975 4836 4889 5013 5306 4295 4945 4923 5099 4713 5159 5393 5147 5079 4780 4827 4806 4675 5188 4900 5063 4543 5205 4856 4682 5039 4841 4739 5030 4990 4868 4788 
5268 5154 5208 5190 4850 4877 5444 4574 5368 4634 4665 5087 4588 4716 5084 5000 5110 4963 5055 4676 5494 5340 4684 4950 5162 4413 5071 4916 5071 4759 4925 4873 4714 4909 5143 5522 5735 5500 4904 4852 5159 4896 5160 5384 4595 5022 5042 5186 5248 4953 4747 5326 5060 5022 4960 5191 4888 5160 5168 4865 4942 5140 5003 4980 5175 4967 5501 4947 4962 5122 4779 5124 5299 5108 5419 5222 5064 5023 4938 5087 5158 5148 4439 4719 5185 4726 5254 4935 5107 4948 5109 4521 4852 4900 4975 4912 4914 4894 5357 5086 4920 5671 5176 5205 5242 5078 4770 5438 4635 4875 5043 5383 4994 5216 5044 5460 5472 5268 4829 5203 5001 5614 5286 4503 5171 4935 4981 5123 4870 4961 5280 4687 5332 4914 5057 4941 5182 4981 5076 4550 5019 5033 4870 5019 5098 4979 5182 5234 5183 5455 5256 4897 5108 5222 4631 4740 5313 5418 5167 5068 4812 4930 4560 5149 4776 5488 5297 5088 5348 5198 5047 4989 4559 4902 4688 5811 4742 5177 4833 4838 5231 5051 5123 5061 4688 5191 5516 5444 5299 4761 5129 5261 4805 4769 4710 4737 4626 5006 5124 5156 5186 4609 5026 5089 5013 5185 5171 5096 5195 5321 5133 4943 5376 4664 4811 4967 4848 5072 4993 4889 4405 5412 5282 4878 5301 4990 4663 5167 5504 4648 4750 4920 5106 4782 5550 5643 5235 5194 4835 4799 4937 5089 5152 5011 5211 4661 5220 4705 4946 5100 4802 4513 5357 5169 5078 5215 
5140 5304 5096 4886 5193 4939 5822 4864 5424 4864 5121 5483 4605 4817 5021 5263 5385 5014 5500 4854 5442 5127 5164 5253 5158 4410 5333 4932 5083 4890 4805 5034 4998 5126 5283 5529 5731 5859 5506 5016 5260 5168 5297 5305 5032 5183 4924 5232 5217 5214 5037 5442 5194 5098 5252 5291 4925 5165 5400 5244 4970 4899 5122 4939 5595 5238 5373 5238 5177 5224 5004 5460 5425 5365 5663 5301 4759 5540 4876 5211 5179 5161 4768 4860 5214 4822 5197 4891 5421 4932 5325 4961 4863 4911 5092 5484 5335 4910 5644 4976 5068 5899 5570 5045 5476 5304 5081 5452 4989 5057 5277 5344 5056 5247 5181 5360 5611 5550 5067 5246 4992 5763 5317 4700 5355 5160 5500 5462 5374 5520 5318 5140 5348 5339 5244 5211 5073 4978 5130 4797 5279 5220 5246 5230 5132 4936 5284 5149 5303 5580 5567 4988 5202 5040 4867 5024 4915 5542 5109 5140 4871 5008 4819 5438 4873 5448 5406 5150 5454 5472 5272 5283 4732 5210 5112 5611 4892 5341 5006 5318 5608 5473 5314 5186 4769 5486 5397 5337 5350 4794 5140 5331 4986 5465 5120 5140 5027 5072 5467 5408 4981 4672 5444 5109 5077 5078 5149 4861 5422 5448 4990 5285 5326 5056 5168 5442 5232 5208 5104 5285 4830 5499 5411 4948 5634 5338 5075 5420 5115 4952 4918 5066 5520 5039 5410 5791 5080 5539 5124 5150 5031 5203 5474 5319 5339 5056 5427 5059 5163 5309 5246 5139 5219 4849 5135 5027 
5035 5228 4830 4998 4696 5087 5397 4542 5153 4855 4931 5032 4822 4743 5003 4873 5166 5035 4968 4768 5177 5186 4837 4951 4985 4349 4828 4869 4939 4723 5012 4620 4741 5166 5090 5215 5334 5389 5078 4742 5296 4769 5277 5318 4883 5054 4890 4915 5348 4700 4890 5237 5140 4941 4955 5091 4689 5070 5210 4858 4732 5191 5132 5156 5537 4999 5288 5286 5037 4958 4793 4990 5349 5305 5291 5374 5010 4969 4581 4972 5109 5111 4358 4615 5021 4860 5224 4937 5099 4459 5167 4795 4589 4886 5168 4866 4925 4630 5407 4879 5116 5456 5031 5086 5039 4920 4753 5287 4913 4721 4991 4943 5030 5269 4792 5276 5341 5102 4813 5096 4877 5665 5132 4458 5256 5020 5332 5384 5111 5025 5076 4707 5253 4891 4946 4788 4980 4917 5147 4572 4923 4850 4982 4912 5039 4753 5050 5125 5007 5442 5196 4559 4900 5196 4470 4561 5084 5383 5124 4568 4878 4675 4807 5147 4817 5270 5005 4915 5423 5104 5092 5143 4307 5040 4834 5370 4537 5104 4961 4999 5373 5004 5187 4937 4462 5067 5230 5389 5008 4709 5309 5159 4987 4813 4618 4708 4558 4875 5189 4880 4712 4397 5097 5159 4816 5113 4932 4646 4924 5332 4871 5009 5026 4856 4676 4651 5185 5036 4733 4902 4441 5285 5457 4799 5161 4917 4691 5167 5310 4456 4921 4647 5098 4701 5239 5606 4884 4951 4902 4935 5279 5266 5058 5075 5136 4650 5164 4651 4990 5240 5008 4619 5277 4843 4835 4558 
5368 4846 5425 4991 5033 5182 5612 4743 5308 4678 4805 5418 4802 4726 5121 5089 5206 5246 5288 4667 5467 5077 4802 5014 5211 4348 5166 4751 5138 4799 5189 4981 4737 5016 5334 5427 5739 5579 5127 4940 5382 5070 5388 5184 4785 5108 4976 5128 5240 4997 5023 5479 5214 4965 5172 5504 4887 5041 5494 4937 5251 5013 5170 5159 5469 4907 5533 5114 5117 5313 4836 5575 5543 5308 5351 5291 4866 5330 4960 5009 5461 5443 4764 4776 5206 4906 5275 4960 5241 5033 5456 4962 5079 5032 5053 5281 4957 4794 5685 4941 5009 5431 5184 5053 5500 5215 4971 5662 5110 4881 5160 5086 4980 5196 5241 5277 5506 5607 5071 5426 4802 5771 5237 4532 5330 5070 5185 5192 5088 5212 5240 4893 5362 5266 5321 5123 5533 5113 5400 4765 5212 5271 5042 5073 4919 5019 5424 5291 5335 5542 5338 4852 5470 5565 4854 4750 5205 5310 5344 5353 4985 5320 4739 5299 4974 5629 5475 5150 5427 5153 5081 5095 4599 5079 5246 5621 5056 5156 5075 5029 5218 5146 5330 5220 5003 5635 5499 5531 5184 5105 5111 5181 4958 5293 4914 4959 5043 5009 5165 5465 4953 5033 5381 4979 5031 5064 5100 4832 5335 5230 4908 5186 5268 4811 4989 5221 5160 5398 5008 5377 4641 5501 5437 4929 5267 5149 5141 5305 5458 5153 5026 5120 5285 4986 5493 5591 5013 5551 5207 5124 5223 4941 5363 5172 5216 5085 5612 4769 5071 5189 5053 4646 5420 5221 5055 5304 
5321 5235 5670 5170 5163 5151 5620 4995 5580 4758 5001 5411 5081 5047 5246 5152 5020 5331 5405 5064 5779 5606 4842 5078 5094 4424 5262 4851 4984 5124 5436 5168 4842 5549 5416 5634 5859 5676 5721 4876 5547 5313 5641 5572 4959 5273 5153 5186 5099 4811 5236 5573 5505 5081 5286 5463 5025 5303 5389 5363 5405 5302 5563 5304 5423 5251 5611 5367 5412 5342 4890 5292 5579 5433 5322 5466 5089 5458 4840 5336 5476 5284 4865 4847 5383 5244 5232 5238 5217 4999 5310 4793 5108 4798 5341 5326 5040 5043 5587 5058 5208 5942 5314 5372 5618 5313 5094 5522 4963 4826 4950 5240 5216 5467 5316 5462 5980 5258 4935 5785 4954 5979 5448 4980 5198 5199 5134 5346 5147 5422 5514 5091 5422 5352 5711 5192 5151 5080 5467 4798 5346 5364 5146 5031 5476 5298 5530 5363 5262 5587 5535 4887 5502 5456 4801 5142 5223 5587 5158 5402 5294 5418 4933 5458 5042 5540 5364 5309 5406 5419 5295 5265 4672 5209 5361 5931 4964 5355 5209 5350 5579 5122 5570 5190 5290 5610 5789 5652 5258 5367 5177 5032 5275 5059 4875 4947 4924 5312 5183 5529 5165 4540 5390 4889 5008 5342 5508 4995 5444 5360 4999 5299 5603 5086 4999 5637 4973 5351 5145 5479 4929 5717 5418 4889 5330 5128 5317 5425 5705 5221 5025 5086 5605 5198 5754 5659 5134 5511 5186 5237 5194 5114 5518 5625 5406 4996 5773 4804 4839 5538 5074 4980 5620 5206 5414 5340 
5456 5651 5564 5501 5425 5016 5755 5234 5614 5068 5486 5700 4926 5301 5469 5399 5576 5310 5481 5208 5863 5843 5398 5628 5554 4544 5477 5066 5621 5166 5287 5374 5171 5400 5453 5713 5835 5894 5639 5102 5713 5425 5620 6084 5222 5870 5445 5686 5750 5213 5468 5786 5737 5782 5318 5892 5260 5330 5760 5563 5550 5706 5368 5384 5765 5527 5797 5615 5646 5189 5300 5584 5758 5726 5814 5544 5124 5760 5019 5264 5545 5365 5172 5326 5575 5399 5692 5412 5461 5311 5581 5098 5207 5130 5486 5528 5354 5209 5663 5271 5224 6038 5714 5652 5859 5667 5573 5745 5229 5545 5569 5311 5463 5756 5378 5920 5997 5583 5191 5672 5373 6283 5639 5176 5772 5590 5717 5651 5322 5846 5629 5124 5956 5583 5285 5422 5559 5426 5584 5225 5578 5398 5439 5504 5362 5533 5382 5323 5560 6042 5700 4795 5651 5591 5034 5323 5193 6125 5595 5472 5349 5511 5271 5678 5505 5809 5845 5765 5591 5920 5485 5568 5011 5572 5459 5907 5209 5486 5090 5397 5941 5467 5640 5386 5086 5744 5598 5935 5554 5209 5358 5657 5180 5396 5427 5181 5034 5574 5588 5585 5695 4593 5586 5550 5446 5615 5900 5045 5863 5848 5401 5559 5642 5238 5547 5372 5328 5410 5419 5796 5007 5833 5921 5418 5830 5436 5373 5537 5798 4996 5266 5521 5945 5325 5749 6072 5326 5576 5502 5379 5422 5700 5388 5599 5510 5190 5712 5313 5317 5525 5237 5293 6016 5224 5166 5391 
5131 4689 5018 5263 4806 4680 5266 4475 4970 4051 4844 4929 4505 4789 4954 4733 4829 4899 4990 4455 5117 5105 4610 4998 5025 4033 4961 4551 4902 4650 4711 4825 4753 4809 5217 5159 5277 5230 5202 4784 5084 4878 4939 5065 4439 4836 4660 4864 5018 4509 4648 4859 5033 5010 5096 5187 4551 4829 4917 4758 5180 4684 5004 4731 5006 4927 5270 4798 4854 4968 4472 5044 5233 4855 4997 4973 4632 5024 4347 4982 5155 4892 4406 4372 5151 4629 4840 5134 4977 4499 5027 4262 4708 4517 5016 4955 4752 4765 5084 4593 4896 5272 5031 5007 4981 4983 4917 5288 4389 4658 4940 4784 4547 4851 4986 4956 5337 4910 4655 4868 4796 5238 4901 4468 4967 4779 4933 4857 4975 5050 4869 4674 4804 5078 5221 4952 4874 4613 5137 4566 4926 4833 4843 4782 4908 4672 5151 4858 4718 5146 4716 4559 5078 4860 4212 4634 4609 5144 4845 4946 4948 4866 4357 4988 4578 5055 5333 4949 4813 5218 5145 4815 4378 4734 4891 5159 4413 4725 4818 5060 5022 4690 4727 4996 4528 5061 5241 5297 5041 4761 5040 4901 4821 4758 4620 4711 4462 4601 4821 5028 4904 4473 4629 4722 4568 4861 5134 4829 4941 4997 4769 4829 4994 4819 4715 4894 4811 4851 4939 4970 4281 5353 5095 4694 5001 4642 4518 4892 5209 4822 4889 4895 5130 4758 5021 5308 4947 4674 4945 4648 4806 4562 5190 4908 5086 4507 5083 4478 4738 4989 4581 4451 5127 4625 4926 4651 
5504 5600 5509 5332 5401 5088 5861 5208 5812 4932 5188 5614 5076 5139 5298 5534 5237 5439 5294 4987 5537 5674 5386 5442 5599 4438 5293 4995 5316 5190 5391 5438 5268 5108 5749 5715 5964 5891 5643 5308 5446 5419 5543 5611 5557 5329 5594 5211 5458 5137 5219 5678 5447 5302 5517 5428 5141 5570 5570 5372 5126 5154 5568 5261 5917 5282 5789 5564 5313 5367 5081 5444 5935 5597 5841 5677 5174 5458 5086 5430 5327 5309 5120 5018 5420 5263 5658 5531 5380 5043 5711 4885 5278 5300 5637 5262 5235 5302 5733 5255 5010 6013 5490 5564 5662 5485 5281 5661 5143 5369 5348 5412 5421 5845 5518 5499 5858 5550 5110 5781 5395 6299 5674 4841 5655 5346 5918 5567 5450 5210 5474 5532 5625 5432 5518 5447 5483 5071 5653 5084 5508 5263 5633 5385 5414 5258 5449 5473 5585 5692 5755 5067 5642 5632 4647 5385 5571 5723 5392 5355 5161 5372 5157 5848 4853 5671 5810 5408 5730 5510 5320 5590 4781 5345 5489 6052 5080 5544 4992 5584 5696 5290 5399 5442 5264 5385 5674 5524 5245 5147 5402 5461 5182 5377 5273 5258 5367 5088 5401 5769 5285 4889 5447 5269 5208 5612 5539 5291 5704 5785 5157 5608 5649 5053 5226 5383 5347 5324 5339 5429 4762 5870 5944 5388 5613 5481 5238 5584 5827 5208 5236 5157 5845 5121 5800 5938 5329 5578 5438 5299 5389 5337 5635 5501 5622 5028 5759 5167 5271 5643 5445 5067 5444 5401 5396 5207 
5036 4841 4902 4929 4682 4662 5245 4514 4821 4446 4986 4981 4668 4608 4700 4696 4724 4984 5034 4533 5142 5103 4835 4926 4882 4188 4943 4514 4725 4751 4727 4919 4854 5104 5142 4962 5269 5424 4846 4662 5111 5048 5106 5334 4537 5081 4712 4979 4955 4832 4482 5370 4985 4849 5137 5137 4542 4984 5040 4850 4935 5011 5057 4694 5047 5001 5197 5136 4751 4906 4616 4821 4978 4881 5025 4890 4775 5133 4576 5124 4856 4788 4523 4176 4976 4620 4849 4725 4902 4700 4889 4525 4621 4625 5001 4732 4846 4693 5329 4930 4756 5441 4906 5013 4855 4860 4679 4996 4614 4639 4872 4818 4730 4967 4926 5129 5314 4936 4977 5113 4548 5457 4939 4525 4931 4807 4875 4939 4842 5069 4901 4637 5467 4818 4738 5014 4645 4794 4871 4588 4823 4811 4844 4613 5059 4641 4862 4577 4987 5086 5115 4621 5066 5059 4433 4828 4754 5163 4997 4821 4751 4850 4802 5055 4513 5078 5153 4788 5197 5239 4847 4821 4510 5006 4756 5262 4423 4989 4688 4994 5226 4836 4938 4725 4452 5155 4844 5233 4711 4748 4662 4885 4914 4849 4768 4514 4713 4733 4834 4941 4869 4409 4699 4987 4679 5035 5172 4583 5116 5063 4906 4824 5019 4832 4557 4961 4690 5016 4925 4917 4531 5081 5128 4613 4748 4875 4921 4885 5210 4531 4719 4628 5099 4710 5003 5375 4827 5053 4763 4577 4690 5045 4967 5014 4772 4441 4983 4669 4994 5074 4510 4802 5288 4734 4641 4889 
5473 5288 5617 5472 4923 5421 6091 4927 5772 5309 5336 5744 5371 4938 5538 5264 5482 5399 5376 4952 5707 5782 5048 5539 5250 4326 5246 5163 5423 5306 5345 5340 5312 5294 5752 5731 6025 6245 5582 5100 5486 5354 5689 5638 5047 5601 5235 5438 5563 5169 5264 5585 4976 5457 5582 5942 5398 5438 5649 5468 5601 5149 5471 5467 5737 5553 5676 5371 5425 5363 5006 5541 5878 5776 5804 5643 5183 5524 5231 5472 5762 5257 5203 5122 5410 5095 5778 5375 5293 5109 5690 4911 5010 5394 5655 5204 5250 5413 5844 5492 5447 5950 5611 5502 5572 5340 5352 5737 5076 5260 5138 5456 5247 5475 5480 5637 5685 5838 5333 5718 5446 5865 5736 4758 5531 5327 5602 5604 5282 5438 5338 5089 5808 5594 5172 5419 5617 5361 5337 5093 5690 5636 5292 5497 5469 5257 5383 5152 5497 5829 5515 4985 5637 5875 4856 5105 5195 5896 5369 5651 5101 5724 5042 5360 5056 5674 5506 5390 5651 5781 5659 5422 4922 5352 5444 6036 5062 5420 5336 5475 5522 5312 5541 5323 5182 5500 5803 5567 5724 5177 5145 5405 5413 5658 5056 5240 5051 5510 5327 5585 5485 5089 5617 5489 5310 5502 5347 5301 5679 5722 5138 5620 5876 5269 5349 5342 5286 5504 5276 5286 5065 5884 5764 5184 5395 5495 5378 5677 5866 5288 5155 5324 5482 5232 5872 5908 5420 5532 5360 5365 5286 5181 5661 5544 5518 5298 5667 5255 5465 5443 5203 5131 5591 5545 5272 5233 
5513 5763 5520 5697 5324 5339 5915 5069 5818 4828 5216 5588 5160 5361 5355 5329 5798 5680 5580 5199 5854 5664 5292 5573 5404 4748 5496 5149 5472 5159 5269 5536 5439 5516 5645 5658 6047 6046 5628 5360 5945 5427 5632 6083 5178 5370 5278 5587 5662 5388 5408 5831 5491 5420 5657 5800 5349 5521 5702 5253 5511 5489 5452 5315 5776 5583 5788 5611 5550 5509 5263 5881 6001 5653 5672 5829 5524 5733 5229 5631 5735 5712 4932 5178 5581 5123 5462 5649 5525 5286 5636 5085 5234 5309 5620 5758 5298 5409 5857 5532 5701 6190 5559 5732 5749 5753 5498 5886 5290 5333 5332 5533 5585 5823 5481 5765 6091 5649 5235 5929 5378 6318 5772 4919 5820 5830 5552 5506 5398 5654 5558 5418 5920 5415 5544 5525 5471 5196 5681 5206 5866 5560 5512 5410 5509 5408 5470 5511 5622 6038 5802 5205 5832 5902 5212 5507 5596 5985 5760 5474 5385 5420 5156 5726 5235 5943 5955 5571 6073 5832 5539 5621 5062 5609 5487 6276 5292 5623 5485 5762 6100 5455 5391 5393 5239 5682 6028 5823 5522 5278 5623 5648 5303 5475 5307 5117 4979 5818 5682 5780 5472 5191 5683 5449 5494 5721 5565 5090 5833 5651 5548 5468 5689 5251 5507 5523 5379 5578 5545 5429 5002 5964 5867 5397 6059 5507 5314 5577 5924 5347 5542 5458 5648 5501 5846 6179 5657 5599 5477 5204 5158 5414 5689 5577 5838 5152 5724 5352 5233 5746 5453 5183 5728 5387 5340 5442 
4795 4552 5040 5128 4808 4650 5081 4584 5025 4476 4866 4649 4549 4585 4832 4675 4827 4562 4971 4592 5175 5204 4403 4810 4769 4261 4902 4458 4576 4635 4829 4794 4520 4981 4976 4956 5512 5190 5007 4658 4853 4925 5040 5253 4567 4981 4729 4818 5082 4831 4614 5097 5103 4985 5019 4939 4405 4768 5176 5125 4767 4695 4772 4747 4857 4858 4961 4986 4918 4914 4650 4976 5222 4999 5095 4973 4437 5021 4648 4820 5002 4776 4603 4257 4874 4718 4900 4678 4721 4412 5239 4575 4779 4465 4901 4758 4604 4670 5113 4717 5141 5443 4745 4807 5007 5104 4695 5367 4409 4674 4927 4875 4662 5115 5175 5041 5054 4804 4598 5064 4638 5452 4863 4672 4872 4763 4815 4769 4898 4919 4826 4588 5077 5026 4667 4715 5149 4839 4986 4526 5060 4845 4654 4907 4841 4731 5071 4581 4974 5179 5052 4581 5019 4933 4282 4650 4516 5228 4911 4958 4829 4947 4845 5257 4524 5010 5072 4888 5016 4984 4897 4640 4508 4693 4943 5296 4809 4844 4641 4798 4886 4611 5156 4784 4520 4968 5009 5096 4986 4581 5016 4799 4657 4579 4765 4323 4629 4863 4760 4908 4652 4350 5033 4654 4672 4816 4808 4613 4894 5161 4614 5029 4999 4546 4652 4880 4770 4703 4849 5035 4388 4977 5052 4723 4810 4768 4722 4982 5112 4619 4948 4623 5040 4586 4905 5148 4959 5074 5020 4906 4643 4903 5285 5141 4890 4615 5189 4571 4906 4972 4695 4630 5175 4573 4767 4404 
5176 5178 5412 5219 4848 5046 5510 4669 5468 4557 4914 5276 4869 4901 4893 4937 5098 5188 5283 4734 5251 5299 4943 5117 5079 4514 5098 4585 4998 5005 4728 4965 4984 5375 5173 5337 5515 5478 5463 4759 5531 5335 5269 5269 4965 5275 4917 5044 5047 4988 4980 5287 5247 4862 5146 5427 4960 5239 5281 4999 4968 5060 5160 5012 5520 5187 5207 5105 5024 5231 4896 5264 5472 5198 5394 5351 5006 5096 4668 5133 5269 4987 4603 4767 5279 4919 5213 4895 5004 4639 5243 4649 4793 4769 5319 5190 4856 4980 5157 5152 5123 5682 5233 5278 5283 5165 5166 5227 4861 4766 5077 5008 4912 5209 5175 5099 5488 5134 4960 5112 4820 5829 5153 4652 5204 5238 5067 5242 5156 5158 5255 4951 5729 5129 5458 5257 5071 4846 5463 4750 4902 5068 5138 4880 5321 5111 5039 5026 5171 5621 5241 4507 5267 5148 4434 4960 4935 5300 4923 5151 5094 5084 4682 5518 4995 5337 5322 5121 5381 5446 5222 5084 4725 5230 5281 5655 4734 4957 4830 5371 5460 5111 5314 5116 4765 5185 5358 5477 4975 4892 5076 5019 4983 5074 4666 4856 4716 5080 5086 5271 4952 4751 5259 4933 5123 5065 5282 4896 5471 5206 4756 5213 5159 4890 4848 5292 5008 5262 4909 5045 4671 5354 5474 4614 5328 4905 5007 5160 5317 4786 4816 5080 5543 4962 5381 5785 5119 5386 5107 4937 4940 5025 5308 5243 5410 4812 5350 4771 4733 5327 5017 4565 5208 5204 5070 5157 
5543 5241 5347 5355 5220 5184 5717 4897 5673 4584 5326 5381 5271 5090 5245 5110 5352 5482 5369 4789 5652 5421 5386 5335 5495 4594 5237 4864 5246 5177 5127 5271 5172 5228 5424 5835 5845 5845 5298 5085 5289 5185 5547 5616 5047 5558 5069 5426 5720 5150 5090 5620 5313 5335 5420 5300 5035 5258 5347 5200 5630 5160 5209 5173 5517 5295 5755 5197 5186 5217 4992 5483 5383 5497 5600 5380 5220 5301 5008 5448 5519 5279 4831 4938 5308 4769 5451 5059 5170 4873 5563 4912 5151 5236 5333 5235 5019 5258 5602 5389 5278 6067 5469 5411 5729 5354 5111 5640 5173 5077 5342 5149 5244 5423 5643 5471 5776 5569 5296 5457 4972 5917 5512 4897 5424 5690 5559 5412 5233 5238 5305 5411 5667 5374 5262 5501 5329 5314 5651 5049 5565 5338 5400 5100 5324 5279 5289 5332 5327 5887 5506 4973 5489 5440 4670 5220 5241 5662 5531 5139 5049 5522 5119 5696 5241 5427 5636 5375 5467 5518 4935 5316 4725 5226 5393 5745 5018 5639 5329 5330 5899 5558 5494 5019 5221 5398 5596 5516 5160 4993 5141 5165 5246 5234 4845 4883 4974 5245 5109 5362 5194 4861 5402 5306 4973 5272 5546 5232 5677 5402 5180 5397 5547 5184 5201 5364 5261 5194 5214 5320 4662 5621 5637 5097 5515 5148 5265 5393 5577 5027 5140 5292 5612 5220 5660 5761 5358 5429 5317 5101 5126 5021 5511 5276 5374 4914 5501 5357 5257 5358 5135 5134 5453 5200 5175 5253 
5234 4894 4982 5083 5044 5030 5391 4496 5378 4722 4655 5115 4849 4592 5118 4905 5111 4900 5091 4850 5502 4965 4666 5152 4916 4304 5103 4759 5132 4779 4696 4843 4835 5017 4957 5150 5862 5309 5228 4841 5104 5176 5280 5223 4932 5112 4708 4967 4980 4916 4822 5045 5194 5128 4981 5239 4639 4857 5126 4648 5072 4985 5047 5183 5031 4974 5102 4964 4918 5069 4631 5080 5521 5053 5426 5267 4890 5168 4810 5138 5298 5040 4507 4469 5364 4869 5310 4995 5173 4651 5169 4813 4829 4710 4975 5087 5046 4540 5405 5134 4993 5759 5134 4896 5318 5299 4903 5265 4908 4530 4897 5140 4753 4925 4888 5280 5509 5249 4612 5063 5042 5437 5321 4627 5056 4988 4968 5369 5016 5293 4987 4732 5490 5124 5019 5027 5101 4692 5095 5031 4867 4846 5018 4985 5010 4995 5070 5224 5037 5587 5233 4718 4830 4986 4292 4864 5108 5303 5032 5204 5116 5219 4904 5108 5123 5362 5181 5406 5290 4972 4905 5028 4541 5114 4796 5247 4912 4967 5019 5114 5237 4992 4994 4996 4749 5312 5247 5200 4998 4625 4936 5018 5104 4790 4665 4800 4852 4890 5091 5060 5081 4782 5227 4828 4892 5364 5065 4730 5493 5281 4974 4886 5208 4486 4443 5121 5089 5267 4706 5031 4555 5204 5451 4782 5174 5082 5083 5214 5391 4791 5109 4953 5282 4913 5485 5570 4877 5462 5167 5050 4751 4742 5053 4876 5159 4975 5381 4836 4857 5055 4893 4572 5279 5109 5039 4758 
5143 5120 5165 5130 4796 4852 5342 4979 5196 4486 4959 5349 4582 4798 5271 4940 5078 5201 5407 4837 5257 4990 5041 5134 5028 4537 4980 4597 4758 5100 5071 5112 4688 4968 5292 5378 5632 5434 5162 4906 5298 4966 5140 5133 4927 5168 5070 4929 5169 4515 4893 5079 5468 5159 4981 5298 4899 4945 5183 4947 5112 4823 5075 5105 5455 5108 5191 5205 5116 5362 4708 5232 5206 5370 5498 5121 4873 4986 4668 5099 5237 5014 4771 4382 4928 4751 5109 4997 4858 4864 5238 4743 4872 4984 5092 5064 5143 5099 5331 4903 4957 5437 5014 5013 5288 5125 4958 5450 5076 4836 5203 5145 4650 5055 5343 5395 5521 5198 5218 5472 4945 5483 5174 4644 5223 5136 5089 5202 5254 5161 5060 4991 5099 5191 5109 5044 5303 5162 5290 4640 4915 5092 5293 4844 4840 5037 5173 4710 5148 5366 5025 4682 5205 5205 4437 4895 5239 5299 4975 5166 4841 5303 4761 5218 4834 5534 5264 5412 5199 5294 5158 5281 4573 4863 5333 5532 4939 4883 5185 4863 5782 4924 5124 4828 4718 5266 5323 5286 5151 4667 5049 5158 4955 4960 4921 4813 4910 4921 5198 5024 5079 4697 5214 4922 4574 5320 5334 4806 5370 5442 5121 5019 5173 4979 4860 4999 4873 5093 5270 4929 4646 5245 5408 4868 5150 5161 4945 5175 5308 4936 5126 4944 5330 4724 5239 5593 4891 5173 4856 4965 4904 4857 5369 5129 5010 4576 5507 4620 4895 5221 5268 4577 5131 4926 4920 4877 
5246 5469 5358 5152 4965 5150 5705 4859 5449 4594 5094 5284 4981 4946 5397 5007 5105 4982 5143 4768 5413 5337 5064 5459 5288 4507 5112 4885 5153 4992 5081 4863 5028 5235 5388 5335 5408 5671 5476 5247 5462 5248 5306 5577 5003 5191 5087 5149 5403 5024 5112 5336 5365 5363 5286 5418 4985 5313 5622 4987 5081 5229 5307 5125 5336 5082 5481 5238 5186 5057 5067 5240 5499 5473 5631 5385 5186 5444 5068 5201 5571 5398 4972 4758 5411 4872 5260 5184 5271 4895 5211 4962 5050 5172 5489 5210 4940 4941 5520 5062 5421 5574 5430 5366 5460 5227 4917 5738 4855 5202 5167 5184 5104 5455 5266 5444 5726 5381 5196 5406 4903 5691 5351 4683 5431 5160 5346 5400 5084 5264 5181 5111 5326 5287 5248 5100 5348 5084 5522 4818 5340 5308 5021 5167 5029 5046 5291 5203 5372 5603 5642 4926 5354 5491 4628 5138 5172 5561 5560 5080 5095 5442 4799 5440 4913 5589 5589 5354 5463 5618 5223 5295 4487 5149 5251 5659 4987 5325 5105 5247 5539 5056 5172 5302 4914 5663 5518 5409 5534 4583 5226 5350 4992 5142 4969 5094 5004 5161 5252 5239 5092 4836 5375 5091 4796 5012 5421 5019 5328 5350 4896 5326 5324 4906 4856 5107 5212 5431 5069 5341 4918 5358 5585 4893 5403 5274 4989 5317 5634 4845 5049 5163 5484 5172 5479 5699 5012 5481 5193 5119 5080 5220 5374 5296 5311 4740 5651 4864 5254 5484 4933 4916 5442 5139 5097 4946 
5760 5716 5657 5358 5397 5397 5653 5062 5930 4831 5338 5690 5213 5335 5864 5367 5460 5662 5540 5121 6034 5606 5213 5561 5471 4853 5452 5123 5503 5063 5233 5276 5203 5545 5612 5885 6207 6151 5698 5328 5678 5507 5682 5686 5076 5406 5121 5286 5731 5473 5076 5838 5844 5795 5583 5694 5138 5325 5749 5356 5930 5690 5678 5549 5565 5341 5816 5334 5417 5539 5422 5684 5767 5724 5771 5558 5334 5815 4999 5478 5672 5471 4612 5207 5591 5515 5692 5319 5485 4969 5834 5166 5357 5317 5437 5642 5528 5472 5948 5358 5602 6111 5384 5501 5626 5585 5281 6194 5488 5197 5597 5682 5175 5818 5620 5596 6085 5794 5539 5968 5551 6163 5795 5174 5709 5479 5750 5784 5530 5605 5226 5477 5767 5687 5773 5501 5952 5300 5402 5296 5442 5456 5427 5380 5477 5369 5661 5443 5611 5940 5608 5366 5820 5577 4855 5338 5489 5723 5518 5642 5399 5741 5234 5635 5263 5997 5898 5558 5763 5536 5628 5539 5119 5564 5642 6168 5230 5597 5491 5608 5858 5479 5769 5596 5192 5962 5976 5886 5668 5121 5816 5529 5482 5342 5424 5322 5160 5747 5474 5711 5593 5104 5693 5350 5314 5704 5863 5567 5994 6056 5399 5659 5671 5238 5180 5368 5337 5554 5518 5591 5009 5806 5896 5147 5732 5564 5447 5754 6060 5180 5411 5770 5936 5478 5885 6123 5280 5594 5570 5423 5544 5274 5750 5740 5543 5118 5759 5168 5415 5449 5441 5192 5846 5555 5175 5304 
5349 5129 5275 5303 5119 4872 5720 4925 5871 4764 5064 5424 4967 5071 5216 5019 5437 5310 5352 5083 5758 5664 5169 5214 5350 4351 5010 4754 5081 4926 5093 5087 5013 5255 5342 5264 5828 5542 5147 4893 5376 5261 5284 5588 4888 5254 5092 5287 5364 5316 5245 5323 5309 5215 5272 5425 5425 5450 5228 5170 5241 5078 5200 5122 5808 5237 5470 5280 5211 5179 5003 5406 5584 5376 5688 5450 5083 5318 4895 5273 5620 5057 4843 4871 5620 5067 5358 5490 5210 4930 5220 5059 4739 4822 5494 5111 5236 5136 5612 5144 5144 5699 5352 5356 5577 5212 5289 5488 5042 4991 5463 5348 5020 5417 5314 5470 5891 5095 5213 5777 5175 6119 5566 5112 4984 5345 5253 5568 5197 5104 5035 5030 5467 5271 5225 5314 5367 5150 5512 4823 5500 5120 5388 5331 5017 5307 5140 5090 5263 5789 5412 4728 5454 5386 4913 4998 4953 5528 5368 5205 4983 5287 5051 5548 5027 5728 5568 5610 5463 5435 5388 5410 4983 5229 5263 5931 4886 5243 5204 5373 5462 5214 5300 5230 4806 5527 5610 5609 5320 5037 5240 5333 4962 5208 4907 4915 4909 5128 5153 5321 5222 4702 5122 5109 5137 5285 5392 5005 5438 5535 5139 5340 5530 5007 4926 5467 5365 5342 5228 5367 4704 5713 5481 5061 5308 5397 5076 5445 5823 5060 5145 5297 5323 5113 5596 5891 5393 5347 5227 5385 4931 5303 5350 5428 5447 4972 5615 4923 5452 5441 4894 4716 5656 5409 5051 5107 
5640 5348 5152 5143 5286 5187 5542 4965 5589 4803 5127 5478 4997 5123 5286 5328 5140 5200 5418 4634 5488 5334 5115 5407 5399 4592 5169 4719 4860 4843 5174 5345 4930 5159 5243 5563 5736 5812 5498 5257 5333 5117 5408 5510 4946 5313 5167 5353 5383 5081 4956 5570 5133 5182 5324 5264 4764 5033 5398 5006 5003 5090 5276 5171 5343 5126 5653 5123 5004 5349 4860 5295 5452 5441 5700 5496 5254 5201 4875 5081 5228 5160 4814 4951 5486 5177 5137 5147 5326 4849 5350 4666 5158 5018 5410 5290 5142 4865 5621 5010 5122 5676 5451 5425 5574 5292 5140 5539 5127 4719 5002 5020 4961 5359 5391 5511 5674 5573 5348 5397 5012 5914 5358 4895 5152 5213 5166 5588 5311 5096 5004 4815 5495 5199 5105 5397 5225 5252 5550 4843 5337 5411 5429 4866 5431 5038 5183 5187 5384 5611 5322 4805 5447 5404 4564 4822 5330 5672 5318 5223 5037 4979 5010 5392 4939 5430 5684 5188 5383 5428 5260 5319 4737 5183 5243 5501 5036 5437 5240 5262 5502 4998 5548 4867 4807 5550 5611 5424 5122 5197 5156 5312 5134 5170 5024 4946 4929 4981 5052 5400 4766 4905 5248 5306 4980 5365 5453 4899 5461 5287 4912 5204 5137 5118 5070 5226 5175 5570 5103 5157 4724 5431 5526 5076 5647 5099 4913 5367 5658 4837 5123 5067 5433 5258 5525 5888 5215 5450 4872 5214 4872 5075 5379 5417 5089 4807 5334 4880 5000 5369 5112 4597 5292 4695 4982 5151 
5218 5073 5197 5300 5106 4959 5460 4718 5132 4455 4984 5289 4644 4841 5066 5156 5192 4958 5044 4584 5648 5273 4975 5213 5073 4361 5135 4841 5120 4927 4735 4926 5022 4819 5180 5353 5772 5666 5238 4858 5389 5036 5351 5404 4728 5241 4857 5091 5305 4818 4804 5690 4968 5167 5156 5288 4869 4922 5213 4994 5010 4865 5070 4973 5279 5229 5329 5196 5244 4920 4824 5290 5315 5140 5257 5132 4985 5225 4841 5095 5255 4986 4739 4773 5399 4863 5108 5351 5001 4643 5081 4659 4933 4882 5197 5240 4797 4998 5395 4985 4985 5726 5383 5048 5423 5316 4940 5512 4763 4984 5152 4960 4706 5175 5169 5279 5412 5180 4983 5619 5018 5834 5350 4749 5156 5197 5209 5222 4984 5222 5212 4913 5208 5130 5403 5245 5108 5079 5191 4867 5313 5131 5151 4933 5093 5195 5079 4881 4872 5671 5434 4587 5060 5603 4701 4915 5073 5522 5029 5269 4846 5379 4892 5182 4942 5553 5338 5132 5131 5143 4852 5104 4503 5081 5187 5417 5160 5003 5061 4961 5518 5127 5335 5194 4913 5188 5111 5331 5058 5161 4940 4941 4836 5057 4935 4666 4842 5086 5174 5316 5005 4617 5087 5032 4932 5244 5295 4616 5501 5204 4988 5111 5213 5011 4751 5139 5168 5389 5162 5276 4724 5564 5652 4814 5634 5196 5097 5058 5576 5009 5004 5097 5426 4943 5362 5707 5035 5338 5090 4907 4784 5071 5295 5245 5096 4686 5396 4821 4952 5359 4793 4941 5274 4933 4885 5076 
5120 4922 5209 4841 4882 4727 5274 4810 5105 4571 5062 4922 4541 4941 4827 4993 4798 4719 4916 4707 5049 4977 4689 4906 4684 4284 5010 4400 5083 4919 4719 4589 4753 4651 5120 5148 5290 5477 4995 4701 4925 4866 5123 5176 4756 4823 4764 5047 4766 4898 4680 4913 4778 4654 4854 4988 4507 4874 4804 4817 4835 4602 4847 4918 5282 4900 5110 5091 4532 4697 4800 4824 5185 5065 5371 5085 4955 5258 4649 4958 5192 5028 4538 4691 5179 4696 4825 4886 4991 4288 5210 4386 4791 4718 5027 4954 4453 4842 5236 4751 4801 5642 5297 4879 5054 4982 4726 5175 4519 4714 4782 4704 4855 5075 4886 5216 5123 5075 4742 5176 4809 5633 5256 4580 4924 4903 4948 5181 5071 4996 4613 4687 5114 5146 4940 5059 5115 4700 5063 4665 4807 4849 4932 4588 5161 4830 4840 4859 5016 5361 5057 4388 5095 5130 4353 4770 4895 5284 5084 5053 5044 5145 4709 5247 4623 5322 5353 4780 5214 4950 4737 4854 4392 4605 4875 5170 4863 5066 4695 5013 5355 4930 5022 4766 4488 5326 5102 5071 4905 4711 4711 5100 4793 4775 4469 4392 4731 4873 4685 4925 4714 4281 5070 4923 4506 4865 5085 4654 5291 5264 4764 5058 4841 5015 4477 5026 4758 4900 4560 4851 4439 5341 5090 4724 5062 4771 4862 4868 5320 4680 4627 4704 5239 4698 4803 5367 5141 5017 4876 4868 5052 4642 5065 5229 4976 4763 5030 4488 4888 4942 4682 4661 5096 4505 4722 4859 
5496 5116 5223 5250 5183 5102 5556 4781 5641 4722 4948 5538 4956 5164 5354 5230 5040 5509 5628 4856 5745 5334 5181 5248 5229 4489 5436 4729 5267 5146 5113 5204 5190 5274 5376 5542 5705 5541 5582 5069 5474 5563 5440 5466 5139 5364 5222 5184 5320 5162 5160 5667 5502 5338 5363 5552 5106 5437 5501 4957 5209 5309 5288 5178 5665 5118 5591 5178 5158 5252 4887 5293 5560 5317 5543 5554 5298 5485 4949 5486 5522 5148 4831 5032 5688 5213 5495 5293 5393 4985 5479 4905 5042 5063 5301 5392 5200 5143 5728 5225 5203 6012 5240 5430 5398 5454 5041 5730 5243 5091 5228 5487 5061 5457 5396 5492 5694 5486 5104 5824 5166 5875 5260 5026 5487 5356 5466 5436 5518 5480 5506 5224 5694 5443 5457 5514 5548 4965 5589 4831 5545 5471 5380 5195 5232 5267 5420 5178 5347 5587 5511 4998 5488 5398 4928 5295 5289 5433 5454 5387 5108 5237 5017 5509 5248 5745 5749 5488 5346 5509 5293 5262 4705 5314 5680 5837 5093 5301 5246 5499 5842 5408 5316 5165 4869 5517 5578 5531 5418 5081 5126 5331 5434 5219 4992 4880 4891 5074 5344 5339 5332 4659 5491 5098 5240 5340 5451 5148 5447 5410 5061 5298 5408 5014 5053 5341 5417 5504 5196 5408 4960 5901 5685 5012 5442 5045 5154 5404 5421 4952 5340 5320 5509 5228 5450 5989 5156 5604 5362 5207 5152 5426 5488 5512 5332 5210 5635 4894 5055 5459 5080 5318 5571 5206 5074 5041 
5404 5234 5357 5034 4979 4870 5588 4800 5648 4602 5124 5315 4799 4902 5144 5109 5186 5024 5309 4691 5409 5109 5133 4995 4982 4422 5149 4816 4963 5152 4888 4667 5089 4991 5148 5577 5587 5599 5224 5046 5370 5038 5443 5391 4775 5101 4966 4978 5147 5212 4949 5350 5252 5090 5255 5501 4807 5118 5279 4982 5289 5026 5150 5048 5368 5145 5431 5106 5147 5161 4830 5602 5267 5539 5423 5090 4913 5251 4808 4954 5596 5331 4703 4448 5246 4658 5188 4862 5173 4812 5352 4620 4754 4863 5190 5012 4900 4920 5472 5084 4858 5551 5047 5325 5320 5082 5103 5435 5042 4542 5236 4968 5124 5237 4957 5557 5779 5154 5229 5127 4933 5609 5144 4862 5541 4926 5213 5663 5043 5124 5271 5088 5290 5051 5201 4984 5118 4945 5238 4798 4997 5080 4978 5081 5144 4984 5116 5232 5081 5502 5406 4590 5283 5453 4670 4841 4978 5507 5315 5143 5101 5407 5035 5291 5210 5518 5207 5156 5205 5340 5355 5085 4455 5232 5271 5418 4798 5091 5010 5092 5492 5238 5207 5066 4931 5373 5349 5526 5158 4692 5315 5412 5249 4908 4743 4882 4876 5031 4937 4992 4847 4957 5328 4874 4729 5093 5076 4960 5274 5383 4844 5344 5128 4863 4789 5048 5083 5352 4908 4988 4470 5345 5397 4931 5193 5055 5266 5316 5621 4600 5228 5017 5409 4967 5209 5463 5084 5373 5314 5126 5024 4952 5010 5304 5219 5064 5296 4777 5132 5241 4896 4598 5397 4922 5189 5230 
5026 5099 5027 4837 4936 4701 5541 4766 5286 4274 4874 5353 4658 4682 5175 4793 4849 5096 4992 4705 5340 4963 4633 4948 4898 4103 4707 4405 4948 4694 5184 4670 4729 4844 4916 5122 5471 5491 4986 4839 5081 4859 5204 5196 4590 4985 4832 5121 5231 4789 5014 4931 4931 4716 5041 5221 4773 4908 4871 4931 4817 4955 4729 5038 5280 4872 5238 5027 4909 4809 4578 5021 5108 5374 5413 5203 4659 5012 4537 4970 4947 4915 4331 4775 4974 4905 5155 4918 4856 4553 4996 4443 4737 4677 5149 4884 4536 4815 5270 4736 4886 5428 4943 5056 5242 4709 4792 5219 4785 4737 5037 4892 4901 5115 5057 5106 5464 4895 5091 5223 4682 5417 5043 4736 4899 4704 5070 5058 4954 4709 5113 5140 5236 4885 4880 4846 5057 4795 4869 4366 5061 4712 5276 4966 4742 5044 4922 4904 5319 5526 5037 4553 4999 5229 4428 4618 4728 5077 5113 4857 4748 5072 4800 5214 4917 5242 5047 5006 5220 5039 4940 4927 4403 5012 4913 5253 4485 4987 4763 4928 5321 5020 4970 5051 4732 5008 5183 5342 5048 4746 4703 5058 4712 4765 4604 4532 4475 4917 4871 5012 4968 4296 4752 4829 4833 5183 4905 4731 4957 5297 4881 4819 5126 4969 4753 4875 4629 5129 4726 4818 4397 5450 5371 4739 5222 4703 4888 5089 5362 4598 4594 4916 5056 4757 4882 5514 4999 4831 5086 4707 4947 4887 5079 5079 5039 4648 5037 4687 4939 5103 4773 4692 5210 4801 4911 4929 
5229 5444 5356 5158 5239 4900 5570 5006 5614 4683 5161 5450 4767 5003 5207 5274 5382 5307 5358 5012 5589 5414 5084 5328 5221 4549 5285 4773 5176 5158 5104 5213 5252 5246 5147 5422 5866 5650 5604 5036 5472 5242 5484 5697 4850 5221 5208 5515 5438 4983 5060 5602 5540 5304 5416 5445 4922 5058 5383 5162 5305 5250 5166 5156 5550 5549 5461 5364 5631 5211 4737 5426 5566 5454 5407 5374 5112 5626 4951 5196 5404 5434 4997 4837 5298 4773 5405 5186 5379 4851 5376 4584 4947 5055 5341 5246 5128 5204 5660 5316 5170 5792 5182 5620 5316 5575 5215 5601 4874 5245 5312 5374 5171 5606 5417 5593 5886 5187 5492 5400 5169 5671 5425 5185 5482 5269 5074 5555 5302 5159 5525 5277 5364 5224 5385 5275 5277 5198 5349 4661 5378 5287 5277 5424 5241 5090 5197 5136 5724 5988 5557 5038 5310 5291 5199 5104 5201 5328 5472 5341 4934 5376 5047 5434 5091 5740 5599 5579 5463 5533 5322 5594 4956 5059 5391 5855 5058 5385 5048 5394 5777 5044 5297 5153 4879 5403 5489 5624 5648 4947 5189 5299 5018 5379 5024 5215 4894 5337 5281 5173 5383 5180 5467 4911 5128 5448 5388 5006 5367 5323 4993 5386 5557 4944 5191 5234 5174 5391 5460 5337 5070 5679 5504 5094 5402 5018 5030 5252 5706 5061 5038 5348 5619 4826 5467 6059 5149 5509 5077 4941 5004 5333 5538 5387 5097 4747 5855 5094 5235 5327 5011 4869 5613 4966 5214 5347 
5307 5270 5383 5439 5055 5101 5528 4912 5481 4560 4835 5401 4692 4931 5377 5151 5274 5148 5320 4955 5479 5156 4984 5052 5192 4756 5037 4707 5209 4832 5131 5078 4923 5181 5112 5441 5601 5668 5292 4799 5224 5039 5477 5223 4943 5115 4761 5088 5225 5079 4876 5348 5357 5120 5272 5369 4817 4966 5143 5119 5184 5185 5306 5129 5480 5122 5414 5244 5092 5095 5001 5110 5199 5126 5403 5087 5196 5260 4768 5315 5101 5062 4645 4687 5238 4759 4979 5239 4911 4709 5431 5035 4831 4823 5453 4892 4981 5079 5238 5198 5209 5619 5310 5395 5432 5392 4980 5341 4967 4866 5157 5068 4919 5251 5173 5113 5513 5268 4827 5308 4964 5513 5493 5028 5160 5164 4985 5477 5262 5129 5040 4870 5379 5372 5309 5157 5316 5053 5392 4916 5015 4987 5037 4929 5127 4818 5370 4923 5365 5761 5195 4717 5462 5096 4635 5048 4801 5466 5322 5072 4972 5251 4684 5392 5154 5409 5276 5014 5161 5336 4899 5061 4597 4964 4951 5477 4702 5010 5187 5204 5330 4860 5530 4957 4861 5580 5395 5537 5336 4810 5365 5140 4916 5083 4843 4909 4909 5121 5024 5155 5252 4555 5260 5234 5017 5060 5391 5068 5408 5368 5042 5067 5335 5053 4582 5134 5107 4879 5060 5250 4646 5259 5483 4751 5478 5015 5140 5107 5458 5134 4868 4979 5281 4898 5360 5605 5281 5176 5114 5072 4943 4952 5262 5277 5189 4729 5137 5078 4956 5140 5005 5057 5376 4877 4930 5026 
5075 4854 5417 5064 5148 4978 5552 4929 5625 4486 5120 5358 5109 4780 5243 4884 5168 5263 5354 4870 5319 5296 4990 5341 5366 4492 5356 4756 5073 5036 5413 4984 5136 5108 5538 5553 5694 5484 5433 5293 5515 5298 5375 5374 4818 5570 5031 5213 5378 5095 4962 5223 5366 4916 5249 5402 4897 5035 5274 5171 5061 5005 5326 5279 5389 5185 5445 5412 4918 5041 5112 5225 5270 5473 5484 5384 4943 5235 4863 5065 5264 5108 4702 4838 5465 5350 5440 5158 4948 4550 5369 4857 4777 4916 5382 5588 4898 4802 5303 5213 5217 5777 5458 5051 5355 4830 5024 5553 4792 4822 5402 5246 4978 5270 5336 5332 5809 5187 5298 5240 4831 5723 5422 4900 5234 5152 5255 5189 5212 5455 5278 5084 5584 5235 5331 5027 5156 5301 5128 4569 5034 5077 4988 4956 5179 5081 5286 4908 5335 5722 5415 4705 5465 5199 4596 4853 5047 5426 5513 5460 5366 5184 4939 5531 4929 5623 5480 5327 5424 5159 5265 5104 4973 5262 5237 5659 4930 5309 4951 5309 5653 5224 5533 5232 4885 5149 5699 5289 5254 5010 5198 5055 5073 5220 4960 4740 4747 5050 5169 5094 5074 4673 5290 4957 4990 5258 5497 5072 5482 5442 5135 5329 5289 5034 4789 5521 4997 5254 4855 5343 4613 5416 5732 4737 5291 4970 4985 5263 5719 4789 5017 4911 5459 4997 5357 5749 5160 5185 5410 5452 4920 5183 5135 5395 5316 4872 5231 4880 5086 5318 5104 4996 5269 5167 5021 5251 
5255 5343 5344 5023 5061 5271 5628 5006 5525 4756 5172 5506 5200 5006 5047 5268 5184 5335 5392 5017 5251 5263 5073 5359 5269 4642 5152 4938 5239 4858 5151 5028 5296 5181 5290 5516 5641 5664 5444 5139 5468 5084 5418 5475 4922 5109 5017 5448 5528 5224 4927 5202 5142 5064 5206 5346 4822 5293 5482 5313 5108 5426 5108 5157 5373 5155 5514 5345 5257 5055 4995 5214 5395 5510 5399 5460 5208 5696 4889 5332 5420 5151 4825 5037 5640 4900 5408 5402 5223 4882 5242 4488 4773 4918 5551 5226 5200 5149 5716 5128 5285 5804 5158 5517 5237 5340 4961 5604 4952 4994 5259 5350 5169 5490 5574 5460 5787 5243 4964 5202 4880 6019 5260 4883 5360 5315 4958 5530 5212 5390 5086 5103 5686 5422 5310 5367 5528 5156 5297 4736 5469 5273 5311 4938 5223 5199 5582 5327 5329 5944 5403 4864 5346 5711 4669 5354 5209 5526 5491 5161 5070 5272 5060 5688 5199 5747 5736 5414 5674 5401 5054 5186 4758 5380 5200 5520 5029 5281 4896 5209 5604 5416 5285 5426 4877 5443 5525 5332 5183 4834 5089 5262 4783 5281 5068 4613 5082 5440 5200 5358 5444 4994 5526 5026 5176 5223 5160 4968 5332 5458 5185 5230 5347 4902 4976 5248 5255 5533 5179 5301 4792 5418 5379 4906 5519 5243 5330 5533 5843 4677 5181 5083 5764 4953 5216 5583 5417 5377 5080 5169 5110 4962 5134 5447 5048 5125 5461 4879 5100 5544 5036 5031 5817 4976 4967 5087 
5367 5082 5316 5122 4982 4886 5458 4797 5397 4846 4994 5198 5011 4810 5013 4821 5187 5194 5357 4925 5601 5150 4964 5004 5113 4478 4888 4597 4936 4947 5075 5026 4791 5107 5249 5261 5590 5461 5273 4819 5271 4952 5293 4995 4993 5183 5002 5202 5268 4809 5033 5589 5194 5157 5354 5392 5128 4948 5176 5154 5189 5206 5120 5233 5475 5318 5172 5161 5116 5338 4822 5052 5302 5099 5417 5300 4909 5299 4841 5128 5364 5202 4791 4804 5133 4718 4989 5110 5252 4756 5325 4621 4863 4940 5197 5023 4929 5059 5479 4953 5182 5570 5409 5344 5352 5052 5030 5336 4982 4885 5196 5122 4659 5331 5146 5370 5588 5397 4985 5448 4832 5705 5357 4940 5465 5156 5254 5383 5153 5279 5112 5144 5335 5312 5416 5209 5119 4949 5180 4719 5249 5255 5062 5123 5046 4981 5451 5053 5204 5621 5121 4689 5049 5165 4463 4963 4812 5380 5397 5159 4974 5233 5006 5456 4933 5337 5190 5252 5102 5391 5303 5168 4740 5314 5232 5718 4907 5129 5083 5302 5248 5126 5404 5188 4785 5356 5616 5343 5240 4746 4892 5210 5113 4925 4958 4857 4467 5152 5109 5208 5109 4724 5215 5038 4870 5175 5244 4864 5252 5475 4810 5168 5235 4865 4901 5384 5214 5090 5030 5297 4505 5453 5324 4822 5292 4926 5092 5271 5384 5091 4778 4965 5253 5137 5474 5617 5096 5310 5037 5084 5033 4919 5519 5165 5258 4593 5268 5072 5205 5172 5076 4942 5122 5106 5138 4910 
5870 5358 5583 5350 5259 5168 5981 4957 5711 4844 5215 5650 4983 5307 5445 5277 5315 5546 5528 4926 5716 5667 5654 5557 5433 4676 5324 5073 5347 5296 5361 5345 5394 5488 5466 5775 6024 5940 5632 5084 5559 5601 5564 5733 5148 5401 5151 5417 5500 5525 5222 5430 5190 5368 5396 5406 5162 5321 5405 5165 5474 5351 5320 5473 5664 5148 5759 5510 5212 5437 5153 5581 5661 5798 5632 5512 5287 5652 5139 5360 5500 5457 4905 5047 5572 5038 5637 5541 5153 5001 5505 5060 5090 4958 5513 5738 5087 5255 5696 5239 5406 5940 5354 5524 5544 5546 5140 5755 5167 5258 5588 5365 5069 5462 5509 5611 5945 5595 5388 5542 5255 6074 5753 5032 5543 5301 5561 5359 5292 5656 5495 5310 5660 5327 5521 5550 5478 5199 5333 5070 5501 5568 5345 5429 5538 5178 5682 5367 5629 5791 5594 5077 5639 5599 4895 4970 5364 5758 5538 5713 5230 5328 5267 5385 4937 5840 6020 5375 5619 5401 5654 5308 4783 5329 5112 5786 5158 5441 5313 5463 5624 5525 5426 5370 5078 5661 5645 5838 5418 5150 5339 5393 5473 5591 5060 4964 5134 5453 5258 5673 5475 5058 5542 5131 5243 5318 5575 5059 5431 5523 5379 5580 5582 5296 5434 5681 5469 5528 5197 5545 4812 5617 5667 5122 5654 5336 5438 5752 5816 5127 5263 5247 5676 5145 5525 6038 5185 5538 5332 5351 5390 5261 5382 5190 5403 5032 5877 5073 5456 5720 5147 5246 5843 5043 5391 5267 
5364 5117 5204 5312 5269 5067 5650 4780 5661 4949 4994 5477 4984 5050 5487 5376 5250 5311 5445 4654 5640 5507 4906 5345 5161 4247 5297 4607 5333 5001 5285 5215 5182 5119 5349 5531 5811 5783 5606 5099 5358 4926 5590 5433 5121 5461 5107 5198 5363 4990 5238 5350 5256 5574 5431 5374 4958 4995 5574 5046 5308 5390 5129 5265 5145 5125 5704 5378 5553 5407 4707 5525 5588 5514 5440 5436 5105 5342 4863 5323 5556 5151 4746 4741 5341 5168 5343 5265 5253 5060 5656 4820 4860 5000 5513 5313 4884 4823 5787 5086 5027 5791 4972 5161 5391 5200 5214 5565 5200 4983 5195 5297 5194 5611 5224 5439 5779 5559 5399 5437 5315 5569 5448 4699 5202 5357 5440 5382 5264 5283 5224 5111 5317 5476 5015 5226 5447 4994 5197 4924 5259 5336 5264 5275 5345 5151 5464 5124 5455 5410 5381 5003 5485 5535 4761 4805 5346 5677 5297 5450 4969 5517 4827 5287 5034 5666 5483 5506 5230 5458 5234 5439 4400 5280 5470 5716 5132 5294 5248 4848 5358 5179 5272 5097 4875 5597 5454 5615 5494 5076 5304 5414 4959 5252 5071 5236 5062 5110 5212 5304 5380 4794 5543 5329 4962 5428 5396 4984 5408 5598 5157 5372 5440 5118 5113 5111 5179 5553 4916 5325 4884 5606 5809 5045 5373 5264 5178 5505 5595 5152 5327 5181 5617 5018 5619 5993 5131 5420 5188 5240 5372 5219 5515 5093 5419 4755 5517 5069 5463 5196 4951 4922 5596 5330 5086 5160 
5291 5165 5476 4849 5157 5123 5599 4915 5538 4590 5174 5310 5005 4889 5445 4995 5294 5298 5459 4879 5470 5385 5384 5463 5246 4840 5238 4775 5238 5047 5064 5150 5101 5142 5311 5644 5767 5621 5306 4970 5502 5227 5290 5436 4978 5422 5112 5117 5350 4912 5083 5299 5448 4949 5385 5397 4778 5215 5166 5104 5207 5239 5180 5150 5335 5277 5195 5238 5103 5296 4975 5470 5606 5514 5639 5354 5074 5259 5012 4885 5498 5366 4878 4919 5248 5064 5217 5013 5095 4706 5610 4935 4743 5002 5481 5093 5171 4914 5691 5246 5209 5992 5433 5389 5285 5488 5198 5598 5045 5106 5256 5357 5099 5383 5247 5350 5757 5169 5286 5437 4891 5993 5269 4709 5245 5565 5260 5306 5047 5437 5287 4964 5565 5291 5142 5265 5178 5383 5405 4864 5042 5204 5127 5153 5134 5025 5196 5136 5299 5834 5338 4795 5364 5308 4558 5016 5137 5233 5259 5101 5395 5078 5069 5594 5255 5424 5703 5211 5568 5329 4977 5310 4969 5077 5305 5500 4846 5212 4764 5423 5927 5030 5454 5169 4853 5427 5459 5471 5386 5127 5378 5155 5059 5020 4843 4977 4929 4972 5381 5150 5172 5208 5573 5054 4910 5174 5560 4942 5644 5507 5113 5346 5102 4938 4998 5237 4982 5186 5247 5135 4798 5372 5646 5009 5240 4830 5086 5240 5536 4952 4918 5196 5279 4949 5541 5764 5059 5645 5151 5216 5028 4961 5117 5438 5350 5009 5643 4736 4941 5533 4957 4894 5534 5003 5172 5268 
5626 5459 5569 5722 5307 5270 5704 4866 5721 4860 5270 5944 5220 5116 5359 5348 5278 5593 5394 5072 5709 5550 5282 5283 5483 4800 5220 4969 5242 5101 5320 5357 5103 5405 5437 5775 6021 5976 5537 5350 5675 5417 5751 5704 5159 5520 5170 5573 5799 5208 5245 5901 5485 5437 5566 5539 5021 5379 5721 5321 5437 5569 5447 5471 5697 5325 5574 5460 5611 5378 4736 5733 5825 5691 5795 5639 5014 5623 5162 5391 5650 5393 4909 5133 5389 5002 5563 5270 5292 5269 5804 4899 5297 5282 5498 5223 4883 5236 5870 5269 5476 6029 5454 5534 5397 5532 5267 5722 5299 5021 5550 5703 5252 5636 5426 5473 5728 5708 5375 5643 5382 6162 5515 5178 5648 5393 5472 5377 5370 5640 5285 5246 5718 5342 5345 5441 5716 5349 5503 5129 5679 5420 5534 5503 5215 5338 5511 5437 5769 6048 5797 5074 5567 5847 5002 5156 5461 5853 5754 5363 5147 5647 5028 5616 5306 5862 5614 5335 5770 5621 5393 5693 4727 5514 5662 5949 5295 5323 5559 5525 5637 5104 5763 5342 5089 5706 5539 5797 5407 5118 5422 5688 5515 5499 5141 5191 5101 5472 5238 5316 5608 5218 5331 5225 5467 5452 5651 5238 5670 5684 5285 5832 5751 5199 5021 5217 5421 5329 5347 5570 4968 5584 5750 5477 5700 5548 5463 5429 5694 5233 5435 5395 5745 5207 5914 5984 5415 5780 5366 5219 5242 5515 5675 5451 5390 5036 5770 5033 5400 5637 5282 4990 5547 5292 5196 5325 
5367 5316 4989 5137 5188 5217 5562 4912 5274 4798 5270 5306 4816 5000 5407 5382 5220 5257 5529 4812 5440 5412 5152 5284 5243 4648 5264 4695 5065 5164 5046 5143 5063 5093 5167 5294 5697 5655 5283 5007 5408 5179 5235 5493 5242 5242 5193 5148 5619 4890 5119 5324 5516 5250 5422 5552 4976 5174 5444 5295 5018 5315 5204 5146 5557 5100 5261 5181 5346 5129 5122 5361 5309 5354 5510 5508 5351 5426 4765 5118 5343 5281 4886 4468 5488 4918 5368 5117 5091 4963 5383 4828 5204 4797 5053 5602 5433 4972 5607 5000 5021 5712 5604 5297 5126 5393 5130 5753 5188 5076 5208 5452 5084 5420 4979 5678 5774 5307 5076 5586 5267 5900 5516 4783 5291 5190 5301 5245 5263 5324 5128 5016 5516 5098 5346 5343 5447 5268 5157 4785 5290 5335 5260 5369 5280 4836 5234 5205 5528 5720 5329 4922 5452 5231 4785 4973 4912 5748 5543 5110 5346 5342 5115 5456 4870 5757 5539 5433 5558 5459 5161 5428 4966 5345 5300 5578 4719 5453 5113 5014 5605 5363 5360 5091 4797 5480 5500 5376 5342 4915 5137 5024 5294 5006 4988 4816 4967 4982 5173 5412 5171 4657 5285 5204 4947 5131 5454 4966 5148 5440 4863 5253 5297 5007 4887 5313 4996 5243 5520 4952 4714 5641 5458 5140 5494 5191 5234 5361 5595 5084 5117 5221 5574 4978 5440 5900 5143 5281 5241 5149 5074 5209 5279 5073 5160 4902 5666 4994 5340 5419 5175 4841 5520 5010 5131 5304 
5251 5033 5266 5107 4993 4990 5287 4589 5326 4517 4834 5157 4682 4944 4982 5030 4907 5337 5170 4806 5472 5219 4945 5052 5139 4342 5145 4639 4913 4908 5080 5050 4615 4988 5115 5188 5602 5405 5365 4819 5462 5233 5400 5355 4766 4835 4890 5298 5142 4938 5044 5453 5253 5045 4963 5553 4884 5231 5259 4777 5296 5017 4909 4959 5434 4988 5441 4950 5034 4993 4538 5244 5488 5014 5262 5018 5048 5237 4760 5015 5224 5124 4521 4436 5499 5000 5262 4916 5074 5094 5349 4530 5118 4679 4705 5194 4805 4746 5446 5020 5106 5822 5118 5145 5123 5595 5059 5517 4880 4998 4791 5301 4980 5303 5029 5144 5509 5328 5107 5389 4896 5874 5051 4588 5238 5179 5197 5184 5160 5274 5180 4895 5279 4989 5301 5118 5224 4686 5451 4895 5202 5116 5084 5067 5186 4923 5447 4910 5208 5514 5325 4744 5386 4928 4800 4689 4862 5499 5266 5137 4973 5113 4967 5428 4671 5578 5586 5158 5308 5231 5230 5371 4769 5052 5340 5482 4766 5077 4978 5079 5483 4842 5190 4997 4743 5459 5450 5181 5180 5019 5230 4989 5093 4835 4669 4746 4693 4932 5017 5144 5039 4467 5134 4883 4893 5254 5416 4794 5288 5194 4898 5123 5092 4691 4897 5299 4880 5263 5062 4931 4759 5393 5390 4964 5305 5031 4937 5140 5502 4800 5124 5297 5345 5001 5382 5573 4782 5374 4950 5106 5051 5024 5567 5229 5027 5081 5269 4791 4884 4998 4689 4791 5106 4983 4704 4950 
5592 5158 5381 5235 5180 5163 5590 4747 5751 4917 5253 5641 4924 5130 5339 5151 5310 5321 5378 5084 5844 5519 5277 5319 5230 4709 5161 5117 5247 4914 5354 5202 5145 5165 5708 5570 6068 5979 5538 5112 5556 5375 5697 5493 4943 5423 5370 5116 5286 5341 4958 5690 5353 5184 5432 5438 4924 5406 5316 5426 5342 5108 5448 5092 5774 5238 5553 5202 5025 5157 5042 5412 5574 5374 5625 5363 5141 5392 5063 4983 5462 5541 4893 4970 5452 5015 5510 5152 5120 5021 5575 4819 5340 5239 5614 5435 5251 5201 5778 5235 5298 5643 5400 5487 5422 5423 5239 5698 5017 4940 5378 5198 5233 5399 5409 5309 5856 5689 5019 5765 5067 6048 5301 5037 5684 5369 5393 5432 5198 5125 5169 5246 5675 5352 5197 5197 5537 5245 5501 4879 5552 5246 5421 5271 5328 5145 5485 5418 5400 5896 5515 4815 5599 5615 4934 5260 5074 5684 5385 5582 5104 5511 5232 5491 5106 5632 5818 5077 5724 5362 5244 5380 4726 5166 5314 5840 4982 5315 5252 5536 5660 5434 5593 5121 4842 5464 5588 5870 5435 4988 5275 5170 5297 5214 5262 4967 4687 5333 4952 5449 5318 4938 5455 5265 5039 5346 5485 5044 5599 5581 5327 5386 5198 5296 5151 5063 5334 5419 5306 5504 4684 5623 5405 4823 5523 5041 5070 5461 5828 4878 5371 5225 5525 5117 5800 5777 5255 5579 5132 5171 5376 5166 5364 5286 5319 4710 5744 5004 5341 5655 5337 5283 5739 5008 5075 5146 
5429 5170 5252 4953 5333 4948 5827 4645 5649 4793 5211 5605 4964 4959 5248 5042 5199 5308 5398 4997 5858 5419 5056 5440 5176 4450 4923 4799 4960 5119 4949 4964 4877 5177 5569 5455 5976 5600 5331 5115 5596 5177 5429 5587 4811 5091 4870 5127 5262 5264 5171 5538 5535 5137 5400 5299 4931 5316 5342 5178 5121 5042 5359 5241 5534 5255 5492 5140 4865 5090 4878 5385 5578 5398 5467 5365 5027 5499 4585 4990 5426 5422 4714 4706 5193 5085 5453 5230 5114 4697 5384 4677 4798 4941 5449 5269 5199 5155 5491 5066 5327 5594 5200 5217 5181 5197 5021 5622 5119 4765 5192 5098 5191 5408 5045 5405 5695 5311 5228 5518 5068 5794 5395 4944 5490 5239 5401 5399 5263 5368 5123 5121 5405 5374 5319 4930 4965 4874 5133 4616 5031 5259 5333 5022 5314 5188 5276 5176 5388 5609 5420 4859 5308 5269 4760 4801 4966 5574 5338 5056 5011 5315 5019 5582 4948 5281 5832 5263 5474 5380 5324 5293 4794 5349 5319 5634 4783 5302 5052 5233 5750 5161 5241 5133 4729 5409 5457 5381 5380 4979 5413 5274 5083 5187 4787 5092 4912 5468 5227 5263 5317 4831 5285 5086 4928 5272 5203 4952 5501 5409 5306 5058 5427 4875 4843 5242 5305 5072 5098 5214 4921 5656 5400 5107 5603 5092 5096 5376 5624 4833 5231 5148 5220 4809 5512 5795 5274 5495 5066 4852 5097 5192 5234 5223 5353 4934 5640 5078 5326 5342 5085 5097 5462 4945 5201 5007 
5243 5331 5424 5388 5306 5318 5899 5106 5593 4751 5044 5337 4899 4970 5077 5040 5038 5179 5326 4931 5775 5507 4839 5411 5259 4335 5304 4994 5168 5027 4865 4952 4974 5434 5388 5682 5760 5691 5448 5265 5297 5059 5447 5378 4797 5398 5218 5453 5327 5277 4972 5812 5351 5201 5103 5511 5109 5266 5526 5220 5225 5181 5425 5115 5584 5307 5392 5339 5310 5201 4784 5339 5546 5551 5584 5495 5174 5585 4933 5621 5709 5175 4689 4826 5292 5247 5252 4928 5427 4609 5536 4827 4943 4975 5484 5240 5212 5072 5791 5171 5438 6008 5349 5245 5295 5283 4940 5761 5010 5097 5438 5341 5027 5593 5117 5507 5582 5325 5254 5554 5026 5877 5492 4777 5459 5197 5400 5568 5134 5463 5194 5249 5477 5367 5317 5328 5318 4933 5376 4922 5429 5377 5164 5107 5150 4976 5394 5113 5113 5679 5704 4967 5259 5399 4912 5118 5179 5422 5334 5274 5336 5201 4825 5462 5211 5811 5567 5319 5745 5335 5186 5358 4567 5209 5291 5791 5180 5294 5136 5535 5821 5274 5536 5424 5143 5603 5746 5601 5475 5159 5372 5109 5130 5166 5062 5312 5118 5348 5164 5483 5054 4671 5596 5445 5329 5343 5377 5171 5466 5754 5104 5541 5441 4988 5182 5070 5411 5346 5098 5268 5139 5569 5668 4985 5684 5290 5166 5406 5567 4862 5217 5132 5334 5080 5477 5619 5229 5743 5370 5212 5203 5395 5380 5476 5463 5201 5823 5028 5357 5136 4858 4987 5231 5111 5204 5046 
5720 5465 5627 5447 5412 5438 5816 5187 5933 4794 5224 5652 5170 5135 5307 5355 5396 5537 5601 5045 5726 5666 5369 5389 5473 4932 5338 5015 5356 5264 5388 5259 5197 5514 5762 5733 6031 6068 5359 5284 5714 5389 5448 6038 5193 5437 5547 5263 5465 5553 5182 5721 5497 5290 5478 5792 5154 5235 5599 5250 5450 5337 5370 5471 5841 5358 5525 5594 5319 5271 5202 5409 5755 5430 5884 5348 5140 5800 5056 5486 5648 5485 5142 5303 5686 5067 5287 5444 5391 4991 5629 4947 5193 5240 5689 5373 5224 5102 5645 5337 5211 5890 5609 5512 5666 5425 5434 5619 5429 5315 5368 5393 5316 5749 5575 5705 5943 5731 5356 5688 5272 6127 5509 5081 5631 5546 5501 5404 5432 5586 5448 5073 5916 5643 5395 5484 5670 5163 5583 5067 5348 5411 5473 5185 5399 5246 5533 5097 5537 5796 5494 4747 5690 5444 4944 5386 5420 5819 5593 5572 5256 5404 5153 6120 5212 5826 5711 5265 5806 5616 5451 5551 5014 5418 5710 5837 5201 5735 5131 5479 5920 5507 5631 5480 5113 5875 5915 5513 5332 5067 5225 5601 5366 5415 5206 4842 5356 5114 5438 5353 5239 5089 5510 5559 5610 5421 5601 5144 5898 5796 5182 5264 5621 5364 5367 5512 5167 5266 5175 5317 5058 5948 5561 5207 5783 5358 5259 5514 5552 5215 5302 5391 5432 5304 5584 5948 5422 5793 5382 5530 5138 5395 5539 5642 5562 5153 5535 5167 5473 5703 5347 5194 5765 5249 5248 5324 
5749 5604 5626 5583 5449 5342 5980 5133 5989 5078 5359 5924 5356 5422 5441 5547 5498 5640 5865 5349 6117 5860 5353 5447 5595 5039 5692 5307 5651 5565 5648 5399 5540 5727 5478 5735 6185 5956 5801 5406 6033 5548 5812 6034 5152 5560 5314 5598 5659 5267 5426 5959 5547 5406 5728 5971 5254 5311 5725 5871 5707 5621 5549 5645 6035 5605 6000 5713 5457 5735 5264 5552 5683 5646 5945 5707 5654 5810 5152 5339 5842 5639 4887 4958 5959 5517 5630 5511 5345 5186 5642 5329 5409 5363 5786 5402 5508 5491 5928 5594 5567 6179 5767 5640 5875 5719 5614 6110 5545 5061 5797 5776 5302 5650 5750 5776 6078 5720 5511 5974 5361 6254 5779 5313 5536 5281 5290 5599 5419 5741 5575 5501 5980 5668 6028 5570 5754 5727 5615 5076 5832 5631 5855 5551 5697 5506 5663 5374 5851 6123 5791 5170 5910 5793 4951 5353 5294 5936 5720 5853 5494 5653 5345 5784 5497 5984 6182 5589 5875 5731 5703 5695 4974 5598 5563 6153 5405 5719 5602 5592 6020 5476 5922 5505 5423 5971 6153 5876 5839 5295 5531 5638 5567 5413 5229 5367 5127 5688 5623 5764 5656 5055 5602 5504 5590 5529 5663 5288 5721 5986 5437 5440 5734 5314 5374 5497 5283 5725 5598 5650 5110 6224 5841 5214 5937 5583 5721 5544 6101 5238 5483 5717 5782 5679 5989 6089 5606 5974 5319 5334 5171 5539 5717 5677 5577 5354 6016 5261 5455 5845 5489 5141 6080 5394 5446 5611 
5288 4768 5023 4950 4784 4543 5354 4587 5425 4512 5068 4935 4515 4456 5275 4893 5075 4829 5065 4444 5230 5029 4987 4881 4924 4017 4926 4449 4833 4646 4921 4636 4835 5016 4967 5433 5315 5256 4905 4849 5030 4762 5055 5214 4679 5056 4958 4805 5131 4594 4643 5181 5074 5030 4846 5234 4703 5065 4913 4934 4889 4751 4975 4674 5211 4969 5076 4752 4910 5021 4575 5025 5143 5077 5222 4930 4515 5029 4589 4972 5169 4949 4557 4544 5109 4723 4933 4574 4978 4655 5127 4583 4883 4491 4973 4945 4690 4745 5421 4663 4844 5552 5163 4756 5265 4739 4762 5324 4860 4634 4951 4909 4710 5133 5048 5128 5302 5091 4777 5010 4710 5432 5043 4357 4931 4977 4985 5068 4762 5204 5100 4919 5063 4975 4787 4976 5033 4633 4965 4357 4856 4998 4818 4859 4953 4919 4984 4811 4848 5259 5071 4515 4779 5178 4415 4696 4784 5142 4929 5035 4712 5101 4781 5170 4921 5183 4819 5063 5079 5244 4796 4961 4165 5089 5161 5368 4596 5014 4693 4939 5210 4910 5250 4839 4765 5034 5033 5203 5132 4713 4762 4843 4927 5000 4703 4813 4496 4785 4783 4766 4754 4434 4887 4796 4394 5099 5137 4749 5037 5009 4756 5103 5017 4641 4941 4997 4898 4976 4760 5065 4283 5134 5226 4659 5021 4953 4855 5084 5271 4419 4932 4831 5001 4791 5188 5325 4864 5119 4933 4850 4704 4834 5351 5013 4991 4685 5182 4669 5132 4818 4678 4777 4960 5021 4938 4617 
5398 5171 5533 5150 5278 4840 5667 4856 5737 4620 5049 5732 5052 5100 5320 5152 5286 5394 5290 5032 5712 5149 5139 5322 5188 4341 5216 4846 5279 4942 4934 5066 4972 5220 5339 5669 5798 5610 5289 5403 5465 5161 5407 5491 4896 5543 5016 5196 5499 4911 4975 5539 5439 5169 5358 5682 5079 5377 5318 4931 5493 5323 5281 5307 5475 5363 5461 5369 5270 5262 4906 5293 5658 5497 5424 5734 5197 5517 4908 5225 5432 5214 4752 4938 5394 5115 5585 5147 5261 4902 5778 4767 4961 4983 5355 5181 5253 4989 5655 5093 5252 5802 5367 5346 5392 5399 5250 5366 5043 5105 5354 5065 5192 5134 5329 5499 5262 5370 5120 5688 5131 6015 5502 5107 5192 5253 5329 5534 5252 5368 5368 4873 5481 5200 5104 5360 5382 5103 5619 4824 5224 5352 5133 5130 5143 5046 5466 5433 5463 5739 5198 4946 5205 5405 4672 4983 5407 5419 5521 5182 5090 4978 4919 5443 5255 5492 5472 5319 5361 5348 5407 5520 4654 5080 5563 5852 4972 5108 4955 5153 5496 5338 5140 5346 4696 5420 5574 5337 5511 5062 5255 5456 5002 5072 5107 4865 4838 5079 5096 5335 5109 4999 5496 5201 5222 5235 5427 4994 5462 5714 5141 5328 5506 4749 5118 5100 5278 5255 5307 5304 4708 5592 5414 4915 5406 5196 5107 5188 5590 5233 5044 5288 5609 5005 5523 5627 4997 5468 5235 5046 5065 5145 5561 5338 5565 4841 5527 5120 5229 5266 5014 5259 5457 5220 5054 5267 
5428 5155 5474 5083 4901 4894 5661 4850 5416 4817 5308 5558 5072 4768 5312 5033 5258 5083 5083 4907 5716 5302 4962 5060 4908 4499 5158 4918 5016 4937 4980 5070 4851 5001 5304 5427 5941 5697 5352 5094 5361 5391 5178 5351 5119 5360 4818 5171 5449 4941 4848 5313 5418 5235 5061 5428 4906 5271 5183 5118 5215 5082 5180 5157 5365 5467 5406 5317 5469 5260 5027 5393 5455 5174 5682 5337 5055 5299 4864 5271 5458 4967 4874 4838 5310 4911 5291 5205 5355 4868 5641 4773 5340 5052 5260 5125 5000 5103 5772 4870 5092 5862 5535 5424 5261 5312 5102 5748 4963 5123 5262 5103 4937 5320 5131 5239 5572 5445 5177 5675 4887 5858 5359 4922 5170 5117 5388 5219 5210 5229 5137 5190 5541 5267 5066 5081 5577 4979 5228 5138 5172 5110 5294 4937 5093 5028 5282 5259 5237 5630 5375 4898 4995 5366 4452 5044 5372 5650 5368 5208 5055 5346 5198 5134 4906 5631 5479 5281 5277 5493 5081 5314 4610 5162 5296 5776 4980 5074 5143 5144 5666 4999 5371 5031 4853 5513 5493 5527 5088 5069 5267 5370 5258 5216 5073 4914 4981 5131 5084 5198 5504 4773 5043 5055 4881 5264 5248 5255 5545 5474 5157 5324 5560 4772 4985 5067 5191 5174 4947 5413 4575 5614 5351 5000 5441 5192 5092 5315 5521 5046 5360 5045 5555 4843 5661 5488 5426 5385 5063 5478 5099 5111 5356 5246 5343 4780 5360 4954 5096 5258 5273 4893 5326 5313 5006 5036 
5486 5325 5648 5399 5346 5187 5770 4783 5632 4705 5352 5683 4952 5101 5363 5458 5458 5442 5598 4950 5868 5596 5247 5592 5373 4811 5367 5109 5158 4943 5282 5478 5185 5188 5785 5620 5932 5862 5638 5301 5689 5542 5744 5817 5106 5392 5135 5685 5570 5212 5093 5622 5544 5239 5501 5616 4867 5279 5610 4949 5368 5386 5375 5523 5565 5298 5806 5590 5151 5294 5415 5421 5626 5559 5641 5805 5313 5658 5212 5320 5767 5674 5077 5103 5573 5074 5640 5233 5463 5167 5550 5073 5316 5044 5108 5831 5173 5096 5792 5207 5385 5976 5547 5292 5442 5710 5284 5824 5205 5259 5351 5169 5110 5613 5473 5456 6042 5505 5318 5613 5202 5919 5690 4914 5530 5572 5369 5509 5461 5627 5405 4978 5709 5382 5466 5584 5585 5481 5621 5192 5629 5465 5600 5378 5549 5279 5466 5448 5356 6149 5640 4922 5538 5706 4816 5161 5325 5869 5636 5506 5375 5546 5110 5500 5395 5791 5834 5390 5847 5266 5360 5468 5041 5383 5489 5660 5235 5464 5318 5446 5908 5461 5517 5591 5112 5750 5710 5601 5382 5128 5343 5458 5113 5295 5147 4901 5092 5342 5377 5536 5400 5168 5647 4981 5368 5243 5474 5226 5806 5478 5345 5374 5479 5216 5243 5296 5506 5382 5349 5430 4772 5709 5636 5023 5542 5184 5157 5525 5958 4979 5378 5532 5906 5278 5656 6095 5210 5625 5507 5224 4946 5295 5344 5485 5485 5168 5807 4995 5263 5647 5187 5336 5636 5357 5213 5384 
5375 5356 5575 5213 5378 5019 5585 5041 5584 4969 5131 5514 5036 5141 5583 5171 5326 5499 5564 5209 5628 5351 5110 5229 5383 4678 5363 4868 5363 4931 5296 5249 5093 5357 5429 5636 5974 5878 5478 5367 5539 5530 5444 5609 5317 5581 5339 5640 5528 5029 5472 5600 5806 5129 5380 5670 5216 5322 5513 5374 5439 5400 5483 5304 5868 5268 5607 5235 5033 5255 5085 5302 5409 5435 5547 5502 5117 5493 4814 5282 5344 5467 5058 4926 5412 5027 5611 5344 5352 5013 5644 4754 5226 5007 5407 5460 5140 5131 5712 5012 5121 6031 5415 5265 5547 5314 5396 5674 5100 5056 5380 5420 5289 5570 5437 5504 5749 5624 5116 5579 4956 6015 5663 5196 5405 5264 5399 5627 5278 5453 5336 5371 5705 5322 5455 5328 5463 5143 5431 5096 5315 5368 5440 5163 5521 5303 5494 5363 5500 5805 5538 5016 5489 5418 4836 5248 5372 5652 5498 5343 5327 5524 5069 5668 5210 5732 5560 5629 5510 5354 5145 5098 4967 5081 5262 5782 5091 5616 5034 5423 5777 5337 5263 5231 4997 5599 5575 5732 5372 5142 5202 5405 5187 5376 5116 5041 5216 5002 5287 5212 5380 4875 5513 5204 5021 5393 5362 5055 5456 5584 5145 5439 5719 5373 5123 5434 5102 5258 5262 5291 4825 5643 5571 5024 5527 5221 5238 5444 5585 5248 5085 5313 5806 5313 5571 5980 5152 5271 5415 5208 5338 5299 5328 5445 5301 4915 5554 5207 5519 5451 5224 5163 5538 5170 5298 5338 
5620 5166 5257 5171 5245 4863 5703 4822 5774 4895 5159 5351 4918 5138 5543 5233 5210 4938 5420 5021 5524 5424 5174 5329 4868 4497 5085 4796 5113 4991 5143 5122 5163 5123 5285 5699 5764 5810 5476 4863 5232 5463 5574 5460 5024 5415 5127 5051 5537 5204 4793 5494 5283 5190 5215 5294 4741 5272 5316 5112 5344 5064 5178 5274 5517 5161 5472 5440 5109 5179 4977 5133 5255 5239 5562 5385 5172 5454 4960 5336 5263 5139 4887 5115 5561 5089 5308 5228 5202 4897 5354 4856 5127 4802 5314 5173 5297 5004 5565 5117 4982 5800 5250 5377 5496 5431 4988 5510 5194 4887 5273 5223 5135 5326 5345 5486 5552 5256 5056 5581 4995 5931 5224 5211 5230 5354 5387 5399 5411 5372 5110 5065 5496 5483 5247 5243 5390 5163 5498 4931 5332 5066 5400 4970 5283 5169 5304 5166 5149 5801 5376 4876 5289 5314 4772 5292 5269 5728 5332 5310 5117 5215 5146 5223 5007 5525 5437 5275 5207 5288 5133 5156 4720 5040 5142 5634 5018 5300 5242 5208 5595 5261 5416 4873 4765 5633 5289 5385 5150 4939 5130 5248 5109 5134 4929 4738 4953 4941 5357 5378 5081 4769 5290 5186 4996 5322 5357 5002 5620 5417 5175 5382 5145 5112 4953 5237 5194 5339 5012 5397 4631 5528 5452 4913 5310 5102 5166 5398 5719 4880 5138 5085 5753 4964 5497 5779 5095 5360 5351 5227 4885 5105 5420 5272 5225 4839 5474 4818 5003 5496 5134 5024 5425 4968 5049 4811 
5601 5606 5570 5644 5280 5407 5915 4977 5802 4927 5112 5734 5430 5298 5463 5394 5258 5265 5591 5301 5735 5761 5184 5760 5502 4889 5633 5294 5396 5357 5404 5402 5269 5775 5684 5613 6342 5949 5773 5386 5906 5576 5506 5937 5374 5506 5277 5483 5554 5207 5370 5691 5628 5596 5660 5970 4991 5371 5755 5360 5724 5501 5589 5370 5718 5445 6001 5550 5551 5783 5171 5890 5813 6011 5819 5904 5185 6053 5289 5737 5825 5670 4952 5209 5719 5131 5662 5720 5680 5052 5705 5238 5106 5329 5708 5473 5396 5427 5956 5564 5495 6342 5551 5418 5679 5588 5561 5875 5251 5175 5605 5645 5435 5677 5638 5970 6118 5832 5183 5813 5354 6390 5868 4979 5693 5481 5749 5696 5709 5708 5188 5347 5771 5757 5731 5536 5420 5353 5760 5274 5511 5494 5606 5498 5690 5238 6071 5413 5460 5850 5679 5428 6025 5487 5081 5321 5392 5852 5588 5429 5731 5432 5317 5886 5273 5997 5983 5638 5768 5500 5681 5580 4909 5633 5686 5957 5763 5602 5434 5625 6015 5351 5823 5680 5268 5984 6021 5839 5609 5330 5581 5629 5180 5481 5293 5410 5477 5458 5601 5551 5538 5073 5492 5567 5319 5670 5480 5319 5899 5742 5208 5625 5749 5340 5345 5455 5553 5587 5546 5789 4932 5977 6058 5294 5678 5733 5422 5680 5844 5126 5337 5651 5758 5779 5891 6139 5459 5877 5532 5249 5390 5422 5714 5644 5571 5328 5951 5239 5628 5653 5147 5003 5663 5185 5532 5487 
5874 5574 5746 5445 5513 5414 6005 5012 5941 5167 5266 5704 5137 5237 5644 5510 5560 5180 5627 5053 6120 5642 5230 5696 5660 4953 5560 5107 5339 5361 5102 5392 5299 5470 5715 5835 6007 6339 5498 5250 5657 5349 5662 5800 5202 5476 5361 5578 5636 5464 5281 5881 5337 5455 5506 5739 5331 5395 5655 5382 5475 5800 5466 5437 5960 5652 6002 5333 5457 5409 5172 5672 5711 5785 5946 5817 5504 5875 5454 5518 5764 5759 4952 4999 5624 4939 5540 5472 5343 5142 5832 4919 5352 5336 5686 5407 5297 5456 5948 5628 5548 5959 5552 5728 5517 5779 5549 5907 5127 5346 5620 5444 5479 5700 5585 5573 6008 5942 5359 5760 5461 6227 5596 5338 5610 5543 5758 5738 5540 5204 5238 5563 5951 5454 5386 5517 5682 5245 5943 5004 5596 5331 5729 5421 5457 5230 5708 5499 5701 6016 5815 5043 5482 5792 5085 5166 5211 5893 5775 5541 5544 5727 5350 5516 5228 5994 5787 5539 5712 5794 5675 5581 5043 5474 5530 5947 5334 5602 5460 5484 5895 5495 5859 5363 4947 5927 5907 5862 5686 5213 5567 5513 5455 5428 5353 5281 5167 5679 5083 5677 5526 5178 5810 5221 5326 5715 5931 5401 5707 5844 5325 5663 5522 5302 4950 5356 5492 5510 5320 5647 5029 5653 5758 5127 5958 5304 5284 5518 5902 5033 5500 5423 5851 5228 5783 6180 5327 6173 5464 5192 5301 5482 5583 5510 5699 5126 5909 5085 5734 5716 5370 5352 5785 5425 5412 5668 
5424 5449 5515 5143 5053 4940 5619 4840 5608 4596 5221 5456 5002 4980 5449 5285 5184 5217 5402 4819 5496 5225 5216 5286 5204 4646 5255 4959 4991 5225 5216 5071 4896 5116 5191 5467 5834 5684 5381 4920 5389 5045 5425 5344 4963 5326 5121 5372 5395 5010 5200 5377 5433 5142 5287 5531 4816 5094 5514 5200 5285 5094 5219 4830 5352 5331 5248 5468 5056 5227 5018 5236 5525 5478 5731 5378 4876 5294 5025 5276 5280 5265 4734 5021 5469 4861 5276 5282 5310 4954 5502 4721 5231 4972 5241 4923 5170 5025 5590 5080 5104 5861 5231 5292 5404 5514 5221 5546 4921 5087 5437 5315 5194 5480 5499 5409 5656 5454 4908 5529 5104 5670 5223 4934 5261 5258 5287 5160 5134 5283 5229 5056 5339 5082 5283 5261 5212 5155 5373 4548 5268 4967 5272 5285 5211 5210 5250 5221 5256 5781 5492 4820 5417 5551 4498 5241 5346 5516 5288 5028 4971 5447 4781 5556 5078 5628 5331 5428 5719 5408 5313 5312 4826 5114 5344 5674 4848 5078 4932 5284 5451 5078 5152 5249 4672 5153 5489 5423 5469 5013 5135 5328 4909 5092 5013 4774 4740 5174 5140 5316 5381 4860 5244 5070 5008 5387 5280 4781 5265 5547 5119 5214 5292 4734 5087 5179 5043 5151 5231 5132 4589 5657 5537 5039 5492 5029 4851 5268 5497 4909 4986 5090 5376 4953 5234 5860 5408 5364 5217 4928 5133 4966 5497 5372 5376 4886 5592 4832 5151 5474 4987 4821 5498 4861 5194 5345 
5248 5236 5234 5033 5076 4997 5452 4498 5403 4873 5214 5372 4907 5057 5096 5033 4839 5307 5132 4882 5416 5322 5043 5336 5069 4526 5136 4708 4980 4637 5173 4981 5119 5011 5615 5564 5531 5664 5361 5025 5429 5162 5453 5549 4682 5243 5006 4885 5198 4978 5107 5474 5407 4939 5310 5486 4706 5142 5482 5128 5113 5081 5265 5116 5332 4914 5556 5179 5013 5023 4805 5442 5537 5372 5315 5310 4691 5419 4787 4836 5175 5390 4753 5074 5334 5024 5174 4880 5295 4956 5373 4524 4879 5052 5269 5137 4856 4902 5486 4888 4993 5718 5296 5339 5245 5298 5253 5604 5175 4967 5305 5315 5089 5303 5340 5050 5325 5210 5184 5529 5070 5828 5205 4826 5236 4990 5144 5140 5214 4993 5254 5021 5325 5192 5118 5187 5206 5134 5179 4639 5353 5020 5021 5123 5015 5169 5281 5116 5402 5629 5319 4918 5282 5602 4609 4911 5026 5519 5490 5065 4910 5282 4771 5503 4807 5362 5638 5172 5505 5189 5109 5176 4727 5134 5422 5631 5167 5212 4887 5171 5263 5289 5074 4753 4809 5355 5290 5400 5187 4940 5064 5319 5024 5156 5061 4813 4708 4902 5003 5110 4994 4795 5175 5138 4946 5043 5156 4887 5278 5389 5122 5353 5192 4840 4933 5021 4992 5048 4839 5357 4780 5435 5377 5141 5365 4959 4947 5281 5650 4863 5148 5294 5563 4925 5431 5817 5100 5499 5039 4981 5204 5077 5223 5389 5318 4745 5377 4659 5151 5347 4938 4896 5217 4934 4751 5067 
4952 5032 5177 4872 4848 4774 5196 4718 5210 4571 5025 4865 4585 4646 4953 4835 4940 4750 4870 4602 5226 5181 4556 4985 5185 4307 4996 4653 4715 4854 4991 5133 4708 4785 5113 5234 5490 5468 5186 4865 5132 5023 5175 5022 4646 5049 5135 5217 5251 4844 5084 5275 5007 5153 5147 5161 4840 4944 5043 4860 4832 4864 4934 4999 5140 4937 5250 5248 5041 5131 4807 5176 5050 5004 5229 5143 4982 5183 4879 4981 5254 5153 4876 4374 4952 4705 4788 4765 4978 4680 5237 4565 4749 4827 5140 4981 4791 4925 5202 4721 4703 5515 5028 5221 5229 5013 4886 5326 4823 4722 5023 5005 4950 5225 5263 5196 5419 4932 5103 5004 4824 5421 5024 4628 5071 5051 4924 5271 4980 4792 4883 4732 4987 5207 4838 5069 5066 5078 5238 4455 4983 4940 4982 4818 4916 4875 4993 4862 4898 5549 4940 4575 4975 5470 4245 4799 4756 5460 5097 4855 4813 5202 4749 5226 4799 5264 5056 4919 5246 5229 5030 5255 4600 4799 4884 5185 4747 5000 4923 4996 5145 4714 5142 4825 4715 5045 5367 5268 5175 4783 5107 4925 4749 4674 4801 4653 4830 4822 4988 4964 4805 4431 5280 4993 4627 4964 5298 4760 5196 5018 4507 5223 5207 4772 4382 5098 4674 4948 4910 5023 4315 5187 5458 4604 5056 4866 4842 5157 5535 4842 4856 4574 5154 4833 5260 5465 5136 5205 4996 4693 4970 4901 5000 5162 4774 4527 5109 4653 4997 5196 4955 4595 5304 4740 4857 5103 
5391 5119 5158 5182 4884 4987 5410 4913 5548 4663 5068 5301 4911 4928 5308 5154 5202 5036 5224 4871 5313 5516 5080 5355 5332 4700 5413 5027 5171 4965 4837 5178 4950 5028 5499 5573 5845 5869 5454 5112 5459 5287 5319 5350 4860 5101 5160 5221 5521 5093 4951 5388 5344 5023 5267 5383 4971 5164 5243 5197 5258 5170 5367 5153 5354 5362 5358 5228 5252 5157 4816 5350 5701 5462 5425 5500 5177 5439 4950 5148 5503 5176 4701 4809 5332 5003 5263 5157 5149 4916 5491 4723 5027 4925 5257 5155 5018 5023 5375 5213 5141 5716 5421 5341 5563 5213 5033 5657 4946 4870 5106 5448 5187 5516 5274 5399 5652 5215 5002 5726 5104 5851 5617 4876 5341 5315 5399 5402 5179 5334 5194 5061 5479 5156 5418 5290 5377 5155 5529 4830 5085 5189 5186 5078 4936 4786 5353 5404 5303 5540 5370 4602 5384 5484 4506 5070 5302 5382 5146 5208 5095 5419 4948 5461 4942 5661 5636 5266 5526 5286 5271 5343 4792 5008 5355 5715 5011 5298 5170 5117 5709 5078 5543 5288 4906 5323 5324 5326 5507 4917 5272 5309 5143 5082 5089 4871 4822 5390 5272 5228 5285 4924 5382 5082 5092 5115 5385 4922 5287 5491 4929 5300 5363 5073 4843 5314 5015 5188 5371 5290 4874 5531 5516 4869 5413 5197 4971 5210 5710 4941 5079 5219 5560 5140 5460 5749 5404 5340 5003 5111 4939 5032 5615 5267 5443 4722 5559 5029 4976 5460 5164 4819 5354 5182 5170 5200 
5359 5408 5313 4852 5206 5128 5516 4720 5841 4869 5076 5533 5186 5020 5328 5541 5482 5355 5486 4879 5740 5520 4930 5390 5263 4243 5302 4790 5164 5152 5195 5137 4924 5324 5373 5430 5927 5737 5186 4861 5466 5118 5580 5419 4972 5499 5068 5196 5346 5045 5359 5712 5476 5415 5500 5463 5139 5087 5586 5215 5445 5393 5277 5096 5498 5271 5722 5216 5389 5306 5155 5182 5460 5311 5463 5463 5490 5440 4897 5532 5609 5660 4842 4695 5393 5208 5565 5182 5116 4919 5475 4766 5002 5122 5607 5113 5042 4971 5724 5182 5161 5927 4989 5306 5408 5190 5210 5696 5153 5161 5077 5296 5161 5378 5353 5749 5890 5381 5383 5573 5028 6119 5331 4934 5434 5194 5419 5505 5084 5074 5255 5274 5603 5435 5212 5254 5332 5049 5289 4649 5490 5386 5282 5123 5321 5164 5074 5088 5314 5806 5564 4778 5525 5608 5007 5088 5266 5594 5336 5323 5131 5259 5035 5327 5103 5741 5524 5593 5442 5352 5182 5229 4707 5287 5415 5982 5024 5449 5132 5402 5651 5003 5316 5265 4880 5579 5778 5735 5470 4908 5193 5413 5301 5228 4951 4994 5020 5562 5222 5361 5167 4684 5436 5158 5241 5522 5319 5092 5543 5405 5148 5347 5665 5069 5259 5401 5267 5519 5375 5306 5088 5488 5614 4820 5305 5127 5323 5279 5614 4981 5289 5439 5412 5149 5494 5971 5264 5671 5436 5150 5023 5280 5362 5468 5109 4812 5652 4898 5256 5470 4946 4892 5765 5365 5027 5256 
5448 5300 5382 5439 5362 5016 5693 5060 5377 4780 4937 5685 4784 5346 5279 5189 5270 5406 5047 4786 5532 5298 4929 5275 5267 4529 5217 4714 5122 4856 5299 5252 4901 5218 5163 5574 5635 5740 5493 5072 5378 5436 5623 5580 5039 5329 5253 5197 5410 5131 5171 5586 5428 5189 5309 5399 5145 5053 5618 4978 5454 5398 5418 5374 5658 5175 5612 5452 4927 5263 5213 5295 5824 5712 5420 5709 5348 5534 4876 5327 5436 5364 4839 4710 5362 4946 5209 5011 5376 5078 5524 4999 5013 5153 5549 5238 5077 4789 5569 5056 5140 5756 5421 5215 5718 5496 5107 5593 4894 4961 5157 5141 5252 5339 5328 5153 5675 5383 5018 5602 5077 5492 5418 4810 5315 5401 5463 5541 5312 5450 5209 4729 5541 5310 5390 5377 5370 5063 5337 4715 5464 5351 5471 5129 5349 5305 5388 5363 5339 5643 5339 4833 5423 5392 4576 5200 5344 5176 5404 5498 5119 5370 4822 5426 5133 5561 5589 5092 5570 5451 5350 5224 4680 5265 5000 5849 5002 5238 5166 5209 5470 5268 5556 5308 4938 5618 5588 5752 5353 4981 5111 5511 5227 5087 5187 4937 4916 5198 5073 5116 5360 4680 5375 5359 5061 5399 5475 5048 5477 5586 5251 5368 5352 5061 4901 5485 4827 5424 5246 5308 4826 5648 5632 5040 5419 5165 5018 5514 5571 5043 5001 5166 5462 5283 5455 5967 5156 5348 5411 5182 5311 5232 5348 5431 5195 4932 5628 5028 5158 5293 4984 5070 5417 5067 5034 5287 
5255 5038 5097 5209 5057 4854 5448 4625 5483 4993 4769 5133 4777 4905 5175 4777 5034 5140 5168 4693 5320 5139 4738 5161 5211 4393 5117 4670 4996 4923 5162 5046 4828 5127 5214 5113 5703 5488 5100 4857 5156 5071 5308 5466 4860 5127 5134 5129 5380 5148 5133 5371 5382 5156 5065 5336 4842 5203 5232 4866 5258 5175 5239 5129 5508 4923 5623 5271 5019 5279 4876 5283 5441 5483 5301 5418 4707 5378 4754 5082 5205 5419 4534 4799 5166 4821 5401 5029 5050 4525 5076 4718 4849 4836 5326 5102 4962 4821 5275 5006 5060 5512 5150 5222 5537 5092 5028 5547 4830 4980 5110 5138 4961 5493 5229 5250 5406 5084 4833 5361 4823 5766 5237 4568 5360 4945 5341 5059 5046 5232 5035 5025 5482 5214 5150 5061 5105 4891 5336 4607 5147 5150 5009 5031 4992 4795 5256 5092 5283 5331 5163 4715 5459 5131 4751 4893 5099 5371 5147 5021 4936 5300 4808 5129 4958 5542 5352 5010 5190 5123 5303 4826 4545 5133 5091 5758 4842 5121 4956 5182 5322 5011 5067 5093 4818 5257 5145 5512 5174 4746 4923 5167 5022 4980 4728 4814 4574 5189 5122 5300 4841 4578 5453 4892 4912 5077 5302 4925 5225 5271 4754 4994 5072 4930 5030 5250 4895 5407 5049 5253 4640 5445 5248 4995 5136 5058 4875 5386 5096 4645 5071 5104 5089 4812 5222 5610 5086 5081 5072 4805 5120 5076 5253 5095 5342 4662 5547 4791 4902 5178 4842 4770 5329 4910 5171 4866 
5327 5344 5420 5260 5013 4969 5504 4647 5446 4503 5349 5359 4792 5072 5356 5104 5424 5339 5262 4888 5292 5348 5055 5232 5061 4465 5080 4925 5244 5130 5197 5120 4882 5075 5249 5427 5815 5688 5391 5127 5364 5094 5180 5393 5060 5122 5075 5397 5719 4807 5282 5423 5462 5139 5199 5504 5068 4876 5387 5058 5183 5134 5145 5129 5420 5049 5532 5277 5184 5019 5213 5464 5453 5477 5470 5723 4969 5185 4915 5146 5336 5083 4899 4717 5449 4871 5279 5266 5426 4924 5426 4838 5003 5085 5379 5245 5130 4881 5405 5158 5114 5636 5356 5419 5222 5424 5270 5529 5087 5137 5179 5031 5047 5444 5298 5350 5503 5196 5183 5536 5185 5958 5561 4867 5482 5178 5289 5447 5178 5241 5303 5133 5508 5150 5187 5152 5304 5038 5035 4637 5350 5173 5602 4994 5312 5092 5036 5105 5255 5779 5314 4901 5167 5698 4774 4822 5386 5612 5442 5193 5328 5203 4991 5324 5129 5786 5604 5267 5727 5410 5166 5194 4778 5377 5109 5558 4581 5126 5008 5400 5601 5122 5272 5376 4715 5345 5404 5357 5227 5056 5131 5353 5006 4922 4962 4761 5007 5032 5507 5308 5192 4513 5097 5239 5032 5215 5306 5092 5342 5370 4850 5366 5494 4960 5020 5226 5190 5046 5312 5260 4822 5562 5398 5139 5257 5021 5061 5303 5413 5057 5044 5104 5541 5082 5273 5975 5278 5073 5136 5176 4944 5107 5375 5280 5147 5031 5457 4762 5156 5043 5057 4957 5547 5081 4984 5120 
4961 4892 4920 4673 4660 4801 5304 4594 5382 4296 4843 4947 4618 4554 4982 4574 4851 4738 5095 4511 5174 5107 4557 5025 4866 4072 4914 4471 4735 4816 4664 4908 4629 5079 5056 5071 5619 5310 4823 4737 5003 4923 4907 5073 4679 4938 4790 4896 4929 4838 4725 4956 4864 5132 4841 4993 4654 4881 5014 4696 5014 4678 4907 4746 5128 4902 4923 4785 5082 4799 4706 5059 5215 5097 5007 4889 4878 5028 4631 4957 5046 4699 4519 4278 4866 4709 5036 5011 4840 4714 5093 4257 4734 4698 5049 5147 4829 4835 5325 4927 4837 5300 4842 4826 5015 4919 4736 5102 4534 4795 4814 5078 4855 5144 4886 5192 5480 5023 4749 5165 4677 5546 5086 4640 5081 4778 4893 4818 4800 4896 4897 4865 5195 4982 4820 4831 5079 4626 4971 4537 4836 4704 4829 4872 5026 4555 4996 5072 5082 5099 5067 4656 5139 4941 4482 4664 4660 5285 4966 5202 4860 5019 4797 5204 4576 5401 5232 5089 5272 4899 5082 4787 4607 4690 4849 5463 4666 4836 4604 4752 5079 4856 5065 5002 4667 5190 4939 5103 5006 4565 4911 4736 4773 4930 4818 4496 4756 4900 4883 5114 4877 4511 5029 4611 4616 4880 5217 4962 5355 5054 4858 5026 5173 4696 4553 4981 4840 5096 4808 4886 4551 5243 5126 4438 4908 4813 4647 5063 5232 4478 4827 4955 5357 4521 5195 5280 4753 4912 4999 4819 4744 4768 4878 4783 4918 4479 5387 4589 4889 5060 4895 4528 5182 4679 4813 4762 
5513 5497 5549 5409 5123 5385 5575 4860 5672 4573 5481 5576 4744 5116 5630 5199 5327 5194 5508 5050 5602 5274 5325 5095 5190 4809 5534 5054 5395 5088 4983 5097 5302 5401 5431 5895 5977 5907 5406 5042 5534 5358 5650 5714 5174 5291 4892 5293 5264 5149 4859 5667 5483 5338 5615 5514 5000 5262 5409 5132 5166 5301 5321 4874 5457 5328 5711 5212 5261 5304 5065 5622 5594 5646 5473 5464 5330 5637 5169 5311 5538 5505 4784 5009 5514 5169 5322 5131 5222 4838 5785 4941 5089 5195 5499 5390 5300 5106 5838 5296 5365 6201 5375 5595 5579 5534 5185 5745 5157 5002 5406 5476 5203 5464 5511 5595 5660 5603 5147 5861 5278 6126 5342 4845 5386 5489 5480 5682 5320 5674 5078 5217 5843 5509 5488 5321 5387 5347 5359 5195 5592 5504 5307 4947 5524 5161 5353 5342 5353 5698 5462 5151 5614 5482 4671 5161 5260 5884 5574 5448 5531 5434 5129 5308 5206 5647 5647 5511 5648 5561 5043 5330 4881 5051 5542 5873 4912 5449 5185 5521 5884 5276 5631 5295 5006 5574 5757 5623 5346 5067 5439 5550 5281 5447 5092 5154 4984 5446 5173 5348 5331 5091 5271 5310 4968 5546 5351 5147 5504 5594 5363 5553 5552 5145 5009 5208 5625 5413 5281 5623 5019 5621 5506 4870 5624 5082 5380 5295 5659 5133 5240 5080 5592 5303 5788 5815 5472 5615 5430 5331 5371 5340 5463 5713 5428 4917 5370 5180 5102 5261 5294 4992 5535 5280 5047 5098 
5005 5024 5384 5076 4800 4886 5529 4670 5119 4440 4937 5305 4850 4750 5079 4666 4851 5135 4805 4691 5340 5370 4772 4860 4952 4472 5145 4674 4805 4830 4583 5068 4776 4804 5206 5080 5357 5624 5179 4733 5220 5337 5211 5058 4837 5141 4721 4750 5037 4827 4686 5170 5247 4942 5239 4952 4613 5098 5206 4811 4774 4850 4916 4880 5196 5282 5207 5012 4965 4836 4839 5052 5501 5006 5328 5074 4877 4933 4848 5034 4999 5086 4698 4550 4893 4510 5092 4775 4951 4646 5333 4696 4814 4760 5172 4869 4568 5045 5082 4866 5173 5588 5025 5215 5247 5242 4968 5517 4678 4799 5020 4954 4916 5107 4899 4897 5347 5252 4623 5173 4552 5589 5316 4428 5212 4922 5110 4910 4728 4858 4559 4922 5422 5000 5095 4949 4988 4655 4867 4614 4938 5005 4666 4796 4966 4738 5027 4980 4852 5350 5085 4534 5212 5094 4536 4739 5048 5147 5086 4823 4889 4925 4695 4962 4741 5325 5240 5065 5413 5189 5062 5098 4320 4800 4871 5538 4696 4946 4723 5076 5308 4881 4840 4655 4625 4857 5618 5367 4676 4638 5109 4952 4804 4888 4870 4784 4691 5095 5130 4834 5103 4832 4984 4785 4776 4945 5160 4726 5068 5252 4900 5286 4894 4729 4833 4642 4754 4892 4677 5065 4363 4966 5304 4768 5115 4815 4975 5102 4962 4800 4759 4854 5154 4778 5487 5673 5206 5070 5155 4803 4744 4953 5023 4998 5098 4555 5341 4759 4853 5136 5008 4530 5072 4974 5063 4873 
5261 5344 5426 5162 5275 5064 5620 5050 5595 4694 5115 5419 4806 4902 5651 4918 5270 5316 5219 5106 5372 5499 5006 5334 5336 4527 5720 4857 5197 5067 5115 5067 5208 5272 5496 5747 5732 5553 5503 4990 5294 5127 5513 5589 5213 5186 5105 5279 5431 5037 5187 5400 5615 5152 5204 5446 5065 5010 5365 5055 5312 5151 5130 5147 5646 4946 5702 5067 5218 5247 4874 5255 5750 5375 5543 5290 5095 5500 4908 5456 5287 5438 5067 4757 5274 4987 5124 5310 5440 4909 5422 4779 5056 5179 5457 5569 5030 4996 5674 5100 5248 5791 5492 5082 5535 5267 5213 5440 5174 5057 5355 5304 5343 5660 5527 5528 5685 5336 5076 5395 4980 5753 5258 4629 5375 5406 5428 5515 5153 5386 5225 5262 5557 5428 5590 5315 5351 5260 5388 4750 5269 5196 5259 4889 5254 4921 5322 5267 5210 5597 5221 4909 5523 5412 5068 5071 5291 5670 5552 5342 5238 5123 4812 5532 5224 5922 5572 5273 5605 5660 5150 5248 4711 5346 5238 5748 5025 5183 5033 5412 5722 5169 5227 5406 5046 5569 5658 5530 5347 5120 5146 5109 5194 5303 5209 5043 5116 5196 5135 5412 5110 4952 5313 5084 4984 5496 5549 4853 5384 5449 5157 5288 5499 4938 5111 5379 5244 5338 5240 5459 4917 5457 5514 4989 5585 5260 5122 5396 5464 5042 5166 5202 5511 4837 5354 5739 5361 5347 5426 5139 4962 5161 5249 5397 5182 4683 5581 4861 5329 5315 5137 4948 5618 5006 5256 5209 
5296 5180 5636 5233 4912 4893 5662 4781 5573 4850 5004 5465 4957 4783 5411 5090 5413 5538 5342 4888 5587 5506 5152 5251 5259 4595 5132 5024 4939 4870 5280 5333 5191 5135 5237 5607 5706 5466 5437 4912 5548 5039 5409 5615 4990 5400 5208 5189 5507 4952 5121 5510 5402 5146 5411 5709 4872 5155 5377 5452 5283 5282 5195 5218 5436 5069 5554 5089 5305 5364 4958 5435 5380 5419 5419 5374 4935 5105 4914 5392 5412 4941 4873 4841 5173 4938 5284 5082 5224 5008 5240 4689 4994 4837 5320 5197 5163 5121 5401 5118 5285 5664 5347 5325 5325 5283 5181 5606 5280 4955 5233 5257 4950 5472 5363 5248 5816 5314 5101 5372 5048 5770 5344 4716 5360 5061 5276 5477 4992 5257 5361 5188 5551 5140 5471 5254 5219 5152 5458 4823 5260 5208 5392 5143 5222 5009 5408 4988 5207 5846 5429 4817 5471 5415 4627 5028 5007 5674 5192 5158 5052 5310 5116 5290 5002 5750 5436 5313 5641 5561 5400 5300 4722 5359 5147 5853 4734 5319 5182 5292 5582 5148 5548 5242 4834 5501 5564 5608 5403 5082 5479 5247 5029 4939 4904 4841 5193 4849 5321 5194 5317 4794 5240 5005 4848 5290 5514 5154 5373 5386 4691 5397 5560 5170 4988 5255 5081 5167 5312 5224 4939 5466 5575 5176 5448 5175 5089 5331 5846 5102 5265 5198 5366 5302 5569 5733 5175 5045 5168 5189 5044 5001 5402 5442 5125 4902 5472 4881 5317 5541 5007 4822 5442 5370 5186 5039 
5025 5046 4907 4586 4878 4527 5465 4611 5092 4392 4741 5251 4751 4646 4924 4764 4765 5151 4744 4399 5165 4885 4744 5185 5035 4262 4814 4371 4870 4674 4851 4790 4813 4720 4680 5175 5427 5073 5103 4680 5079 4782 4847 4880 4513 4805 4624 4927 5078 4758 4668 5115 4917 4678 5128 5001 4670 4574 4727 4572 4628 4507 4809 5141 4962 4739 5070 4679 4775 4808 4577 5135 5024 5239 5124 5116 4796 4737 4588 4866 4971 4783 4603 4531 4949 4459 4967 4610 4828 4577 4785 4111 4668 4654 4968 5016 4543 4486 4998 4712 4779 5421 4954 4903 5114 5066 4699 4998 4705 4670 5117 4508 4689 4869 4803 4845 5243 5045 4807 4991 4541 5321 4943 4183 4851 4831 5100 4864 4932 4993 5156 4906 4890 4852 5032 4741 4762 5141 4752 4416 4801 4699 4965 4790 4888 4386 4920 4781 4966 5588 4925 4321 4888 4956 4564 4716 4675 5092 5105 4871 4520 5049 4779 5044 4884 4991 5353 5003 5191 5037 4798 4941 4427 4996 4948 5185 4468 4835 4717 4780 5234 4804 4898 4761 4406 4908 5031 4977 4746 4746 4824 4654 4699 4688 4682 4663 4479 4689 4813 5008 4810 4716 4985 4662 4696 4738 4936 4595 5122 4872 4526 4664 4919 4694 4497 4890 4777 4951 4762 4929 4246 5115 5215 4642 5214 4585 4920 5004 5276 4685 4633 4881 5035 4807 4846 5437 4744 4984 5123 4659 4601 4375 5087 4878 4914 4485 5174 4666 4932 5422 4547 4527 4922 4588 4927 4939 
5473 5173 5311 5017 5153 5169 5325 5051 5401 4578 5197 5135 4916 4805 5312 5032 5073 5281 5403 4885 5626 5367 5220 4919 5205 4617 5283 4859 5154 4812 5240 5140 5088 5249 5478 5516 5766 5863 5313 5103 5289 4995 5451 5423 5052 5119 5115 5511 5420 5145 4790 5517 5320 5398 5450 5350 4783 5198 5429 5022 5491 5288 5264 5383 5350 5147 5516 5478 5381 5213 5022 5313 5430 5302 5367 5281 5208 5724 4827 5397 5563 5280 4805 4915 5346 5004 5265 4904 5259 5178 5613 4506 5047 5067 5222 5165 4999 4932 5589 5241 5012 6084 5205 5310 5307 5466 4875 5786 5083 5113 5288 5087 5043 5364 5335 5462 5619 5254 5108 5305 4849 5861 5381 4779 5278 5535 5148 5208 5100 5459 5208 5144 5626 5153 5152 5425 5194 5234 5161 5100 5365 5023 5373 5113 5152 5045 5430 5391 5166 5551 5411 4726 5550 5439 4631 4898 5099 5676 5427 5322 5286 5375 4947 5403 5270 5604 5719 5143 5456 5387 5273 4996 4690 5344 5315 5803 5063 5340 5185 5282 5681 5001 5275 5483 4999 5406 5527 5333 5281 4813 4945 5317 5109 4950 5105 4834 4925 5142 5182 5421 5376 5109 5315 4989 4882 5164 5158 4960 5278 5482 5032 5179 5462 5033 4748 4875 5224 5282 5219 5191 4756 5653 5564 4890 5511 5090 5153 5331 5710 5202 5324 5021 5537 4918 5316 5633 5156 5397 5119 5235 5028 4809 5377 5397 5265 4847 5383 4958 5154 5340 4812 5041 5465 4916 5252 5196 
5705 5491 5559 5562 5291 5432 5789 5297 5823 4881 5338 5614 5394 5144 5508 5414 5597 5527 5791 5318 5764 5353 5283 5614 5428 5102 5379 5121 5434 5325 5273 5222 5438 5258 5579 5717 6187 5742 5565 5358 5812 5297 5485 5768 5360 5366 5266 5358 5578 5358 5124 5581 5519 5086 5423 5729 5257 5410 5464 5229 5600 5324 5721 5500 5757 5481 5757 5649 5338 5702 5001 5447 6007 5923 5676 5668 5071 5941 5239 5397 5817 5370 5068 4929 5680 5055 5514 5554 5467 4979 5655 4747 5161 5307 5653 5505 5463 5338 5971 5328 5569 5986 5717 5369 5653 5475 5608 5730 5289 4897 5675 5470 5269 5667 5481 5882 5822 5632 5342 5717 5223 6156 5791 5160 5719 5408 5453 5901 5481 5585 5642 5232 5729 5599 5738 5478 5445 5400 5696 4915 5467 5507 5455 5147 5668 5319 5728 5319 5696 5977 5622 5154 5375 5550 5133 5484 5554 5709 5737 5757 5525 5365 5357 5760 5194 6040 5679 5696 5862 5539 5251 5200 5238 5386 5674 6099 5355 5299 5489 5503 5834 5329 5612 5551 5097 5778 5674 5484 5312 5204 5400 5501 5254 5551 5053 5114 5195 5350 5312 5396 5517 5381 5411 5050 4986 5524 5459 5585 5777 5694 5193 5354 5574 5239 5118 5358 5465 5438 5390 5729 4944 5908 5736 5054 5552 5287 5436 5697 6037 5363 5383 5208 5954 5157 5588 5873 5598 5726 5267 5505 5115 5379 5629 5631 5491 5044 5826 5081 5444 5824 5361 5133 5823 5320 5252 5372 
5204 5237 5155 4974 4746 5045 5322 4856 5696 4646 5103 5252 4933 4652 4995 4929 5338 5032 4985 4879 5391 5591 4980 5327 5126 4502 5211 4757 4782 4684 4978 4838 4964 5203 5362 5316 5671 5706 5314 4888 5527 5028 5124 5539 4857 4785 5065 5053 5066 4893 4926 5234 5248 5124 5100 5085 5032 5199 5078 5172 5135 5102 5117 5015 5502 5031 5588 5009 5165 5107 4917 5376 5496 5161 5300 5148 5054 5177 4702 5062 5248 5292 4763 4726 5302 4716 5114 5368 5254 4599 5088 4673 4915 5093 5233 5065 5159 4828 5376 5117 4993 5756 5198 5373 5548 5450 4900 5282 4744 4960 5131 4772 4751 5051 5100 5157 5674 5258 4952 5165 5154 5833 5338 4620 5140 5379 5233 5201 5185 5181 5138 4936 5367 5398 4983 5141 5224 5163 5094 4745 5200 4947 5064 5003 5200 4833 5048 5123 4843 5565 5330 4652 5217 5151 4481 4851 4872 5462 5175 5155 4955 5332 4739 5306 4923 5385 5441 5011 5255 5149 5057 5140 4840 5055 5091 5514 4692 5061 4878 5188 5148 5114 5050 4945 4573 5157 5378 5402 5119 4764 5121 5106 4836 4754 4903 4940 4714 4967 5065 5397 5109 4665 5063 4986 4741 5030 5344 4769 5402 5279 5168 5077 5287 4778 4781 5187 5290 5137 5180 5223 4414 5159 5283 4910 5056 5098 4974 5347 5594 4843 4968 5175 5286 4935 5581 5762 4882 5281 4864 4865 4820 5094 5248 5255 5344 4732 5351 4797 5175 5232 5043 4703 5428 4971 5137 4864 
4838 5042 5292 5258 5106 5035 5564 4967 5063 4632 4719 5005 4404 4792 4775 4800 5004 5049 4971 4903 5327 5196 4867 5207 4967 4312 5254 4710 5273 4689 4858 5014 5011 4870 5333 5118 5602 5616 5164 4968 5344 5065 5382 5540 4796 5298 4983 5209 5286 4880 4949 5365 5122 4995 5066 5217 4745 5090 5433 5151 5073 5121 5031 5123 5235 5069 5292 5059 5010 4789 4637 5330 5667 5358 5290 5153 5012 5501 4653 4963 5337 5163 4843 4445 5077 4897 5009 4807 5265 4808 5350 4774 4853 4835 5073 5083 4891 4941 5457 5007 4914 5737 5206 5075 5142 5336 4997 5735 4825 4929 5260 5007 5059 5181 4900 5045 5201 5405 4713 5538 4849 5733 5409 4610 4987 5119 5246 5005 5085 5257 5191 4722 5555 5150 5071 5171 5603 4743 5374 4870 5125 5111 4851 5104 5123 5065 5226 4975 5160 5476 5347 4676 5234 5206 4541 5074 5041 5194 5075 5253 5049 5520 4928 5471 4966 5337 5148 4866 5340 5402 4937 5203 4666 5012 5121 5440 4870 5043 4754 5166 5480 5064 5094 5095 4763 5602 5237 5479 5171 4918 5276 5017 4664 4895 4960 4812 4883 5081 4953 4925 5195 4704 5386 5091 4833 5091 5231 5033 5316 5466 5142 5225 5132 4764 4879 4842 4826 5291 4986 5236 4751 5371 5257 4731 5278 4734 5035 5210 5344 5097 4974 4926 5360 5005 5429 5589 5350 5391 5138 4993 5092 5153 5376 5178 5283 4779 5154 4918 5236 5174 4895 5016 5210 5265 4826 5181 
5078 5394 5423 5210 5010 5154 5603 4753 5702 4699 5039 5464 4869 5055 5399 5031 5506 5222 5409 4818 5670 5349 5064 5399 5248 4730 5220 4875 5233 5209 5155 4930 5028 5310 5230 5347 5765 5798 5450 5046 5652 5076 5489 5470 5100 5407 4951 5332 5498 5016 5173 5520 5289 5140 5286 5398 5024 5291 5389 5405 5283 5261 5272 5058 5355 5311 5349 5197 4976 5070 4958 5344 5442 5183 5376 5335 5020 5195 4818 5203 5367 5139 4812 4916 5262 4767 5230 5416 5054 4836 5479 4737 4774 4707 5496 5459 5030 4978 5436 4947 5374 5699 5466 5494 5255 5337 5273 5652 4901 5197 5368 5211 5037 5463 5178 5558 5469 5386 5200 5396 5105 6057 5425 4851 5331 5064 5452 5432 5160 5358 5187 4991 5398 5092 5354 5101 5410 5036 5421 4789 5178 5306 5149 5238 5397 5165 5374 5247 5248 5935 5338 4767 5217 5496 4785 4808 5240 5876 5274 5054 5441 5343 5170 5649 4928 5753 5360 5375 5501 5375 5287 5367 4836 5186 5079 5730 4904 5112 5227 5387 5500 5031 5452 5205 4792 5621 5433 5615 5360 5359 5379 5174 5060 5019 5068 4890 4895 5458 5302 5114 5307 4427 5132 5003 4796 5074 5314 5098 5345 5430 5091 5362 5322 5012 5110 5331 5190 5199 5174 5123 5007 5372 5547 4778 5428 5160 5140 5224 5714 5003 5054 5026 5708 5204 5173 5591 5312 5204 5161 5152 5135 5156 5110 5354 5208 4873 5649 4988 5236 5481 5109 4996 5467 5233 5116 4978 
5392 5182 5350 5304 5293 4884 5768 4861 5490 4780 5174 5414 5070 4953 5285 5262 5110 5251 5327 4704 5491 5420 5290 5295 5272 4573 5463 4861 5207 5163 5030 4757 5099 5131 5348 5601 5691 5826 5184 4879 5323 5197 5177 5551 5068 5215 5122 4993 5295 5067 4904 5199 5459 5183 5248 5503 4948 5185 5528 5192 5139 5111 5037 5157 5499 5035 5380 5240 5227 5151 4931 5336 5495 5509 5395 5267 4902 5451 5020 5519 5473 5305 4810 4769 5164 4820 5318 5291 5109 4846 5401 4613 4993 4786 5357 5151 5108 4727 5584 4921 4857 5776 5204 5447 5361 5287 5008 5519 5049 5205 5478 5289 5348 5676 5160 5584 5887 5320 4988 5504 5040 6028 5232 4797 5411 5392 5459 5240 5378 5461 5071 5152 5600 5441 5493 5325 5194 5172 5276 4928 4995 5225 5314 4942 5412 4953 5386 5054 5208 5571 5630 4592 5375 5262 4872 5099 5079 5525 5275 5200 5131 5232 4947 5632 4773 5563 5408 5548 5457 5447 4950 5325 4722 5089 5310 5663 4877 5293 4935 4911 5652 5163 5192 4991 4862 5415 5654 5467 5153 4711 5370 5124 5011 5099 4758 5001 5000 5192 5236 5239 5407 4573 5178 4944 5011 5252 5218 5147 5416 5514 5053 5275 5351 4755 5072 5270 5122 5153 4915 5186 4753 5464 5338 5131 5473 5023 5143 5277 5418 4807 5186 5172 5372 4976 5469 5617 5204 5552 5462 5314 5046 5194 5256 5284 5443 4982 5501 5012 5307 5459 4924 5023 5425 5186 5208 5118 
5410 5147 5168 5116 5335 5105 5655 4744 5367 4795 5122 5414 4989 5264 5251 5107 5147 5419 5519 5003 5577 5643 5167 5251 5128 4435 5106 4950 5295 5092 4996 5214 5093 5217 5129 5546 5728 5638 5207 5089 5379 5299 5363 5548 4915 5236 5152 5432 5142 5124 4777 5531 5209 4804 5380 5307 5189 5362 5278 5173 5001 5117 5355 5263 5369 5182 5739 5213 5027 5291 4852 5376 5439 5441 5578 5306 4893 5466 4827 5277 5275 4978 4602 4816 5319 4944 5460 4997 5341 4891 5394 4664 5092 5035 5552 5193 5118 5081 5623 4858 5169 5971 5085 5066 5290 5271 5112 5807 5070 4929 5597 5276 5142 5243 5270 5416 5938 5157 5186 5510 4974 5946 5145 4913 5188 5256 5301 5349 4976 5057 4953 4983 5678 5295 5391 5347 5126 5043 5156 4678 5253 5166 5401 4931 5105 5098 5372 5140 5156 5557 5278 5028 5367 5407 4673 4888 5229 5438 5392 5173 5256 5053 5122 5422 4994 5514 5750 5323 5599 5222 5104 5080 4617 5114 5146 5795 5198 5467 5066 5248 5651 5287 5336 5210 4911 5738 5423 5558 4998 4947 4994 5225 4949 5323 5012 4724 5083 4989 5225 5269 5385 4917 5320 5268 4867 5179 5125 4879 5369 5442 5025 5202 5400 4937 5089 5140 5344 5236 5035 5518 4884 5509 5427 5173 5424 5058 5068 5398 5498 4652 5236 5307 5734 5088 5592 5672 5151 5294 5354 4941 5133 5072 5149 5536 5199 4921 5558 4909 5040 5335 5076 4610 5430 5100 5106 5326 
4929 4993 4904 4594 4581 4627 5189 4599 5295 4427 4775 5105 4524 4369 5155 4626 4993 4826 4825 4224 5171 4976 4492 4801 4659 4127 5010 4408 4831 4657 4670 4641 4638 4675 4821 4982 5233 5322 5072 4600 5182 4731 4893 4933 4754 4700 4779 4726 4771 4596 4547 4965 5091 4727 4825 5109 4641 4712 5022 4817 4796 4728 4823 4906 4942 4987 5120 4717 4671 4836 4456 4913 5173 5145 5053 4789 4696 5045 4629 5101 5115 4824 4657 4425 4800 4436 5019 4850 4800 4625 5100 4488 4797 4687 4814 4787 4660 4487 5283 4770 4684 5325 4921 4693 4886 4868 4697 5358 4845 4706 5004 4794 4779 5105 5029 4914 5287 4845 4981 5160 4936 5070 4902 4424 4886 4767 5218 5238 4769 4805 4724 4833 5221 4950 4775 5048 5080 4498 4679 4544 4672 4777 4940 4782 4729 4559 4693 4695 4701 5033 4803 4525 4663 4972 4168 4601 4919 4949 4927 4822 4676 4883 4482 4888 4417 5100 4948 4985 4856 4798 4773 5007 4124 5070 5117 5192 4662 4866 4754 4766 5058 4799 4532 4951 4373 5036 5065 5113 5106 4342 4707 4717 4784 4657 4595 4434 4603 4838 4884 4829 4999 4208 4818 4563 4533 4785 4752 4563 5031 5346 4714 4907 5047 4522 4472 4701 4720 4719 4613 4781 4460 5122 5141 4566 5101 4899 4467 4896 5161 4478 4818 5023 5154 4702 5043 5398 4753 4959 5005 4655 4684 4317 4922 4772 5063 4511 5123 4489 4976 4899 4728 4562 4910 4858 4866 4863 
5203 4804 4946 5138 4768 4827 5250 4608 5323 4489 4770 4854 4522 4626 5366 4646 4857 4938 5074 4769 5172 5282 4838 4839 4794 4492 5106 4673 5036 4899 4793 4696 4784 5073 5163 5274 5380 5534 5159 4662 5232 4874 5025 5326 4572 5017 4864 5082 5046 4814 4657 5042 5068 4955 4813 5079 4737 5006 5235 4866 5071 4797 4837 4856 5212 4862 5166 4653 5019 4829 4509 5266 5413 5084 5114 5124 4885 5043 4697 4890 5111 4820 4578 4561 5182 4780 4989 4882 4678 4806 5003 4328 4933 4652 4971 5020 4849 4827 5380 5095 5111 5613 4790 4964 4945 5286 4762 5448 4726 4792 5098 4896 4922 5167 5005 5243 5537 5133 4775 5145 4854 5462 4934 4756 4980 4868 4880 4904 5108 4965 5373 4784 5286 4847 4925 4840 5076 4887 5108 4599 5106 4703 5068 4769 4881 4852 4995 5081 5109 5425 5183 4552 5165 5232 4658 4785 4815 5316 5169 5141 4827 5117 4953 5344 4807 5309 5313 5035 5163 5363 4818 4811 4693 5035 4828 5652 4810 5130 4814 4972 5261 5015 5267 5012 4543 5082 5199 5159 4930 4576 4947 4854 4922 4883 4631 4694 4588 4945 4655 4885 5001 4745 4597 4791 4807 5110 5156 4610 5217 5058 4932 5120 5152 4728 4715 5175 4854 5047 4845 5013 4609 5035 5266 4794 4991 4764 4628 4953 5497 4739 4852 4964 5191 4783 5007 5585 4956 5273 4924 4903 4671 4923 5436 4932 5122 4545 5211 4704 4977 5249 4834 4697 5115 4944 4837 4891 
5205 5210 5118 5166 5212 4773 5417 4649 5434 4333 5008 5332 4852 4949 5072 4967 5093 5027 5256 4822 5370 5251 4602 5277 5335 4391 5215 4576 4867 4812 4970 5046 4850 5179 5235 5348 5541 5466 5391 4900 5185 4977 5232 5264 4644 5121 4888 5166 5355 5109 4958 5481 5337 5194 4974 5355 4970 5137 5242 4799 5081 4866 5051 5161 5418 5049 5166 5069 5057 5150 4696 4865 5619 5017 5220 5073 4941 5376 4684 5054 5386 5320 4549 4626 5188 5003 5298 5027 5120 4752 5259 4618 5058 4704 5118 5262 4938 4933 5411 4900 5268 5648 5320 5177 5422 5128 4937 5460 4975 4750 5077 5064 4794 5249 5133 5148 5614 5235 4988 5464 4978 5768 5528 4892 5260 5096 5073 5317 5040 5229 5186 5085 5413 5027 5421 5130 5201 4951 5318 4665 5213 5079 4946 4964 5042 5203 5469 5017 5232 5348 5309 4550 5175 5231 4714 5128 4918 5231 5224 5028 4868 5131 4911 5509 5067 5533 5562 5314 5421 5107 5109 5183 4652 5012 5170 5643 4802 4974 4852 5146 5587 5079 4937 4931 4708 5302 5577 5532 5185 4846 5242 5305 4839 5090 4668 4819 4587 4841 4991 5054 5031 4889 5253 4972 4919 5052 5286 4913 5114 5381 5183 5101 5182 4687 4985 4931 4998 5209 5122 5048 4352 5408 5538 4721 5433 4892 4815 5141 5627 5008 5037 5268 5094 5015 5461 5854 4898 5532 5155 5069 4790 5118 5506 5192 5003 4842 5469 4817 4861 5226 4939 4714 5397 4991 5119 4918 
5748 5497 5211 5105 5167 5226 5606 4684 5512 4710 5253 5261 5022 5057 5584 5188 5276 5194 5297 4948 5518 5321 5479 5559 5707 4625 5395 5097 5486 5026 4870 5342 5137 5486 5527 5494 5902 5856 5651 5125 5595 5259 5381 5570 5124 5392 5226 5393 5215 5099 5143 5736 5424 5150 5410 5695 4907 5393 5586 5352 5391 5175 5377 5307 5594 5498 5543 5265 5121 5306 5289 5308 5537 5379 5500 5595 5007 5603 4843 5316 5313 5317 5149 4993 5455 4882 5471 5375 5305 4806 5510 5051 5262 5201 5543 5204 5112 5169 5761 5288 5195 5752 5484 5527 5704 5535 5392 5664 5091 5193 5173 5339 5359 5493 5642 5488 5715 5622 4909 5503 5264 5868 5585 4726 5472 5406 5565 5508 5326 5511 5288 5174 5907 5481 5344 5131 5116 4792 5353 4921 5578 5434 5158 5170 5284 5215 5262 5338 5215 5816 5560 4849 5608 5615 4719 5196 5214 5458 5300 5321 5351 5331 5178 5455 5129 5512 5795 5481 5684 5261 5144 5232 4796 5238 5174 5810 5115 5330 5121 5374 5791 5021 5164 5270 4928 5355 5775 5620 5234 4962 5269 5441 4939 5570 5229 4867 4826 5533 5594 5369 5369 4844 5548 5282 5084 5449 5411 5199 5591 5606 5214 5347 5357 5053 5320 5209 5229 5331 5360 5202 4889 5781 5618 4755 5488 5056 5283 5400 5416 5017 5060 5444 5530 5285 5338 5911 5158 5621 5262 5144 5269 5203 5335 5367 5538 4925 5739 4999 5128 5619 5030 5010 5378 5099 5376 5014 
5242 5103 5381 4855 5054 4968 5385 4898 5354 4674 5100 5403 4760 4779 5188 4717 5182 5315 4913 4606 5252 5392 4681 5325 5306 4410 5322 4696 4966 4705 5115 5019 5092 5170 5373 5434 5266 5762 5200 4784 5171 5024 5296 5395 4742 5324 4970 5059 5184 4973 4862 5469 5245 5048 5269 5174 4635 5096 5138 4882 5146 4879 5100 5095 5459 5170 5205 4978 4784 4746 4812 5052 5519 5588 5257 5105 5040 5355 4811 4985 5396 5445 4596 4837 4929 5212 5161 5183 4923 4821 5198 4708 4654 5093 5426 5162 4853 4850 5214 4952 5129 5697 5192 5241 5415 5025 4835 5685 4898 4892 5038 4958 5049 5476 5082 5193 5706 5298 4939 5519 4907 5874 5435 4433 5397 5118 5319 5287 5033 5049 5092 5107 5250 5516 5150 5225 5352 5200 5209 4850 5124 5335 5057 4975 4887 5004 5061 5078 5178 5556 5031 4559 5396 5498 4537 4887 4892 5599 5295 5229 4854 5154 4943 5419 4894 5305 5399 5257 5282 5258 4920 5043 4596 4872 5204 5563 4781 5030 4807 5423 5400 5077 5419 5031 4914 5243 5589 5556 5122 4867 5401 5044 4893 5250 4567 4822 4599 5127 4973 5164 5203 4676 5482 5064 4906 5047 5255 4969 5402 5449 5180 5140 5156 4898 4933 4916 4876 4936 4917 5129 4678 5513 5576 4819 5417 4812 5062 5125 5591 4735 4760 5000 5226 4833 5564 5745 5199 5275 5226 4960 4918 5027 5007 5282 5190 4873 5247 4903 5028 5270 4872 4738 5514 5044 5049 4909 
4953 4924 5252 4999 4840 4934 5360 4645 5359 4584 4788 5163 4713 4882 5055 5008 4831 5026 5166 4953 4885 5401 4702 5054 4850 4353 5036 4374 4949 4809 4773 4755 4806 4676 5056 5277 5651 5332 5164 5083 5056 5183 5083 5243 4549 5077 4915 5007 5037 4849 4892 4977 5144 4771 4976 5388 4622 4819 5443 4903 5007 4821 5265 4794 5216 5022 4911 5067 4907 5120 4803 5063 5231 5146 5303 5159 4867 5204 4441 4974 5274 4975 4856 4604 5154 4892 5412 5199 4849 4610 5412 4444 4864 4717 5060 5047 4974 4640 5476 4896 4830 5682 5054 4814 4961 5133 5152 5238 4882 4701 5010 5006 4983 5087 5060 5173 5072 5021 4639 5262 4882 5406 5307 4773 5022 4965 4803 5246 5120 4878 5262 4738 5196 5043 5029 5157 5339 4959 5068 4659 4910 4834 4931 4787 5064 4923 4777 4926 5025 5357 5197 4598 4943 5032 4616 4810 4869 5170 4860 5063 4825 5191 4485 5466 4945 5228 5391 5195 5131 5200 4823 4857 4581 4943 5204 5301 4910 5086 4708 4910 5585 4853 4876 4966 4392 5272 5184 5131 5120 4469 4986 4977 4868 4852 4653 4680 5007 4884 4862 4800 4911 4338 5148 5097 4817 5214 4825 4911 5208 5398 4861 5095 5293 4684 4906 4965 4801 4591 4926 5072 4642 5183 5212 4872 5183 4910 4994 4985 5312 4932 4933 5196 5351 4776 5105 5512 5222 5264 5033 4728 5051 4771 5281 5080 5175 4691 5297 4632 4913 5017 4660 4993 5416 4840 4566 4862 
5434 5225 5462 5307 5378 4998 5397 4813 5830 4838 5218 5298 5037 5018 5450 5113 5229 5419 5369 4913 5603 5496 5320 5278 5391 4613 5184 4912 5010 4994 4839 4910 5268 5207 5367 5869 5610 5910 5387 5093 5238 5169 5541 5588 4817 5324 5199 5182 5416 5023 4888 5539 5241 5362 5270 5629 5124 5181 5378 5052 5316 5201 5265 5211 5489 5210 5743 5070 5003 5102 4973 5178 5500 5477 5263 5401 5213 5390 5025 5341 5294 5325 4816 4616 5109 4870 5462 5003 4947 4880 5475 4809 5150 4911 5445 5341 5211 5074 5905 5164 5252 5605 5173 5503 5443 5176 5193 5631 4867 5018 5220 5188 5235 5533 5411 5357 5529 5480 5279 5781 5283 6091 5333 4999 5397 5254 5332 5475 5159 5098 5298 5145 5635 5148 5141 5268 5667 5334 5254 4786 5503 5345 5237 4890 5266 5128 5293 5061 5417 5724 5635 4809 5366 5759 4686 5050 5165 5512 5439 5335 4851 5331 4916 5364 5002 5579 5387 5459 5491 5425 5127 5313 4551 5210 5402 5769 4997 5326 5027 5152 5439 5326 5392 5217 5029 5352 5700 5563 5394 4830 5096 5317 5157 5407 4954 4836 4945 5198 4839 5331 5118 4827 5371 5050 5137 5434 5331 5039 5553 5527 5188 5378 5398 4941 5263 5115 5249 5145 5346 5211 4884 5191 5457 5022 5503 5173 5472 5354 5641 5033 5153 5249 5451 5095 5561 5735 5190 5478 5240 5287 5144 5382 5625 5443 5263 4831 5475 5004 5181 5676 4886 5285 5388 5278 4890 4970 
5325 4962 5499 4919 4984 4799 5521 4771 5229 4489 4730 5302 4580 4538 5107 4811 4993 5054 5002 4656 5416 5187 4743 5104 4960 4517 4756 4613 4843 4723 4624 4943 4779 5186 5228 5258 5599 5564 5218 4718 5158 4926 5217 5195 4663 4937 4783 5221 5063 4926 4775 5239 4989 4857 5188 5241 4679 4831 5178 4966 4937 4892 4997 5009 5448 5104 5058 4900 4915 4916 4793 4984 5291 5114 5345 5165 4910 5255 4821 5110 5290 4964 4693 4748 5059 4558 5090 4912 4910 4630 5188 4677 4768 4731 5079 5153 4794 4875 5380 4971 5187 5608 5121 5177 5242 5117 4687 5461 4970 4795 4967 4777 4815 4845 5190 5055 5652 5148 5077 5410 4884 5644 5266 4705 4984 5027 5057 5351 4908 4907 4886 4796 5138 5269 4870 4771 5087 4876 5108 4589 5282 4919 5118 4857 5207 4919 5196 4879 5119 5599 5270 4711 4885 5206 4633 4905 4776 5442 5127 5052 4905 5269 4778 5135 4772 5283 5278 5091 5126 4946 4970 5027 4676 5003 4936 5539 4628 5194 5017 4793 5371 5023 5495 5034 4508 5477 5464 5158 5056 4877 5067 4878 4918 4933 4990 4796 4696 5130 4987 5230 5104 4624 5090 5037 5023 5032 5012 4708 5443 5262 5123 5216 5221 4713 4627 5257 5065 4898 5049 4859 4555 5153 5269 4890 5367 5217 5183 5277 5445 4877 4741 5064 5127 4608 5357 5685 4950 5367 5181 5065 4656 4895 5074 4919 5361 4675 5263 4975 4878 5015 4910 4682 5154 4936 4727 5018 
5104 5166 5358 4844 5261 5007 5694 4772 5630 4538 5077 5243 4879 4849 5326 4971 5295 5136 5061 4522 5649 5100 4883 5210 5159 4317 5192 4718 5264 5027 4941 4794 4996 5101 5167 5529 5350 5541 5131 4846 5159 5123 5356 5202 4775 5190 4680 5223 5268 4973 5014 5413 5305 5084 5137 5239 4920 5137 5036 5284 5046 5111 5248 5197 5632 4968 5440 5031 4966 4947 4846 5235 5148 5101 5252 5344 4872 5068 4661 5214 5203 4954 4812 4679 5104 4953 5125 5072 5109 4677 5413 4715 4909 4885 5038 5290 4928 4891 5260 4996 5164 5760 5353 5179 5267 5082 4995 5359 4793 4799 4916 4999 4939 5258 4915 5171 5511 5436 5189 5123 4964 5572 5521 4585 5220 5240 5335 5482 5039 5422 5152 4812 5452 5319 5180 5196 5153 4932 5266 4725 5016 5326 5057 4877 5260 4884 5057 5026 5058 5630 5346 4526 5143 5378 4769 4873 5136 5383 5279 5272 5112 5185 4770 5170 4954 5526 5428 5362 5341 5067 5125 5213 4534 4996 5018 5473 5087 5252 5053 5245 5737 5264 5236 5147 4934 5380 5295 5090 5213 5143 5234 5044 5080 5051 4678 4916 4852 5122 5130 5199 5140 4377 5130 4908 4973 4927 5221 4931 5380 5360 4966 5376 5488 4929 4761 5095 5076 5069 4869 4991 4741 5577 5610 4766 5237 5035 5276 5084 5343 4853 4953 5156 5380 5027 5357 5607 5092 5268 5195 5111 4885 4907 5164 5243 5096 4994 5545 4923 5177 5004 4895 4870 5476 5135 5198 4982 
5945 5774 5763 5685 5487 5561 6227 4921 5871 5144 5580 5796 5418 5592 5893 5373 5191 5693 5724 5025 5908 5811 5509 5679 5814 4768 5493 4996 5689 5461 5408 5552 5327 5595 5772 5697 6553 6275 5873 5621 5990 5534 5734 6039 5277 5519 5421 5628 5784 5319 5539 5767 5876 5457 5518 5771 5528 5662 5671 5459 5678 5290 5780 5771 5862 5882 5788 5628 5547 5559 5288 5928 6005 5921 5704 5677 5441 5740 5128 5448 5812 5487 5206 5039 5699 5300 5675 5678 5544 5224 5802 5165 5597 5258 5902 5737 5486 5332 6101 5390 5452 6062 5728 5761 5598 6027 5707 6042 5656 5457 5638 5421 5411 5592 5713 5656 6260 5942 5779 5749 5473 6296 5633 5336 5626 5551 5837 5683 5612 5546 5559 5645 6042 5760 5587 5664 5989 5322 5620 5240 5558 5591 5781 5509 5650 5613 5734 5631 5687 5943 5727 5231 5680 5821 5187 5153 5645 5979 5619 5767 5579 5820 5550 5842 5457 5858 5945 5726 5982 5671 5610 5439 5225 5577 5700 6288 5252 5639 5454 5685 6167 5686 5937 5691 5336 5848 5864 5967 5616 5507 5667 5603 5662 5545 5443 5304 5274 5650 5495 5758 5712 5179 5692 5563 5424 5530 5801 5355 5967 5745 5486 5741 5897 5540 5549 5648 5627 5690 5355 5725 5157 5935 6111 5471 5726 5618 5521 5830 5959 5351 5674 5748 5737 5470 5849 6099 5628 5927 5851 5581 5590 5652 5670 5609 5880 5150 5986 5250 5529 5880 5270 5349 5798 5358 5176 5794 
5070 4663 4846 4786 4487 4762 5008 4366 5151 4222 4811 5189 4509 4612 4943 4716 4975 5068 4860 4668 5154 4900 4831 5061 4754 4182 4616 4439 4874 4680 4880 4544 4679 4938 4776 5289 5324 5357 5171 4608 5004 4841 4744 5061 4627 4953 4521 4759 5066 4594 4659 5039 5231 4858 4994 5118 4858 4913 4992 4847 4694 4721 4906 4606 5039 4973 4956 4993 4791 4710 4253 4819 5079 4890 5030 4898 4457 4947 4502 4778 4899 4752 4320 4616 4969 4556 5078 4915 4704 4741 4879 4051 4495 4789 4863 4866 4669 4775 5110 4645 4804 5033 4960 4931 4937 4853 4701 5199 4590 4554 4752 4783 4601 4968 4693 5157 5195 4971 4546 5108 4494 5279 5104 4621 4904 4542 4708 4892 4664 4944 5030 4711 4982 4710 4847 4864 4728 4627 4816 4408 4916 4906 4627 4794 4622 4715 4859 4970 5151 5268 5151 4493 4898 5178 4408 4655 4732 5024 5018 4791 4756 4887 4539 4933 4804 5067 5267 4983 5045 4974 4731 4831 4214 5035 4812 5308 4390 4804 4816 4885 5196 4756 4835 4748 4611 5064 4930 5259 4744 4419 4675 4666 4668 4859 4269 4473 4395 4785 4893 5068 5017 4365 4786 4672 4602 4821 5075 4514 4869 5035 4558 5049 5004 4540 4535 4600 4684 4728 4882 4775 4419 4984 4992 4524 4903 4640 4776 5075 5429 4445 4861 4766 4859 4892 5047 5274 4879 4851 4732 4729 4872 4646 5085 4813 4969 4495 5136 4617 4846 5135 4630 4448 5140 4759 4714 4743 
5181 5271 5135 4989 5044 4883 5579 4893 5413 4628 4838 5359 4887 4736 5440 5035 5083 5023 5177 4682 5474 5331 4956 5029 4961 4602 5020 4722 5132 4869 4770 5047 5013 5043 5156 5515 5893 5599 4977 5259 5443 4996 5200 5455 4742 4915 5011 5184 5291 4759 4764 5262 5154 4929 4941 5082 4796 5064 5309 4967 5257 5072 4943 5036 5627 4988 5422 5215 5010 5179 4776 5604 5496 5448 5508 5253 5012 5051 4784 5283 5427 4979 4678 4745 5184 4748 5023 5227 5133 4474 5115 4592 4852 5044 5254 5070 5147 4812 5541 5128 5177 5648 4978 5266 5430 5187 4762 5619 4963 4918 5246 4963 4925 5082 5144 5182 5643 5399 5031 5289 4937 5769 5157 4668 5254 5241 5157 5113 5000 5270 4927 4931 5636 4920 4946 4992 5205 4869 5276 4653 5076 4868 5250 4874 5326 5012 5041 5121 5079 5669 5226 4871 5128 5338 4605 4891 5207 5473 5411 5226 4939 5206 4887 5241 4748 5502 5254 5130 5322 5392 4986 5175 4710 5162 4902 5402 4994 5111 5111 5029 5364 4972 5132 4934 4574 5557 5113 5271 5052 4989 5008 5058 5184 4870 5079 4803 4882 5114 4925 5069 5177 4651 4989 5062 4860 5384 5078 4884 5480 5307 4951 4983 5504 4868 4745 5052 5017 5140 4985 5285 4439 5367 5432 5107 5278 5203 5140 5295 5270 4899 5186 4886 5400 4988 5377 5681 5207 5121 5239 5098 4588 4900 5386 4911 5273 4868 5473 4806 4854 5091 4965 4583 5341 4731 4839 5166 
5291 5399 5223 5096 5194 5025 5318 4658 5385 4861 5128 5188 4888 4872 5560 4868 5272 5100 5411 4739 5641 5228 5108 5302 5332 4193 5019 4731 5194 5083 4953 5052 5050 4995 5489 5443 5949 5685 5410 5236 5581 4932 5450 5281 4989 5197 5043 5333 5267 4913 5152 5215 5326 5218 5162 5339 5056 5215 5122 5149 5199 5129 5120 5222 5441 5045 5549 5216 4997 5191 5069 5043 5389 5198 5217 5379 5024 5101 4732 5212 5343 5205 4722 4572 5293 5002 5305 5175 5094 4921 5335 4785 5126 4885 5214 5360 5080 4763 5531 4899 5358 5839 5221 5198 5191 5100 5092 5453 4741 4980 5306 5331 5069 5334 5009 5224 5653 5419 5168 5415 5173 5823 5358 4810 5585 5262 5386 5403 5104 5387 5171 5226 5483 5180 5517 5210 5349 4916 5286 4800 5121 5390 5089 5209 5291 5054 5213 5166 5097 5524 5337 4672 5334 5511 4662 4860 5049 5571 5144 5529 5127 5475 4943 5608 4858 5725 5507 5235 5565 5395 5309 5441 4728 5042 5087 5449 4772 5182 4932 5267 5458 5156 5203 5317 4948 5249 5454 5455 5295 5023 5225 4950 4979 4983 5009 4835 4934 4921 5136 5466 5316 4671 5458 4947 5021 5215 5456 4948 5399 5634 4964 5393 5504 4925 4988 5474 5140 5256 5061 5364 4497 5376 5422 5040 5289 5163 5063 5281 5500 5201 5164 5197 5715 5205 5356 5813 5238 5149 5377 5140 5136 4999 5418 5154 5053 4685 5475 4944 5270 5311 5037 4993 5325 5178 4911 5058 
5710 5338 5506 5245 5427 5327 5795 4983 5858 5106 5268 5575 5207 5421 5812 5224 5481 5406 5660 5296 5903 5541 5213 5448 5481 4815 5281 5007 5670 5102 5408 5265 5212 5562 5719 5800 6114 6157 5730 5239 5693 5304 5622 5704 5345 5675 5180 5581 5552 5246 5459 5627 5557 5404 5729 5553 5324 5470 5639 5501 5454 5382 5356 5745 6010 5638 5450 5531 5251 5407 5190 5618 5616 5709 5659 5915 5503 5841 5133 5663 5838 5267 5270 5094 5841 5290 5529 5420 5288 5219 5771 4893 5138 5362 5848 5360 5590 5329 5894 5296 5330 6159 5309 5597 5430 5635 5445 5909 5389 5401 5521 5672 5615 5594 5528 5647 6159 5789 5441 5729 5417 6279 5416 5231 5766 5739 5480 5614 5549 5393 5385 5408 5871 5743 5160 5444 5719 5292 5733 5057 5471 5472 5597 5423 5542 5416 5470 5265 5454 5734 5580 5130 5559 5921 4786 5255 5229 5826 5725 5504 5398 5726 5327 5745 5152 5714 5641 5575 5793 5783 5574 5705 4950 5576 5405 5972 5044 5701 5440 5610 5847 5527 5573 5614 5001 5740 5903 5552 5551 5143 5461 5582 5413 5142 5321 5005 5130 5508 5666 5522 5416 4845 5687 5577 5281 5547 5485 5169 5621 5841 5256 5695 5575 5374 5211 5697 5234 5361 5547 5339 5078 5959 5677 5285 5572 5541 5246 5503 5627 5310 5322 5514 5583 5265 5589 6085 5470 5512 5526 5407 5371 5550 5644 5454 5563 5074 5908 4948 5617 5865 5200 5141 5907 5241 5541 5366 
5160 5010 5004 5002 4991 4748 5405 4842 5173 4571 4876 5191 4675 5047 4918 5065 4779 5179 5292 4505 5038 4924 4952 5112 4849 4276 5203 4749 4874 5099 4787 4809 5004 5065 5036 5419 5363 5487 4896 4863 5033 4993 5203 5408 4768 4919 4750 5158 5103 4831 4923 5139 4979 4846 5120 5325 4716 4890 4993 4950 5093 5221 4844 5044 5466 4761 5274 5039 5060 4789 4712 5105 5147 5337 4899 5368 4751 5715 4648 5015 5252 5145 4277 4349 5163 4909 4987 5053 5043 4883 5198 4629 4695 4694 4912 5114 4799 4841 5375 5049 5099 5565 4964 4862 5471 4792 4770 5544 4824 4847 5028 4932 4798 5218 4974 5352 5667 4996 5251 5133 4932 5772 5097 4639 5057 5071 5048 4807 5156 5203 4931 5267 5293 5156 5244 5080 5278 4969 5267 4603 5058 4997 5105 4733 5152 5033 5118 5085 5162 5096 5134 4724 5214 5164 4500 4864 5050 5100 5260 5224 4972 5455 4707 5242 4823 5460 5499 5436 5358 5171 4907 4910 4423 5115 5276 5315 4984 5320 4872 4897 5400 5015 5156 5006 4641 5212 5384 5131 4926 4729 4969 5200 4934 4949 4751 4736 4507 4928 4960 5086 5121 5001 5294 4909 5052 5168 5142 4665 5213 5126 4823 5030 4956 4682 4981 5009 5078 5436 4882 5100 4606 5322 5101 4800 5143 5158 5270 4925 5082 4580 5040 4999 5313 4996 5509 5303 5153 5282 4836 4981 5052 4942 5244 5227 5284 4933 5242 4667 4861 5048 4972 4662 5144 4884 4943 5157 
5309 5460 5252 5133 5211 5126 5346 4737 5438 4831 5222 5447 5052 4995 5617 5268 4989 5107 5471 4791 5324 5330 5103 5398 5445 4572 5391 4798 5453 5142 5053 5040 4808 5157 5453 5373 5917 5735 5492 4973 5504 5174 5527 5451 4985 5208 5093 5324 5585 4879 5067 5387 5541 5133 5312 5445 5122 4966 5501 5228 5326 5353 5311 5276 5330 5356 5629 5172 5135 5320 5059 5557 5556 5589 5484 5466 5236 5306 4966 5408 5523 5312 4672 4915 5510 4894 5222 5033 5270 4767 5524 4825 5415 4860 5336 5036 5294 5130 5799 5129 5200 6069 5356 5311 5387 5469 5248 5718 4806 5085 5391 5411 5228 5466 5249 5213 5855 5586 5048 5767 5132 6035 5393 4731 5665 5538 5665 5241 5237 5411 5015 5206 5626 5338 5220 5325 5278 5050 5092 5058 5202 5413 5256 4927 5266 5094 5220 5133 5396 5816 5500 5092 5512 5412 5064 4920 5071 5513 5363 5194 5301 5404 5088 5508 4909 5573 5287 5240 5588 5699 5142 5387 4891 5448 5184 5781 5158 5287 4809 5411 5595 5055 5669 5286 5045 5455 5780 5566 5421 5270 5297 5296 5360 5254 5025 5116 5097 5383 5056 5483 5419 4688 5351 5232 4935 5487 5311 5032 5455 5707 5102 5265 5321 4937 5108 5293 5326 5287 5158 5605 4805 5607 5730 5049 5257 5319 5060 5591 5602 5017 5048 5079 5491 5239 5488 6181 5281 5506 5354 5292 5028 5227 5360 5240 5396 4780 5514 5091 5451 5416 4987 4931 5433 5211 4984 5185 
5000 4643 4668 4600 4562 4592 4846 4495 4746 4292 4510 4618 4419 4644 4704 4499 4663 4648 4841 4254 4957 4903 4540 4849 4569 3895 4697 4290 4505 4437 4607 4695 4336 4797 4959 4805 5289 5345 4945 4430 4805 4732 4654 4892 4463 4763 4397 4632 4718 4304 4323 4697 4771 4574 4570 4994 4071 4555 4773 4423 4764 4578 4728 4445 4949 4686 4805 5099 4553 4705 4390 4416 4919 4698 5129 4754 4210 5025 4417 4515 4910 4792 4343 4364 4730 4363 4878 4708 4502 4292 4888 4309 4586 4244 4571 4627 4283 4275 4912 4623 4533 5129 4798 4827 4718 5145 4583 4917 4440 4471 4784 4624 4330 4884 4807 4641 5125 4816 4720 4842 4428 4991 4887 4477 4585 4661 4662 4612 4834 4585 4345 4496 4721 4736 4908 4775 4797 4438 4779 4527 4632 4521 4615 4438 4953 4670 4876 4443 4696 5004 4884 4280 4892 4695 3908 4562 4701 4852 4712 4869 4781 4861 4524 4854 4441 5116 5220 4678 4784 4466 4759 4597 4315 4352 4708 4824 4714 4658 4443 4607 5074 4459 4765 4478 4281 4785 4994 4961 4566 4529 4540 4507 4489 4539 4147 4269 4131 4466 4410 4586 4624 4121 4798 4574 4535 4808 4773 4628 4918 4871 4514 4828 4609 4374 4457 4581 4502 4589 4476 4664 4043 4828 4931 4102 4514 4383 4336 4662 5357 4369 4377 4588 4874 4694 4795 5124 4518 4754 4654 4548 4661 4465 4843 4778 4677 4384 4893 4387 4613 4764 4525 4313 4820 4214 4273 4613 
5266 4852 5278 4898 4946 4924 5565 4509 5269 4543 4975 5258 4928 4728 5347 4761 4975 4851 4992 4855 5210 5236 4804 5444 5070 4665 5065 4719 5019 4896 5020 5102 5023 5004 5175 5228 5300 5403 4940 5114 5269 4955 5123 5308 4669 5163 4994 5122 5273 5127 5053 5117 5188 4890 5089 5380 4795 5210 5092 4902 4918 5070 4953 5323 5480 5134 5411 5230 4755 5053 4893 5228 5252 5561 5312 5468 4740 5463 4775 4842 5410 5359 4895 4653 5230 4926 5183 4868 4827 4707 5253 4741 4815 4950 4922 5291 4889 5144 5338 4961 5058 5388 5166 4877 5361 5170 4953 5563 4964 4946 4950 4967 5083 5216 5285 5084 5699 5396 4849 5429 4767 5809 5244 4649 5041 5177 5251 5224 4879 5392 5000 4647 5628 4888 4970 5219 5155 5259 5395 4686 5060 5223 4985 4794 4886 4951 5204 4943 5107 5584 5300 4825 5328 5514 4533 4941 4752 5297 5352 4792 5034 5275 5036 5229 4693 5284 5534 5241 5469 5207 5249 5089 4753 4903 5260 5490 4803 5209 5150 5055 5496 4944 5157 5285 4468 5517 5360 5261 5201 4733 4994 5031 4842 4732 4842 4603 4890 5080 5173 4974 5091 4706 5509 4961 4859 4909 5241 4905 5232 5594 4861 5261 5053 4831 4784 5051 4790 4885 4742 5341 4496 5407 5446 4597 5304 5088 4773 5188 5417 4816 4942 5053 5388 5015 5450 5531 4882 5329 5161 4945 4912 4914 4989 5275 5241 4727 5285 4753 5120 5520 4893 4808 5333 4978 4739 5042 
5292 4974 5301 4926 4968 5105 5565 4514 5236 4577 4708 5433 4772 4935 5079 4935 5076 5200 5143 4662 5347 5269 4836 4958 4927 4503 4942 4712 4983 4640 4909 4917 4815 4920 5201 5364 5789 5560 5040 4991 5252 5080 5190 5407 4947 4893 4753 5186 5391 5079 5168 5226 4932 4800 5133 4936 4842 4990 5275 4649 5062 5221 5036 5054 5532 4910 5615 4990 4858 5131 4812 5098 5451 5116 5667 5520 5154 5205 4801 5013 5104 5144 4503 4819 5235 4878 5419 4901 4946 4803 5184 4633 4854 4843 4931 5165 4848 4922 5289 5008 5183 5662 4903 5040 5116 5196 4912 5632 4786 4753 4881 5169 4876 5243 5318 4981 5698 5289 4988 5521 4831 5840 5403 4780 5300 5181 5193 5166 5138 4966 5151 4869 5388 4661 5183 4931 5425 4808 5131 4345 5058 5205 5277 4937 5216 4827 5212 5134 5315 5516 5333 4572 5245 5367 4554 4897 5320 5317 5197 4950 4895 5133 4847 5307 4890 5431 5315 5068 5297 5291 5170 5010 4596 5281 5103 5658 4817 5163 5135 5161 5458 5107 5251 5216 4639 5494 5375 5197 5344 5031 4870 5211 5034 5190 4724 4614 4736 5233 4953 5078 4923 4777 5188 5023 5207 5050 4951 4807 5005 5156 5054 5088 5163 4915 4736 5251 4897 5131 4830 5002 4611 5370 5518 4795 5407 5067 4987 5161 5221 4909 4806 5197 5428 4884 5613 5908 5030 5460 5078 4866 4742 5093 5318 5050 5153 4678 5131 4872 4883 5191 5036 4882 5293 4905 4917 4962 
5392 5190 5268 4972 5155 5228 5539 5025 5496 4750 5112 5160 4945 4821 5361 5063 5168 5166 5378 4880 5337 5486 5120 5441 5370 4538 5121 4984 5115 4961 5102 5070 4878 5215 5306 5444 5722 5555 5196 5150 5855 5199 5168 5559 4985 5259 5320 5127 5297 4981 4850 5350 5153 4985 5050 5414 4819 5437 5118 5104 5234 5173 5383 5074 5641 5253 5224 5303 5354 5169 4974 5520 5735 5352 5452 5503 5061 5546 4908 5089 5470 5191 4736 4724 5446 5178 5152 5370 5233 4896 5248 4649 5047 4746 5423 5208 5114 4872 5582 5040 5213 5711 5076 5438 5492 5319 5324 5609 4880 4855 5069 5306 5241 5231 5170 5416 5958 5237 5011 5484 4897 5684 5531 4696 5207 5325 5324 5262 5238 5448 5202 5058 5566 5220 5279 5202 5455 4934 5602 4648 5207 5337 5100 5048 5247 5130 5389 5523 5339 5601 5371 4897 5455 5415 4536 4902 5424 5487 5235 5175 5223 5279 4964 5569 5168 5572 5447 5453 5763 5282 5136 5269 4646 5079 5056 5683 5007 5212 4779 5247 5490 5005 5348 5225 4854 5299 5418 5468 5176 5111 5095 5237 5068 5210 4801 5115 5035 5068 5259 5051 5238 4808 5058 5216 5058 5316 5179 5092 5188 5233 5016 4970 5374 4940 4960 5381 4965 5352 5075 5248 4804 5593 5702 4831 5285 5000 5311 5191 5699 5031 5111 5066 5353 5097 5547 5838 5094 5160 5146 5148 5042 5032 5158 5004 5450 4881 5755 4981 5061 5266 5006 4836 5412 5195 5126 5094 
5128 4929 4919 4805 4910 4859 5341 4579 5223 4498 4901 5075 4677 4684 4947 4755 4826 5080 5060 4615 5049 5064 5027 5082 4812 4365 4998 4752 4967 4800 4702 4749 4852 5095 5181 5341 5441 5413 5056 4820 5369 5074 5251 5494 4823 5205 4892 5028 5006 5148 4909 5202 5051 4968 4948 5345 4840 5193 4885 4916 5108 5204 4796 4865 5458 4897 5584 5151 5086 4772 4798 5071 5179 5259 5102 5132 4830 5299 4688 4933 5073 4769 4795 4640 5340 4688 5126 5108 4872 4747 5134 4734 4769 4868 5402 4933 4769 4821 5481 4836 4829 5464 5097 4991 5207 5136 4987 5301 4716 4916 4932 5033 5079 5287 4952 5317 5480 5047 4892 5295 4577 5900 5104 4670 5171 5085 5296 5170 5053 5076 4861 4735 5405 4965 4934 4920 5178 5065 5473 4783 5048 4969 5061 4737 5043 4797 5066 5255 5237 5438 5272 4728 5255 5177 4581 4786 4960 5387 5074 4838 4767 5044 4981 5130 4839 5360 5307 5073 5054 5257 4890 4854 4501 5050 5051 5411 4625 4929 4915 4817 5291 5074 5062 5083 4581 5218 5426 5341 5052 4797 4945 5143 4905 5040 4938 4449 4738 4927 5014 5062 5021 4437 4982 5012 4606 4979 5072 4618 5117 5244 4884 5090 5081 4910 4935 4954 4840 5078 4700 4906 4570 5348 5243 4600 5086 4973 4952 5081 5577 4738 4907 4804 5324 4739 5335 5342 5175 4972 4928 4866 5217 5070 5023 4899 4832 4574 5175 4901 5102 5302 4781 4882 5429 4703 4607 4765 
5116 4987 5077 4864 4819 4929 5228 5071 5320 4739 4972 4883 4833 4711 5065 4943 4867 4949 5050 4622 5275 5196 4648 4995 5028 4308 4996 4585 4882 4736 5135 5007 4592 4862 5186 5171 5523 5453 4968 5019 5348 4965 4983 5075 4876 4903 4752 4888 5068 4776 4610 5275 5056 4921 4951 5115 4892 5012 4912 4861 4914 4813 4931 4898 5247 4974 5184 5087 4976 5014 4757 4965 5460 5054 5206 5047 4866 5061 4554 4913 5352 5285 4515 4502 5119 4782 5026 4954 4669 4547 5182 4255 4734 4767 4979 4980 4621 4492 5295 4889 4849 5482 5218 5308 5004 5130 4611 5194 4763 4841 5099 5051 4944 5231 5203 5011 5475 5011 5202 5212 4607 5339 4969 4502 4978 4933 4915 5075 4807 5081 5088 4775 5273 5004 5078 4799 5224 5024 5027 4623 5067 4883 4639 5085 5041 4843 5090 4978 4897 5487 5084 4414 4996 5048 4552 4834 4695 5261 5035 5038 4868 5096 4861 5444 4759 5279 5510 4898 5316 5125 5032 5042 4563 4696 4876 5549 4777 4982 4708 4719 5329 4791 5063 4814 4666 5135 5284 5283 4959 4706 4720 4909 4707 4837 4757 4669 4771 4889 4853 4969 4780 4545 5373 4653 4595 4891 5159 4561 5230 5131 4962 4881 5028 4700 4512 4853 4805 4955 4967 5064 4565 5028 5257 4446 5099 4676 4650 5090 5288 4814 4749 5076 5273 4687 5191 5538 4702 5026 5147 4996 4724 4810 5092 4982 4981 4680 5277 4572 4905 5182 4832 4528 5146 4919 4856 4854 
5307 5080 5431 5165 4878 5078 5538 4519 5253 4683 5033 5469 4926 4911 5126 4898 5040 5041 5059 4701 5395 5243 5014 5301 5169 4397 5083 4985 4910 4981 4835 5157 5005 5135 5358 5309 5655 5742 5373 4969 5665 4956 5012 5769 4659 5101 4902 5050 5397 5122 4927 5241 5194 5144 5174 5256 4977 5225 5444 4945 5108 5334 5119 5320 5495 5286 5185 5244 5044 5172 4932 5196 5468 5594 5528 5304 4892 5767 4801 4989 5493 5157 4964 4892 5320 5017 5209 5227 5106 4799 5382 4749 5052 4832 5204 5342 4969 5091 5693 5056 5264 5931 5243 5065 5227 5324 5097 5600 4906 5111 5197 5045 5024 5319 5470 5206 5642 5436 5131 5352 4880 5946 5195 4786 5426 5133 5259 5342 4917 5327 4999 5170 5339 5252 5172 5232 4991 4886 5163 4914 5287 5176 5320 5117 5215 5064 5160 4815 5132 5603 5311 4879 5287 5521 4590 5162 5051 5622 5239 5239 5035 5360 5106 5339 4858 5507 5368 5324 5493 5598 5490 5185 4601 5193 5423 5539 5016 5153 5140 5387 5592 5058 4994 5271 4825 5230 5674 5228 5106 4821 5049 5504 4909 5131 5012 4758 4763 5089 5098 5213 5058 4859 5351 5160 4909 5534 5282 4874 5457 5481 4773 5233 5195 4859 5107 5230 5061 5305 5011 5234 4707 5484 5556 5052 5346 5431 4881 5395 5375 4957 4894 5262 5569 4997 5397 5890 5149 5301 4967 5064 5030 5214 5401 5365 5221 4799 5445 4814 5194 5409 4926 5020 5341 4803 4962 4870 
5535 5548 5772 5247 5285 5178 5834 5144 5743 4828 5462 5788 5238 5263 5565 5390 5319 5593 5728 4942 5824 5445 5249 5306 5211 4610 5543 5138 5327 5276 5372 5503 5143 5405 5548 5640 5878 5834 5351 5055 5518 5435 5742 5727 5034 5557 5158 5415 5532 5319 5099 5706 5627 5453 5808 5822 5039 5448 5486 5193 5618 5559 5580 5529 5778 5544 5806 5337 5397 5627 5433 5332 5713 5631 5712 5681 5439 5391 5201 5409 5569 5762 4794 5093 5705 5222 5612 5222 5464 5072 5776 5139 5590 5235 5581 5496 5159 5017 5884 5443 5609 6159 5618 5698 5942 5332 5331 5937 5232 5294 5406 5386 5418 5482 5679 5298 6057 5574 5330 5869 5214 6082 5626 4909 5485 5507 5589 5567 5486 5314 5533 5204 5927 5553 5534 5385 5485 5175 5656 4956 5720 5606 5316 5216 5474 5316 5355 5393 5572 5804 5604 5213 5729 5610 4910 5223 5391 5675 5781 5582 5232 5554 5198 5520 5293 5880 5638 5407 5737 5637 5359 5410 4765 5325 5548 6136 4968 5580 5271 5470 5852 5573 5461 5216 4957 5566 5818 5784 5429 4989 5437 5572 5710 5773 5276 4811 4883 5310 5076 5482 5483 4943 5454 5133 5176 5502 5575 5233 5642 5787 5381 5286 5635 5370 5387 5505 5202 5450 5029 5344 4738 5715 5870 5054 5535 5139 5432 5778 5673 5138 5405 5464 5779 5191 6052 6099 5507 5728 5414 5665 5360 5560 5612 5543 5464 5004 5501 4984 5328 5682 5213 5204 5557 5468 5348 5115 
5559 5323 5532 5319 5182 5081 5828 5199 5726 4978 5189 5539 5098 5221 5136 5316 5513 5191 5540 4947 5454 5612 5219 5437 5490 4761 5355 5035 5460 5079 5385 5441 5232 5249 5653 5653 6037 6026 5450 5118 5634 5397 5505 5499 5006 5291 5412 5147 5517 5092 5232 5733 5198 5370 5632 5801 5052 5421 5613 5269 5384 5341 5433 5289 6003 5673 5782 5602 5405 5416 5086 5584 5599 5476 5779 5653 5160 5836 5042 5407 5663 5554 4915 4843 5604 5140 5712 5495 5323 5302 5679 5006 5073 5280 5641 5350 5486 5217 5787 5229 5147 5860 5670 5506 5655 5694 5471 5917 5151 5363 5587 5445 5301 5270 5365 5556 5821 5703 5260 5924 5166 6168 5596 4956 5588 5452 5572 5453 5331 5450 5257 5241 5814 5270 5474 5351 5822 5301 5568 5020 5309 5232 5580 5416 5148 5515 5708 5543 5531 5937 5358 4734 5337 5688 4593 5444 5292 5802 5502 5391 5367 5338 5251 5783 5282 5617 5842 5610 5587 5574 5578 5297 4975 5482 5402 5733 5267 5285 5250 5191 5860 5485 5766 5490 5022 5769 5629 5643 5561 5206 5276 5592 5319 5301 5358 5250 5151 5262 5415 5644 5508 5037 5627 5172 5157 5526 5497 5281 5573 5577 5291 5327 5617 5142 5094 5393 5126 5564 5436 5383 4585 5732 5696 5053 5793 5515 5210 5675 5769 5145 5564 5214 5687 5290 5718 5764 5335 5502 5377 5008 5273 5336 5466 5578 5631 5051 5732 5241 5283 5554 5365 5254 5537 5421 5256 5326 
5395 5015 5093 5067 5055 4903 5491 4696 5349 4480 4959 5167 4900 4692 4932 5132 5108 5014 5408 4592 5398 4971 4875 4907 5158 4272 4966 4578 5060 5054 5086 4921 4576 5181 5001 4995 5489 5430 5284 4845 5292 4890 5135 5308 4783 4991 5047 4857 5265 4856 5002 5264 5356 4910 5069 5177 5079 5381 4990 5201 5096 4803 4859 4931 5068 5083 5220 5038 5201 5073 4493 5062 5390 5197 5307 5199 4816 5207 4665 5128 5329 4760 4408 4530 5033 4619 5233 5150 5112 4908 5289 4878 4776 5017 5300 4981 4721 4801 5379 4727 5116 5505 5336 5056 5142 5125 5027 5275 4825 4699 5066 5109 4908 5035 4814 5303 5484 5014 5072 5434 4724 5553 5175 4849 5171 5043 5222 5377 5067 5102 5120 4855 5215 5262 4900 4781 5007 4758 5174 4679 5089 4918 5214 5122 5014 5062 5163 5012 5181 5215 5058 4702 4893 5296 4791 4857 4827 5185 5220 5222 4999 4962 4899 5334 4818 5143 5427 4982 5588 5306 5164 4982 4758 4951 5151 5727 4549 4675 4724 4972 5255 4934 5187 4924 4830 4995 5206 5275 5039 4789 5275 5228 4981 4949 4543 4650 4803 4901 4965 5026 5192 4823 5106 5028 4904 5104 5121 4757 5210 4975 4899 4932 5198 4761 4766 4975 4940 5157 4976 4919 4527 5365 5431 5063 5160 4983 4913 5350 5289 4851 5048 4951 5337 4647 5509 5363 4910 5353 5225 4873 4885 4774 5105 4993 4937 4838 5494 4833 4691 5054 4938 4635 5296 5093 4939 4926 
5282 5292 5206 5099 5195 5260 5531 4900 5456 4612 5111 5299 4830 5002 5411 5091 5363 5363 5395 4819 5575 5354 5096 5307 5099 4583 5162 4867 5350 4960 4903 5037 4848 5187 5449 5489 5964 5687 5189 5175 5354 5150 5392 5475 4756 5135 5077 5514 5283 4958 5130 5292 5157 5105 5176 5409 4777 5125 5236 4945 5302 5234 5236 5262 5700 5168 5620 5287 5119 4948 5142 5341 5303 5301 5689 5239 4936 5434 5182 5192 5205 5458 5059 4671 5451 5030 5411 5473 5319 4705 5384 4825 5079 5250 5384 5198 5000 4839 5638 5023 5114 5714 5453 4991 5414 5370 5249 5608 5239 5008 5305 5133 5166 5519 5274 5531 5524 5570 5160 5246 4781 5652 5199 4850 5495 5144 5186 5343 5145 5099 5004 5032 5449 5269 5138 5385 5342 5242 5322 4869 5530 5224 5165 4914 5021 5081 5127 5129 5302 5684 5401 5009 5285 5536 4809 5037 5359 5510 5487 5233 5231 5447 4862 5232 5147 5797 5286 5384 5461 5335 4950 5235 4655 5313 4978 5573 5219 5312 5098 5146 5623 5129 5312 5135 5100 5504 5360 5486 5120 4985 5173 5338 5225 5230 5051 4911 4989 5112 5038 5260 5136 4971 5299 5273 4941 5299 5261 5164 5558 5717 4967 5245 5525 5249 4935 5235 5358 5158 4938 5186 4570 5459 5649 4825 5330 5450 5169 5487 5617 5006 5194 4796 5386 4867 5195 5585 5485 5223 4977 5087 4952 5308 5330 5257 5161 4677 5453 4946 5447 5431 4855 4898 5582 5063 4932 5026 
5190 4915 5201 5112 4604 4797 5593 4462 5408 4533 5133 5344 4970 4708 5195 4771 4916 5207 5235 4377 5403 5254 4925 5270 5090 4372 4916 4676 5117 5009 4930 4852 4757 5021 5105 5527 5429 5695 5129 5139 5207 5014 4969 5447 4646 5142 5026 5072 5290 4621 4813 5249 5061 4958 5207 5281 4954 5079 5211 5159 4939 4910 5104 5030 5277 5251 5385 5135 4779 4902 4835 5039 5392 5321 5474 5299 4721 5186 4925 4980 5363 4977 4742 4663 4892 4676 5253 4809 4916 4780 5221 4634 4887 4937 5160 4867 4850 5082 5592 5085 5166 5616 5294 5021 5259 5092 4999 5525 4825 4896 4821 5023 4888 5191 5444 5102 5335 5153 4980 5307 4861 5505 5192 4651 5129 4753 5144 5018 5101 5018 5028 4766 5174 5009 5149 5303 5187 4910 5132 4548 5006 5174 5031 4884 4962 4713 4979 4978 5076 5423 5324 4733 5202 5563 4480 4816 4941 5098 5193 5125 5032 5207 4768 5275 4879 5416 5337 5079 5281 5416 5112 4922 4517 4966 5084 5643 4902 5231 4885 5141 5323 5079 5200 5248 4816 5340 5489 5250 5312 4660 4815 5436 4806 4838 4659 4728 4684 4929 5023 5037 5059 4694 5162 4996 4841 4799 5083 4938 5384 5434 4663 5322 5257 4648 4755 4678 4836 5076 4792 4901 4614 5250 5176 4845 5098 4958 4821 5108 5404 4591 4970 5029 5178 5297 5440 5576 5005 5329 5161 4936 4839 5006 5468 5224 5187 4930 5312 4681 4894 5393 4905 4586 5098 4796 4985 5117 
5749 5378 5424 5203 5462 5226 5902 4889 5838 4840 5328 5572 4995 4992 5323 5396 5399 5218 5561 5093 5673 5767 5134 5249 5326 4667 5404 4929 5382 5080 5167 5338 5442 5422 5747 5575 6073 6190 5635 5131 5464 5458 5475 5725 5011 5639 5458 5612 5494 5513 5384 5796 5646 5670 5576 5500 5086 5406 5425 5480 5324 5467 5585 5256 5728 5287 5753 5472 5267 5313 5073 5486 5629 5748 5691 5478 5453 5780 5247 5561 5590 5554 4991 4899 5615 5197 5609 5282 5265 5023 5329 5036 5368 5063 5551 5577 5538 5211 5978 5278 5261 6017 5531 5636 5623 5486 5163 5863 5317 5281 5470 5407 5265 5637 5622 5693 5890 5632 5425 5692 5322 6021 5497 5203 5554 5331 5300 5627 5402 5420 5303 5473 5914 5527 5142 5448 5671 5398 5346 5099 5511 5331 5921 5486 5478 5118 5521 5498 5433 5814 5874 5019 5586 5764 4786 5212 5141 5970 5343 5429 5404 5493 5312 5522 5152 5870 5831 5522 5620 5280 5614 5623 4699 5510 5604 5694 5060 5630 5171 5485 5516 5495 5581 5301 5119 5797 5632 5851 5662 4901 5373 5710 5254 5520 5107 5090 5015 5336 5443 5469 5500 5086 5538 5484 5195 5305 5506 5082 5607 5570 5210 5665 5657 5238 5276 5464 5187 5761 5429 5261 5030 5830 5845 5194 5417 5447 5293 5761 5983 4883 5150 5469 5521 5329 5743 5880 5272 5743 5196 5066 5433 5335 5794 5342 5694 5229 5972 5071 5288 5557 5273 5137 5701 5349 5453 5507 
4891 5119 4911 4863 4769 4749 5340 4817 4867 4410 4597 5024 4668 4623 4929 4605 4960 4863 4909 4608 5137 5086 4682 4664 4836 4185 4624 4451 4938 4598 4754 4711 4533 4866 4939 5085 5494 5160 5072 4582 5042 4903 4970 5206 4707 4887 4647 4833 5032 4710 4745 4889 5210 4860 4573 5113 4795 4488 4859 4776 4899 5126 4785 4907 5161 4697 5039 4991 4823 4787 4536 4865 5331 5107 5226 4878 4535 5037 4407 4830 4985 4954 4510 4411 5203 4533 4763 5034 4885 4745 5082 4479 4573 4671 4997 4902 4867 4639 5069 4734 4910 5453 5018 4876 4923 5065 4569 5244 4783 4573 5031 5007 4659 4839 4748 4957 5094 5029 4559 4762 4935 5388 5110 4544 4911 4830 4711 4845 4687 4859 5007 4575 5168 4817 4905 4658 5177 4902 5099 4456 5100 4601 4817 5019 4770 4694 4944 4834 5142 5084 4891 4378 4698 4885 4399 4537 4775 5224 4869 4812 4815 5113 4623 4890 4757 5154 4839 4861 5151 4862 4994 4838 4279 4918 4845 5537 4546 4704 4780 4922 5093 4758 4814 4714 4709 5112 5030 4941 5199 4393 4873 4764 4860 4743 4518 4677 4435 4832 4956 5015 4804 4466 4832 4797 4623 5000 4946 4829 4746 5041 4732 4836 5070 4555 4620 4765 4646 4620 4836 4911 4375 5128 5075 4630 5143 4872 4814 5257 5201 4795 4709 4749 5037 4480 4854 5269 4998 4894 4432 4837 4811 4899 5191 4810 5104 4544 5127 4640 4903 4867 4737 4570 5251 4639 4736 4846 
5742 5460 5212 5273 5289 5357 5750 5004 5893 5205 5378 5537 5082 5019 5603 5131 5251 5268 5440 4976 5649 5570 5168 5403 5309 4945 5347 4933 5121 5294 5304 5130 5364 5489 5504 5692 5890 5776 5783 5369 5560 5489 5517 5428 5172 5467 5225 5629 5466 5332 5158 5677 5409 5476 5513 5805 5245 5491 5527 5126 5181 5356 5378 5316 6036 5190 5761 5417 5302 5340 5055 5391 5492 5708 5977 5648 4946 5576 4965 5473 5641 5279 5206 4985 5521 5095 5534 5211 5320 5171 5456 4779 5114 5403 5611 5335 5264 5098 5648 5182 5370 6067 5375 5517 5251 5480 5237 5890 5286 5184 5384 5502 5293 5924 5132 5626 6051 5639 5491 5623 5119 5905 5342 5088 5515 5267 5407 5692 5442 5453 5166 5322 5569 5480 5331 5438 5632 5212 5599 5115 5347 5354 5445 5207 5631 4986 5578 5128 5764 5772 5368 4991 5401 5638 4818 5211 5325 6019 5496 5407 5238 5598 5360 5574 5005 5825 5661 5477 5571 5594 5322 5667 4914 5413 5549 5702 5036 5428 5084 5549 5429 5149 5589 5330 4932 5587 5737 5597 5498 5125 5507 5418 5200 5186 4914 5179 5074 5243 5554 5338 5352 4906 5651 5361 5102 5471 5515 5554 5540 5684 5205 5657 5231 5114 5080 5417 5150 5424 5166 5541 5013 5654 5717 5095 5697 5472 5376 5534 5854 5151 5124 5445 5690 5278 5691 5914 5225 5435 5402 5303 5242 5274 5540 5405 5464 4994 5919 5074 5676 5560 5354 5119 5690 5130 5443 5239 
5577 5253 5373 5167 5381 5345 5763 4909 5709 4776 5120 5551 4987 4997 5467 5463 5233 5222 5376 4863 5959 5382 5341 5375 5210 4607 5274 4970 5371 5115 4963 5249 5188 5273 5444 5401 5914 5785 5352 5013 5485 5221 5625 5221 5141 5254 5158 5316 5140 5251 4996 5654 5368 5238 5161 5603 5060 5415 5581 5179 5572 5133 5352 5427 5790 5219 5350 5377 5295 5402 5018 5455 5524 5363 5559 5289 5035 5637 5084 5449 5477 5126 4779 4957 5469 5199 5441 5154 5268 5136 5722 4970 5179 5097 5565 5283 5427 5134 5956 5413 5077 6092 5399 5362 5641 5602 5096 5641 5253 5225 5465 5349 5250 5401 5161 5555 5812 5567 5351 5498 5019 6129 5331 4962 5537 5266 5492 5478 5480 5434 5147 5331 5788 5361 5476 5287 5418 5023 5470 5090 5243 5197 5532 5287 5511 5195 5564 5513 5427 5794 5624 4905 5496 5645 4961 5255 5073 5380 5305 5681 5305 5503 5030 5464 5194 5697 5613 5285 5823 5462 5424 5559 4717 5169 5291 5627 5172 5433 5326 5321 5650 5271 5589 5299 5051 5572 5657 5676 5250 5091 5219 5312 5204 5481 5238 5087 4993 5116 5154 5598 5244 5166 5263 5271 5134 5445 5501 5065 5639 5693 5071 5375 5583 4970 4917 5430 5415 5534 5356 5555 4759 5808 5610 4830 5617 5209 5201 5432 5665 5057 5328 5055 5508 5013 5634 5794 5151 5624 5229 5199 5251 4970 5301 5424 5550 5183 5732 4947 4935 5538 5176 4924 5439 5225 5272 5334 
5220 5038 5256 5077 5327 5064 5605 4781 5626 4828 5075 5402 5077 5117 5378 5328 5387 5165 5411 5052 5492 5241 5309 5352 5268 4493 5334 4763 5124 5126 5233 5209 5156 5052 5193 5629 5498 5708 5382 5148 5365 5237 5555 5393 4929 5527 5003 5440 5411 5251 4982 5466 5503 5397 5257 5575 5037 5416 5489 5181 5410 5167 5186 5212 5364 5377 5491 5238 5153 5487 5089 5336 5436 5477 5460 5457 5041 5435 5197 5342 5096 5291 5041 5200 5519 4819 5361 4940 5505 4860 5683 4791 5015 5139 5344 5287 4796 5158 5850 5249 5241 5968 5274 5255 5449 5412 5087 5524 4863 5242 5441 5310 5237 5575 5499 5418 5620 5421 5146 5395 5048 5804 5483 4766 5436 5565 5569 5460 5472 5484 5388 4972 5726 5281 5210 5402 5339 5229 5552 4849 5551 5182 5135 5084 5275 5085 5384 5407 5258 5882 5422 4687 5532 5448 4727 5016 5235 5465 5395 4923 5204 5399 5250 5559 5054 5569 5654 5418 5665 5642 5258 5236 4732 5344 5297 5839 4927 5392 5050 5322 5579 5212 5281 5352 4960 5213 5482 5485 5320 5003 5273 5464 4870 5324 4949 4797 4871 4922 5374 5172 5131 4929 5552 5223 4928 5639 5239 4873 5338 5422 4872 5385 5395 4935 5101 5373 5164 5363 5261 5411 4737 5309 5703 4910 5249 5035 5126 5670 5610 5191 5058 5224 5559 5258 5359 5811 5191 5483 5326 5326 5023 4957 5520 5319 5285 5060 5413 4934 5140 5603 5130 5120 5340 5171 5039 5223 
4944 5064 4854 4881 5035 4982 5180 4571 5349 4519 4860 5273 4904 4891 4893 4948 5278 5189 5444 4702 5272 5085 4880 4970 5097 4340 5068 4465 5177 4778 4978 4851 4684 5260 5176 5275 5817 5510 5259 4986 5140 4887 5279 5310 4915 4950 4805 5026 5096 4745 4750 5238 5332 5165 4997 5252 4537 4817 5123 4898 5211 5157 5060 4763 5387 5141 5206 4953 5076 4932 4792 5156 5308 5095 5074 5191 4954 5206 4555 4947 5064 4864 4319 4524 5276 5102 5063 5104 5034 4433 5234 4535 4914 5036 5114 4940 4761 4796 5359 4836 5140 5651 4891 4733 5237 5349 5082 5341 4745 5009 5043 4961 4980 5222 5058 5000 5508 5288 4796 5462 4942 5965 5221 4596 5323 4850 5123 5153 5110 5016 4827 4993 5255 5112 5033 5020 5285 4775 5026 4680 5081 4883 5090 5067 5261 4823 5074 5105 5245 5298 5124 4768 5246 4976 4539 4753 4932 5106 5311 5133 5092 5149 4993 5396 4970 5276 5432 5068 5258 5234 4937 5105 4528 5079 5276 5434 4779 5112 4762 5247 5429 5034 5170 5026 4889 5311 5118 5165 5095 4956 5027 5131 4831 4975 4859 4656 4657 5096 5016 4969 5004 4590 5286 4999 4794 5128 5185 4605 5039 5265 5032 5178 5244 4845 5039 4975 4911 5170 4715 4995 4403 5440 5212 4543 5241 5150 4931 5224 5196 4612 4810 4918 5455 4975 4995 5583 5140 5096 5066 4992 4740 4973 5098 5169 4890 4703 5112 4785 4917 5031 5005 4843 5369 4685 4602 4751 
5785 5387 5460 5291 5442 5304 5615 5160 5597 5039 5095 5490 4787 5031 5324 5376 5496 5516 5459 5035 5560 5435 5463 5416 5169 4434 5229 4906 5223 5114 5068 5150 5039 5263 5560 5657 6091 5804 5563 5138 5662 5399 5475 5575 5020 5360 5365 5393 5278 5415 5086 5323 5464 5438 5169 5531 5124 5456 5373 5141 5472 5430 5378 5570 5663 5285 5697 5390 5080 5390 5164 5540 5746 5823 5583 5474 5341 5645 5029 5471 5600 5277 5167 5054 5309 5079 5685 5358 5462 4920 5659 5001 5277 5079 5415 5457 5397 4995 6105 5108 5340 5804 5197 5479 5660 5505 5097 5821 5385 5297 5597 5402 5256 5591 5225 5544 5916 5551 5259 5878 5316 6376 5455 4988 5521 5484 5569 5548 5327 5483 5179 4893 5751 5547 5366 5637 5580 5151 5483 5049 5515 5694 5303 5448 5557 5345 5494 5388 5445 5781 5395 4939 5772 5450 4688 5226 5297 5558 5267 5418 5308 5397 5076 5726 5333 5693 5595 5436 5480 5588 5308 5368 4867 5309 5399 5712 5259 5527 5352 5446 5574 5217 5139 5510 5028 5603 5683 5432 5285 5064 5222 5459 5059 5260 5132 5162 5208 5252 5161 5549 5344 5116 5486 5244 5358 5693 5261 5442 5630 5711 5076 5450 5676 5193 4979 5656 5428 5656 5357 5363 4926 5562 5236 4937 5827 5232 5223 5385 5592 5205 5139 5384 5506 5110 5427 5787 5468 5410 5626 5107 5059 5070 5540 5367 5529 4900 5623 5140 5197 5584 5318 5022 5717 5078 5071 5343 
5174 5175 5547 5187 5057 5156 5643 4772 5470 4832 5290 5479 5097 4867 5398 5166 5330 5093 5204 5085 5363 5333 5084 5104 5052 4536 5243 4843 5181 5101 5104 4797 4807 5032 5476 5536 5823 5842 5362 5090 5485 5171 5500 5587 5014 5180 5036 5237 5556 5026 5007 5409 5542 5188 5287 5524 4825 5396 5237 5067 5187 5309 5294 4993 5454 5351 5311 5198 5007 5256 4877 5359 5364 5483 5568 5546 4963 5451 4935 5375 5491 5423 4787 4963 5638 4891 5383 5224 5342 4812 5544 4869 4965 4972 5371 5392 4967 5004 5607 5005 5250 5881 5486 5280 5365 5351 5075 5578 4913 5031 5130 5053 5309 5475 5201 5611 5609 5577 5047 5496 4853 5888 5481 4552 5354 5381 5417 5386 5064 5427 5085 5044 5434 5243 5354 5378 5256 4981 5205 4882 5375 5151 5540 5246 5222 5110 5571 5409 4864 5836 5605 5025 5190 5287 4916 4992 5131 5732 5458 5066 5321 5379 5250 5497 5209 5553 5385 5162 5474 5374 5138 5207 4657 5295 5460 5632 4709 5135 5072 5399 5721 4999 5438 5118 4995 5463 5441 5595 5295 5261 5235 5253 5038 5272 4965 4724 4925 5180 5065 5259 5356 4889 5237 5045 4906 5436 5344 4912 5297 5343 5106 5459 5438 5145 4882 5284 5127 5209 4996 5542 4685 5720 5622 4944 5382 5234 5116 5557 5643 4887 4967 4983 5497 5128 5491 5709 5496 5240 5225 4969 5242 5167 5287 5381 5259 4931 5386 5004 5446 5619 5039 5229 5688 5107 4884 5169 
5117 4854 5031 5004 4975 4761 5148 4416 5312 4489 4902 5130 4750 4895 5026 4698 5244 5165 4995 4539 5037 5216 4934 5003 5249 4290 5037 4194 5099 4737 4773 4912 4850 5228 5202 5227 5348 5470 5512 4652 5303 5036 5152 5133 4678 5114 4746 4911 5345 4880 4633 5013 5239 4836 4791 5109 4815 5150 4957 4976 4924 4989 4735 4857 5062 5197 5399 5098 5136 4947 4554 4986 5132 5176 5112 5013 4662 5124 4520 4841 5071 4807 4508 4642 5013 4539 5246 4765 4734 4496 5111 4411 4819 4901 5045 4822 4691 4910 5348 4797 4886 5395 5221 5104 5143 5024 4822 5164 4745 4769 4885 5139 5009 4945 4912 5154 5436 5135 4868 5387 4968 5752 5043 4732 5035 4942 5137 5198 5138 4987 4814 4783 5203 4971 4806 5007 5177 4750 5079 4680 5072 4941 4948 4866 4965 4899 4973 5062 5214 5367 5053 4617 5254 5158 4603 4852 4582 5240 4906 4879 4931 4915 4861 4961 4941 4957 5324 4914 5239 5022 5044 5079 4367 5140 5031 5528 4472 4832 4866 5020 5327 5071 4800 4744 4948 5212 5184 5289 4958 4698 4964 4920 4830 5127 4407 4629 4576 4991 4919 4897 4911 4707 5179 4770 4694 4978 5001 4657 5030 5083 4967 5197 5184 4862 4551 5048 4547 4886 4803 4855 4402 5035 5236 4494 5028 5032 4860 5009 5380 4812 4697 4834 5034 4870 4948 5640 5085 4910 4903 4781 4588 4836 5166 5006 5032 4668 5240 4585 4752 5389 4490 4724 5054 4919 4611 5037 
5486 5224 5586 5416 5397 5407 5563 4770 5614 4670 5162 5603 4893 4940 5424 5496 5377 5392 5731 5166 5554 5347 5062 5414 5339 4729 5444 4878 5302 5230 5279 5102 5180 5317 5195 5730 6005 5617 5507 5161 5583 5292 5689 5665 5120 5344 4948 5302 5459 5115 4965 5567 5359 5278 5396 5569 5077 5319 5785 5249 5279 5269 5194 5171 5639 5319 5404 5440 5308 5136 4961 5660 5941 5465 5392 5607 5172 5477 5150 5325 5683 5273 4681 4816 5519 5072 5593 5153 5363 5076 5702 5106 4977 5028 5327 5391 5155 5061 5551 5357 5328 5932 5632 5424 5558 5348 5227 5514 5160 4978 5508 5190 5344 5239 5607 5574 5730 5568 5085 5698 4876 5697 5518 5074 5335 5310 5293 5475 5183 5372 5341 5064 5813 5368 5202 5260 5496 5200 5354 4791 5428 5276 5318 5332 5372 5470 5309 5367 5348 5745 5781 4958 5324 5559 4771 5072 5108 5628 5560 5370 5341 5384 5001 5454 5206 5640 5455 5546 5723 5647 5337 5260 4827 5349 5387 5880 5012 5162 5455 5308 5661 5135 5353 5215 4871 5480 5529 5773 5215 5164 5156 5374 5100 5127 5057 4886 4858 5429 5326 5305 5573 4859 5384 5183 4901 5583 5183 5145 5610 5749 5195 5456 5257 5083 5013 5098 5333 5350 5266 5376 4815 5695 5739 5063 5230 5068 5014 5466 5601 5128 5134 5125 5559 5013 5391 6219 5495 5546 5428 5346 5343 5236 5631 5320 5340 4976 5543 4813 5231 5401 5088 4897 5529 5493 5179 5189 
5842 5789 5482 5697 5346 5168 5966 5135 5941 4882 5409 5801 5012 5397 5614 5583 5261 5393 5370 5299 5774 5438 5506 5538 5439 4722 5134 5089 5631 5428 5195 5264 5216 5592 5490 5730 6198 5917 5583 5157 5634 5185 5655 6060 5201 5311 5457 5625 5740 5338 5365 5903 5671 5145 5395 5833 5465 5499 5477 5199 5656 5381 5552 5378 5847 5307 5927 5465 5301 5453 5030 5618 5937 5724 5733 5650 5187 5987 4876 5391 5446 5475 4889 5152 5756 5208 5820 5480 5527 5223 5764 5006 5269 5468 5735 5433 5229 5260 5820 5493 5355 6120 5592 5390 5799 5667 5448 5646 5438 5075 5669 5624 5375 5713 5482 5839 5706 5622 5527 5973 5543 6381 5758 5108 5238 5567 5671 5755 5415 5509 5545 5231 6034 5656 5616 5293 5403 5258 5590 4952 5624 5224 5463 5310 5457 5414 5613 5131 5813 5990 5821 5029 5424 5502 5072 5401 5419 5738 5753 5729 5299 5603 5235 5813 5652 5602 5566 5218 5696 5645 5611 5636 5155 5467 5677 6021 5254 5529 5095 5491 5716 5500 5608 5424 5287 5745 5593 5659 5607 5195 5293 5566 5481 5539 5146 5060 5190 5303 5442 5804 5331 4819 5265 5650 5347 5522 5832 5325 5678 5777 5254 5543 5725 5246 4932 5502 5210 5251 5445 5678 5003 5814 5838 5233 5842 5535 5733 5756 5934 5226 5378 5496 5670 5159 5571 6187 5485 5581 5139 5119 5263 5359 5905 5697 5569 5244 5850 5353 5337 5411 5275 5209 5809 5216 5137 5186 
5665 5508 5562 5392 5531 5168 6101 5312 5890 4963 5397 5848 5181 5228 5497 5339 5421 5755 5651 5016 5913 5433 5283 5646 5445 4437 5532 5109 5466 5433 5343 5496 5374 5745 5511 5950 6063 6027 5937 5213 5762 5566 5588 5844 5305 5767 5502 5592 5736 5204 5479 5746 5783 5625 5486 5884 5526 5655 5798 5422 5651 5559 5514 5561 5952 5301 5644 5699 5688 5260 5060 5685 5937 5725 5736 5924 5365 5863 5244 5500 5673 5607 5233 5190 5590 5385 5640 5456 5625 5475 5666 5038 5131 5186 5480 5911 5505 5086 6048 5381 5274 5971 5745 5433 5966 5713 5251 5902 5288 5393 5632 5361 5498 5718 5339 5970 6062 5832 5361 5624 5339 6184 5704 5119 5904 5400 5613 5687 5651 5755 5458 5593 5787 5742 5559 5513 5493 5449 5619 5260 5627 5483 5540 5393 5581 5373 5458 5633 5793 6089 5903 5172 5608 5589 5159 5400 5673 6101 5654 5856 5559 5495 5193 5665 5534 5925 5799 5838 5637 5799 5567 5901 4988 5666 5469 6177 5237 5322 5515 5593 5776 5392 5599 5443 5447 5962 5932 5870 5574 5197 5505 5620 5435 5586 5314 5419 5075 5450 5701 5821 5431 4939 5725 5413 5127 5598 5663 4960 5816 5705 5330 5796 5793 5068 5288 5458 5515 5799 5369 5181 5124 5752 6058 5213 5660 5534 5708 5714 5940 5265 5430 5410 5858 5435 5894 5929 5291 5871 5561 5584 5476 5472 5802 5378 5599 5247 5953 5173 5499 5647 5257 5209 5773 5190 5691 5259 
5273 5259 5380 5173 5060 5087 5699 4815 5461 4699 5159 5509 4903 4881 5262 5078 5130 5399 5400 4906 5597 5606 5324 5145 5228 4467 5355 5044 5342 4815 5143 4900 4996 5000 5373 5555 5616 5701 5230 5035 5420 5050 5406 5345 4764 5329 5409 5272 5127 5055 5072 5306 5243 5105 5153 5466 4911 5351 5276 5347 5243 5215 5244 5249 5639 5079 5571 4915 4946 4805 4877 5363 5539 5272 5517 5595 4866 5491 4779 4970 5367 5359 4653 5071 5299 5044 5418 5005 4963 4892 5466 4790 5179 4854 5372 5289 5199 5081 5504 5074 5342 5892 5413 5179 5481 5290 5120 5387 5106 5190 5218 5255 5048 5080 5363 5160 5699 5495 5043 5636 5064 5869 5356 4766 5232 5267 5406 5333 4977 5252 5472 5150 5812 5243 5164 5471 5480 5206 5225 4945 5298 5303 5034 5045 5225 4993 5245 5138 5241 5719 5335 4823 5483 5273 4629 4959 5187 5524 5254 5190 4988 5161 5181 5639 5074 5520 5647 5505 5591 5334 4998 5280 4492 5135 5248 5733 4855 5425 4917 5355 5665 5311 5189 5293 4676 5337 5419 5331 5225 4940 5042 5314 5185 5015 4845 4847 4845 5172 5139 5260 5325 4678 5321 5092 5089 4967 5372 5043 5432 5478 5089 5187 5236 4990 5076 5076 5015 5274 5169 5279 4893 5199 5359 4997 5408 5071 5063 5265 5426 4892 5043 5423 5576 4880 5693 5440 5217 5411 5089 5031 5058 5179 5076 5222 5520 4821 5530 4889 5208 5563 5137 5154 5382 5130 4996 5089 
5351 5196 5412 5348 5102 4908 5703 5221 5600 4894 4996 5359 5128 5106 5469 5130 5270 5292 5407 4854 5418 5443 4894 5213 4932 4472 5006 4849 5340 5231 5213 5244 5034 5310 5311 5331 5733 5707 5617 5165 5483 5166 5447 5627 5030 5485 5204 4933 5372 4838 4955 5491 5436 5278 5362 5608 4949 5401 5334 5245 5367 5235 5396 4970 5253 5448 5522 5276 5092 5000 4681 5201 5643 5435 5514 5490 4920 5427 4983 5086 5183 5326 4739 4776 5375 4880 5292 5281 5230 4759 5797 4999 5097 5184 5342 5056 5139 5192 5522 5171 5079 5789 5359 5323 5224 5400 5282 5659 5054 5117 5302 5289 5058 5388 5113 5546 5522 5181 5234 5665 5137 6086 5653 5016 5162 5122 5179 5375 5033 5292 5205 5212 5638 5404 5137 5060 5752 5086 5498 4770 5223 5244 5096 5069 5164 5333 5198 5343 5412 5690 5319 4877 5039 5479 4714 5162 5167 5458 5300 5202 5100 5663 5052 5668 5372 5786 5307 5379 5582 5458 5290 5321 4835 5297 5336 6029 5152 5184 4951 5374 5417 5377 5673 5273 5016 5516 5486 5773 5295 5005 5393 5126 5162 5144 4919 4907 4911 5048 5304 5350 5301 4810 5440 5018 5141 5344 5397 4776 5338 5407 5113 5479 5475 4989 5311 5213 5301 5208 5459 5322 4933 5401 5390 4802 5395 5247 5184 5597 5567 5101 5163 5264 5660 5040 5408 5626 5351 5340 5203 4828 4952 5091 5385 5299 5179 4689 5517 5124 5373 5490 5239 5089 5516 5218 4997 5320 
5316 5109 5442 5418 5134 4953 5700 4631 5340 4635 4947 5391 4930 4802 4986 4982 5163 5193 5331 4860 5473 5547 5042 5159 5151 4494 5024 4767 5069 5236 4672 4963 4975 5019 5241 5408 5581 5678 5165 4857 5440 5052 5495 5401 4726 5189 4846 5144 5140 5104 4889 5482 5223 5269 5125 5494 5008 5148 5300 5389 5220 5267 5157 5114 5473 5049 5393 5053 5114 5125 4743 5310 5237 5366 5203 5207 5034 5292 4959 5301 5353 4933 4744 4771 5429 4812 5236 5023 4984 4890 5356 4799 4994 5126 5319 5050 5060 5282 5524 5189 5182 5807 4981 5325 5270 5140 5161 5500 4933 5102 5351 5165 5212 5463 5122 5415 5557 5218 4953 5594 4839 5942 5151 4891 5441 5111 5183 5284 4795 5032 5118 5155 5521 5185 5257 5222 5208 5189 5476 4766 5306 5137 5263 5004 5048 4767 5222 4851 5114 5567 5345 4600 5145 5443 4570 5086 4965 5281 5099 5052 5027 5421 5049 5319 5002 5344 5182 5085 5366 5464 5040 5490 4464 5069 5161 5715 4791 5174 5079 5175 5538 5049 5387 5064 4868 5458 5361 5492 5155 4809 5224 5306 4976 4837 5036 4609 4948 4971 5037 5446 5295 4859 5279 5085 4809 5243 5235 5007 5396 5805 4778 5421 5280 4867 4718 5022 5111 5079 5093 5185 4590 5345 5452 5091 5317 5167 5233 5281 5526 4824 5345 4932 5446 5001 5437 5436 5508 5195 4950 4810 5287 5084 5318 5093 5290 4742 5425 5161 5343 5221 4977 4834 5528 5314 4924 5112 
5630 5256 5421 5306 4952 5259 5660 4880 5964 4996 5147 5723 5284 5061 5471 5373 5042 5501 5493 5062 5992 5354 5254 5201 5312 4531 5314 4833 5463 5264 5371 5207 5074 5129 5480 5819 6131 5765 5599 5241 5467 5623 5720 5473 5046 5294 5320 5377 5587 5232 5206 5730 5402 5379 5645 5769 5211 5340 5584 5096 5553 5580 5457 5197 5539 5443 5532 5484 5304 5594 4854 5440 5785 5415 5630 5681 5360 5503 5197 5483 5582 5544 4828 4939 5717 5367 5584 5163 5387 5064 5479 4788 5051 5089 5609 5228 5066 4975 5714 5119 5289 5964 5604 5465 5418 5474 5311 5801 5217 5235 5589 5516 5218 5454 5305 5440 5769 5458 5439 5572 5142 6144 5306 5013 5752 5259 5422 5440 5473 5217 5551 5088 5648 5487 5645 5422 5327 4988 5486 4969 5387 5306 5568 5550 5399 5090 5541 5415 5541 5962 5528 5122 5238 5417 4649 5350 5232 5762 5653 5671 5293 5640 5110 5673 5140 5941 5562 5250 5553 5529 5263 5434 4721 5338 5550 5927 5026 5561 5315 5274 5482 5455 5616 5332 5072 5652 5694 5586 5513 5115 5246 5343 5288 5135 5084 5131 4911 5323 5422 5466 5456 4848 5626 5275 5137 5507 5624 5140 5914 5602 5077 5476 5474 5233 5046 5522 5302 5625 5091 5586 4815 5822 5620 5102 5334 5215 5318 5644 5636 4815 5371 5435 5567 5048 5584 5695 5291 5618 5423 5348 5263 5336 5624 5357 5534 5174 5692 5180 5291 5676 5297 5178 5893 5409 5496 5318 
5352 5285 5140 5158 5250 5069 5562 5060 5837 4769 5182 5275 4943 5038 5263 5134 5083 5189 5520 4880 5518 5241 5039 5505 5427 4675 5094 4729 5363 4996 5040 5096 5049 5323 5412 5459 5827 5684 5193 5076 5326 5176 5223 5683 4894 5279 5146 5328 5400 5094 4967 5534 5394 5244 5371 5492 5264 5336 5282 5015 5116 5280 5429 5396 5683 5307 5600 5369 5179 5050 5268 5133 5394 5610 5270 5549 5256 5665 5177 5271 5425 5766 4948 4954 5497 5082 5348 5121 5154 4834 5145 4649 4946 4973 5322 5278 5030 4931 5712 5090 5069 5870 5349 5154 5592 5259 5175 5561 4873 5176 5339 5149 5467 5626 5305 5340 5674 5510 4967 5680 5105 6044 5426 4831 5453 5285 5616 5429 5473 5310 5428 5047 5490 5395 5299 5439 5187 4974 5295 4866 5381 5364 5016 4778 5310 4905 5349 5362 5389 5609 5401 4863 5408 5308 4841 5062 5161 5558 5536 5190 4967 5287 4935 5593 5014 5507 5463 5199 5471 5314 5135 5187 4830 5021 5260 5780 5057 5420 4929 5173 5484 5254 5619 5513 4849 5589 5588 5464 5414 4850 5074 5326 5278 5149 4875 4886 4907 5194 5315 5434 5248 4697 5372 5168 4950 5331 5289 5165 5257 5483 4902 5215 5332 4983 5077 5455 5357 5390 5005 5340 4740 5459 5409 4581 5490 4967 4972 5326 5576 4867 5164 5030 5517 5129 5524 5738 5016 5106 5293 5101 5288 5243 5327 5294 5292 4639 5293 5023 5353 5415 4916 5190 5539 5067 4998 5007 
5634 5393 5592 5310 5395 5482 6073 5120 5641 5030 5181 5658 5168 5079 5473 5392 5272 5709 5595 5136 5801 5618 5398 5783 5400 4525 5531 5026 5237 5316 5379 5331 5367 5505 5616 5953 5816 6113 5713 5354 5481 5701 5713 5615 5203 5430 5275 5633 5632 5256 5168 5777 5575 5600 5259 6117 5402 5312 5524 5172 5526 5497 5659 5420 6143 5380 5812 5535 5536 5458 4994 5661 5857 5573 5603 5530 5502 5826 4939 5619 5647 5452 5099 4901 5514 5097 5350 5463 5415 5138 5942 4982 5273 5280 5530 5516 5315 5268 6036 5520 5154 6027 5537 5466 5575 5478 5303 5855 5261 5290 5523 5302 5418 5539 5470 5690 6018 5805 5421 5521 5521 5704 5541 5077 5786 5258 5463 5584 5604 5370 5452 5384 5461 5579 5599 5592 5750 5401 5680 4970 5579 5272 5674 5465 5617 5370 5610 5644 5485 5921 5457 5144 5466 5426 5129 5244 5351 5658 5640 5544 5300 5697 5210 5649 5392 5964 5623 5584 5778 5725 5272 5511 4777 5366 5456 5987 5374 5645 5435 5508 6178 5331 5668 5571 5245 5816 5906 5912 5756 5097 5411 5575 5477 5513 5175 5320 5440 5384 5289 5556 5518 5215 5782 5538 5228 5731 5432 5166 5899 5711 5505 5367 5670 5018 5181 5278 5377 5445 5422 5481 5183 5664 5811 5044 5479 5316 5486 5569 6001 5165 5407 5329 5666 5228 5735 6013 5347 5776 5471 5352 5496 5457 5543 5367 5529 5234 5838 5010 5375 5775 5363 5165 5712 5225 5516 5631 
5084 5395 5064 5050 4906 5005 5610 4857 5480 4492 4665 5322 4758 4872 5222 5026 5062 5035 5232 4764 5528 5035 5110 5110 5203 4434 5208 4696 5106 4871 5073 4879 4902 5080 5211 5338 5703 5654 5004 4877 5232 4948 5422 5270 5088 5150 4909 5276 5336 5057 5126 5205 5353 4942 5145 5429 4933 5122 5240 5152 4989 5143 4992 5133 5367 4840 5484 4942 5168 5135 4700 5202 5062 5380 5601 5318 4964 5230 4644 5254 5175 4912 4496 4808 5317 4898 5405 5096 4873 4813 5247 4762 4772 5113 5267 5099 5170 4806 5284 4925 5016 6031 5124 5101 5196 5446 4977 5438 5097 4710 5426 5207 4961 5366 5276 5349 5459 5386 4805 5276 4957 5653 5189 4906 5155 5031 5115 5245 5084 5238 5107 4993 5443 5126 5108 4932 5228 4838 5245 4915 5047 5088 5235 5223 5022 4883 5190 5212 5125 5549 5230 4845 5264 5357 4394 4759 5002 5692 5198 5145 5059 5365 4920 5442 5078 5542 5413 5259 5251 5371 4992 5213 4768 4980 5072 5484 4820 5260 5210 5222 5552 5018 5260 4990 4537 5286 5382 5146 5153 4786 5005 5127 4965 5026 4936 4731 4961 5097 5221 5262 5376 4642 4905 5117 4853 5157 5142 4921 5321 5233 4985 5090 5618 4753 4712 5104 5248 4962 4821 4958 4542 5397 5389 4794 5328 5129 4912 5104 5509 4833 5174 4843 5553 4978 5420 5602 5373 5185 5115 4920 5015 4757 5130 5420 4996 4747 5258 4997 4969 5385 4936 4734 5236 4998 5198 4930 
5493 5299 5574 5319 5248 5146 5592 5048 5634 4715 5387 5455 5114 5438 5516 4959 5258 5526 5209 4923 5588 5571 4944 5397 5210 4562 5377 4899 5332 5257 4988 5269 5286 5301 5379 5617 5593 5868 5478 5216 5511 5244 5553 5599 4795 5401 5199 5329 5435 5169 5105 5631 5426 5340 5274 5547 5061 5270 5391 5269 5410 5338 5277 5225 5520 5128 5855 5123 5307 5132 5091 5434 5720 5647 5481 5540 5129 5442 5007 5349 5561 5206 4704 4808 5649 5003 5282 5332 5230 5186 5504 4801 4990 5182 5471 5397 5031 4973 5437 5428 5335 5798 5415 5558 5658 5335 5217 5568 4856 5030 5232 5122 5278 5432 5279 5390 5949 5466 5296 5491 4931 5793 5370 5024 5380 5359 5535 5621 5132 5510 5313 5046 5723 5254 5244 5268 5452 5324 5526 4787 5272 5371 5302 5065 5324 5064 5363 5436 5468 5786 5383 4752 5576 5483 4862 5148 5262 5677 5573 5225 5086 5330 5319 5255 5167 5350 5653 5326 5539 5556 5458 5287 4766 5336 5392 5786 4928 5362 5062 5298 5579 5307 5449 5274 4854 5489 5769 5412 5571 4961 5344 5448 5313 5078 5180 4867 4813 5039 5339 5382 5210 4793 5394 5102 5127 5239 5298 4902 5406 5630 5188 5258 5470 5154 4972 5208 5247 5236 5213 5536 4880 5871 5634 5319 5711 5319 5382 5362 5536 5001 5342 5354 5705 5235 5661 5888 5151 5425 5523 5146 4960 5222 5385 5357 5384 5054 5516 4949 5420 5434 5037 5103 5607 5336 5322 5192 
5041 4922 5104 4977 5146 4796 5283 4502 5366 4498 4810 5103 4719 4700 5319 5047 5000 5082 5206 4813 5355 5238 5064 5291 4989 4235 5004 4772 5073 5061 4730 5059 4818 5039 5047 5298 5678 5514 5080 4792 5484 5089 5080 5467 4842 5341 4783 5118 5125 4895 4845 5154 5042 4967 5231 5201 4853 5211 5036 5040 5200 4589 5062 4906 5154 5058 5145 5014 5072 4902 4999 5276 5246 5292 5282 5114 5029 5275 4733 5264 5266 4990 4800 4675 4994 4617 5372 5376 5049 4790 5061 4943 4803 4484 5532 5047 4816 5024 5303 5020 4989 5764 5365 5002 5399 4891 5068 5242 4730 4951 5433 4934 4943 4974 5377 5369 5644 5202 4941 5185 4727 5585 5118 4681 5076 5155 5252 5142 5050 5016 4900 5007 5510 5135 5190 5060 5141 4907 5114 4593 4981 4898 5116 4856 5136 5168 5086 4904 5091 5543 5325 4837 5330 5151 4693 4921 4960 5241 5104 5040 4772 4945 4730 5214 4740 5537 5078 5069 5446 5499 5081 5146 4536 5049 4927 5418 4786 4961 4761 4956 5767 4947 5131 5032 4811 5198 5370 5402 5012 4820 5188 5216 4732 4994 4971 4710 4852 4805 4953 5002 5154 4468 4973 5098 4869 5278 5066 5033 5217 5434 4600 5051 5481 4917 5152 5249 4994 5011 5027 5235 4624 5389 5362 4841 5079 5044 4763 5038 5262 4884 4983 4882 5384 5238 5133 5514 5037 5084 5102 4913 4883 4840 5021 4877 5314 4838 5559 4844 5111 5172 4719 4931 5139 5157 4931 4971 
5364 5159 5305 5126 5100 4998 5681 4841 5710 4568 5257 5417 4980 4984 5234 5041 5223 4998 5303 5060 5216 5270 5378 5289 4868 4641 5050 4867 5248 5028 4877 4849 5064 5183 5252 5498 5573 5718 5350 4864 5310 4991 5379 5672 4807 4944 4740 4958 5378 5295 4964 5323 5478 5416 5248 5478 4985 5235 5485 5070 5096 5328 5344 5168 5517 5109 5393 5445 5436 5241 4933 5360 5434 5366 5500 5244 4969 5708 4795 5171 5300 5178 4824 5027 5514 4486 5373 5009 5064 4937 5472 4776 4670 4956 5497 5299 5193 5097 5373 5127 4920 5802 5266 5306 5429 5499 5158 5535 5038 4969 5177 5112 5075 5263 5317 5489 5809 5290 5107 5109 4959 5718 5203 5115 5464 5421 5314 5447 5165 5289 5000 5090 5400 5213 5049 5326 5218 4776 5258 4920 5094 5003 5179 5090 5222 4968 5395 5079 5252 5562 5421 4802 5489 5462 4528 5013 5194 5330 5310 4867 5163 5353 4875 5341 5472 5314 5240 5251 5471 5233 5165 5353 4780 5193 5252 5532 4711 5085 4919 5217 5531 5104 5184 4965 4795 5333 5332 5354 5305 4551 5234 5592 5223 5210 4978 4873 4755 4954 5233 5049 5110 4838 5221 5161 4863 5063 5276 5088 5200 5243 4851 5269 5437 4934 4738 5168 4914 5258 5064 5227 4842 5531 5488 5075 5644 5236 5123 5360 5616 4959 5098 5324 5558 4898 5539 5510 4981 5181 5125 5097 5147 5126 5328 5237 5371 4863 5465 5070 5409 5349 5102 4990 5429 4946 4972 4993 
5391 5095 5239 4883 5120 5061 5359 4570 5637 4529 5140 5383 5184 5006 5018 5121 5196 5206 5265 4654 5582 5219 5032 5297 5189 4443 5008 4846 5170 4930 5161 4957 5065 4982 5393 5509 5729 5679 5313 4949 5412 5139 5549 5381 4550 5169 5067 4961 5430 5012 4810 5359 5378 5243 5136 5249 4877 5173 5002 5052 5342 5081 5027 5099 5314 5150 5405 4893 4899 4973 4938 5234 5576 5339 5315 5234 4894 5168 4863 5204 5154 5158 4546 4760 5170 5036 5326 4932 5071 4857 5646 4840 5214 4835 5243 5184 5075 4929 5675 4992 5028 5852 5449 5288 5173 5310 5179 5587 4910 4914 5274 5220 4911 5346 5333 5290 5672 5277 5360 5395 4950 5715 5256 4759 5471 5169 5320 5353 4890 5364 5152 5160 5519 5201 5062 5309 5169 5097 5032 4697 5293 5043 5190 5079 4820 5153 5396 5129 5200 5883 5363 4692 5090 5181 4665 4971 4991 5491 5208 5285 5064 5036 5176 5214 4832 5351 5267 5120 5533 5034 5216 5447 4493 5108 5071 5789 4893 5177 4874 5078 5521 5314 5402 4875 5095 5393 5331 5322 5200 4867 5107 5325 5048 4829 4916 4733 4539 5057 4896 5438 5139 4679 5539 4870 4902 5253 5161 4842 5242 5599 5170 5259 5193 4957 4880 5057 5022 5021 5152 5239 4525 5323 5396 4779 5108 5104 5089 5285 5556 4635 5162 5048 5452 4873 5392 5525 4940 5379 5053 5164 4870 5013 5161 5279 5386 4649 5548 4743 5043 5280 4855 5018 5455 5078 4860 4923 
5360 5164 5369 4931 5037 5151 5516 4756 5494 4556 4937 5224 5002 4965 5176 4850 5201 5112 5215 4598 5298 5379 4894 4885 5003 4145 4935 4684 5061 5062 5052 5175 4884 5197 5577 5319 5359 5648 5196 5067 5409 4987 5166 5498 5052 4996 5192 4979 5260 5164 5019 5423 5028 5364 5223 5493 4991 5333 4976 4998 5256 5098 5215 5085 5294 5074 5318 4949 5052 5221 4979 5210 5696 5168 5488 5590 5051 5326 4943 5231 5419 5217 4653 4891 5436 4527 5360 4940 4973 4936 5601 4681 4963 5016 5255 5106 5057 5100 5482 4979 5128 5517 5446 5395 5366 5258 4922 5399 4890 5063 4814 5028 5137 5160 5142 5448 5451 5481 5087 5425 5073 5572 5439 4718 5348 5157 5257 5360 4960 4991 4940 4893 5645 5036 5096 5074 5128 4877 5345 4625 5306 5302 4980 5063 4961 4960 5238 5211 5370 5481 5357 4670 5569 5450 4688 4954 5035 5427 5034 5056 4792 5180 4863 5352 5042 5315 5386 5154 5589 5252 5170 5071 4600 5130 5028 5972 4637 5001 4947 5242 5421 5261 5141 5119 4591 5399 5633 5381 5242 4811 4928 5321 5188 4919 4817 4737 5016 4791 5027 5183 5063 4876 5314 4977 4899 5199 5107 4855 5332 5576 5029 5019 5187 4780 5038 5300 4905 5208 4960 4921 4640 5217 5352 4977 5217 4953 4925 5151 5468 4851 5175 4944 5254 5026 5423 5649 4884 5274 5057 4893 5091 5050 5247 5064 5178 4619 5585 4915 5108 5155 4891 4833 5184 5177 4845 4942 
5217 5691 5386 5108 5057 4949 5565 5130 5581 4518 5032 5285 4859 5090 5219 5151 4964 5296 5136 4764 5345 5180 5084 5083 5312 4604 4994 4569 5309 4874 5059 5281 5000 5308 5213 5315 5844 5628 5073 4950 5480 5368 5372 5495 4792 5240 4922 5238 5246 5033 5028 5674 5582 5253 5059 5285 4953 5107 5129 5108 5512 5149 5248 5348 5371 5058 5495 5083 5201 5094 5017 5234 5498 5325 5286 5165 5182 5388 4821 5136 5187 5210 4756 4647 5383 4892 5283 5233 5280 4664 5336 4666 5006 5103 4956 5116 5150 5119 5443 5218 5238 5846 5263 5226 5426 5368 4931 5519 4856 5169 5365 5244 5137 5334 5320 5195 5552 5286 4980 5671 5150 5929 5539 4867 5204 5138 5341 5333 5186 5575 5268 4798 5475 5221 5182 4945 5552 5341 5121 4879 5176 5188 4915 5200 5166 5079 5281 5204 5523 5705 5273 4657 5244 5213 4714 5117 5056 5630 5418 5269 5085 5422 4990 5525 4971 5624 5626 5259 5603 5490 5358 5485 4709 5141 5327 5828 5131 5183 5101 5141 5652 4820 5261 5163 4704 5464 5215 5212 5483 5009 5331 5247 4913 5345 4973 4913 4847 5013 5237 5287 5323 5169 5388 4841 4918 5178 5524 5062 5450 5389 4985 5152 5718 4908 4778 4842 5039 5044 5373 5052 4608 5532 5510 4666 5560 5063 5190 5227 5576 5096 5114 5125 5383 5037 5483 5867 5297 5461 5152 5008 4917 5050 5499 5180 5168 4868 5276 4880 5059 5500 5038 4859 5345 5068 4868 5118 
5230 4914 4980 4661 4823 4700 5348 4393 5375 4589 4845 5226 4607 4700 4988 4913 4910 5091 5001 5039 5212 5051 4829 4896 4875 4458 4952 4478 4914 4894 4781 4726 4798 4982 5000 5414 5407 5306 5248 4907 5156 5099 5075 5215 4618 5304 5032 5108 5347 4817 4913 5056 5448 4863 4998 5495 4853 5035 5075 4860 5035 5180 5029 4750 5408 5169 5477 5340 5068 5063 4616 4683 5166 5085 5137 4996 4916 5272 4664 5214 5018 5214 4761 4524 5121 4803 5267 4900 4932 4715 4990 4648 4801 4861 5241 4732 4924 4684 5480 4746 4936 5457 4836 5170 4847 5285 5096 5383 4923 4808 5288 5176 4794 5338 5318 4970 5474 5074 5069 5159 4697 5362 4919 4978 5038 5122 4840 5207 5337 4949 4987 4984 5286 4885 4881 5154 5126 4807 5202 4416 4987 4984 5021 4924 4982 4891 4948 5122 5090 5772 5241 4682 4889 5345 4547 4915 5160 5112 5003 4769 4538 4892 4749 5306 4911 5421 5057 5198 5119 5179 4790 4989 4609 4989 5033 5517 4829 5190 4828 4949 5163 4823 4968 5014 4530 5089 5374 5381 5192 4594 4898 5107 4747 4744 4683 4732 4547 4862 5158 4869 5149 4656 5199 5118 4991 5064 4919 4648 5031 5126 4929 5224 5059 4634 4904 5077 4893 5004 4870 5102 4698 5177 5401 4795 5137 4945 5166 5227 5256 4792 4678 5302 5322 4921 5240 5426 4827 5117 4973 4841 4903 4966 5207 5120 5012 4742 5278 4600 4981 5181 4845 4911 5507 4960 4800 4970 
5488 5376 5541 5350 5369 5133 5765 5116 5696 4630 5208 5551 4986 5244 5228 5302 5136 5235 5256 4992 5573 5642 5280 5231 5202 4525 5492 4779 5371 5156 5071 5303 5037 5347 5748 5472 5913 5772 5458 5169 5629 5349 5579 5607 5124 5194 5391 5345 5478 5231 5362 5664 5620 5351 5512 5441 4894 5469 5587 5221 5447 5059 5264 5212 5457 5292 5555 5372 5424 5124 5189 5481 5917 5477 5766 5557 5132 5506 4971 5499 5307 5490 4916 4872 5442 5211 5604 5333 5271 5020 5714 4936 5196 4913 5303 5495 5186 5203 5674 5133 5208 5875 5529 5417 5660 5591 5356 5747 5008 5419 5298 5255 5283 5465 5332 5651 5615 5434 5150 5518 5114 5896 5478 5011 5557 5142 5582 5459 5455 5320 5252 5422 5804 5560 5460 5315 5518 5258 5485 4883 5362 5290 5439 5367 5358 5148 5356 5566 5630 5916 5455 4798 5449 5630 4886 5291 5263 5557 5302 5645 5210 5426 4817 5741 4995 5690 5336 5749 5485 5726 5384 5247 4958 5260 5201 5952 5234 5399 4956 5335 5630 5370 5498 5188 5030 5470 5603 5676 5233 5024 5541 5375 5371 5229 5150 5098 5192 5221 5127 5489 5142 4784 5516 5235 5289 5520 5682 5263 5820 5542 5190 5352 5400 4848 5080 5462 5239 5359 5324 5439 4999 5517 5790 4947 5521 5232 5219 5400 5473 5079 5389 5096 5631 5228 5442 5760 5191 5546 5427 5233 5132 5614 5480 5510 5427 4899 5906 5121 5333 5441 5342 5070 5519 5126 5121 5182 
5737 5456 5620 5661 5428 5414 5630 5020 5880 4919 5325 5639 5325 5327 5542 5271 5401 5310 5474 4970 5757 5804 5232 5628 5457 4628 5246 5083 5212 5222 5183 5397 5458 5278 5613 5581 5978 5822 5442 5148 5588 5459 5473 5602 5085 5390 5359 5489 5441 5483 5255 5689 5457 5511 5645 5779 5256 5188 5688 5175 5425 5661 5601 5475 5608 5403 5861 5385 5485 5433 5198 5456 5684 5710 5818 5648 5178 5695 5194 5561 5601 5606 4941 5107 5633 4927 5588 5412 5385 5084 5485 5006 5138 5152 5789 5481 5445 5246 5868 5634 5446 6177 5682 5465 5671 5362 5438 6045 5154 5159 5355 5208 5188 5548 5365 5685 5965 5468 5285 5782 5383 6186 5606 5118 5406 5532 5549 5851 5489 5672 5342 5336 5684 5668 5504 5763 5381 5250 5487 4935 5571 5488 5463 5310 5275 5355 5733 5329 5824 6006 5692 4903 5616 5735 4843 5287 5336 5844 5532 5200 5265 5594 5180 5349 5263 5812 5573 5675 5745 5594 5392 5311 4709 5649 5491 5617 5259 5622 5465 5628 5702 5444 5606 5174 5142 5628 5795 5819 5488 5254 5315 5365 5163 5478 4950 5196 5052 5243 5306 5604 5540 5004 5534 5535 5287 5791 5461 5402 5672 5527 5145 5467 5625 5106 5136 5404 5624 5733 5185 5655 4872 5672 5704 5416 5735 5437 5490 5677 5871 5130 5513 5291 5588 5186 5702 6189 5417 5684 5330 5326 5347 5531 5682 5692 5522 5145 5664 5275 5497 5480 5038 5377 5251 5223 5255 5286 
5108 4791 4806 4722 4575 4700 5210 4244 5149 4263 4723 4845 4676 4559 5034 4602 4747 4710 4728 4408 5060 4949 4709 4908 4882 4359 4762 4646 4802 4576 4554 4948 4531 4887 4947 5047 5375 5242 4955 4663 4840 4760 4670 5049 4485 4690 4575 4887 4970 4468 4368 4912 4664 4991 4991 4921 4334 4630 4734 4536 4787 4665 4760 4811 5202 4646 5125 4587 4830 4907 4663 4904 5088 4987 4989 4930 4723 4978 4592 4952 4895 4481 4548 4204 4811 4448 4734 5047 4992 4598 4995 4328 4566 4708 5015 4863 4710 4498 5364 4645 4812 5492 4913 4854 4831 4942 4636 5004 4649 4593 4880 4919 4797 4774 4926 4795 5385 5066 4740 4925 4642 5230 4869 4260 5132 4876 5169 4944 4837 4925 4569 4497 5206 4920 5026 4818 4971 4691 5054 4494 4917 4835 4893 4548 4754 4393 4903 4833 4868 4858 4893 4631 4973 5011 4357 4588 4991 5150 5154 4828 4927 4930 4720 4798 4392 5164 5201 4763 4883 4860 4946 4785 4167 4950 4660 5253 4657 4792 4655 4690 5307 4996 4890 5113 4731 5008 5184 4879 4831 4727 4882 4821 4912 4813 4682 4958 4318 4618 4922 4853 4864 4490 4676 4680 4643 5012 4815 4876 4906 4854 4757 4898 5235 4762 4539 4845 4765 4963 4548 4978 4382 5229 5293 4419 5051 4961 4625 5062 5131 4422 4585 4654 5139 4739 5231 5411 4738 4951 4972 4915 4545 4516 4952 4736 5129 4410 5099 4653 4785 4936 4638 4418 5013 4778 4633 4464 
5466 5051 4977 4883 4971 4753 5437 4841 5180 4654 5049 5102 4794 4893 4915 4807 5218 5119 5131 4569 5668 5324 4990 5116 4927 4271 4988 4785 5124 4671 5047 4794 4894 5112 5202 5184 5440 5709 5110 4717 5225 5156 5366 5294 4885 5029 4942 5093 5349 5201 5022 5506 5145 5077 5337 5109 4980 5163 5095 4853 5023 4932 5133 4996 5452 4989 5420 5139 5258 4892 4853 5279 5466 5268 5401 5117 5002 5133 4857 5085 5378 5029 4872 4745 5175 4706 5107 4905 5305 4845 5036 4873 4951 4941 5303 5105 4914 4814 5393 4833 4827 5751 5248 5269 5499 5351 4806 5594 4963 4846 5087 5039 5039 5432 5138 5105 5369 5071 4850 5229 4869 5667 5247 4895 5170 5176 5146 5364 5004 5100 5305 4891 5185 5453 4874 5116 5123 4935 5161 4444 5096 5237 5025 5036 5047 4979 5235 5100 5290 5475 5416 4776 5003 5469 4819 4747 4958 5479 5280 5063 4916 4948 4747 5224 4998 5398 5202 5221 5337 5324 4864 5021 4472 4986 5088 5695 4814 5025 4988 4979 5446 5152 5331 5020 4798 5474 5165 5258 5238 4736 4891 4988 4997 5034 4819 4988 4591 5068 5267 5085 5130 4541 5162 5002 4934 4917 5363 4933 5242 5326 4846 5229 5334 4650 4999 4958 5185 5078 4914 5162 4751 5532 5491 4799 5049 5088 4839 5211 5453 4774 5085 4911 5164 4845 5448 5579 5009 5323 4957 5064 4828 5363 5219 5137 5331 4768 5528 4861 5101 5080 4813 4885 5299 4934 5022 4876 
5216 5100 5206 4709 5097 4944 5416 4545 5416 4531 4985 5308 4782 4791 5336 4932 5116 5327 5309 4673 5495 5122 5151 4974 5283 4385 5138 4735 5050 4908 4962 5007 5050 4905 5226 5414 5717 5512 5136 4858 5049 5007 5215 5301 4761 5145 5030 5054 5068 4900 4759 5235 5168 4960 5176 5212 4816 5042 5027 4989 5455 5047 4938 5127 5203 5203 5361 4973 4799 4940 4958 5287 5160 5348 5174 5118 5066 5207 5040 5162 5294 5132 4842 4691 5448 4857 5337 4822 4900 4987 5391 4822 4861 5068 5222 5047 5097 5056 5512 5061 5175 5851 5070 5193 5452 5249 4953 5500 4912 5047 5154 5033 5004 5062 5297 5249 5427 5424 5083 5171 5096 5559 5293 4775 5073 5237 5155 5389 5211 5019 5145 5049 5390 5114 5090 5123 5208 4961 5291 4767 5130 5116 5078 4810 5081 4896 5297 5239 5297 5892 5383 4879 5159 5260 4667 5046 4862 5123 5206 5256 4792 5088 4951 5312 4980 5435 5496 5406 5279 5281 4998 5129 4565 4700 5053 5691 4907 5261 5080 5028 5484 5153 5249 4949 4688 5320 5521 5297 5359 4810 5248 4858 5022 5008 4764 4673 4889 4995 4820 5256 5100 4925 5267 4924 4726 5137 5313 5103 5551 5616 4814 5266 5180 4811 4758 5051 4808 5033 4956 5189 4416 5321 5326 4796 5256 5061 4952 5091 5593 4724 4959 5068 5507 5005 5329 5533 5126 5165 4863 4945 4974 4842 5200 5284 4999 4700 5506 4904 4986 5192 5022 4825 5312 4970 4866 5095 
5167 5151 5362 5213 5029 4846 5495 4910 5570 4552 4915 5303 4880 4864 5606 5016 5134 5367 5159 5033 5317 5205 4857 5189 5095 4742 5094 4787 5109 5039 5084 5215 5090 5164 5192 5187 5758 5648 5242 5285 5258 5133 5389 5508 4850 5024 4801 5342 4997 4967 5126 5416 5108 5168 5042 5231 4761 4929 5326 5185 5365 5344 5345 5081 5622 5091 5262 5267 5078 5198 4925 5385 5091 5297 5326 5359 4997 5398 4642 5336 5322 5178 4898 4876 5263 4896 5002 5208 5145 4747 5121 4579 4930 5005 5302 5012 5291 5078 5432 5273 4929 5622 5329 5416 5261 5120 5021 5486 5063 5106 5273 5237 5111 5225 5202 5426 5671 5206 5000 5288 4943 5765 5250 4736 5297 5142 5025 5293 5185 5395 5239 5181 5529 4957 5229 5055 5340 5108 5163 4680 5251 5122 5169 4948 5207 4938 5181 5132 5080 5379 4967 4972 5289 5146 4515 5205 5254 5211 5534 5160 5196 5134 5100 5217 4876 5545 5390 4901 5440 5161 4918 5477 4600 5035 5226 5630 4997 5242 5147 5240 5331 4742 5320 5263 4717 5512 5410 5310 5135 4786 5208 5167 5144 4981 5145 4609 4809 5224 5103 5242 5233 4813 4864 5110 4776 5465 5066 4989 5270 5420 5198 5480 5608 5075 5021 5217 4942 5236 5220 5272 4552 5635 5306 4869 5401 5094 4920 5262 5681 4560 5091 5095 5359 5111 5265 5550 5064 5202 5292 4904 5087 4870 5445 5156 4966 4772 5248 4787 5124 5497 5019 4949 5250 5146 5205 5067 
5180 5007 5349 5130 4948 4926 5572 4766 5386 4804 4960 5249 4934 5120 5215 4876 5165 5155 5287 4543 5476 5228 5092 5234 4904 4104 4930 4570 5021 5080 4829 5002 4776 5146 5190 5357 5414 5450 5358 4929 4998 4980 4982 5294 4706 5032 5285 5126 5361 4848 5136 5312 5242 5234 5195 5398 5069 5080 5290 4888 5148 5163 5203 4968 5528 5082 5456 4859 5044 4955 4837 5023 5207 5137 5384 5331 4692 5279 4900 5203 5164 5202 4793 4737 4988 4640 5305 5014 5010 4875 5341 4763 5068 4912 5170 5016 5210 5143 5626 4966 5326 5680 5088 5148 5258 5154 5025 5305 4785 4905 4993 5070 4734 5143 5225 5289 5677 5011 5059 5451 4908 5832 5284 4975 5343 5110 5203 5507 5143 4979 4971 5024 5174 5064 5010 5280 5089 4925 5281 4614 5497 5357 5033 4717 5127 4883 5398 4890 5047 5265 5290 4790 5147 5432 4568 5065 5060 5171 5337 5194 4779 5231 4857 5383 4987 5506 5368 5533 5146 5371 5227 5153 4484 5155 5266 5652 4910 5334 4919 5099 5275 5073 5131 5187 4674 5302 5652 5076 5200 4699 5138 5148 4965 5029 4730 4906 4935 5037 5046 5095 4998 4776 5260 5270 5084 5078 5313 4961 5332 5344 4937 5420 5107 4567 4968 5075 5260 5247 5051 5283 4607 5090 5485 4633 5174 5271 5087 5395 5481 4788 5033 5087 5411 4887 5621 5542 4926 5370 4876 4794 4735 5023 5320 5219 5158 4612 5294 4980 5043 5239 5024 5119 5228 4963 4939 4905 
5583 5638 5186 5202 5344 5040 5862 5104 5607 4791 5252 5268 4962 4892 5203 5260 5326 5279 5798 4861 5989 5776 5129 5308 5167 4530 5211 4869 5301 5246 5324 5168 5130 5320 5333 5632 6032 5718 5623 5194 5726 5322 5553 5822 5155 5380 5265 5448 5395 5222 4942 5400 5420 5343 5697 5515 5331 5159 5256 5335 5355 5245 5411 5225 5586 5267 5699 5520 5537 5202 5202 5416 5587 5691 5495 5459 5319 5632 5218 5464 5633 5490 4939 4718 5684 5148 5417 5305 5354 5020 5750 5230 5103 5258 5644 5378 5269 5086 5794 5144 5314 6017 5412 5219 5446 5367 5242 5693 5298 4991 5414 5294 5103 5641 5494 5984 5831 5348 5524 5538 5325 5826 5465 5112 5437 5276 5261 5555 5160 5417 5111 5376 5600 5294 5327 5262 5424 5280 5577 5049 5601 5492 5340 5150 5406 5069 5369 5043 5543 5678 5730 4794 5404 5548 4926 5119 5232 5873 5587 5479 5181 5495 5199 5461 5234 5878 5438 5472 5710 5471 5319 5441 4747 5516 5434 5807 5107 5447 5284 5451 5538 5321 5445 5629 5149 5809 5803 5461 5241 5048 5177 5433 5368 5273 5110 5200 4922 5141 5481 5405 5379 4985 5518 5177 5152 5415 5497 5112 5281 5706 4943 5387 5408 5025 5076 5526 5020 5557 5414 5264 4897 5732 5643 4742 5561 5415 5176 5302 5850 5099 5265 5166 5657 5358 5552 5758 5259 5548 5296 5141 5410 5311 5562 5422 5439 4837 5898 5110 5509 5397 5171 4972 5750 5343 5281 5385 
5500 5323 5584 5254 5524 5261 5913 4978 5843 4879 5335 5540 5273 4977 5511 5380 5402 5343 5775 4972 5653 5480 5129 5384 5324 4500 5274 4870 5236 5244 5339 5270 5203 5362 5431 5574 6041 6077 5611 5438 5504 5322 5860 5537 5312 5321 5273 5540 5383 5038 5196 5644 5413 5409 5427 5784 5077 5193 5629 5388 5326 5205 5514 5130 5541 5510 5652 5401 5497 5593 4878 5737 5603 5429 5885 5408 5083 5291 5359 5533 5437 5493 5166 4911 5570 4995 5552 5465 5170 5037 5790 5287 4917 5213 5468 5244 5256 5391 6049 5482 5424 6116 5330 5382 5612 5598 5343 5605 5367 5060 5354 5164 5034 5465 5597 5590 6118 5617 5381 5497 5090 5753 5725 4972 5307 5317 5442 5424 5457 5420 5332 5415 5524 5420 5435 5659 5454 4968 5488 4828 5385 5237 5499 5482 5517 5058 5623 5488 5519 6159 5558 4931 5694 5598 4890 5228 5171 5455 5304 5502 5262 5438 5234 5824 5231 5793 5583 5154 5672 5475 5336 5441 4929 5302 5559 5804 5189 5623 5007 5378 5569 5257 5677 5251 4927 5737 5708 5778 5640 5214 5425 5279 5180 5513 5151 5206 5267 5057 5172 5860 5391 5070 5555 5326 5328 5423 5416 5208 5764 5588 5153 5646 5614 5116 5143 5403 5334 5470 5554 5462 4848 5815 5580 5254 5664 5351 5323 5555 5792 5286 5393 5499 5457 5309 5894 6032 5234 5595 5464 5203 5221 4756 5516 5546 5357 4837 5555 5305 5372 5309 5265 4887 5630 5198 5316 5624 
5426 5444 5568 5096 5073 5060 5746 5217 5691 4726 5217 5459 5086 5059 5503 5120 5381 5465 5438 4845 5579 5288 5267 5582 5411 4523 5258 5028 5404 5045 5198 5365 5108 5349 5663 5465 5826 5734 5459 5260 5795 5238 5527 5606 5145 5562 5263 5514 5598 5132 5172 5555 5380 5286 5148 5714 5218 5431 5547 5335 5513 5419 5418 5240 5693 5392 5587 5491 5396 5340 5192 5545 5778 5689 5719 5681 5185 5541 5002 5217 5600 5244 4834 4840 5429 5059 5479 5141 5206 5140 5687 4878 5169 5136 5262 5382 5275 5314 5733 5333 5376 5943 5570 5385 5474 5442 5348 5885 5016 5320 5527 5467 5151 5566 5440 5485 5755 5651 5360 5825 5382 6023 5765 4987 5455 5404 5310 5535 5536 5772 5348 5270 5772 5211 5237 5487 5686 5349 5642 5012 5353 5505 5148 5580 5434 5254 5396 5319 5552 5935 5768 5107 5568 5427 4952 5293 5286 5473 5408 5316 5239 5566 5232 5748 5131 5886 5838 5480 5661 5353 5626 5597 4991 5256 5660 5990 5312 5367 5065 5375 5736 5425 5441 5437 4922 5660 5760 5672 5507 5323 5338 5309 5241 5278 5131 4998 5070 5273 5239 5401 5405 5071 5482 5093 5149 5391 5608 5125 5509 5670 5195 5532 5493 5185 5248 5496 5111 5456 5590 5397 4930 5841 5553 4982 5497 5392 5207 5543 5694 5237 5097 5405 5739 5179 5727 6122 4988 5411 5316 5443 5340 5171 5803 5408 5398 5146 5624 5054 5419 5394 5214 5284 5444 5201 5201 5471 
5047 5068 5247 4869 4741 5061 5527 4741 5311 4887 4997 5277 4675 4538 4892 4894 5193 4702 5252 4726 5308 5056 4956 5177 5155 4384 5097 4903 4946 4850 4784 4597 4925 5068 5092 5417 5825 5506 5276 4702 5225 4697 5163 5141 4870 4920 4747 5088 5058 5120 4751 5285 5045 5083 5210 5378 4876 4758 5382 4950 4826 4910 5279 5199 5345 4997 5202 5136 5227 4949 4651 5293 5286 5210 5295 5103 5084 5340 4758 5203 5526 4987 4782 4623 5313 4872 5085 4967 5262 4680 5139 4649 4696 4905 5264 5241 5048 4810 5682 5042 4871 5815 5063 5076 5270 5276 4820 5503 4834 4907 5133 5223 4989 5231 5117 5348 5684 5250 4854 5161 5052 5776 5050 4567 5264 4883 5105 5258 5057 5120 4926 4941 5036 5267 5058 4885 5032 4852 4929 4786 5013 5036 5137 5033 5041 4704 5215 5108 5061 5572 5307 4963 5245 5430 4559 4677 4928 5501 5159 5289 5250 5091 5008 5361 5044 5424 5282 5388 5260 5149 5142 5111 4406 5313 5186 5421 4956 5280 5068 5144 5397 5005 5339 5248 4769 5209 5589 5252 5269 4850 4986 5313 4938 5157 4812 4847 4849 5198 5404 5335 4989 4675 5075 4918 4795 5076 5188 4727 5382 5214 4872 5094 5295 4552 4715 5105 5023 4987 4788 4701 4798 5525 5553 4706 5213 5188 5044 5247 5448 4939 4866 5066 5224 4911 5135 5479 5117 5510 5332 4983 4815 4897 5060 5262 5156 4842 5509 4784 5049 5377 4808 4557 5490 5034 5157 4875 
5666 5415 5954 5764 5264 5122 5894 5279 5981 5073 5628 5485 5219 5202 5487 5076 5620 5441 5549 5133 5863 5686 5441 5343 5326 4855 5538 5370 5513 5269 5198 5289 5457 5445 5791 5814 5887 5833 5364 5216 5864 5466 5620 5778 5331 5582 5490 5501 5761 5387 5397 5592 5738 5455 5423 5633 5318 5523 5734 5497 5623 5311 5470 5288 5717 5431 5871 5195 5518 5389 5320 5728 5884 5574 6065 5499 5224 5426 5021 5492 5873 5482 5179 4959 5699 5292 5594 5305 5483 5023 5932 5193 5259 5214 5816 5397 5174 5276 5817 5504 5478 5987 5744 5714 5827 5492 5426 5945 4988 5407 5641 5334 5347 6011 5552 5677 6105 5566 5615 5684 5327 6181 5786 5114 5672 5530 5580 5849 5376 5359 5435 5454 6053 5504 5556 5628 5585 5390 5746 5483 5421 5532 5532 5350 5703 5308 5625 5363 5643 6053 5569 5008 5664 5566 4988 5280 5372 5894 5553 5469 5386 5866 5334 5955 5111 5906 5773 5634 5700 5895 5387 5491 4642 5636 5716 5994 5057 5279 5275 5652 5789 5416 5640 5640 5153 5705 5961 6035 5644 5109 5695 5837 5280 5441 5392 5129 5220 5498 5423 5366 5437 5047 5429 5579 5077 5558 5727 5340 5844 5884 5158 5595 5585 5258 5416 5599 5307 5477 5353 5531 4981 5701 5800 5248 5619 5545 5535 5685 6040 5422 5269 5465 5745 5473 6032 6250 5587 5470 5565 5523 5109 5479 5588 5461 5779 5118 5717 5287 5521 5453 5261 5281 5696 5525 5280 5333 
5191 5098 5144 4941 4678 4757 5537 4882 5472 4843 4924 5387 4822 5043 5286 5113 5080 5147 5345 4725 5427 5259 4985 4931 4823 4570 5097 4921 5101 5002 5005 4982 4826 5188 5095 5351 5572 5657 5240 4674 5204 5292 4961 5193 4726 5024 4906 5101 5201 4922 4946 5006 5429 5121 4957 5343 4829 5117 5303 5176 5196 5185 5111 5005 5439 5186 5267 5076 4987 5252 4867 5230 5407 5260 5478 5156 4905 5095 4930 5160 5396 5298 4587 4716 5342 4897 5137 4967 5075 4535 5287 4722 4827 4712 4977 5262 5357 4716 5603 4931 5147 5626 5170 5195 5239 5340 4992 5659 5001 5184 4972 5152 4813 5379 5224 5067 5734 4947 5019 5484 4763 5806 5147 4945 5411 5191 4936 5262 5110 5149 5050 4966 5337 5144 5492 5227 5217 4989 5335 4699 5075 5020 5018 5050 5188 4995 5175 5061 5098 5519 5237 4529 5198 5193 4624 4986 4997 5387 4981 5130 5115 5057 4804 5442 4873 5427 5362 5341 5241 5481 5032 5181 4655 5385 4928 5554 4901 5253 4882 5032 5694 4988 5313 5042 4718 5662 5478 5465 5079 4810 5370 5126 5036 4891 4771 5071 4706 4801 5036 5172 5169 4487 5232 4740 4937 4903 5230 4839 5190 5452 4633 4973 5391 4862 4929 5240 5006 5091 5200 5130 4625 5414 5214 5004 5540 5153 4939 5188 5317 4783 5022 5034 5086 4858 5428 5655 5010 5408 5074 5195 4735 4974 5363 5068 5502 4776 5447 4819 4843 5075 5094 4764 5335 4829 5087 4926 
5330 4918 5845 5418 5228 5323 5644 4686 5487 4805 5001 5481 4953 5187 5375 4985 5321 5493 5321 5123 5676 5656 5089 5582 5365 4548 5721 4851 5218 4903 5005 5139 5269 5241 5445 5676 5862 5750 5675 5345 5335 5637 5452 5512 4978 5417 4985 5399 5494 5308 5152 5551 5501 5033 5477 5491 4848 5337 5614 5076 5304 5396 5426 5253 5638 5398 5632 5276 5215 5368 4813 5410 5646 5415 5726 5517 5159 5336 5113 5440 5588 5229 4966 4962 5588 5377 5660 5230 5368 4969 5665 5018 5290 5165 5307 5354 4974 5068 5560 5260 5324 6099 5312 5469 5581 5667 5340 5964 5173 5102 5228 5441 5237 5556 5310 5363 5646 5568 5182 5336 4859 6006 5574 4871 5446 5349 5352 5380 5575 5309 5297 5392 5794 5251 5474 5435 5515 5067 5709 5192 5391 5398 5316 5266 5115 5291 5456 5588 5503 5749 5452 5170 5404 5329 4846 5141 5394 5573 5497 5319 5239 5372 4966 5328 5136 5801 5835 5407 5522 5771 5409 5210 4976 5317 5312 5720 5147 5541 5142 5603 5891 5214 5376 5437 4994 5616 5712 5703 5357 5228 5457 5044 5323 5124 5124 5141 5231 5398 5360 5305 5072 5058 5728 5454 5188 5457 5489 5253 5595 5737 5232 5636 5448 5245 5023 5409 5187 5370 4917 5547 4928 5804 5645 4967 5494 5365 5212 5430 5918 5339 5143 5264 5673 5085 5756 5859 5367 5632 5518 5173 5326 5453 5293 5597 5594 5018 5573 5088 5501 5187 4814 5042 5622 5139 5193 5256 
5658 5395 5554 5665 5204 5274 5929 5175 5937 4929 5174 5731 5263 5040 5412 5118 5574 5295 5622 5143 5844 5613 5471 5692 5551 4607 5296 5048 5504 5268 5134 5251 5290 5556 5503 5754 6169 6024 5700 5243 5733 5405 5478 5837 5290 5519 5281 5388 5628 5402 5160 5654 5513 5305 5437 5508 5375 5412 5654 5583 5578 5472 5364 5557 5697 5255 5516 5540 5622 5348 4938 5727 5756 5678 5851 5472 5322 5739 5198 5494 5657 5321 4973 4927 5843 5219 5545 5435 5601 5030 5812 4975 5284 5240 5543 5321 5221 5248 5780 5552 5326 6248 5429 5586 5615 5643 5446 5654 5360 5164 5561 5567 5461 5637 5524 5497 5926 5734 5409 5540 5241 6121 5694 5204 5515 5353 5330 5516 5340 5417 5398 5421 5861 5576 5518 5374 5628 5430 5605 4903 5522 5422 5532 5397 5386 5343 5409 5335 5702 5877 5894 5214 5499 5644 4664 5371 5167 5656 5712 5838 5296 5563 5059 5652 5620 5945 5560 5460 5938 5570 5380 5702 4916 5211 5530 5987 5268 5499 5371 5477 5655 5258 5702 5359 5131 5767 5692 5753 5280 5044 5521 5686 5339 5321 4939 5326 5355 5398 5311 5540 5336 5214 5651 5487 5070 5419 5611 5343 5874 5718 4953 5409 5668 5150 4967 5523 5402 5311 5245 5293 5008 5674 5839 5176 5432 5624 5421 5374 5789 5319 5314 5378 5886 5127 5645 6087 5490 5520 5367 5406 5121 5432 5737 5570 5554 5063 5574 5185 5593 5423 5220 5118 5778 5405 5417 5353 
5559 5491 5567 5342 5301 5319 5812 5205 5649 5137 5438 5522 5227 5122 5611 5118 5474 5336 5389 4930 5771 5804 5193 5520 5485 4499 5459 4929 5359 5248 5172 5584 5268 5325 5698 5713 5802 6044 5316 5231 5613 5343 5488 5618 5184 5531 5386 5455 5427 5059 5236 5786 5569 5468 5252 5293 5093 5297 5444 5251 5513 5351 5416 5395 5566 5281 5842 5428 5507 5412 5012 5483 5710 5486 5753 5410 5219 5621 4864 5524 5575 5501 4944 5108 5233 5295 5345 5429 5259 5244 5476 4779 5165 5256 5597 5448 5104 5034 5665 5416 5131 5901 5543 5613 5544 5216 5205 5684 5124 5225 5256 5491 5398 5436 5371 5416 5958 5650 5218 5641 4989 5944 5431 5059 5327 5278 5496 5614 5496 5517 5417 5166 5860 5463 5362 5502 5643 5257 5577 4954 5231 5403 5514 5382 5399 5196 5525 5566 5460 5597 5579 4968 5514 5460 4727 5406 5409 5878 5655 5477 5153 5241 5153 5614 5263 5694 5546 5455 5705 5552 5111 5431 4639 5366 5520 5531 5167 5623 5350 5494 5857 5276 5438 5276 4837 5756 5717 5675 5320 5215 5461 5433 5179 5229 5190 5128 5147 5236 5198 5590 5369 4758 5482 5557 5366 5436 5701 5368 5620 5615 5339 5304 5694 5029 5084 5126 5239 5376 5114 5532 5082 5761 5781 4973 5734 5174 5248 5574 5615 5025 5551 5419 5794 5325 5615 6092 5371 5470 5387 5419 5449 5456 5352 5273 5514 5145 5472 5215 5415 5655 5144 5130 5792 5271 5223 5463 
5376 5422 5527 5318 5029 4812 5563 4949 5720 4537 5226 5526 4916 5162 5538 5215 5329 5246 5459 5231 5655 5489 5451 5427 5316 4696 5273 4798 5377 5300 5074 5249 5051 5021 5525 5611 5969 5971 5265 4815 5341 5089 5573 5678 5033 5165 5449 5271 5482 4861 5228 5514 5573 5228 5566 5592 5094 5025 5463 5400 5417 5331 5250 5385 5797 5354 5595 5421 5346 5312 5183 5707 5536 5796 5496 5378 5133 5476 5129 5209 5270 5787 4961 4752 5399 5133 5619 5294 5096 4971 5466 4908 5285 4970 5279 5241 5002 5137 5680 5203 5084 5763 5574 5479 5723 5609 5661 5528 5137 5204 5628 5018 5055 5399 5582 5683 5396 5461 5398 5497 5036 6004 5403 4986 5574 5207 5463 5381 5171 5446 5310 5298 5881 5198 5491 5590 5344 5378 5210 4779 5501 5212 5527 5083 5280 5109 5195 5344 5268 5758 5221 4846 5632 5482 4974 5087 5404 5303 5635 5412 5012 5224 4915 5463 5316 5767 5382 5301 5561 5492 5318 5299 4982 5338 5334 5709 5152 5288 4835 5197 5576 5117 5454 5012 5007 5532 5609 5746 5149 4942 5129 5664 5260 5155 4989 4947 4888 5094 5306 5476 5459 5046 5079 5464 5210 5217 5430 5039 5507 5577 5072 5173 5299 5140 5117 5407 5188 5434 5402 5415 4662 5535 5614 5099 5232 5078 5186 5463 5578 4903 5257 5281 5703 5202 5470 5970 5137 5301 5214 5056 5199 5268 5516 5388 5289 4736 5480 4903 5328 5454 5224 5022 5458 5303 5319 5474 
5154 5056 5488 5344 5053 5067 5556 4767 5562 4538 5008 5139 4842 5014 5150 5011 5009 4880 5138 4820 5463 5524 5040 5156 5272 4801 5036 4623 4915 4932 4894 4981 5049 5101 5222 5139 5529 5556 5363 4864 5393 5260 5139 5605 4868 5160 5151 5203 5393 5078 4959 5373 5196 5068 5266 5217 5029 5396 5366 5047 5218 5131 5204 5078 5229 5278 5480 5294 5035 5171 4911 5113 5378 5422 5423 5214 5133 5308 4831 5274 5338 5215 5073 4737 5403 5072 5599 5058 4930 4870 5429 4668 4920 4895 5092 5296 5133 5013 5773 4971 4982 5660 5082 5318 5378 5282 5011 5845 4969 5020 5109 5236 5164 5448 5224 5530 5701 5264 5173 5619 4716 6137 5289 4722 5092 5049 5494 5338 5388 5284 5003 4976 5547 5085 4931 5034 5120 5124 5381 4936 5449 5357 5112 4965 5132 4934 5249 5165 5307 5694 5478 4676 5298 5391 4724 5110 5196 5627 5136 5157 5247 5156 4878 5243 4944 5305 5434 5500 5441 5426 5219 5185 4642 5255 5066 5921 4856 5457 4870 5158 5538 5037 5104 4970 4838 5644 5720 5496 4879 4911 5029 5174 4931 5087 4729 5051 5219 4904 5306 5321 5032 4909 5267 4884 4850 5007 5256 5039 5477 5454 5030 5071 5410 4912 4844 5167 4947 5115 5085 4915 4879 5656 5513 4947 5543 5233 4976 5298 5450 4994 5046 5154 5577 5021 5653 5690 5063 5445 5254 5121 4992 5124 5262 5292 5237 4701 5460 4957 5024 5388 4680 4620 5472 5235 5207 5062 
5502 5274 5622 5268 5116 5331 5518 4668 5531 4900 5048 5500 4983 5173 5130 4957 5391 5407 5338 5157 5799 5385 4844 5209 5301 4717 5313 5014 5318 4860 5174 5274 5106 5311 5613 5442 5954 5785 5474 5143 5669 5011 5539 5474 5038 5349 5186 5254 5381 5266 5310 5632 5429 5334 5453 5599 4930 5376 5543 5182 5578 5433 5346 5486 5595 5330 5627 5115 5429 5336 5040 5317 5673 5468 5563 5553 5145 5660 4802 5291 5587 5478 4628 4929 5446 5407 5545 5113 5404 5014 5625 4732 5200 5229 5477 5328 5093 4989 5444 5124 5410 6018 5416 5311 5438 5462 5489 5765 4968 5242 5279 5333 5187 5811 5380 5375 5819 5676 5136 5401 5177 5869 5525 4944 5490 5256 5406 5614 5450 5383 5241 5173 5744 5386 5305 5417 5483 5175 5379 4940 5114 5382 5437 5215 5377 5099 5635 5450 5561 5875 5332 5041 5589 5639 4783 5163 5244 5567 5292 5361 5380 5337 5025 5698 5218 5739 5560 5493 5578 5526 5430 5338 4822 5434 5311 5844 5276 5342 5237 5548 5691 5306 5464 5505 4797 5588 5648 5687 5606 5051 5440 5260 5120 5003 5030 5001 5005 5301 5093 5298 5147 5216 5556 5294 5044 5319 5477 5056 5779 5625 5173 5398 5391 5215 5076 5379 5333 5342 5075 5239 4834 5769 5670 5123 5604 5400 5032 5466 5812 5137 5353 5291 5679 5349 5543 6030 5197 5595 5341 4891 5177 5184 5315 5427 5436 5013 5510 5036 5422 5396 5044 5102 5616 5021 5314 5026 
5400 5206 5464 5265 5151 5213 5926 4762 5663 4732 5246 5326 5222 4847 5253 5283 5422 5354 5146 4906 5575 5594 4871 5321 5237 4645 5233 5063 5328 5113 5027 5013 5202 5191 5478 5449 5913 5650 5386 5033 5559 5125 5232 5336 5040 5370 5133 5086 5357 4890 5021 5537 5295 5195 5223 5644 4927 5269 5419 5270 5085 5235 5347 5124 5539 5443 5546 5214 5266 5097 4916 5471 5534 5357 5564 5452 5109 5477 4878 5059 5422 5005 4826 4682 5336 4944 5282 5294 5156 4875 5537 4497 5098 5227 5284 5234 5276 5045 5829 5022 5019 5792 5262 5363 5480 5446 5339 5617 4927 5134 5152 5333 5114 5375 5183 5413 5566 5730 5160 5670 4905 5837 5337 4661 5392 5030 5497 5131 5193 5220 5237 5343 5448 5368 5101 5282 5544 5075 5465 5068 5285 5283 5308 5187 5332 5204 5230 5302 5177 5813 5382 4918 5233 5521 4634 5048 5205 5649 5382 5334 5221 5336 4987 5276 4810 5480 5777 5188 5538 5373 5213 5261 4566 5117 5200 5713 4989 5210 5270 5368 5335 5305 5125 5324 4931 5419 5378 5462 5236 5102 5101 5255 5034 5158 4981 4959 5010 5295 5234 5656 5146 4889 5261 5173 4993 5321 5225 5088 5441 5208 5109 5323 5498 5014 5039 5239 5190 5459 5091 5188 4763 5555 5346 4851 5648 4935 5195 5492 5555 5077 5146 5177 5670 5067 5445 5882 5270 5545 5333 5046 5000 4945 5250 5107 5410 4981 5569 4848 5151 5517 4997 4926 5542 5112 5178 5148 
5559 5229 5556 5576 5345 5393 5772 5204 5907 5060 5306 5607 5324 5343 5474 5350 5659 5587 5688 5254 5797 5609 5293 5782 5610 4558 5475 5205 5263 5342 5485 5450 5116 5530 5538 5731 6103 6095 5718 5166 5468 5570 5418 5644 5019 5518 5386 5431 5878 5236 5363 5871 5551 5443 5555 5602 5254 5497 5575 5220 5328 5153 5541 5437 5825 5463 5610 5396 5515 5488 5150 5586 5736 5674 5750 5784 5302 5890 5048 5423 5906 5468 5096 5173 5567 5059 5464 5457 5454 5218 5645 5067 5218 5183 5620 5338 5393 5331 5861 5436 5543 6212 5652 5454 5657 5441 5464 5726 5118 4982 5419 5597 5483 5607 5516 5761 5766 5349 5305 5835 5093 6375 5821 5284 5667 5462 5501 5699 5238 5641 5497 4936 5626 5587 5457 5578 5757 5359 5640 5061 5520 5554 5531 5232 5344 5285 5678 5193 5378 5719 5558 5063 5408 5583 5126 5234 5321 5732 5799 5597 5311 5404 5562 5593 5440 5926 5826 5439 5950 5667 5427 5418 4966 5291 5630 5874 4999 5332 5303 5502 6112 5397 5862 5396 5173 5647 5781 5425 5566 5286 5426 5568 5320 5386 5016 5222 5145 5421 5484 5296 5501 5135 5573 5426 5261 5539 5522 5129 5518 5667 5161 5560 5737 5167 5320 5329 5558 5430 5366 5627 5032 5722 5698 5144 5740 5345 5301 5533 6035 5129 5384 5410 5601 5406 5715 6178 5472 5703 5410 5450 5041 5451 5451 5303 5377 5215 5937 5194 5384 5788 5444 5267 5892 5589 5246 5152 
5169 5169 4986 5113 4903 4879 5644 4631 5108 4336 4868 5128 4620 4842 4990 5063 4937 5185 5072 4799 5368 5239 4865 5090 4977 4443 4887 4696 5296 4961 5024 4724 4770 5257 5068 5239 5432 5256 5043 4854 5129 4963 5309 5332 4765 4891 4748 5131 5118 4865 4815 5219 5276 4799 5001 5304 4888 4900 5078 4939 5179 5238 5065 4915 5417 5035 5312 4806 4963 4804 4770 5290 5329 5183 4964 5138 4733 5180 4767 5013 5091 5276 4517 4506 5263 4499 5055 5198 4871 4650 5287 4888 4751 4654 5044 5022 4865 4897 5293 5160 5003 5513 5312 5022 5266 5225 4961 5164 4760 5007 4838 4826 4784 5146 4893 5054 5540 5197 4802 5247 4889 5605 5293 4525 5022 5328 5220 5145 5064 5256 4841 4895 5388 5012 5176 4898 4966 4722 5265 4762 5361 4891 5001 4927 5158 4907 5040 4970 5019 5623 5298 4561 5176 5205 4766 4861 4887 5080 5114 5032 5053 5249 4758 5146 4853 5357 5236 5090 5376 5182 4751 5082 4485 4975 5073 5402 4657 5119 5056 5035 5458 4731 5131 4830 4621 5258 5096 5226 4901 4653 4862 4843 4916 5141 4771 4629 4470 4978 5085 4857 5229 4360 4938 4791 4646 5058 5263 4893 5397 5190 5069 4930 4982 4734 4914 4922 4889 4834 4988 5106 4560 5260 5115 4587 5165 4952 5083 5085 5140 4658 4874 5174 5276 4821 5213 5552 4888 5189 4653 4896 4732 5014 5076 5003 4989 4644 5205 4536 4934 4957 4731 4858 5092 4901 4807 5043 
5452 5267 5330 5304 5017 5170 5832 4835 5706 4811 5034 5427 4947 4816 5375 5418 5093 5297 5238 5101 5590 5169 5412 5195 5196 4736 5297 4819 5435 5008 5267 5158 5325 5320 5522 5797 6094 5867 5399 5392 5418 5286 5416 5662 4920 5103 5152 5476 5736 5154 4857 5630 5521 5353 5176 5665 5151 5252 5489 5091 5335 5343 5305 5072 5643 5107 5469 5230 5390 5379 4945 5350 5542 5424 5628 5500 5129 5449 5111 5456 5546 5227 4918 4705 5641 4733 5189 5089 5630 4840 5819 4981 5188 5136 5220 5081 5142 5135 5512 5359 5380 6029 5415 5331 5408 5413 5316 5634 5217 4974 5299 5393 5129 5643 5588 5420 5596 5544 5554 5343 5245 6060 5526 4900 5475 5520 5082 5659 5437 5369 5601 5187 5466 5182 5256 5104 5911 5259 5426 4924 5437 5149 5475 5456 5407 5253 5278 5261 5399 5779 5637 4909 5219 5579 4910 5110 5322 5449 5598 5519 5349 5864 5112 5600 5405 5890 5518 5410 5587 5555 5191 5418 4770 5303 5232 5852 5316 5521 5121 5418 5887 5295 5610 5200 5057 5812 5526 5597 5533 5127 5263 5484 5342 5155 4922 5216 5037 4965 5256 5096 5204 5069 5447 5160 4932 5235 5588 5063 5498 5685 4772 5309 5601 5152 4964 5316 5260 5159 5392 5263 4696 5808 5587 5192 5400 5239 5214 5456 5785 4989 5234 5284 5333 5121 5703 5585 5326 5454 5131 5508 5146 5291 5807 5475 5482 5166 5495 4832 5301 5360 5240 5027 5536 5060 5116 5505 
5395 5017 5413 5194 5032 4825 5439 4587 5256 4569 4957 5213 4753 4820 4866 4758 4958 5231 5052 4718 5208 5284 5225 4845 5116 4505 4910 4614 4748 4909 4685 4941 4877 5052 5297 5371 5427 5368 5227 5019 5432 5194 5215 5243 4725 5132 4978 4998 5193 4945 4861 5240 5259 4862 5117 5490 4809 5287 5333 4846 5043 4878 5040 5111 5286 5080 5377 5038 4924 5154 4844 5328 5236 5225 5194 5291 4784 5199 4719 4914 5294 5093 4767 4589 5223 4810 5138 4919 4920 4844 5400 4584 4710 5008 5006 4972 4911 5011 5395 4861 5093 5532 5061 5318 5450 5164 5051 5474 4873 4981 5249 5234 5152 5056 5041 5478 5315 5284 5035 5502 4846 5665 5034 4780 5082 4920 5173 5256 5238 5305 4822 4654 5321 5083 5086 4996 5305 5046 5067 4756 5077 5286 4857 4884 5102 4816 5225 5035 5036 5517 5141 4794 5193 5270 4480 4968 4848 5163 5119 5125 5000 4974 4661 5432 4920 5212 5423 5173 5204 5440 5212 5289 4360 4996 5042 5644 4893 5268 5025 5068 5324 4933 4770 5041 4564 5370 5468 5359 4999 4541 4970 5071 5122 5178 4826 4603 4962 4980 4971 4991 4994 4968 4995 5031 4690 4958 5285 4975 5354 5484 5035 5185 5307 4633 4692 5227 4819 4861 4932 4934 4512 5213 5099 4803 5450 4985 4810 5204 5303 4976 5034 5099 5119 4903 5142 5346 5273 5287 4855 4920 4912 5013 5140 5347 5141 4618 5166 4760 5033 5195 4910 4691 4980 4928 4799 5089 
5094 4916 5155 5256 5001 4911 5348 4593 5127 4595 4646 5025 4334 4639 4908 4766 4994 4993 5015 4658 5215 5198 4812 4933 4887 4359 4883 4636 4779 4632 4469 4691 4912 4901 4911 5300 5503 5507 4934 4728 5112 4941 5173 5390 4729 4850 4749 4793 5223 4939 4788 5166 5144 4844 4880 4857 4813 4854 4866 4952 5035 4996 5041 5054 5367 4635 5533 4909 4984 4894 4545 5206 5339 5243 5191 4989 4893 5078 4483 5218 5393 4813 4345 4223 4991 4714 4918 4698 5092 4506 4978 4805 4710 4986 5216 4811 4724 4923 5229 4971 5247 5633 4864 4913 5123 4906 4727 5360 4783 4577 5106 4914 4713 5151 4940 5009 5241 5021 4981 4817 4857 5596 5192 4609 5023 4989 4920 5106 4921 4928 5016 4914 5448 5015 5048 4869 5157 4633 5050 4334 4732 5054 5165 4719 5096 4971 4960 4850 5066 5417 5285 4625 4839 5273 4489 4657 5078 5328 4993 5010 4709 5133 4678 4932 4753 5358 5000 4941 5304 5350 5014 4780 4395 5054 4935 5381 4569 4964 4979 5086 5369 4834 4855 4972 4692 5316 5158 5267 5082 4550 5056 5154 4696 4710 4658 4822 4759 4946 4922 4952 5018 4565 5036 4857 4799 4940 4700 4935 5019 5169 4652 5030 5448 4888 4586 4565 4992 5069 4917 5015 4417 5274 5228 5173 5110 5029 4954 4882 5214 4673 5013 4761 5356 4763 5171 5488 5185 5162 4789 4721 4615 5011 5125 5182 5155 5003 5198 4669 4936 4927 4882 4572 5293 4950 4686 4636 
5323 4933 5311 5411 5191 5062 5705 4608 5382 4610 5105 5331 4992 5047 5088 5114 5404 5170 5315 4860 5664 5490 5128 5442 5252 4209 5279 4832 5188 5110 5010 5217 4844 4949 5468 5440 5791 5891 5378 5133 5403 5279 5386 5450 4827 5120 5200 5461 5543 5156 5176 5341 5412 5219 5174 5546 4892 5002 5378 4983 5552 5199 5175 5189 5407 5154 5591 5298 5116 5403 5041 5315 5633 5271 5447 5500 5039 5328 4789 5353 5556 5315 4720 4657 5670 5143 5347 5248 5281 4830 5426 4864 5163 4854 5059 5262 5133 4926 5649 5118 5184 5902 5387 5319 5580 5430 5301 5537 4578 5185 5259 5344 5079 5457 5267 5321 5555 5264 5153 5582 5157 5928 5491 4814 5574 5238 5369 5373 5492 5586 5069 5169 5750 5219 5433 5093 5256 5079 5439 4786 5113 5326 5509 5206 5469 5048 5283 5112 5332 5764 5466 5050 5219 5323 4639 5204 5022 5466 5502 5313 5396 5101 4954 5447 4922 5465 5850 5417 5549 5442 5462 5308 4862 5199 5073 5447 5134 5395 4989 5256 5676 5013 5135 5278 4628 5563 5642 5395 5366 4882 5115 5461 5024 4998 4753 4812 4893 5196 5075 5531 5117 4807 5477 5166 4972 5300 5295 5079 5675 5679 5158 5041 5380 4714 4942 5400 5174 5293 4942 5485 4688 5720 5569 4860 5507 5063 4660 5392 5560 4827 5155 4929 5634 5029 5456 5916 5350 5539 5211 5181 5006 5271 5435 5346 5482 5156 5375 4622 5218 5168 4889 5011 5307 4936 4978 4811 
5424 5268 5502 5336 5088 5182 5427 4772 5449 4686 5259 5299 4928 5178 5356 5249 5347 5296 5484 4975 5653 5208 5374 5145 5333 4754 5322 4755 5070 5177 5271 5055 4966 5325 5344 5357 5568 5580 5366 5073 5507 5277 5409 5457 4971 5243 5206 5172 5132 4926 5201 5313 5560 5158 5237 5139 4938 5172 5308 5203 5288 5202 5398 5229 5521 5242 5504 5104 5160 5243 5058 5258 5403 5290 5664 5459 5065 5377 4817 5317 5542 5316 4817 4732 5552 4847 5279 5130 5153 4957 5421 4947 5093 5068 5441 5114 4772 5013 5556 5186 5153 5982 5367 5558 5367 5394 5043 5526 5069 5014 5265 5019 5205 5433 5364 5622 6065 5537 5311 5273 4874 5735 5355 4909 5071 5223 5476 5597 5173 5167 5128 5059 5472 5236 5267 5107 5080 4842 5257 4690 5261 5106 5354 4985 5451 5018 5340 5216 5439 5511 5528 4796 5334 5363 4801 5026 5335 5557 5439 5115 5322 5116 5070 5444 5083 5619 5602 5537 5648 5519 5227 5435 4626 5080 5214 5711 5138 5319 5059 5447 5603 5112 5450 5147 4949 5496 5733 5644 5273 4946 5126 5308 5160 5205 4771 4822 5072 5354 5271 5018 4991 4619 5160 5348 4917 5391 5188 5080 5393 5569 5117 5298 5326 4931 4987 5450 5200 5280 5019 5398 4627 5407 5691 4879 5483 5131 5002 5401 5681 5063 5022 5141 5530 5028 5517 6010 5145 5402 5222 5252 5049 5156 5108 5200 5401 4815 5616 4790 5208 5242 5086 4998 5604 5092 5232 5212 
5412 5469 5300 5333 5328 4922 5590 4882 5515 4683 5112 5423 4911 5126 5286 5223 4847 5266 5409 4844 5591 5350 4915 5225 5091 4706 5164 4832 5200 5096 4995 5071 4968 5052 5459 5560 5814 5637 5209 5249 5483 5172 5502 5717 5010 5437 5135 5382 5425 5092 5099 5489 5295 5357 5325 5521 5020 5383 5381 5096 5275 5419 5123 5484 5526 5204 5279 5213 5115 5239 5249 5257 5363 5582 5503 5510 5103 5581 4873 5252 5611 5359 4906 4814 5450 5014 5449 5127 5295 4744 5330 4754 5162 4892 5264 5211 5235 5121 5602 5036 5363 5883 5306 5302 5480 5440 5015 5678 4957 5175 5479 5412 5158 5622 5515 5297 5398 5307 5177 5367 5097 6014 5384 5012 5453 5307 5208 5373 5155 5423 5308 5063 5667 5283 5368 5217 5566 4998 5420 4935 5265 5043 5131 5010 5187 5361 5450 5055 5511 5816 5259 4916 5120 5401 4734 5027 5094 5586 5207 5144 5153 5411 5015 5526 5299 5589 5330 5387 5460 5374 5065 5432 4727 5199 5427 5838 5255 5255 5049 5130 5562 5197 5330 5099 4963 5495 5482 5553 5627 5021 5241 5177 5311 5110 5072 4708 4836 5196 5029 5231 5116 4817 5330 5069 5086 5473 5425 5141 5505 5625 5114 5312 5495 5229 5200 5120 5159 5418 4994 5389 4600 5446 5536 4928 5453 5170 5216 5227 5572 4981 5249 5175 5543 5021 5563 5736 5278 5558 5303 5007 5064 5259 5547 5297 5314 5000 5594 4783 5122 5547 5266 5340 5364 4972 5270 5020 
4582 4711 4972 4543 4479 4684 5000 4416 4968 4102 4574 4842 4332 4640 4935 4579 4733 4891 4824 4343 4752 4790 4686 4684 4775 4221 4545 4550 4714 4633 4710 4328 4584 4677 4865 4992 5420 4920 4861 4511 4841 4764 4887 4943 4562 4688 4679 4759 4671 4540 4639 4913 4946 4634 4951 4925 4453 4597 4554 4613 4717 4721 4806 4805 5119 4632 4883 4834 4415 4626 4433 4935 4985 4950 5160 4779 4448 5030 4448 4608 4830 4540 4303 4279 4652 4464 4972 4769 4760 4353 4949 4051 4394 4397 4784 4720 4535 4789 4747 4675 4646 5260 4880 4624 5072 4820 4530 5100 4540 4587 4781 4833 4478 4817 4714 4896 5005 4759 4500 4825 4283 5049 4822 4248 5015 4797 4784 4707 4511 4920 4474 4507 4924 4811 4879 4754 4770 4795 4947 4436 4652 4590 4704 4598 4500 4603 5067 4949 4916 5190 4680 4440 5002 4689 4328 4550 4631 4996 4719 4596 4838 4867 4459 4981 4524 5032 4962 4775 5158 4839 4872 4740 4166 4522 4588 5250 4623 4585 4498 4786 5045 4735 4849 4433 4523 4796 4961 4987 4892 4647 4706 4837 4540 4522 4461 4287 4484 4767 4522 4840 4908 4390 4737 4830 4472 4735 4827 4476 4821 4775 4776 4599 4780 4390 4584 4656 4523 4594 4549 4778 4170 4823 5242 4755 4934 4830 4683 4992 5218 4423 4708 4445 4973 4526 4871 4954 4995 4784 4647 4396 4862 4519 4633 4762 4651 4441 4998 4664 4888 4915 4538 4594 4753 4542 4541 4609 
5495 5459 5463 5678 5277 5365 6043 5064 5729 5055 5591 5600 5216 5293 5445 5320 5585 5432 5556 4986 5741 5651 5300 5624 5319 4581 5395 5224 5419 5178 5421 5270 5324 5450 5695 5781 6097 6112 5709 5360 5726 5349 5613 5766 5488 5512 5252 5448 5401 5285 5249 5525 5527 5248 5501 5665 5326 5594 5754 5241 5208 5102 5607 5465 5591 5426 5735 5440 5529 5611 5226 5755 5829 5653 5767 5529 5324 5570 5364 5472 5786 5551 4915 5119 5462 5123 5619 5686 5430 4975 5651 5145 5207 5208 5610 5489 5502 5193 5939 5246 5359 6112 5545 5547 5687 5573 5457 5663 5084 5244 5195 5307 5274 5843 5472 5572 6122 5636 5400 5864 5601 6042 5603 5116 5477 5617 5526 5643 5564 5445 5323 5348 5787 5561 5513 5514 5443 5189 5631 4991 5376 5609 5452 5270 5578 5246 5692 5247 5527 5744 5667 5259 5695 5757 4961 5178 5273 5783 5539 5545 5290 5443 5188 5852 5010 5939 5778 5586 6019 5627 5445 5724 4937 5322 5428 6000 5178 5437 5446 5424 5878 5554 5593 5330 4908 5737 5792 5865 5406 5190 5549 5669 5207 5568 5303 4988 5025 5256 5275 5370 5520 5000 5445 5506 5188 5535 5499 5185 5799 5662 5483 5415 5373 4968 5475 5666 5418 5418 5267 5593 4952 5837 5779 5258 5726 5400 5038 5529 5654 5548 5414 5394 5835 5260 5858 6247 5335 5816 5354 5466 5344 5440 5488 5436 5701 4944 5748 5001 5548 5463 5170 5220 5619 5479 5414 5355 
5421 5322 5668 5031 5121 5097 5847 4734 5943 4637 5245 5282 4999 5036 5691 5180 5387 5302 5201 5188 5676 5475 5134 5435 5376 4383 5369 4766 5280 5330 5016 5142 4823 5292 5418 5318 6057 5727 5603 5077 5580 5336 5447 5293 4770 5310 5365 5639 5347 5231 5355 5481 5423 5153 5438 5652 5080 5463 5492 5184 5285 4969 5329 5502 5712 5507 5393 5279 5090 5084 5326 5377 5584 5407 5702 5629 5415 5671 5098 5384 5491 5189 5072 4778 5708 5326 5591 5219 5367 4799 5540 4998 5372 5106 5377 5179 5411 5321 5796 5114 5305 5938 5530 5344 5647 5279 5488 5863 5287 5132 5470 5271 5361 5513 5517 5497 5619 5344 5101 5868 5290 6060 5697 5101 5209 5207 5409 5568 5441 5200 5172 5152 5999 5548 5383 5531 5456 5029 5412 4930 5529 5327 5776 5279 5065 5406 5269 5299 5444 5850 5368 4989 5376 5471 4674 5126 5223 5406 5581 5433 5335 5294 4969 5515 5309 5758 5642 5329 5742 5314 5444 5327 4784 5156 5347 6019 4998 5374 5173 5363 5635 5358 5469 5486 5028 5546 5789 5469 5431 5050 5148 5338 5105 5376 4942 4965 5029 5270 5561 5363 5217 4862 5503 5160 5230 5417 5400 5186 5616 5730 5101 5408 5566 5095 5083 5435 5212 5383 5205 5346 4803 5852 5484 4708 5409 5351 5152 5346 5675 5031 5213 5346 5406 5232 5436 6079 5599 5544 5392 5155 4964 5092 5553 5465 5466 5062 5540 5020 5189 5416 5141 5232 5538 5415 5284 5328 
5550 5369 5403 5252 5277 5249 5589 4636 5832 4827 5557 5407 5108 5043 5460 5317 5195 5391 5377 5042 5786 5319 5367 5415 5422 4487 5322 4847 5107 5094 5261 5267 5204 5256 5643 5620 5878 5722 5427 5102 5381 5398 5774 5673 4860 5152 5070 5236 5507 5271 5339 5581 5553 5361 5332 5600 5313 5444 5430 5168 5450 5330 5492 5306 5467 5292 5639 5416 5396 5285 5273 5263 5644 5477 5494 5579 5156 5498 4994 5225 5582 5714 4900 5173 5332 4984 5412 5121 5499 5064 5388 5026 5308 5154 5566 5252 5042 5087 5597 5267 5262 6000 5696 5684 5568 5586 5354 5679 5043 4917 5291 5396 5226 5459 5472 5565 5811 5375 5164 5386 5060 5985 5410 5162 5460 5508 5233 5446 5098 5395 5192 5096 5714 5307 5396 5303 5282 5231 5371 4759 5675 5468 5356 5189 5207 5226 5497 5642 5248 5962 5563 4953 5623 5713 4943 5026 5293 5598 5473 5254 5275 5425 5038 5429 5347 5552 5641 5455 5873 5479 5301 5311 4865 5154 5247 5892 5036 5228 5098 5358 5683 5238 5307 5235 5096 5414 5787 5622 5476 4984 5047 5605 5155 5210 5124 4911 4706 5220 5349 5393 5238 4852 5261 5420 5124 5410 5445 4964 5446 5540 5327 5237 5470 5256 5079 5358 5352 5282 5285 5411 4836 5673 5573 5125 5511 5106 5278 5347 5770 4929 5290 5325 5547 5192 5727 5911 5153 5463 5548 5314 5132 5100 5322 5269 5386 5085 5721 5004 5210 5518 4940 5064 5403 5314 5345 5433 
5155 4840 5073 5142 4887 4702 5304 4479 5427 4772 4997 5117 4748 4778 4869 4946 5082 5053 5066 4360 5103 5049 4653 5059 4930 4140 4955 4469 4771 4779 4754 4626 4716 4897 4964 5157 5472 5519 4960 4943 5069 4980 5006 5076 4797 4942 4698 4963 5160 4871 4872 5158 5126 5179 4744 5191 5005 4855 5038 4557 4855 4901 5165 4927 5331 4828 5232 5199 5076 4901 4654 4994 5165 4862 5230 5236 4700 5382 4716 4632 5244 4808 4671 4609 5010 4696 5024 4745 5218 4792 5153 4531 4602 4982 5033 4758 4882 4682 5148 4849 4810 5413 5122 4972 5452 5244 4798 5369 4776 4662 4709 4659 4647 5031 4920 5190 5533 5142 5012 5158 4731 5710 5196 4790 4937 4760 4925 5159 4978 5046 4860 4725 5039 5009 4883 5081 5107 5024 5113 4656 4908 5161 4977 4842 5031 4921 5181 4835 5158 5417 5205 4464 4907 4976 4376 4656 4843 5278 5101 5044 4662 5117 4893 5083 4983 5064 5069 4894 5185 5112 4976 5053 4428 4972 5077 5242 4505 4698 4941 4862 5258 4968 5068 5020 4689 5300 5081 5109 4970 4842 4797 5170 4578 4677 4637 4541 4525 4564 4903 5109 4835 4655 5209 4953 4866 4889 5029 4714 5304 5059 4611 5140 4982 4507 4581 4928 4765 5004 4663 5076 4260 5170 5175 4734 5258 5015 4957 4960 5179 4559 4774 4852 4998 4717 5441 5679 5039 5220 4933 4868 4587 5054 5127 4904 4811 4981 5156 4642 5027 5089 4604 4558 5231 4801 4751 4841 
5470 5329 5292 5132 5078 4833 5684 4990 5541 4767 5190 5527 4782 4926 5558 5117 5219 5385 5439 4937 5585 5382 5351 5009 5278 4779 5546 4741 5161 5106 5094 5098 5322 5202 5419 5673 5860 5645 5472 4972 5405 5192 5648 5574 5152 5354 5146 5294 5485 5330 5126 5397 5402 5166 5323 5563 4940 5163 5536 5243 5346 5272 5216 4949 5507 5305 5534 5342 5467 5324 4855 5309 5541 5402 5404 5522 4993 5584 4916 5272 5464 5156 4990 4872 5606 4917 5350 5231 5293 5067 5477 4838 5155 5053 5336 5317 5063 5087 5483 5153 5245 6116 5171 5138 5320 5665 5342 5594 5381 5047 5335 5465 5083 5625 5340 5609 5604 5383 5162 5386 5378 6008 5419 4865 5266 5208 5504 5358 5314 5267 5491 5112 5426 5383 5314 5188 5512 5294 5239 4808 5414 5249 5195 5282 5401 5195 5302 5322 5363 5874 5208 4797 5427 5373 4717 5127 5265 5578 5351 5312 5178 5424 4968 5422 5503 5678 5613 5535 5510 5546 5169 5217 4827 5554 5463 5761 5108 5489 5189 5275 5613 5223 5408 5425 4942 5499 5560 5328 5495 5173 5100 5299 5304 5285 4860 5171 4941 5358 5476 5091 5230 5011 5078 5032 5005 5369 5621 4803 5355 5447 5023 5430 5279 5031 5030 5410 5107 5242 5289 5242 4707 5543 5793 5224 5234 5217 5425 5341 5635 5032 5204 5333 5579 5028 5436 5703 5408 5467 5286 5134 5118 5107 5480 5311 5466 4807 5776 5071 5381 5280 5098 4981 5493 5315 5392 5343 
5285 5312 5319 5139 4892 4818 5729 4696 5647 4880 4974 5438 4905 5086 5500 4914 5105 5351 5154 4799 5547 5159 4910 4923 5099 4515 5214 4809 5296 5010 5296 5170 5142 5143 5349 5355 5591 5415 5301 4920 5575 5319 5400 5433 5028 5324 5179 5111 5380 5000 4784 5610 5560 4994 5200 5579 5055 5380 5358 5059 5303 4866 5278 5159 5762 5169 5547 5189 5110 5263 4784 5298 5418 5022 5579 5104 4986 5318 4657 5254 5371 5189 4826 4781 5474 4940 5364 5061 5392 4769 5578 4367 5179 5114 5307 5214 5084 5037 5581 5147 5167 5461 5287 5330 5454 5325 4853 5735 5176 4827 4921 5418 4967 5410 5324 5227 5601 5384 5033 5308 5005 5769 5374 4537 5332 5294 5098 5393 5228 5444 5112 5152 5580 5090 5307 5294 5316 5051 5446 4909 5368 5187 5098 5062 5281 5342 5348 5121 5473 5707 5507 4813 5388 5488 4905 5056 5281 5456 5233 5319 4983 5276 5042 5435 4995 5710 5638 5492 5520 5409 5153 5292 4576 5146 5286 6158 5026 5169 5124 5327 5551 5176 5133 5267 5174 5520 5539 5545 5417 5025 5255 4964 5265 5325 4929 5081 4849 5222 5301 5183 5051 4827 5214 4913 5066 5168 5205 4990 5261 5379 5129 5113 5384 4835 4952 5197 4981 5499 5006 5103 4737 5897 5927 5127 5501 5459 5075 5422 5741 5051 5186 5447 5454 5006 5672 5701 4989 5376 5137 5101 4921 5018 5531 5321 5318 4966 5768 4988 4940 5299 4859 4866 5364 5087 5093 5095 
5532 5341 5410 5081 5333 5188 5665 5102 5601 4812 5198 5349 4914 4876 5187 5272 5284 5198 5075 4929 5597 5560 4972 5333 5372 4525 5172 4683 5197 4992 4985 5285 4868 5265 5404 5368 6060 5689 5419 5068 5671 5345 5207 5603 4928 5333 5326 5355 5385 5093 5032 5455 5427 4983 5217 5290 4970 5102 5316 5154 5205 5032 5382 4975 5446 5297 5588 5225 5374 4921 5084 5276 5587 5349 5696 5266 5194 5171 4898 5349 5386 5430 4816 4933 5616 4847 5305 5158 5487 4731 5245 4778 5084 4957 5541 5298 5179 4973 5712 5340 5066 5882 5650 5547 5486 5399 4969 5369 5126 5108 5118 5258 5237 5363 5387 5413 5837 5466 5032 5494 5062 5849 5547 4813 5150 5426 5254 5428 5178 5105 5282 5032 5551 5219 5175 5160 5281 4978 5252 4811 5232 5225 5371 5081 5360 5165 5411 5429 5370 5946 5511 4859 5370 5461 4799 5002 5228 5549 5417 5175 5183 4977 5069 5632 5146 5876 5600 5240 5658 5151 5076 5461 4801 5161 5116 5785 4942 5169 5010 5139 5669 5266 5387 5224 4877 5453 5609 5667 5182 5032 5041 5169 5363 5411 5117 4797 4973 5263 5337 5487 5171 4699 5065 5211 5003 5511 5328 5003 5553 5492 5086 5224 5547 5168 4972 5355 5078 5280 5385 5244 4842 5697 5684 4785 5536 4915 5078 5510 5754 4960 5042 5331 5495 4835 5354 5822 5284 5350 5250 5139 4907 5122 5406 5407 5284 4762 5432 5011 5167 5338 4983 4940 5475 5011 5030 5406 
5229 5358 5337 5024 5228 4899 5499 4797 5271 4560 5192 5238 4610 4885 5055 4805 5065 5099 5292 4972 5203 5225 5027 5155 5112 4346 5026 4834 5043 5059 5071 5165 4902 5246 5634 5547 5642 5656 5320 4892 5480 5138 5472 5542 4550 5321 5087 5285 5108 4974 5009 5460 5299 5082 5127 5195 4868 5193 4982 5143 5351 5131 5056 5239 5500 4859 5565 5185 5011 4962 4667 5328 5489 5275 5320 5170 5032 5363 4783 5040 5297 5198 4828 4609 5441 4784 5178 5239 5174 4982 5056 4471 4846 4696 5282 5079 5176 5040 5310 5063 5071 5656 4966 5134 5377 5372 4807 5473 4842 4830 5144 5015 5179 5026 5129 5281 5560 5283 4867 5195 4964 5860 5068 4996 5411 5227 5211 5044 5113 5037 4991 4961 5513 5344 5322 5016 5138 5017 5300 4718 5350 5133 5058 4824 5045 5334 5394 4953 5365 5719 5200 4671 5304 5552 4496 4899 5057 5621 5291 5133 5099 5213 4845 5277 4854 5450 5083 4944 5179 5290 5225 5140 4827 4946 5111 5512 4829 4977 4780 5303 5311 5011 5201 4955 4860 5139 5385 5436 5317 4961 5293 5179 4974 5227 4636 4894 4653 5164 5251 5113 5067 4860 5107 5164 4782 5017 5105 4847 5309 5278 5044 5182 5256 4767 4983 4917 5005 5342 5057 5086 4532 5375 5526 5003 5178 4964 5097 5174 5700 4848 5006 4767 5652 4924 5175 5658 5193 5260 4879 4887 5001 5035 5400 5308 4940 4758 5131 4915 4994 5251 5154 4819 5628 4813 5058 4992 
5370 5099 5424 5211 5145 5285 5913 5038 5730 4731 5165 5583 4937 5085 5123 5210 5167 5122 5107 5018 5574 5366 5138 5750 5231 4517 5224 4848 5117 5109 5045 5284 5225 5440 5290 5574 5698 6056 5370 4934 5614 5381 5159 5516 4987 5352 5223 5415 5518 5283 5037 5589 5357 5457 5262 5812 5099 5474 5492 5238 5360 5217 5260 5278 5686 5163 5595 5286 5290 5340 4998 5317 5589 5542 5509 5221 5132 5940 4846 5182 5610 5535 5082 4991 5352 5115 5454 5216 5030 4824 5831 4560 5194 5221 5395 5357 5067 5270 5656 5229 5256 5722 5312 5358 5595 5578 5143 5511 5182 5298 5489 5283 5333 5524 5525 5536 5499 5712 5176 5432 5045 6259 5402 4986 5416 5282 5355 5353 5325 5490 5043 5255 5796 5474 5282 5374 5434 5380 5333 5051 5332 5273 5341 5179 5303 5221 5445 5378 5547 5810 5339 4809 5348 5356 4811 5315 5358 5722 5375 5428 5252 5422 5225 5672 5464 5609 5650 5504 5741 5419 5168 5220 4787 5094 5388 5583 5263 5286 5016 5576 5702 5130 5386 5332 4973 5443 5603 5599 5307 5013 5295 5506 5320 5317 4985 4838 5174 5010 5164 5396 5301 5260 5470 4995 5246 5499 5277 5148 5568 5661 5060 5177 5561 4976 5116 5298 4979 5450 5135 5238 4729 5455 5620 5052 5626 5305 5354 5411 5607 5040 5134 5059 5310 5237 5577 5706 5248 5360 5212 5016 5144 5292 5424 5518 5408 5098 5615 4755 5166 5879 5151 5085 5596 5194 5269 5273 
