90 78 18 60 9 13 33 50 36 6 18 93 80 181 109 14 12 45 141 44 30 21 141 99 26 42 20 69 63 0 62 132 36 10 56 118 59 3 29 10 0 15 12 174 15 0 30 15 12 15 81 27 8 80 28 10 49 113 9 9 27 103 48 66 76 42 94 6 33 88 99 70 118 204 100 3 4 50 159 0 48 33 37 14 81 0 82 30 12 36 16 39 118 15 0 49 9 18 14 27 53 3 24 0 89 27 0 132 48 0 213 9 72 31 82 93 8 81 72 17 0 21 106 0 0 24 36 51 81 0 15 0 65 36 42 30 48 51 30 87 125 108 39 69 7 10 63 5 126 0 34 0 18 42 34 8 149 27 52 84 110 174 39 0 12 72 165 29 43 29 148 54 48 30 22 17 1 86 4 56 63 108 63 9 16 0 14 54 66 72 52 40 49 117 67 0 77 33 70 30 96 50 116 118 42 111 104 40 114 14 6 83 37 74 83 9 89 52 0 15 33 27 93 72 34 121 64 30 50 103 81 83 62 14 54 69 142 97 29 58 15 76 71 59 81 106 5 30 60 10 70 81 16 81 40 25 
69 65 7 36 65 18 20 51 54 32 0 38 60 56 30 53 0 54 66 48 28 24 77 54 85 9 12 0 52 17 33 50 120 14 108 3 5 135 48 0 37 15 36 93 102 30 0 10 8 106 36 54 6 63 18 60 30 59 48 4 64 41 7 45 46 45 182 0 10 49 49 52 27 18 70 54 49 30 35 0 94 48 75 0 111 0 0 60 0 71 61 15 174 111 40 31 17 21 69 24 8 0 0 0 83 18 0 24 0 55 51 104 24 54 71 55 0 0 0 0 59 31 42 0 50 1 49 68 89 6 81 9 51 16 69 60 42 48 72 105 48 0 94 81 18 5 37 14 75 0 61 40 18 34 67 4 25 21 0 0 84 79 42 66 41 18 36 30 21 4 80 0 57 24 79 22 75 0 27 63 48 0 12 7 80 77 91 73 48 135 29 0 9 34 55 90 84 90 64 82 0 5 24 24 36 58 3 33 74 120 51 4 27 14 48 10 116 60 36 1 56 18 42 41 78 0 62 45 8 25 0 41 69 75 21 109 54 55 0 118 53 38 0 48 67 16 45 81 48 24 32 84 2 40 0 1 
82 28 42 0 15 12 3 54 78 58 0 24 44 7 8 0 112 228 48 35 40 71 15 0 21 57 76 81 118 222 0 95 38 0 97 36 111 102 45 145 22 34 21 96 9 77 0 64 183 8 12 99 129 68 25 72 75 87 30 150 108 77 247 188 66 0 77 0 120 8 14 138 4 31 74 137 205 44 75 48 4 0 66 0 72 83 71 22 63 124 42 8 104 86 30 70 11 36 32 96 49 0 0 42 18 9 0 184 91 86 87 17 44 198 144 59 64 38 151 44 48 91 153 82 116 13 73 28 114 97 142 36 18 77 13 31 59 20 0 73 64 24 96 153 0 66 99 53 87 16 94 27 16 64 20 1 140 6 0 54 53 3 0 0 75 78 5 70 35 83 12 88 0 45 38 78 0 53 0 88 32 18 82 0 17 24 16 0 36 56 29 37 136 38 29 36 27 56 120 10 0 102 10 47 22 75 0 0 102 8 5 9 29 38 174 16 84 8 0 114 62 96 84 21 136 58 101 121 40 51 60 5 115 14 83 15 88 5 0 0 45 80 56 29 66 12 51 10 36 115 85 21 0 64 72 64 
47 54 74 102 54 18 0 26 63 40 54 23 51 24 24 6 35 6 35 34 61 67 149 72 62 73 84 18 38 12 24 2 30 66 82 84 8 4 0 0 9 15 28 6 8 70 4 6 68 58 35 53 81 68 31 24 21 20 73 114 71 75 128 84 195 36 62 52 31 68 52 22 81 13 16 21 20 111 68 64 61 30 96 0 79 16 83 69 20 28 10 16 120 0 102 82 36 24 84 4 27 0 119 65 0 44 30 108 24 9 88 24 76 67 32 34 49 57 0 72 10 74 12 35 22 135 0 0 18 6 24 0 4 77 24 51 51 49 86 99 52 16 32 53 34 0 80 92 14 43 48 48 4 22 0 73 0 5 100 0 0 30 20 126 36 28 10 18 56 27 42 18 86 12 123 30 40 88 35 0 55 50 109 20 67 58 0 30 22 56 0 28 14 33 31 29 127 0 86 27 40 20 57 13 0 46 29 28 81 0 40 0 65 77 7 3 3 73 9 6 52 66 56 30 48 16 28 20 32 54 54 35 93 24 20 28 49 0 46 76 7 16 72 51 18 85 35 72 42 47 27 70 37 0 35 12 
0 107 93 54 48 4 27 91 33 91 9 74 79 27 12 16 51 157 141 30 149 15 26 0 51 46 85 62 12 110 142 8 22 68 1 34 49 105 31 29 56 43 0 15 21 9 81 25 12 92 28 0 61 113 14 36 78 47 42 33 59 96 7 43 4 0 115 60 48 0 6 67 36 100 0 34 77 58 88 24 54 22 65 38 9 9 54 31 83 129 75 8 21 32 59 42 85 28 122 142 0 0 28 0 63 12 63 77 54 20 0 50 36 13 159 56 68 38 18 85 57 45 104 0 12 25 81 80 109 63 28 62 4 54 21 4 48 62 10 30 167 78 121 21 93 15 53 14 35 9 36 0 13 18 0 81 17 21 7 108 36 6 22 52 98 26 36 21 39 60 0 0 0 71 48 46 0 47 36 0 6 27 119 37 60 102 32 92 145 0 71 3 71 114 12 6 59 9 39 42 37 59 10 36 0 108 6 0 46 14 35 6 12 72 73 35 42 0 0 22 42 36 155 4 51 49 30 75 79 17 77 10 54 44 54 24 118 3 98 0 0 129 32 91 75 25 47 20 32 33 53 98 79 82 52 46 
79 144 0 143 92 97 133 166 201 0 81 9 88 118 139 4 15 77 0 106 96 67 282 61 56 140 54 44 89 39 64 189 0 77 93 43 62 6 83 10 12 111 63 60 45 201 144 77 120 183 102 167 111 228 0 75 72 98 113 134 86 82 56 91 293 210 100 0 104 41 85 6 105 70 55 69 40 52 79 15 6 30 156 43 274 67 72 179 29 50 180 0 176 36 68 121 0 98 60 3 32 75 91 30 123 173 82 140 46 2 72 58 66 82 34 137 70 80 63 0 18 107 63 44 61 64 22 83 182 102 81 31 75 109 102 12 88 42 127 140 76 147 79 110 82 30 165 109 166 34 117 147 63 42 126 216 82 0 57 104 152 133 129 124 88 147 92 35 95 80 78 230 133 0 166 86 16 19 148 109 14 97 87 44 36 81 56 87 80 75 29 72 34 139 9 21 121 81 262 88 86 25 6 102 86 97 77 117 127 10 35 30 70 32 94 88 82 0 4 37 15 37 54 94 50 26 121 47 40 21 145 124 62 16 54 63 60 148 75 74 173 112 8 135 86 73 12 33 10 151 177 148 117 92 44 82 
25 8 21 40 0 0 124 32 28 37 37 0 89 8 39 96 0 1 32 63 54 78 20 16 121 0 12 12 79 110 58 41 0 12 24 0 24 43 30 22 0 63 36 132 0 175 40 0 0 39 43 28 53 28 38 163 122 123 45 0 42 6 16 56 77 0 0 81 0 75 128 36 82 63 35 28 78 18 0 22 56 94 16 28 108 98 0 25 9 0 16 0 67 40 3 86 110 10 44 4 0 41 25 0 108 96 53 63 96 20 47 15 15 64 20 72 59 6 58 116 52 75 38 127 32 68 48 39 88 178 87 60 54 105 48 44 0 81 36 74 0 0 0 115 25 42 0 45 77 40 24 77 103 29 0 40 177 54 35 60 72 112 3 30 56 21 106 48 0 0 0 0 0 78 4 0 0 12 24 36 64 6 71 62 0 25 4 31 65 104 8 174 120 87 55 67 0 56 0 42 7 0 0 149 112 24 103 0 0 181 56 78 36 110 0 69 9 49 79 0 75 86 82 9 104 69 68 87 41 21 10 41 81 94 49 0 0 24 61 88 69 8 45 8 0 0 85 25 57 6 0 16 32 132 78 30 
183 39 9 193 56 35 115 127 150 65 0 12 124 70 27 167 0 0 118 0 9 68 30 8 6 78 215 59 0 0 80 62 72 86 72 50 34 22 56 4 8 106 16 153 17 15 54 126 140 75 42 89 129 119 100 50 49 21 52 66 14 97 109 35 55 195 10 107 0 57 45 94 112 68 35 163 0 42 70 49 92 154 24 14 37 75 1 53 40 79 40 65 49 0 80 61 77 30 75 4 24 100 54 56 238 105 0 58 54 29 63 86 40 4 135 95 101 88 82 16 76 62 30 0 7 25 4 0 256 84 5 118 107 50 162 141 36 72 133 51 99 168 8 20 12 0 0 0 0 28 58 28 49 29 0 101 70 81 72 134 64 42 65 7 95 8 71 0 87 52 50 105 142 18 14 7 51 27 94 48 0 149 115 36 56 44 49 27 46 72 26 74 190 96 70 51 80 16 114 0 12 28 72 145 79 4 86 42 99 129 15 62 121 9 12 73 9 68 93 0 0 55 46 21 20 36 16 129 76 69 32 138 144 94 37 0 96 54 28 61 110 16 66 126 112 57 82 0 12 74 75 55 221 14 28 154 
49 0 18 0 11 3 42 79 84 125 0 10 7 123 7 144 9 30 70 10 68 64 40 56 24 117 138 104 32 68 93 89 68 65 95 18 0 24 56 183 0 0 4 206 14 104 54 78 34 100 196 72 79 160 0 142 60 92 54 0 0 0 192 45 30 140 92 80 78 26 76 90 14 68 24 61 150 9 32 21 101 24 200 32 243 111 148 14 81 63 102 25 126 77 58 92 84 36 101 81 3 28 136 6 126 59 0 36 36 32 52 61 33 133 60 28 103 28 7 162 138 45 55 18 64 110 10 22 0 68 19 59 33 162 18 63 72 28 72 82 185 47 35 25 54 15 0 81 40 16 12 8 50 32 13 45 53 14 0 52 0 12 24 117 99 7 162 75 14 36 38 63 0 72 40 117 41 18 30 132 0 48 156 0 36 8 74 46 122 0 121 0 116 24 37 70 163 71 59 24 25 78 38 52 41 68 51 5 37 0 56 58 4 62 57 30 128 35 42 38 42 56 49 34 112 56 14 87 63 32 0 0 4 0 23 0 0 0 14 51 0 8 24 21 21 24 116 64 46 49 35 0 0 48 36 42 
95 6 63 8 49 30 0 87 0 98 47 53 63 19 58 100 27 63 148 27 135 95 12 8 46 103 63 54 53 89 41 11 27 0 52 32 66 32 27 179 0 78 35 9 56 4 12 54 41 130 10 72 65 69 51 52 39 137 21 81 15 79 100 0 72 54 59 32 42 40 68 85 9 98 0 80 94 9 32 19 112 146 0 32 15 126 85 12 140 6 52 7 25 17 66 54 8 0 0 144 26 44 220 44 44 2 172 21 30 36 23 46 101 153 133 48 8 97 4 117 62 61 5 73 64 67 0 0 30 0 85 7 8 120 13 95 125 118 0 163 65 4 61 24 16 67 109 153 18 76 38 90 87 69 64 93 111 0 42 64 16 18 0 44 106 77 110 0 46 140 21 0 136 102 69 28 35 2 14 13 58 56 164 3 7 125 0 112 4 111 108 12 68 11 58 0 80 125 32 15 6 81 94 6 131 61 6 12 21 51 18 56 4 15 27 1 73 14 7 139 28 81 63 40 74 38 23 40 104 35 107 36 109 78 30 57 45 52 28 31 10 120 12 177 2 49 57 109 79 37 67 48 9 9 35 31 
127 0 72 45 57 24 42 14 75 18 49 33 93 24 9 63 88 117 6 28 53 219 60 44 24 197 163 0 79 70 48 0 72 91 22 10 99 36 58 58 16 18 54 63 26 0 63 0 136 0 36 0 41 0 102 139 78 80 0 89 72 51 36 77 2 24 60 0 39 20 34 42 12 0 8 30 126 55 72 60 87 7 0 14 162 68 0 65 30 76 102 73 150 0 98 54 57 6 36 4 50 12 96 0 0 0 0 0 42 183 21 0 106 57 6 0 104 72 88 14 38 213 0 10 63 83 45 119 0 16 0 96 12 34 6 191 0 42 9 96 131 0 177 21 40 54 12 128 28 16 0 27 68 8 24 0 9 0 49 92 0 54 0 116 101 86 0 68 111 152 15 78 30 67 9 30 116 38 159 3 0 87 18 60 92 58 28 120 65 57 177 0 0 63 93 16 97 162 40 38 65 9 78 0 42 92 0 0 0 54 109 8 33 63 150 48 61 6 84 31 36 8 32 0 10 0 80 105 71 72 89 0 105 102 72 68 24 78 145 61 0 28 18 93 27 121 58 0 52 20 185 104 35 187 141 18 
179 30 53 84 67 31 24 75 166 90 41 25 205 146 8 197 20 51 109 68 164 170 129 119 203 139 156 64 81 77 55 133 169 15 51 59 0 25 35 26 47 116 110 164 68 12 50 92 109 147 233 125 83 160 36 177 32 85 41 158 53 101 120 28 84 158 259 73 106 79 20 72 81 0 24 105 52 123 51 64 190 72 62 28 130 82 72 24 7 142 61 36 68 17 0 91 25 50 75 79 23 32 126 57 158 90 18 0 45 4 0 8 122 94 83 81 68 57 38 121 123 66 32 0 0 4 21 40 38 66 0 140 54 59 4 84 38 149 156 297 116 36 75 8 86 15 83 0 13 82 0 95 18 32 10 80 71 84 55 149 73 78 122 78 94 69 95 65 90 72 35 114 144 119 15 60 45 93 125 100 8 179 194 42 54 121 126 103 59 37 84 28 131 77 16 24 138 190 61 84 73 8 36 48 116 25 53 55 88 52 35 60 79 111 8 32 166 46 102 31 5 93 26 15 89 160 78 219 106 85 138 0 60 14 149 12 50 2 12 135 48 76 0 35 176 75 141 133 15 74 94 81 104 132 105 131 
123 47 72 24 30 114 50 51 91 115 84 108 80 172 60 135 88 95 8 90 19 40 74 54 30 49 210 35 0 11 128 94 76 141 107 170 34 97 4 128 92 54 88 93 30 63 0 73 81 92 36 71 114 32 67 8 143 145 23 57 87 68 40 55 43 181 38 83 76 91 46 53 105 94 43 15 18 77 165 24 130 168 88 42 49 3 6 42 59 106 38 102 124 16 120 63 48 0 69 126 35 71 124 26 69 18 109 72 0 124 106 24 14 71 81 46 154 14 144 22 56 237 90 45 127 104 99 48 103 81 54 89 51 79 117 194 101 28 182 100 281 114 42 54 6 72 64 66 56 66 41 18 194 48 19 138 113 8 9 88 101 42 18 215 174 105 119 84 54 46 83 12 81 57 66 0 101 72 48 42 30 70 56 77 92 100 154 0 95 12 42 37 170 76 173 87 24 92 24 44 101 66 36 18 153 0 21 32 111 124 66 29 101 115 0 17 91 133 87 9 183 4 46 0 38 21 102 144 28 133 61 188 0 197 108 132 46 82 83 50 0 0 54 16 20 113 82 53 109 48 76 0 129 48 56 119 
50 9 27 18 0 43 154 31 110 78 18 102 10 86 35 91 0 63 0 61 0 0 95 30 137 44 181 28 63 36 73 115 12 71 64 9 54 72 0 143 125 77 49 6 0 9 16 39 75 94 118 27 172 14 130 23 72 117 78 105 130 37 69 112 48 32 132 3 54 49 56 58 82 16 18 32 89 39 8 0 76 131 24 20 133 91 43 132 64 89 40 56 23 69 76 8 56 24 97 14 37 0 64 48 68 28 46 8 24 58 12 0 3 135 101 12 21 50 63 112 27 134 27 42 10 93 31 0 2 30 24 0 30 65 81 103 18 55 31 62 74 28 6 10 64 73 105 90 99 46 189 69 15 0 45 108 24 18 18 39 67 130 60 15 46 98 109 82 15 104 8 42 134 62 17 14 18 45 15 32 32 110 66 122 0 8 72 108 58 4 9 110 52 49 42 0 24 18 21 54 84 74 55 14 58 31 84 107 0 63 66 81 3 56 42 39 155 3 10 12 45 4 155 27 26 162 85 63 112 0 65 62 204 0 124 8 163 151 56 40 33 60 0 70 47 0 36 112 76 37 69 7 91 110 0 21 
0 0 89 137 163 113 32 24 21 50 42 42 24 0 137 102 0 45 67 70 89 128 77 101 42 27 111 72 75 14 24 65 31 2 38 0 26 80 57 12 60 2 0 36 0 0 0 0 66 61 77 42 56 84 82 209 81 103 12 28 4 25 32 7 0 56 0 45 12 9 38 101 2 41 88 4 133 21 27 54 46 0 18 2 139 5 2 83 84 45 32 0 60 40 10 68 32 165 16 113 0 62 12 27 22 10 40 0 0 109 62 38 28 0 224 81 0 45 0 153 63 81 58 45 121 73 78 7 136 0 0 72 36 83 0 193 0 59 18 126 12 52 7 56 12 25 101 107 130 0 90 60 54 90 26 57 155 71 0 129 28 0 41 21 27 23 125 14 40 11 27 48 15 106 18 7 50 0 18 44 88 157 109 9 131 52 127 45 117 0 72 18 64 45 56 75 51 9 85 126 9 32 36 20 16 0 30 91 81 90 96 79 84 153 24 102 137 154 32 22 14 47 82 95 95 155 88 54 8 48 18 3 56 0 0 0 0 43 0 87 0 72 16 0 0 153 216 119 40 28 34 37 1 124 6 0 
75 39 5 10 0 46 144 0 150 35 0 12 60 74 12 44 1 53 0 105 44 82 111 15 36 46 153 59 144 75 73 20 54 33 24 57 16 52 68 26 18 36 59 24 21 48 104 37 119 85 154 0 63 35 48 36 101 58 0 60 6 89 132 181 0 25 7 48 0 27 12 56 57 0 39 20 68 0 106 16 116 51 0 24 124 70 72 30 42 80 58 102 76 63 49 16 0 0 117 56 4 7 4 25 84 0 14 48 39 88 23 30 84 35 75 72 106 14 60 100 84 97 100 0 20 42 55 71 54 78 72 94 36 7 71 49 0 0 56 66 127 114 77 85 137 40 27 4 35 4 98 121 92 63 64 36 56 60 128 61 94 25 55 0 86 54 125 120 32 20 79 37 69 18 71 52 85 50 9 2 14 137 118 0 48 72 6 69 60 0 54 72 57 77 26 22 42 62 7 25 110 60 63 64 50 15 104 29 8 136 0 70 60 51 76 25 187 35 118 48 63 4 174 34 68 122 112 101 87 48 109 43 0 73 137 3 56 30 47 62 23 4 60 0 79 22 80 36 7 14 86 73 94 6 60 53 
11 47 0 61 21 0 30 18 78 13 14 0 22 0 0 18 48 0 54 53 63 58 167 18 60 0 60 27 12 0 60 107 46 36 34 21 0 0 43 34 13 0 0 54 37 13 0 58 81 0 0 21 30 0 82 118 128 55 0 18 43 42 0 14 67 34 41 29 32 68 81 9 0 3 28 56 65 23 4 45 116 145 24 0 93 15 32 38 0 0 14 23 54 45 68 7 40 37 17 48 6 64 17 87 103 39 50 28 20 18 103 0 30 18 73 63 18 32 6 57 83 50 0 64 0 36 56 82 41 9 36 1 33 0 114 117 57 96 34 20 7 44 35 81 14 30 42 48 65 4 4 0 25 42 0 18 89 30 0 30 0 51 12 60 30 58 15 124 51 4 77 4 83 36 28 35 133 27 0 101 0 27 60 0 28 62 0 70 90 78 21 56 66 23 77 71 16 18 73 84 20 81 25 86 0 96 40 8 75 71 40 50 48 52 0 85 15 16 46 56 21 21 34 32 15 96 77 12 65 88 133 59 103 0 36 0 62 10 0 74 4 21 6 30 12 52 104 45 33 37 33 17 0 58 61 17 
0 121 42 15 8 24 44 53 43 169 21 90 54 18 40 28 74 0 21 56 64 63 9 35 112 31 92 64 32 126 97 12 0 96 12 118 12 45 0 64 100 42 8 104 22 135 0 40 92 112 10 0 126 0 19 75 114 91 32 48 63 65 151 56 14 0 0 48 48 56 52 82 112 35 30 18 143 54 177 38 120 0 48 8 123 76 40 64 5 104 18 10 16 15 51 4 12 0 95 126 58 0 44 11 82 8 92 32 0 62 40 0 96 87 119 32 40 0 64 168 84 50 81 3 41 32 128 0 97 71 15 15 43 142 8 36 143 4 67 58 189 93 93 101 72 90 140 72 74 7 66 23 50 14 0 130 36 27 12 6 53 68 24 180 140 7 51 0 2 73 34 24 71 0 47 42 8 55 32 56 24 21 52 76 0 16 15 45 8 36 2 43 70 47 16 48 0 80 48 30 4 24 35 58 111 22 15 7 62 59 10 81 63 27 93 19 133 48 13 126 41 6 24 0 51 70 52 120 96 30 33 25 30 20 64 113 36 48 48 70 63 42 0 24 76 60 96 100 32 48 65 0 6 33 24 101 
0 36 134 72 35 36 41 78 146 84 87 165 66 27 63 24 139 45 59 20 214 70 117 0 75 98 158 0 128 111 160 104 48 66 20 101 36 144 54 20 82 78 18 108 9 163 0 45 50 42 15 18 96 59 43 95 161 91 177 74 47 32 12 18 96 0 103 36 127 4 83 129 13 9 0 126 126 54 2 0 45 84 28 0 65 35 32 125 16 51 121 6 231 119 92 217 88 107 12 62 23 18 18 36 0 63 119 157 81 64 34 27 130 45 208 54 15 33 41 85 58 59 93 45 135 81 12 0 157 95 45 96 48 121 49 171 72 8 54 208 30 36 82 30 9 85 48 109 175 45 72 35 59 18 30 59 179 9 39 18 116 0 87 160 123 56 16 49 137 12 132 64 151 97 108 18 45 116 173 72 129 28 147 129 28 128 64 8 39 27 78 7 240 72 0 28 34 91 44 88 22 52 16 69 128 10 31 20 117 99 48 30 36 82 0 41 142 75 91 34 69 6 14 55 30 87 69 48 12 96 86 46 127 111 95 32 104 84 0 18 90 47 0 0 111 50 102 84 45 48 111 28 30 32 6 33 
14 81 0 0 42 9 0 9 0 24 0 105 35 0 0 42 0 0 102 117 0 133 138 48 95 27 0 72 0 30 82 15 95 0 23 112 75 75 56 28 47 65 20 61 11 59 54 52 27 0 72 46 54 106 36 45 41 121 27 124 93 0 0 133 12 0 9 22 0 21 45 27 52 90 54 0 57 0 150 0 41 0 66 0 34 12 85 48 0 86 96 79 99 7 21 0 72 31 0 27 28 0 30 72 114 3 81 135 0 63 51 97 56 30 63 40 0 36 0 25 0 130 83 42 71 30 0 153 140 0 22 56 99 77 45 48 87 151 68 83 173 7 36 36 19 50 18 25 16 0 53 35 81 24 45 0 28 108 9 135 42 152 6 0 53 4 71 102 0 122 12 0 22 82 0 48 32 107 18 24 0 84 94 27 42 30 24 30 68 33 0 121 116 107 81 0 39 5 48 0 0 83 19 48 64 37 53 20 72 76 37 6 6 45 0 80 87 81 23 0 56 30 155 5 9 23 16 63 5 0 107 24 43 0 105 58 72 24 25 105 42 74 23 54 63 18 58 27 142 0 80 12 60 33 4 30 
21 47 45 48 0 37 49 6 54 12 0 64 60 37 0 27 121 40 103 74 59 0 43 9 66 25 93 66 9 51 98 0 5 64 35 0 0 4 0 4 14 63 34 46 2 105 28 25 107 17 6 12 135 24 32 11 35 9 0 44 81 40 0 25 62 0 64 0 46 14 78 26 41 0 0 2 58 72 54 2 55 45 28 22 38 18 18 40 0 6 0 0 68 0 87 32 35 26 0 72 4 57 0 128 38 53 0 6 57 42 77 25 15 33 64 0 59 30 61 0 68 21 28 0 0 102 68 29 131 25 18 45 58 31 19 99 34 58 59 59 0 84 18 6 96 24 20 100 28 2 2 20 18 56 0 52 23 53 39 0 26 9 6 14 63 51 32 0 5 40 48 16 28 0 53 0 71 67 76 25 12 10 21 50 15 20 2 11 46 44 4 6 108 38 3 27 15 83 47 3 21 70 28 50 54 0 8 17 6 4 87 82 32 8 75 3 5 19 21 93 23 39 50 35 30 15 0 14 24 5 51 20 162 41 71 48 4 19 62 24 75 18 0 17 84 93 93 80 1 23 81 50 78 0 47 69 
52 0 54 6 51 19 71 63 16 4 71 20 58 63 12 32 18 83 6 79 72 0 124 39 39 24 0 8 70 66 36 122 20 17 0 0 182 8 36 69 24 65 96 54 111 42 63 28 2 188 81 156 0 101 8 125 54 0 12 43 0 30 104 14 126 70 102 38 117 70 97 24 48 6 26 46 18 0 112 62 8 40 40 8 180 12 63 0 2 84 31 0 63 45 20 0 97 33 0 7 0 21 98 24 90 60 0 135 0 52 141 169 27 14 49 72 32 18 89 45 27 35 94 8 8 0 9 20 48 0 4 45 67 20 48 26 14 100 164 57 126 211 95 71 10 8 48 0 200 9 60 129 5 18 18 0 95 60 152 53 104 105 39 104 63 4 93 10 29 28 142 66 32 50 88 78 6 65 24 0 30 54 0 57 16 15 48 0 54 25 30 147 9 88 8 0 108 12 38 57 87 9 48 12 92 32 155 0 76 72 18 129 54 20 12 0 63 117 6 28 55 84 115 57 95 117 55 99 105 84 142 40 105 14 21 35 57 16 80 0 0 64 89 0 82 63 4 89 0 137 0 109 58 32 44 16 
46 31 0 81 24 0 0 136 70 67 27 56 39 67 0 0 47 21 98 154 69 1 88 42 28 45 48 36 16 66 64 15 0 60 0 33 72 35 66 20 49 10 0 4 64 31 36 87 108 71 40 2 76 44 0 28 20 16 90 83 63 56 70 116 24 18 17 12 18 135 72 58 54 24 0 16 16 0 143 0 48 173 91 26 83 8 40 67 20 91 12 52 14 4 84 30 18 30 16 78 76 109 0 30 20 36 32 142 24 0 2 5 80 48 160 16 14 138 10 37 0 133 0 32 22 30 71 72 58 57 54 0 90 91 0 26 29 0 18 74 142 93 26 25 0 0 70 145 89 105 36 129 44 100 44 6 33 0 170 79 0 35 6 100 40 116 0 88 66 99 17 54 129 36 66 3 5 0 80 72 43 119 65 29 16 0 0 56 42 36 48 85 9 87 27 65 30 72 12 81 138 92 0 0 0 72 0 28 72 0 0 45 46 71 88 61 15 49 45 24 10 0 67 0 76 106 134 18 0 0 24 29 48 0 81 4 21 66 179 40 20 84 53 89 56 45 16 134 33 12 35 75 49 16 8 19 
88 18 2 18 0 58 54 31 12 81 36 24 163 199 24 32 9 13 112 80 42 0 120 36 51 0 106 30 27 0 69 18 45 119 7 26 37 84 0 75 0 20 30 4 57 2 4 30 128 10 7 8 115 121 70 81 74 125 22 73 17 37 73 22 32 40 16 0 14 0 10 45 117 77 18 21 34 24 53 32 50 93 10 70 34 11 33 0 173 75 49 27 92 8 104 27 5 6 114 10 0 18 40 28 70 52 0 68 0 9 49 66 49 55 65 26 165 90 33 104 24 127 55 0 0 0 124 58 45 26 18 129 0 131 114 40 56 86 45 99 92 14 22 20 25 37 12 0 0 0 91 24 62 106 21 52 79 2 0 45 26 12 9 0 43 56 9 49 0 128 6 9 43 153 131 120 78 90 30 12 36 71 82 72 30 10 16 0 54 29 11 41 29 65 15 9 89 76 57 32 4 92 62 25 154 60 51 65 61 32 30 149 132 55 59 0 10 63 106 13 45 138 121 74 160 14 50 63 31 75 116 83 85 105 40 0 79 57 74 39 6 51 62 83 53 44 0 27 17 26 98 16 94 22 0 9 
115 62 26 40 20 16 182 75 15 98 55 11 63 121 36 140 0 28 72 106 82 64 92 63 149 105 52 18 167 21 26 16 32 0 15 20 56 82 1 24 3 8 25 15 80 29 0 59 48 54 40 45 69 75 58 114 86 53 81 106 13 47 87 42 30 10 83 5 4 6 27 79 65 0 50 62 28 38 56 38 95 51 6 68 25 71 98 21 25 220 8 0 80 16 80 116 29 0 24 0 30 98 26 3 0 3 26 94 27 28 43 100 57 99 26 4 88 44 38 35 108 182 40 37 12 1 118 146 99 233 87 72 54 61 102 74 4 88 0 106 20 24 24 53 84 0 64 0 33 109 53 45 116 61 6 41 42 9 67 75 69 72 31 122 96 216 54 67 57 57 0 6 45 117 24 146 33 70 40 47 12 45 149 87 69 72 0 5 41 108 24 5 118 67 52 49 63 210 38 31 48 49 0 120 164 51 67 53 63 34 91 90 38 97 46 7 0 20 131 0 101 223 125 0 212 82 90 80 44 12 221 28 38 74 96 12 4 5 55 87 72 67 18 71 17 62 62 156 20 16 36 38 46 104 64 6 
18 30 140 49 0 52 129 43 53 59 90 48 84 39 43 6 40 109 0 133 41 87 145 8 27 80 51 45 0 22 139 33 56 57 72 0 0 91 12 72 40 31 73 81 32 26 0 60 6 36 29 156 52 87 104 25 24 21 56 44 102 50 20 97 96 96 97 12 100 60 28 75 79 21 48 4 17 16 69 15 66 51 45 0 55 40 0 33 15 79 16 0 161 117 114 35 51 24 16 0 0 148 70 0 12 11 40 55 38 24 66 75 70 121 8 128 49 60 20 97 0 44 9 42 28 0 0 56 28 42 35 3 25 16 61 59 92 61 141 60 110 74 41 65 12 109 6 56 94 24 108 42 8 32 6 0 40 64 41 33 30 28 54 143 86 57 78 66 18 36 25 48 154 64 182 0 0 6 132 54 64 20 31 20 0 60 56 48 3 89 8 73 124 61 0 116 49 62 12 49 65 39 8 143 99 6 54 41 35 68 32 103 87 166 25 0 80 0 56 0 12 18 12 14 108 150 108 200 100 177 50 104 58 43 71 82 77 56 102 41 15 74 55 48 68 127 40 36 1 59 49 76 32 8 39 64 
4 48 4 38 0 36 6 90 32 64 0 81 50 113 12 45 30 109 0 46 0 139 25 16 81 45 108 51 104 157 15 24 4 2 40 9 25 5 0 45 98 80 70 0 16 16 5 99 29 79 0 81 99 0 121 129 8 38 9 0 8 57 0 36 15 32 82 6 67 18 11 18 11 65 36 45 0 33 0 0 69 21 32 46 34 95 27 48 36 48 2 0 0 0 4 73 14 14 0 8 0 12 63 69 107 63 18 55 8 8 28 72 28 42 56 42 7 66 0 0 36 175 22 21 48 85 80 7 0 13 9 32 9 0 8 74 140 21 38 112 18 38 21 95 101 0 76 0 54 43 56 86 0 20 32 8 31 10 48 19 18 0 0 0 73 16 18 59 10 25 20 8 16 58 0 88 34 24 24 44 0 81 12 85 35 5 20 0 55 17 20 33 5 4 0 14 46 52 90 16 0 12 45 13 58 83 69 36 18 15 69 16 0 49 0 0 157 6 9 15 46 15 128 70 52 77 32 0 16 48 54 6 2 48 16 0 40 70 20 72 27 21 12 9 160 0 14 123 5 107 4 128 112 48 40 2 
3 43 56 82 16 9 12 60 63 24 97 57 35 107 63 0 27 16 0 56 0 109 152 39 112 0 111 21 0 0 69 99 132 27 67 0 14 19 54 72 54 12 0 74 17 40 0 62 36 12 5 85 98 74 54 66 70 48 17 96 15 0 60 71 8 106 2 0 8 77 138 18 0 27 0 77 18 6 86 10 202 18 88 6 93 15 42 73 35 111 30 81 111 0 77 9 84 0 28 24 8 27 35 98 48 73 91 48 0 56 36 49 63 139 71 99 8 47 27 24 0 24 0 53 137 0 103 27 51 12 15 12 27 12 0 82 119 58 64 70 40 18 0 36 0 0 0 114 9 0 73 0 48 0 99 87 192 18 63 139 66 39 0 55 207 148 98 9 30 60 114 12 127 12 51 0 81 24 31 96 27 144 104 23 37 84 57 0 42 0 4 71 121 0 14 42 99 45 88 28 24 47 15 99 39 51 8 94 132 59 100 78 4 54 3 16 69 32 0 76 28 98 12 0 98 8 12 45 28 42 69 165 126 49 22 63 0 73 110 92 30 91 0 84 9 76 35 152 47 31 58 34 0 51 45 25 
60 127 14 87 9 12 99 36 55 21 0 0 144 98 70 121 89 32 14 90 116 85 7 29 0 101 108 16 67 115 126 30 72 20 76 48 0 1 14 92 21 45 50 0 72 63 52 33 12 101 46 8 49 24 58 100 222 37 47 117 79 90 36 0 53 67 135 6 2 28 40 114 142 32 42 100 48 104 32 45 22 36 0 59 27 0 8 38 26 27 35 60 26 0 8 40 91 36 131 4 52 54 72 10 128 0 12 87 107 30 16 70 60 86 81 77 78 24 83 0 69 160 101 111 76 19 83 0 10 97 112 63 86 0 15 44 96 167 2 52 173 18 0 150 37 56 32 8 73 23 0 24 32 14 72 28 20 36 43 20 83 176 8 68 2 53 142 121 91 50 52 4 47 10 114 54 0 8 56 80 12 36 22 6 0 58 0 72 81 38 58 83 200 78 15 18 67 116 14 10 24 34 61 142 124 32 0 29 66 133 159 49 106 27 100 16 93 7 24 39 55 108 85 55 12 38 49 21 89 32 87 103 79 12 116 6 30 84 103 66 28 96 0 24 107 55 89 25 87 87 136 98 133 60 128 171 
0 54 0 63 121 21 110 154 27 124 32 21 8 82 51 130 18 76 63 84 12 0 96 75 116 15 186 47 24 50 67 35 109 12 84 12 39 109 93 108 151 63 72 63 30 30 110 116 132 59 0 63 39 126 0 245 76 192 14 77 96 47 36 94 16 76 47 86 64 0 86 89 30 64 41 21 111 0 156 0 147 84 20 48 55 93 85 1 14 87 142 56 14 76 36 0 36 80 35 96 5 37 64 71 31 20 86 102 93 76 42 72 54 104 201 0 66 22 111 81 78 88 40 5 85 163 83 74 6 40 219 44 75 176 83 111 114 166 0 209 98 139 0 48 116 74 72 240 63 21 77 49 203 58 112 40 22 79 37 105 32 0 7 99 87 100 87 12 115 118 15 47 10 64 149 27 64 16 58 24 34 79 108 52 20 38 92 120 108 85 24 16 182 137 38 68 6 75 92 60 0 0 77 88 7 63 22 106 126 96 94 46 88 161 95 63 147 100 30 45 10 0 109 70 125 95 25 50 44 85 163 67 189 105 71 11 8 26 89 83 110 87 46 56 42 58 69 41 117 35 194 37 177 122 16 7 
37 21 0 49 72 69 111 89 125 3 2 18 129 39 52 88 0 39 46 36 9 0 98 0 65 32 111 0 48 0 27 67 81 72 18 89 82 54 68 94 0 84 36 99 67 27 16 153 70 105 20 18 51 18 100 77 79 120 45 103 86 45 32 153 0 68 34 27 57 72 131 41 49 66 7 3 0 0 91 46 66 138 6 0 56 0 24 13 135 42 83 57 59 30 1 81 0 0 115 24 37 148 32 51 72 21 36 40 81 24 121 148 21 28 96 174 10 112 16 9 0 83 119 0 28 0 79 48 94 81 70 9 53 63 48 69 0 161 78 136 112 56 130 73 4 20 4 71 92 73 99 137 119 137 15 52 122 66 91 67 100 129 28 99 48 74 117 113 123 156 96 35 22 82 67 52 53 41 82 179 42 8 61 1 143 12 5 0 28 6 9 72 155 39 63 84 8 126 88 3 53 60 45 171 121 53 16 58 92 78 0 99 101 12 68 0 12 75 3 73 128 93 24 53 30 115 43 143 27 66 102 40 107 72 60 109 2 67 45 24 27 32 72 27 55 50 106 28 0 18 25 143 52 14 45 146 
159 151 0 4 0 35 6 36 46 24 4 27 1 187 84 113 24 78 105 64 45 145 57 64 58 52 107 70 65 83 10 178 14 54 82 59 152 8 53 40 105 2 9 40 18 77 53 28 163 54 64 71 118 6 100 83 60 54 28 101 20 189 100 28 23 75 14 78 98 0 26 138 72 11 104 24 71 9 41 27 84 132 14 10 62 11 37 69 35 160 97 89 97 91 72 107 12 101 71 102 35 148 49 93 71 42 18 102 75 23 68 0 95 40 74 86 73 63 17 109 171 113 11 71 20 72 24 21 0 118 52 93 129 55 68 208 8 69 81 192 224 82 8 81 95 67 113 55 34 43 14 18 38 57 0 1 144 58 33 80 30 81 66 34 87 130 95 75 67 33 6 0 135 145 44 57 41 110 182 0 15 141 135 46 152 24 89 86 105 30 152 24 61 167 126 98 91 81 52 63 52 116 31 28 49 136 18 116 127 68 40 0 91 129 123 16 155 30 102 32 0 76 72 19 30 128 103 108 64 70 78 85 88 109 83 32 40 17 59 110 25 159 36 41 121 101 139 88 17 27 79 113 93 162 86 60 
68 60 36 0 75 77 24 71 59 106 72 32 15 16 43 54 0 23 143 52 84 157 100 15 30 100 139 39 57 25 9 57 0 69 124 12 29 36 27 85 32 25 16 0 29 71 60 15 79 85 25 43 39 72 63 33 33 49 39 54 0 69 63 56 161 24 27 64 27 12 9 125 46 6 12 29 52 42 72 0 165 155 53 5 79 33 49 39 36 33 35 39 111 99 36 10 0 0 21 63 18 89 87 54 69 12 93 0 24 0 80 18 80 85 127 18 9 66 42 87 148 97 41 7 0 85 20 28 108 20 138 0 9 184 18 59 108 42 8 179 47 68 0 64 56 25 47 128 36 27 0 97 90 16 10 94 20 48 16 36 6 35 141 0 27 42 81 33 0 32 49 70 129 9 75 10 70 44 15 20 63 65 226 0 82 90 0 63 6 20 14 35 19 97 10 0 79 113 62 24 12 68 111 46 0 14 58 25 100 71 38 45 45 72 38 0 33 56 0 26 58 8 12 24 27 32 14 128 0 50 102 0 175 84 24 9 73 74 76 42 53 146 0 166 105 73 25 15 12 83 125 118 21 0 34 0 
8 63 64 40 0 2 44 53 60 35 20 81 6 155 119 119 18 81 56 116 3 52 30 52 256 77 69 25 27 36 50 46 51 7 20 0 10 118 37 58 51 57 0 0 12 36 0 25 9 107 55 93 129 0 41 48 9 73 47 27 8 30 72 48 60 36 0 0 34 0 24 122 57 28 18 0 45 43 93 87 133 58 0 24 8 57 35 79 82 87 44 37 17 64 4 96 32 70 0 27 18 139 48 98 81 21 153 43 10 87 16 149 62 80 97 35 52 27 26 65 15 17 37 20 65 63 63 24 43 12 14 45 156 69 0 97 7 82 16 39 62 0 60 24 0 0 150 23 134 7 0 16 78 15 10 0 92 8 24 78 16 12 15 38 132 35 67 12 0 18 8 42 18 10 121 73 0 5 54 28 0 35 173 107 0 47 79 0 40 0 24 8 83 50 4 75 3 0 62 100 16 72 44 24 69 3 4 100 22 44 45 27 24 80 92 41 53 50 9 42 0 50 123 15 4 5 96 0 74 88 0 114 0 111 77 0 7 24 98 0 12 0 12 8 25 14 20 102 38 4 0 0 22 13 42 86 
60 34 25 0 36 34 26 150 31 41 60 47 88 83 16 18 5 27 81 78 145 10 10 72 139 5 36 98 73 20 49 4 115 25 117 76 105 63 100 55 46 56 10 0 117 0 34 25 79 117 111 20 65 35 10 78 144 22 74 39 37 23 49 15 80 30 122 0 0 82 34 48 97 81 97 3 10 84 14 46 117 121 46 4 79 0 18 124 75 28 85 0 64 46 26 44 24 32 11 162 58 0 0 0 38 60 108 37 35 75 118 28 74 8 48 0 14 12 35 102 118 92 38 0 42 43 81 65 106 64 140 120 35 93 26 44 8 28 76 183 99 25 14 10 24 56 69 141 12 70 41 133 143 56 45 46 12 39 21 60 18 82 37 28 96 144 35 66 26 141 68 47 61 70 59 137 6 24 9 0 108 8 122 9 73 11 2 103 0 48 60 75 44 108 42 73 68 136 38 64 90 11 2 8 135 54 27 67 80 65 52 36 151 40 112 0 26 50 9 3 158 24 72 27 152 30 86 28 12 0 85 45 30 9 48 29 5 4 71 164 41 91 40 141 28 30 23 82 69 35 112 54 59 134 18 19 
36 0 17 103 7 56 15 31 46 14 0 33 160 166 24 45 9 18 36 68 135 8 78 90 117 23 32 38 49 0 7 0 34 18 34 0 80 120 12 45 79 5 18 0 49 0 24 0 95 130 0 54 12 81 51 87 28 24 53 142 14 0 94 35 16 56 107 128 18 40 18 83 72 0 74 70 18 9 16 52 64 48 0 58 26 67 36 0 30 106 80 27 26 29 19 3 46 0 60 45 0 0 177 75 0 12 39 43 0 54 15 15 87 53 91 11 48 0 9 129 120 111 0 0 33 21 67 39 0 106 69 120 33 36 67 43 23 22 0 135 69 141 14 0 183 77 9 71 21 27 45 46 72 41 15 21 27 21 10 80 24 27 0 95 115 120 45 50 42 24 4 30 78 81 82 84 113 48 3 4 16 23 40 75 24 109 0 106 36 136 0 0 143 0 42 20 147 155 55 33 0 4 88 0 100 39 6 61 66 40 0 45 66 31 28 18 83 0 0 0 45 21 62 60 127 34 42 87 144 88 124 42 61 9 49 35 53 23 26 92 48 76 37 80 12 45 21 55 30 40 134 0 42 158 69 27 
27 14 0 31 3 48 54 86 14 41 0 63 57 69 50 108 8 39 73 65 9 3 52 16 72 36 8 0 80 35 13 3 64 6 99 10 98 20 0 56 0 34 0 81 82 48 25 0 91 38 32 45 63 110 56 74 157 42 81 130 0 8 68 97 25 48 49 10 0 0 27 42 63 63 18 0 15 0 54 80 35 0 102 58 129 0 0 13 63 63 0 35 125 44 1 24 5 40 42 14 45 0 8 33 150 0 0 42 3 68 36 83 16 48 47 28 0 24 124 15 81 115 91 0 97 28 127 80 65 137 48 98 21 24 0 34 0 59 140 67 6 40 63 24 65 55 0 64 0 0 24 52 30 108 0 40 13 32 35 0 78 16 0 61 50 63 133 40 62 73 32 34 6 71 30 35 85 0 9 92 0 5 82 32 0 20 72 13 72 39 56 0 21 107 27 73 54 136 10 0 56 40 84 85 155 51 53 0 28 53 32 98 8 28 85 0 107 0 70 14 148 119 112 70 156 0 108 36 5 52 18 0 112 60 59 0 0 21 16 30 45 24 34 86 27 65 42 96 116 10 0 31 30 108 24 7 
59 88 117 213 146 128 52 18 145 24 72 20 42 68 165 146 0 207 82 24 23 112 113 62 133 72 90 12 43 120 80 109 28 117 44 0 144 27 87 67 50 52 8 72 12 160 102 20 140 45 58 0 244 36 136 146 66 160 27 78 30 86 42 61 47 45 105 48 20 48 177 168 0 66 0 0 104 36 96 12 146 108 68 59 112 9 0 67 26 20 64 128 93 0 12 157 59 216 6 107 0 3 0 60 170 28 0 167 36 96 0 81 66 81 180 24 175 20 128 175 76 158 81 10 168 146 112 14 219 92 40 24 34 12 80 163 96 28 84 110 63 160 18 56 88 65 62 163 157 39 49 16 126 109 54 105 36 93 199 155 232 40 34 79 143 63 39 24 31 149 28 32 66 64 82 85 74 97 42 9 94 69 93 25 172 145 125 28 56 156 14 81 107 50 122 68 16 80 49 31 103 4 49 94 104 120 117 42 119 50 0 92 72 203 36 48 55 183 48 122 127 54 52 140 140 40 141 75 12 71 80 48 0 88 106 121 48 114 4 167 202 90 22 39 153 75 144 96 80 38 115 78 128 57 40 147 
96 117 40 7 57 40 75 20 78 82 18 51 0 49 56 45 15 114 0 24 138 24 21 1 66 21 0 16 0 154 3 52 24 35 7 108 63 0 27 237 16 28 21 0 10 81 0 43 101 48 25 122 76 79 72 0 0 35 52 63 109 113 67 25 87 8 117 4 42 51 70 56 0 0 71 9 72 52 0 0 58 36 0 8 49 73 63 52 48 56 53 116 154 44 15 41 83 0 0 49 73 45 8 63 25 21 0 0 0 126 15 54 50 84 32 28 19 126 99 107 21 72 42 61 42 15 0 63 12 0 60 0 12 67 49 193 42 20 21 78 72 50 14 0 12 56 81 134 38 30 129 60 28 75 45 14 146 18 35 94 99 66 9 46 35 71 55 78 85 99 24 102 93 65 60 0 12 32 0 0 0 78 0 33 37 1 0 0 0 50 100 5 127 84 35 42 83 0 142 38 108 8 58 0 112 49 0 15 90 0 27 114 12 40 5 25 176 54 27 25 105 6 60 0 27 56 127 162 45 0 52 15 108 0 28 21 104 63 77 18 0 120 6 30 10 0 68 103 60 3 112 64 85 0 57 29 
8 0 36 36 62 23 24 36 79 33 42 45 24 73 4 66 16 30 0 0 56 40 63 28 71 82 58 30 0 68 4 32 0 0 11 12 38 27 18 36 35 82 45 84 78 30 66 0 60 77 30 70 40 35 33 58 34 38 53 52 0 59 20 68 27 107 0 88 36 92 72 33 75 73 10 41 25 0 57 23 38 42 0 62 31 15 57 12 0 38 54 50 12 0 32 58 48 0 30 54 20 87 114 88 54 125 6 47 50 0 46 0 45 34 95 36 25 72 72 15 54 33 0 2 42 110 71 40 82 15 13 35 25 121 12 0 12 66 72 15 42 52 0 0 42 42 0 30 83 5 6 54 84 60 1 35 52 40 18 73 12 42 3 99 69 78 42 12 57 0 28 59 0 72 75 0 47 9 46 22 27 55 0 45 35 20 67 24 50 34 16 110 53 6 24 0 60 66 38 3 0 16 40 69 123 36 5 53 52 0 2 36 115 164 56 0 14 47 0 8 4 20 99 42 36 106 6 59 28 69 35 36 66 0 45 2 26 23 54 50 0 34 21 10 16 94 24 87 76 79 67 12 40 64 0 0 
82 128 21 160 85 72 72 48 182 86 62 32 104 108 140 78 59 137 0 141 180 30 43 103 77 154 98 11 220 121 104 125 100 48 100 55 74 96 29 90 15 78 38 106 96 72 16 59 50 97 137 100 7 52 132 115 375 78 16 37 31 56 2 129 121 56 204 22 117 146 63 84 112 24 30 0 59 44 45 18 106 186 0 21 36 27 86 110 29 23 24 112 96 48 48 52 55 189 42 10 42 102 62 0 146 10 70 119 29 0 98 19 156 44 148 24 3 134 71 76 40 167 151 30 60 198 86 132 67 52 104 96 16 170 5 195 82 0 61 79 146 159 74 180 4 20 104 116 320 58 84 75 45 73 91 32 98 97 26 40 46 50 124 213 162 30 106 118 37 30 164 23 72 0 117 101 147 143 157 93 100 72 128 100 76 18 54 40 20 140 16 62 103 72 105 35 59 75 136 49 66 66 64 96 52 52 65 28 168 112 78 43 169 197 21 38 184 84 23 55 62 114 112 177 100 125 165 18 83 81 132 12 75 165 54 6 11 56 10 103 136 120 69 0 155 166 12 34 112 124 89 186 59 54 0 73 
24 47 0 105 27 16 12 12 16 70 66 0 84 41 0 64 20 145 25 25 21 4 35 10 38 96 13 17 45 49 2 20 27 16 14 61 90 78 85 73 33 13 0 48 27 84 4 53 83 18 0 66 10 111 27 57 89 44 72 67 30 0 37 64 69 68 0 0 0 22 78 134 41 76 50 28 227 14 100 45 6 0 14 21 55 72 43 86 0 51 135 52 180 86 40 21 1 91 78 68 6 35 0 38 27 48 0 37 32 44 35 39 171 88 100 54 92 21 91 97 85 38 37 0 30 88 72 10 224 38 28 122 11 163 0 113 28 32 35 82 97 40 61 67 60 56 63 36 70 7 105 26 15 20 128 43 63 66 56 20 67 75 36 81 8 3 42 24 58 72 22 53 60 0 90 27 5 51 80 105 30 77 77 0 62 18 94 0 51 10 43 35 44 64 19 21 77 27 92 7 0 41 19 24 0 103 49 37 62 2 30 0 17 93 122 41 38 9 20 32 25 43 0 49 42 0 61 37 9 6 2 56 87 54 21 42 9 32 25 25 84 36 28 0 88 104 113 14 46 88 28 123 5 36 0 66 
123 86 79 114 0 81 60 189 209 18 180 113 29 128 86 15 153 116 8 24 77 141 137 63 68 51 194 24 0 69 28 106 117 9 45 171 90 0 137 123 86 87 207 57 74 0 0 125 100 126 51 103 205 14 151 36 28 150 4 111 0 105 282 102 155 114 187 0 150 119 70 117 44 178 48 12 52 84 93 56 51 148 81 9 96 98 101 3 8 28 114 71 0 117 19 93 2 0 26 45 45 177 50 23 122 94 41 188 72 7 115 15 41 93 151 100 24 145 103 58 87 191 83 16 64 37 136 57 122 0 93 40 21 275 0 16 39 113 0 156 110 117 42 81 72 97 141 0 65 184 48 109 48 8 50 91 85 0 48 0 143 171 69 217 14 63 52 191 83 68 162 45 26 68 122 37 82 112 36 4 81 95 61 1 83 109 75 78 0 186 99 77 56 141 70 153 8 149 71 72 77 34 33 92 109 21 0 72 242 138 80 219 161 132 33 12 77 33 0 59 81 135 28 63 108 56 93 126 36 117 140 0 15 18 0 96 31 55 0 259 3 27 36 12 189 166 0 49 182 133 138 87 16 35 33 16 
55 0 52 92 68 0 93 0 231 145 0 81 94 182 36 54 69 40 55 64 42 75 112 35 145 51 12 0 25 156 50 158 71 64 109 0 97 121 24 118 190 201 39 150 24 43 47 121 138 75 130 138 108 71 45 6 81 88 27 91 4 0 143 42 39 144 14 21 83 54 170 116 13 56 4 236 139 69 53 100 170 46 0 0 104 117 121 60 0 86 35 187 54 6 0 55 120 32 42 0 42 0 0 70 163 125 12 121 54 32 97 44 101 133 0 162 174 65 33 45 87 105 12 0 0 94 21 49 115 64 17 48 23 152 76 129 32 88 94 83 112 88 0 13 98 48 52 71 58 29 7 42 135 4 77 71 152 1 6 21 171 42 124 12 78 49 35 15 45 81 116 141 67 34 58 0 48 80 62 112 7 164 93 133 36 120 21 6 106 26 30 48 173 4 1 0 114 14 84 19 26 16 77 204 142 33 74 92 94 52 46 91 93 101 32 0 147 60 0 13 6 104 182 56 75 35 0 53 8 105 94 133 182 59 65 0 90 60 96 70 36 9 0 0 6 6 0 181 100 66 89 76 106 57 70 14 
45 163 0 53 144 16 120 21 72 10 77 27 76 56 51 66 99 23 0 96 79 0 107 66 120 0 67 56 30 128 76 0 30 23 18 0 36 125 0 48 140 18 0 36 17 22 0 48 112 61 0 0 0 146 6 79 29 54 62 168 54 0 16 72 142 106 45 60 0 16 32 50 66 142 8 0 37 42 140 16 44 16 2 24 42 48 0 45 0 119 148 74 96 60 30 6 143 38 24 0 40 54 40 72 54 57 24 12 12 48 89 0 24 9 132 72 9 88 30 12 74 73 38 32 0 75 52 134 54 0 36 28 21 35 30 40 42 54 0 54 30 105 10 25 33 35 3 66 30 17 3 32 38 24 0 0 10 59 0 96 49 17 72 0 68 50 68 30 90 74 8 48 2 89 73 24 50 8 36 30 35 24 87 67 8 110 78 36 0 24 0 78 70 98 18 7 46 57 152 64 46 29 0 104 4 32 8 0 64 52 54 0 63 71 66 40 18 51 42 20 6 0 14 106 103 90 18 9 8 74 32 51 133 57 67 12 24 22 113 25 0 0 74 6 35 68 28 134 18 75 132 44 54 26 2 4 
81 0 52 62 13 6 0 33 0 53 0 0 50 7 0 0 27 123 6 78 103 11 78 73 0 72 59 26 4 31 26 40 78 66 31 0 24 41 0 0 40 62 48 44 15 12 32 16 61 17 13 0 78 16 42 15 113 84 34 53 0 74 52 0 31 0 30 5 24 0 2 44 0 21 3 72 118 30 15 13 43 42 1 16 153 6 20 45 1 81 88 145 68 42 13 17 44 72 50 74 8 108 21 0 9 1 0 13 0 49 45 29 122 144 63 53 8 0 36 29 25 63 37 32 0 23 25 0 136 0 8 104 0 3 0 110 15 61 7 48 32 18 3 35 75 40 48 0 46 63 144 27 0 9 85 63 196 76 5 6 9 24 12 63 30 75 25 0 24 43 83 19 0 16 0 69 90 2 42 64 0 101 7 55 0 54 8 32 12 80 68 36 27 21 113 0 13 5 27 0 5 0 92 6 18 15 0 91 45 113 66 0 0 132 62 0 42 22 0 60 102 144 5 42 70 107 28 63 13 56 84 22 156 54 74 54 29 81 75 4 0 28 8 44 91 81 52 118 130 4 16 57 41 27 24 72 
20 125 91 0 42 38 32 161 147 75 30 60 60 42 24 98 97 45 6 33 131 95 94 98 111 36 153 46 34 264 72 26 13 0 64 45 27 41 0 81 88 73 60 125 65 94 96 179 0 222 40 46 103 30 62 68 144 44 45 32 70 6 9 38 109 8 161 56 59 82 100 207 18 36 9 24 25 72 74 56 5 36 16 43 135 88 57 34 11 6 97 0 4 7 21 14 53 107 0 22 53 8 87 18 163 87 25 1 117 100 7 0 21 103 133 40 66 62 8 8 24 289 26 99 64 83 16 8 14 36 104 52 0 89 23 8 127 51 14 293 118 96 141 32 73 51 143 19 119 7 65 185 11 98 0 49 34 9 108 33 109 128 37 124 81 86 5 52 17 13 262 63 60 53 49 48 54 176 55 0 64 39 156 28 17 152 64 95 15 106 95 54 128 35 63 7 96 90 148 35 40 12 32 20 59 50 16 63 37 20 66 52 8 36 0 61 20 114 52 115 6 58 37 113 75 109 26 10 140 87 77 10 6 12 24 75 81 107 32 55 48 44 0 54 129 12 43 9 110 18 49 52 21 9 128 109 
18 29 15 51 136 27 34 16 63 90 18 65 79 42 41 16 0 116 66 55 0 33 56 50 54 12 30 95 31 35 35 60 38 78 25 89 87 150 51 109 83 45 55 18 12 86 0 31 18 157 38 18 4 105 16 99 100 9 2 10 36 0 14 59 132 133 24 17 30 5 90 17 5 120 18 96 44 13 140 31 114 125 80 22 118 20 36 35 1 78 0 20 40 21 21 20 45 94 28 38 8 9 13 49 41 120 102 178 0 70 20 67 20 61 138 65 137 32 41 61 39 43 51 16 0 0 42 35 99 0 102 24 122 0 1 98 35 16 73 99 163 25 90 122 78 92 59 105 75 39 45 51 38 0 0 95 96 45 43 142 84 87 15 65 105 31 120 0 131 23 27 2 28 63 70 18 24 18 69 48 8 36 181 88 88 12 146 48 156 26 91 84 139 121 62 37 56 86 27 51 19 60 1 89 50 88 137 0 38 28 27 67 91 176 28 0 32 122 0 36 0 0 145 33 263 18 118 15 20 99 116 163 11 84 117 14 105 41 68 44 25 112 30 40 70 58 50 40 10 18 151 63 0 144 5 56 
16 0 41 99 50 32 60 53 69 84 0 40 86 120 64 94 16 127 61 123 24 72 114 0 128 36 88 64 24 72 64 0 32 35 24 40 45 92 42 142 16 0 64 66 30 0 0 84 20 0 56 0 121 97 16 60 27 74 0 177 0 0 32 41 6 16 77 0 8 9 0 8 15 88 3 8 37 0 40 12 122 185 7 0 40 6 48 3 208 119 16 93 0 0 64 24 44 76 114 24 21 0 74 24 123 52 80 88 72 25 59 168 56 106 105 0 147 8 2 96 0 25 35 0 12 24 83 118 123 0 0 0 88 46 42 34 88 54 49 96 48 24 93 23 30 8 97 20 170 5 72 30 12 138 12 0 12 44 62 58 0 27 18 42 52 80 48 74 60 121 24 13 72 126 12 76 3 9 20 21 73 0 109 37 63 5 27 0 9 36 18 20 60 48 30 69 32 18 94 30 98 188 0 114 0 54 9 120 68 37 27 126 15 46 92 32 0 21 20 19 50 108 70 0 172 126 48 0 12 40 48 0 69 12 0 0 102 16 34 89 0 0 0 87 15 47 28 24 6 4 25 15 71 24 18 14 
53 101 32 24 97 20 94 80 20 83 94 6 136 73 112 54 93 88 114 8 59 32 93 24 18 70 10 54 54 70 159 91 52 12 48 156 0 40 15 116 68 45 14 240 24 45 119 14 119 8 16 0 14 30 75 287 84 120 56 16 48 74 73 103 28 114 153 8 82 39 78 181 102 81 56 14 119 18 52 0 92 40 78 18 158 14 91 78 0 101 56 5 39 0 102 109 78 175 38 88 28 4 28 72 115 9 0 64 103 109 78 26 76 37 94 0 111 8 54 16 0 160 64 36 49 157 54 41 2 31 144 26 58 91 24 221 62 12 24 152 117 74 18 28 52 24 24 124 229 14 37 51 74 36 55 106 89 112 18 36 93 73 95 56 135 111 47 25 124 12 18 31 34 58 43 0 132 130 187 77 92 74 93 5 36 77 46 68 142 85 88 66 179 90 120 15 84 82 32 54 18 83 81 118 115 155 162 82 153 60 102 6 24 173 104 121 110 148 60 59 43 4 61 54 58 89 2 262 118 37 75 61 117 48 94 92 11 42 63 98 62 36 8 28 47 101 0 73 18 24 153 155 130 106 0 63 
137 164 69 51 78 19 66 83 82 6 35 56 78 122 81 223 0 27 92 133 134 100 169 88 66 11 87 58 80 135 193 52 86 0 109 41 43 149 110 31 71 22 56 135 51 96 73 72 15 61 159 177 108 105 6 70 152 162 34 107 121 157 16 176 67 21 45 42 81 30 81 53 76 54 45 114 18 65 95 54 194 60 0 72 126 47 69 40 158 0 87 40 111 39 41 64 19 24 80 108 8 98 88 49 170 30 71 42 35 93 59 63 77 88 105 127 94 54 0 36 95 49 52 30 166 109 35 183 30 32 88 18 29 225 26 78 108 212 0 62 126 36 135 0 55 0 74 145 129 93 9 66 156 60 35 68 25 101 70 111 67 79 221 42 175 97 55 142 39 168 0 101 9 7 65 69 90 145 10 29 10 62 151 5 92 140 21 148 67 63 31 25 160 82 50 18 119 102 90 70 32 0 121 55 32 33 31 20 172 118 107 0 32 93 50 53 189 109 72 81 51 54 118 25 22 48 10 12 56 34 60 119 112 68 68 60 39 55 22 25 133 128 42 76 103 141 165 38 81 41 65 71 125 60 78 68 
83 169 27 18 54 130 20 24 72 125 60 104 123 119 120 135 27 128 5 0 4 63 121 12 2 84 61 45 4 42 90 31 81 9 24 51 71 32 16 143 101 31 61 0 43 32 4 140 20 42 117 78 117 119 8 88 28 94 54 33 131 80 63 101 51 18 10 14 6 21 5 205 32 24 118 101 180 15 59 82 61 162 64 42 64 87 93 56 0 98 51 45 189 72 88 195 19 16 123 0 76 30 44 78 96 0 90 160 0 44 42 97 115 134 199 0 117 28 51 117 27 58 28 56 78 0 113 93 46 92 36 89 13 128 88 143 102 211 67 114 55 62 137 30 55 0 42 36 109 12 8 57 64 80 3 0 75 80 63 40 12 48 8 56 39 185 60 21 172 121 39 5 73 65 79 86 149 0 42 113 0 4 10 37 96 204 21 0 116 125 115 24 104 150 52 11 84 117 94 34 3 77 47 45 170 154 45 0 5 0 47 116 1 47 47 3 212 0 20 7 3 58 100 32 117 14 158 53 36 63 77 0 54 77 143 91 73 50 38 0 133 4 42 24 53 26 45 134 180 119 52 139 37 72 81 168 
107 37 58 75 2 21 172 51 0 11 20 0 74 75 12 0 38 37 44 6 76 0 4 4 64 8 74 97 30 18 68 73 36 38 10 75 0 7 24 91 46 41 31 162 55 28 54 0 31 76 25 124 22 0 0 131 56 88 70 7 28 20 56 139 27 0 192 79 105 137 128 6 83 203 3 0 65 60 130 55 0 0 120 76 215 81 56 20 30 21 54 0 0 0 107 15 63 45 0 45 60 115 27 30 133 37 8 77 36 108 0 9 175 24 127 8 22 36 33 71 46 74 63 30 83 2 27 63 180 8 0 47 62 53 18 2 0 32 72 213 120 94 73 9 18 0 83 84 102 21 56 94 77 16 28 30 93 37 54 119 91 111 0 126 36 86 123 29 103 24 62 36 43 0 54 20 7 63 61 14 56 23 63 11 0 34 19 36 138 6 89 2 0 56 39 56 0 37 69 54 89 0 35 36 49 72 111 58 195 8 135 60 7 102 134 27 61 61 163 52 65 29 0 50 49 175 34 82 36 9 102 37 36 0 42 156 60 50 84 46 0 24 92 17 77 103 0 229 34 49 88 16 57 74 8 16 
87 103 45 93 81 34 40 19 47 72 0 21 73 8 67 90 0 105 0 177 18 77 86 94 104 0 95 56 141 87 78 5 80 63 142 20 44 108 0 0 72 99 92 48 54 0 0 64 21 167 32 0 79 119 96 146 235 92 105 109 72 132 48 28 19 84 0 0 60 0 90 17 26 129 0 16 4 110 96 165 84 21 0 32 107 18 60 60 102 90 10 0 91 7 37 96 16 22 16 3 36 18 32 7 154 51 4 12 63 104 74 78 75 0 36 64 92 94 18 12 129 245 11 96 158 69 115 167 0 72 11 109 0 6 8 151 182 76 38 25 152 19 28 121 14 84 75 64 62 50 69 44 4 52 117 3 68 93 15 63 0 90 53 8 84 54 73 126 70 129 40 19 79 84 25 108 85 53 53 5 30 76 127 10 80 10 36 76 32 119 130 18 46 113 91 0 112 67 91 4 22 16 45 0 72 125 60 9 91 112 236 30 30 47 1 31 188 55 32 60 170 0 61 85 144 27 107 0 18 45 77 151 53 91 58 0 0 97 8 81 12 80 40 52 124 143 0 86 66 56 90 56 138 202 48 89 
3 35 207 42 21 13 123 93 153 34 36 54 59 158 101 28 48 48 45 205 0 34 100 81 91 99 244 36 74 154 111 32 17 34 174 0 20 163 50 46 205 112 0 104 0 12 72 56 0 34 21 24 45 32 21 116 80 48 75 105 12 84 84 24 74 81 12 28 84 24 42 117 56 60 0 84 42 0 126 28 130 12 20 1 122 61 48 109 45 239 72 32 0 24 118 143 113 121 111 67 32 63 76 48 252 86 0 165 32 46 0 7 0 117 75 55 48 39 0 127 0 109 44 6 42 56 128 164 109 135 84 14 170 6 5 21 43 21 38 134 119 87 20 179 130 7 80 52 89 31 173 84 26 56 79 124 173 153 0 81 111 122 42 74 107 156 82 44 0 138 130 37 106 51 33 105 18 87 74 82 0 124 88 52 12 147 114 18 103 72 0 122 102 38 48 33 97 6 30 27 43 96 99 196 36 13 154 87 106 68 79 184 25 140 114 128 158 16 86 28 30 44 122 3 78 206 7 72 118 30 68 35 155 88 87 0 116 47 30 111 83 32 52 81 77 102 12 86 52 42 27 72 174 111 69 108 
6 6 10 7 10 3 0 0 56 95 0 0 0 63 72 39 7 99 0 81 15 6 30 0 81 28 67 66 22 4 0 27 12 10 35 10 0 67 25 30 10 48 13 6 0 0 36 27 0 0 14 33 0 19 16 12 21 17 0 26 0 96 0 71 102 6 23 9 36 6 6 11 97 0 6 0 12 61 0 9 204 110 0 0 66 3 63 60 65 26 14 6 0 49 12 73 0 54 15 21 21 30 10 0 0 56 63 6 14 0 27 65 8 0 91 37 5 0 42 45 48 103 3 11 17 38 8 63 107 30 50 3 128 42 10 75 1 1 0 21 91 49 7 89 0 0 68 10 52 13 9 0 21 0 0 13 89 36 0 7 12 42 0 35 100 8 70 8 13 0 54 3 4 14 45 58 0 0 148 1 40 13 40 10 97 4 2 0 4 0 2 16 64 0 36 70 23 47 44 0 13 123 48 0 0 7 24 25 37 0 122 21 56 42 57 100 67 60 7 8 15 27 0 3 58 12 28 0 2 5 12 42 36 27 13 0 13 59 37 21 63 23 30 48 3 18 22 0 0 30 54 13 56 117 0 42 
107 139 32 0 7 12 118 138 135 94 67 27 65 49 16 35 0 42 73 84 161 56 123 47 21 0 124 32 0 184 40 85 6 10 139 41 35 64 16 43 71 65 118 106 58 110 0 102 91 149 0 0 15 34 60 160 184 109 18 0 35 169 18 30 10 102 56 75 42 77 97 114 87 15 8 43 24 59 20 0 70 182 40 28 80 14 63 42 35 0 148 3 15 6 42 88 96 24 35 52 0 48 78 35 178 41 0 55 0 4 18 8 0 10 49 69 72 80 83 28 6 72 97 7 4 101 43 0 5 0 57 77 10 215 16 73 112 157 30 96 100 139 221 95 0 0 61 37 170 34 5 4 98 46 58 78 115 72 57 42 120 66 3 148 0 71 37 0 16 93 155 93 107 70 38 49 28 12 104 90 49 15 31 110 20 176 0 0 101 55 52 80 115 7 30 19 189 84 102 49 51 0 62 106 193 43 34 0 76 159 64 132 56 49 33 40 156 141 49 98 88 41 117 29 151 10 10 179 177 53 24 18 101 89 30 42 53 26 16 84 0 80 14 63 35 102 0 7 24 169 0 12 0 72 114 24 
0 15 54 0 66 70 60 68 26 157 0 32 51 104 0 80 112 0 20 36 0 153 61 23 32 97 125 17 99 99 30 39 0 24 163 40 37 68 28 96 155 54 34 2 24 7 117 113 78 89 50 43 42 18 86 90 82 54 50 58 44 6 101 32 177 78 79 32 28 29 17 44 99 10 9 128 155 135 98 53 62 30 0 26 108 140 53 23 16 18 60 40 56 8 104 96 8 36 36 0 52 24 40 42 93 22 0 182 48 60 3 20 104 114 76 92 106 46 98 107 45 282 51 0 7 24 40 105 27 93 101 64 34 87 86 60 87 0 0 132 133 70 67 72 123 0 125 88 2 15 0 152 76 87 12 114 45 0 30 32 28 36 4 128 140 56 100 50 157 186 40 0 31 6 57 42 2 62 96 80 0 45 44 0 18 158 116 48 119 155 168 23 91 78 16 48 84 101 85 2 10 14 36 145 56 86 66 6 14 36 61 38 45 156 168 22 116 62 108 25 18 0 44 0 66 71 16 76 33 28 70 49 62 63 60 54 54 90 103 50 83 87 78 0 11 70 34 53 174 0 76 79 65 58 64 25 
72 0 33 0 74 48 60 18 109 141 166 91 116 99 0 63 3 72 10 70 101 90 21 40 0 159 254 62 244 0 0 42 94 92 84 15 43 125 97 46 72 82 127 36 62 0 12 0 22 15 100 86 69 75 104 129 188 59 24 185 67 68 106 32 16 48 206 15 42 2 24 96 43 92 17 41 62 56 0 6 118 76 34 0 92 0 0 49 87 149 48 105 114 171 57 113 20 54 0 273 14 111 42 0 69 43 15 86 28 74 59 15 223 56 151 11 33 100 190 135 128 20 186 17 144 135 49 0 156 193 190 69 38 32 124 104 63 75 48 122 82 117 169 103 26 86 15 133 43 56 292 99 115 120 30 109 164 51 38 147 0 21 57 31 72 74 122 102 72 65 125 129 105 99 83 68 59 120 44 48 32 122 124 0 19 109 24 12 84 143 24 75 66 72 98 135 0 175 161 86 81 49 104 52 88 3 79 68 82 40 56 194 78 124 65 26 180 46 40 3 86 25 112 0 33 98 0 112 103 60 76 9 250 264 129 30 86 60 16 51 68 193 48 90 80 45 240 75 42 24 135 105 146 65 65 0 
125 59 111 16 64 104 49 157 42 30 126 52 36 83 60 38 29 0 111 59 126 58 99 17 89 43 88 33 118 21 113 22 0 0 18 115 25 109 109 16 24 32 24 36 97 4 63 97 209 16 1 74 303 69 39 72 40 127 70 208 49 59 76 116 49 57 47 12 56 72 15 51 193 62 0 62 46 66 75 36 111 130 16 14 46 26 22 17 163 126 100 64 72 38 182 72 67 6 30 90 91 134 40 130 77 87 0 211 82 24 13 95 88 99 149 90 91 46 5 5 0 117 111 20 91 38 244 163 126 9 42 63 93 208 111 86 16 45 42 124 164 80 114 20 4 0 45 23 5 98 63 80 85 243 26 48 99 17 0 103 0 117 24 93 152 155 51 60 63 52 11 47 35 58 150 128 77 0 52 83 159 153 193 26 87 18 17 44 123 12 70 145 121 132 2 98 45 27 58 157 19 31 0 69 3 141 3 41 88 67 64 10 138 190 189 25 42 119 87 50 73 0 107 14 45 10 140 99 0 43 53 125 109 57 174 17 112 72 125 48 35 108 74 99 53 70 27 51 68 16 78 89 127 28 7 60 
97 81 50 60 12 24 121 12 122 77 0 17 12 166 42 98 0 63 60 66 0 104 156 54 241 103 132 65 76 45 187 39 106 0 87 28 0 70 28 63 44 44 37 36 25 64 98 0 56 128 64 52 142 97 114 30 96 72 128 42 26 50 36 116 161 115 70 8 0 0 97 72 49 125 0 141 136 40 115 67 114 116 0 18 151 92 163 61 81 42 15 76 103 76 6 139 60 26 117 62 0 76 90 46 236 81 0 162 56 132 12 78 124 78 192 42 267 14 0 140 98 104 46 4 42 63 64 152 135 127 64 0 12 69 170 40 161 10 108 174 135 135 77 199 131 9 52 0 12 69 40 104 183 68 36 161 68 5 46 108 124 53 29 224 105 103 119 201 89 212 50 63 54 96 78 85 120 20 88 38 82 77 74 62 48 155 54 146 70 194 9 0 38 88 111 72 172 114 181 27 29 145 52 125 82 49 139 29 115 72 56 72 20 82 42 102 25 59 72 80 74 153 107 56 173 48 70 72 0 65 193 73 61 47 126 175 62 102 36 100 126 42 68 0 172 163 116 7 46 113 102 44 49 143 90 149 
28 20 12 60 2 32 24 45 20 23 0 35 92 134 7 0 0 0 56 128 18 154 212 14 127 108 94 76 153 0 0 57 44 0 16 42 35 51 41 21 94 99 0 0 13 30 69 82 36 58 20 51 45 114 91 96 16 108 0 123 16 15 81 27 20 64 107 40 16 0 10 21 65 36 0 22 88 35 111 0 72 64 22 42 122 20 52 0 86 122 132 116 0 23 120 36 114 0 39 23 0 48 80 0 90 24 16 83 0 109 8 16 97 147 106 0 34 100 82 54 53 113 49 1 72 53 82 40 119 72 7 69 4 26 62 108 0 63 12 148 117 37 152 0 89 26 66 13 7 38 93 32 130 12 6 0 28 1 3 157 52 39 0 60 120 109 20 118 100 80 8 56 45 74 30 48 6 39 80 54 10 61 178 62 0 50 16 0 57 44 60 9 57 35 63 14 39 155 119 34 9 81 139 45 28 43 28 71 36 6 73 4 3 24 58 67 7 95 26 30 32 3 56 32 74 63 12 9 6 33 163 40 132 47 120 0 100 68 64 162 6 65 18 109 49 38 73 31 159 4 140 21 24 0 0 49 
132 47 168 0 0 150 83 4 159 43 0 83 25 87 0 36 9 45 80 56 0 35 48 45 0 39 107 64 20 145 0 0 0 83 61 31 20 8 0 17 63 6 16 116 6 40 16 94 81 91 40 90 175 88 36 35 30 55 28 25 12 12 52 64 38 108 46 51 40 1 100 68 111 0 29 42 21 19 20 30 0 81 62 90 37 4 8 25 45 18 35 0 90 109 73 0 58 42 14 28 5 126 0 0 130 66 4 32 92 18 24 105 40 14 128 8 72 101 0 25 35 34 56 16 8 52 12 0 98 0 0 88 79 150 120 60 47 114 66 130 54 42 16 12 36 54 71 40 0 10 26 16 72 111 78 0 134 0 18 66 111 10 87 18 14 7 45 0 10 91 158 30 93 60 122 0 0 112 0 42 0 163 105 55 44 54 7 20 55 56 74 52 195 62 0 27 110 44 2 7 32 0 10 92 52 7 94 30 36 92 25 160 44 164 68 0 63 32 164 38 42 30 74 24 4 60 35 18 45 30 127 92 6 51 49 63 96 6 45 93 0 32 8 28 129 8 39 16 26 5 135 4 87 28 12 56 
0 99 21 119 0 60 154 88 93 37 0 0 38 82 40 37 8 64 63 42 77 71 77 15 80 18 192 3 57 106 125 49 5 62 67 27 0 144 64 26 51 35 36 96 47 63 42 0 35 63 64 24 58 0 30 106 92 81 85 49 49 164 0 243 0 56 84 174 64 27 77 39 78 7 8 38 31 149 42 54 37 103 7 60 16 0 57 0 100 20 208 0 12 12 49 46 133 0 47 8 18 49 74 109 157 36 4 79 18 46 26 24 28 51 93 98 60 24 67 7 170 152 67 60 70 43 42 84 69 30 60 84 32 96 68 41 0 131 58 34 70 168 27 64 90 80 55 44 70 0 69 0 58 87 0 68 9 34 0 154 21 62 72 72 49 71 115 62 85 91 0 48 0 139 45 24 4 40 0 5 35 31 12 43 0 135 60 42 114 50 19 46 101 157 113 72 39 62 40 11 42 33 90 42 4 42 28 80 1 66 97 0 52 100 15 78 69 139 0 24 77 16 42 85 0 75 16 56 49 37 23 102 21 7 65 14 83 12 65 79 24 2 53 0 74 31 49 20 75 81 57 98 81 138 100 3 
5 42 117 74 0 75 16 16 207 96 0 95 77 99 54 36 28 270 64 102 47 61 92 27 34 0 55 149 98 81 46 50 112 0 166 16 113 67 0 63 130 149 63 70 54 63 54 127 0 40 50 191 173 108 9 24 40 0 5 49 126 42 121 121 155 109 47 0 146 0 32 100 99 14 30 122 118 143 133 79 177 22 130 16 111 35 64 0 2 76 101 0 98 113 46 26 48 2 36 16 20 0 62 93 84 78 36 116 117 84 80 28 16 113 146 4 72 58 186 28 90 72 56 42 92 94 28 35 166 28 91 36 108 18 0 74 175 67 66 98 60 18 40 25 0 43 10 54 109 21 13 146 32 62 104 2 84 0 72 72 114 38 60 42 54 0 71 27 109 185 144 58 45 79 95 11 23 83 25 77 76 24 86 3 65 132 15 12 120 78 12 78 232 44 33 45 145 103 163 0 46 45 0 168 50 92 14 14 141 60 73 63 0 96 72 62 88 21 54 44 114 72 72 93 141 16 89 57 26 16 168 42 45 0 60 69 108 12 49 70 113 131 52 87 173 56 23 140 34 42 241 16 81 138 72 103 
26 62 0 72 45 0 34 80 84 106 8 1 10 19 59 144 41 18 118 41 89 58 26 33 55 98 92 20 65 49 37 127 19 24 37 28 25 10 13 76 32 71 4 63 61 138 122 66 10 5 41 162 36 182 96 82 81 24 19 8 0 6 16 11 65 112 71 3 52 0 14 18 21 4 3 18 57 58 42 39 50 74 110 32 146 15 0 121 0 132 24 117 94 26 3 48 33 54 35 56 0 0 45 54 9 133 38 54 60 8 12 53 42 46 7 81 6 58 86 37 73 48 66 4 39 64 29 26 163 67 10 0 3 105 1 146 22 70 78 90 91 4 40 8 81 11 86 0 105 10 21 12 84 14 41 69 56 21 42 37 54 56 62 69 32 12 69 69 102 8 9 66 36 76 91 90 39 0 44 77 0 140 17 73 8 18 88 85 172 21 36 67 55 43 23 54 173 0 118 52 8 1 126 124 20 72 59 54 26 62 65 0 70 59 69 62 102 21 54 0 8 24 84 95 147 116 84 60 48 62 96 120 129 7 104 0 6 5 68 82 39 32 4 21 18 17 28 106 123 107 18 86 32 124 0 44 
153 119 24 16 132 0 64 66 56 72 10 22 105 35 69 216 34 25 8 103 77 157 89 91 140 24 57 40 105 50 30 67 153 18 58 108 10 32 68 21 24 0 92 107 94 69 0 64 60 35 40 70 6 88 78 153 68 222 3 131 88 156 36 162 239 34 164 21 33 84 89 85 28 61 40 68 13 123 49 0 118 118 8 0 174 92 45 20 0 0 58 118 19 16 20 90 44 34 59 54 57 57 62 6 62 135 14 95 0 0 23 36 124 51 93 32 62 0 43 48 51 21 13 10 0 140 32 82 7 35 9 10 50 188 34 29 88 223 27 30 141 151 22 3 44 12 96 39 62 52 34 75 157 157 133 44 219 106 41 0 132 157 7 96 44 153 94 47 37 136 37 0 53 50 0 0 84 0 7 78 23 0 176 57 18 54 72 35 18 69 40 134 70 132 43 85 18 24 141 3 6 35 40 15 38 36 101 77 91 94 74 33 81 132 62 2 46 33 3 20 68 79 55 13 181 35 35 99 23 6 59 140 148 72 30 15 78 72 69 137 8 0 42 51 36 64 78 123 83 31 48 77 63 175 40 113 
55 102 103 23 27 96 175 16 76 80 8 24 5 60 114 16 7 197 4 52 73 35 125 0 201 28 79 61 41 56 148 28 33 60 64 125 36 180 84 26 14 19 90 20 33 4 63 25 31 37 183 145 84 105 0 51 34 155 0 12 10 162 40 36 72 0 149 87 0 0 18 70 24 20 15 20 25 159 125 30 54 78 0 32 185 25 67 3 133 115 121 0 20 97 113 18 15 88 20 38 42 9 52 54 94 42 54 81 49 0 6 52 28 0 192 30 101 28 36 29 87 127 22 0 0 2 75 181 111 0 64 79 144 91 35 0 0 75 0 121 191 104 18 56 0 0 85 18 102 32 6 0 52 78 23 51 85 0 124 62 23 89 96 0 0 36 112 26 0 105 22 0 4 0 6 25 44 112 17 58 86 109 79 21 25 50 0 20 4 26 40 93 120 102 42 52 42 42 57 37 178 77 75 36 26 55 28 56 41 6 20 77 58 43 11 92 45 213 96 4 45 3 72 0 18 164 150 106 0 0 63 70 81 0 0 72 30 37 14 60 49 64 56 12 48 63 101 112 10 47 45 93 99 87 111 59 
50 30 58 20 0 60 16 0 48 12 0 2 64 48 60 45 0 54 178 92 57 0 16 27 64 6 18 12 13 0 58 11 79 38 42 0 36 54 19 22 62 30 6 60 15 27 0 0 14 47 69 0 48 39 28 118 112 0 179 10 0 21 48 45 8 63 0 0 42 0 26 34 69 48 0 45 0 13 7 79 0 36 0 7 87 79 4 76 90 0 48 36 90 63 0 150 0 34 30 52 0 0 4 56 0 69 54 0 46 84 24 49 0 16 28 98 3 26 0 64 72 87 39 12 120 72 64 58 40 64 0 56 0 27 1 70 0 16 51 4 94 81 0 1 15 54 0 72 0 21 0 12 59 48 43 56 35 0 8 126 8 68 0 54 108 56 6 50 5 12 3 46 44 0 26 69 0 32 0 27 0 44 230 8 0 109 81 12 9 36 103 6 94 111 0 109 20 108 51 3 57 26 109 0 100 66 59 0 48 60 54 37 35 24 100 42 43 0 0 0 156 36 54 20 84 29 138 0 68 0 26 54 30 12 35 0 4 0 63 75 24 0 97 150 83 86 18 6 28 23 46 5 40 113 27 54 
54 72 14 24 75 56 93 66 80 45 0 6 45 45 44 49 14 56 20 42 83 56 58 0 0 128 69 56 83 0 45 56 35 35 20 86 0 20 0 60 0 97 34 48 54 0 8 64 97 38 44 0 28 0 21 52 47 178 21 108 49 162 21 8 128 32 38 0 119 0 46 25 60 98 3 85 56 129 0 6 14 69 0 0 21 37 27 29 75 78 81 0 18 0 0 4 7 105 77 0 5 8 119 12 196 146 0 35 62 15 0 0 44 92 68 63 30 33 56 15 76 173 0 0 0 18 142 64 44 10 16 27 53 120 78 126 28 114 63 108 10 8 56 71 34 0 65 36 56 42 42 53 52 76 6 63 28 43 61 0 14 154 0 6 70 52 48 59 0 37 0 95 89 97 7 70 66 82 162 39 30 12 34 8 81 7 41 0 91 28 28 66 99 0 63 0 42 117 128 114 0 0 136 48 16 124 78 26 30 132 9 31 99 158 9 99 101 69 70 44 35 3 108 64 57 78 53 136 14 105 163 8 74 78 63 12 100 109 32 24 45 56 0 0 79 81 0 4 31 66 53 71 105 42 76 47 
4 9 32 0 6 13 136 38 76 8 84 4 29 93 111 88 2 30 19 98 72 0 24 48 70 63 91 0 0 0 103 32 11 40 127 2 37 170 9 45 107 9 64 120 31 18 8 42 17 6 21 0 40 76 0 8 42 4 56 7 4 172 95 56 0 114 3 1 0 0 42 56 2 29 17 0 41 6 113 0 5 72 120 32 6 0 2 20 56 212 37 0 65 36 32 44 12 6 15 18 40 56 36 86 107 9 6 162 4 40 64 2 32 66 36 0 40 26 0 34 0 45 19 9 0 9 6 129 45 72 20 0 148 20 4 0 42 0 76 65 130 86 44 78 16 0 0 81 67 63 72 9 6 19 56 9 6 24 16 126 63 63 126 54 39 22 78 8 53 90 65 0 35 10 9 97 120 40 32 72 40 150 0 5 3 82 72 0 109 82 6 138 106 56 43 54 119 20 14 6 18 10 76 90 32 6 2 24 4 44 12 67 9 9 12 62 82 72 145 2 59 18 116 0 51 105 46 36 49 20 0 57 0 72 48 19 33 72 0 41 90 38 96 27 0 0 0 48 51 102 56 5 71 108 0 0 
60 85 42 88 10 6 68 146 47 84 33 76 60 187 164 0 32 132 9 193 205 84 176 20 76 8 95 26 48 199 84 89 126 66 186 75 32 37 96 32 37 149 94 114 15 142 104 56 143 46 56 69 31 65 117 201 82 124 126 56 32 142 160 30 58 130 121 16 142 31 56 154 62 89 102 205 120 27 20 72 32 127 14 0 227 20 0 20 58 48 123 156 73 94 36 98 60 28 58 144 36 26 36 55 132 27 0 79 135 54 118 46 204 171 91 116 8 32 104 117 152 281 187 63 46 82 99 131 118 167 219 220 166 118 46 135 49 33 150 279 95 75 8 143 46 0 12 53 85 49 91 110 38 85 135 201 169 12 94 48 57 43 27 55 50 200 104 54 70 87 87 0 87 176 55 146 159 146 138 130 155 39 194 24 16 57 67 0 116 184 189 22 197 125 159 75 124 70 57 31 126 24 33 40 138 135 96 148 173 47 9 19 14 128 72 128 76 114 56 110 211 121 0 56 164 104 143 112 96 79 29 24 48 64 172 48 100 112 64 90 77 108 97 6 117 145 44 81 137 32 93 61 61 80 67 25 
96 185 0 14 56 41 107 48 27 57 14 0 120 62 18 94 0 9 73 100 38 38 78 116 58 142 123 53 43 154 95 45 20 63 126 30 0 60 54 6 21 54 25 158 10 120 20 61 98 39 18 118 70 121 63 169 36 74 87 145 179 96 56 78 65 71 18 84 117 125 43 9 128 94 6 4 64 33 100 6 149 147 46 61 110 95 14 49 36 6 91 104 39 8 0 10 30 0 4 45 12 13 80 103 171 34 0 17 123 3 15 15 119 81 89 78 69 117 121 36 35 78 197 63 78 130 7 89 124 115 96 18 10 75 28 13 74 90 55 107 0 36 5 56 19 24 21 35 122 29 3 70 70 76 35 32 93 105 5 107 24 52 59 20 119 0 69 105 38 67 0 15 91 33 92 1 0 91 45 80 36 76 119 39 0 26 40 56 59 56 14 77 148 146 0 36 0 69 50 8 10 19 90 47 54 14 46 26 109 79 79 91 63 62 20 67 22 0 93 15 0 76 77 61 12 141 115 102 55 27 108 54 35 61 52 6 40 66 73 35 38 82 100 83 104 54 44 0 10 61 174 73 84 5 56 22 
14 158 101 132 113 48 154 47 90 97 15 32 131 154 177 105 105 138 181 129 40 93 129 88 100 7 99 93 81 224 156 34 62 74 147 20 0 240 61 99 97 119 26 0 2 128 60 107 125 44 67 159 170 71 62 123 70 67 123 157 75 185 24 96 104 180 92 0 243 0 72 120 80 78 87 138 99 48 233 4 191 193 164 42 105 72 94 117 110 123 158 0 105 24 272 270 63 131 68 126 36 0 77 108 47 168 70 130 7 233 104 13 102 179 108 108 173 39 105 53 75 276 63 70 78 31 155 93 158 124 136 167 159 72 35 169 66 102 233 190 147 70 72 66 97 66 51 56 163 90 63 90 89 122 54 104 126 152 119 127 70 60 96 48 181 246 72 40 131 117 122 136 62 31 29 130 88 123 1 57 78 96 204 15 69 136 42 21 123 113 189 33 173 147 117 158 54 194 154 167 80 132 99 107 144 135 185 50 71 28 36 0 57 44 149 109 41 112 63 98 32 45 4 1 60 70 112 0 100 86 116 178 124 105 178 27 186 24 118 126 141 14 6 104 130 85 52 100 77 141 171 122 110 60 92 41 
121 157 64 55 12 85 52 64 90 53 38 33 16 32 72 6 72 30 139 87 8 105 197 24 61 82 150 76 86 25 191 182 30 8 79 131 84 32 12 106 51 81 45 45 67 79 0 0 120 94 57 59 21 78 81 12 49 53 0 98 60 180 33 143 21 92 36 32 78 95 25 128 117 2 14 106 24 53 136 28 63 157 130 42 88 8 85 0 0 54 15 135 38 0 87 12 17 15 96 86 10 18 90 73 126 27 44 89 6 73 30 28 143 36 129 8 12 92 98 81 17 41 91 58 56 73 24 100 54 44 86 65 16 7 13 11 40 57 37 98 97 68 163 125 89 190 46 86 101 35 97 88 116 72 0 0 195 69 0 101 144 45 33 184 67 124 33 128 82 16 30 94 130 0 148 0 129 42 48 8 20 49 99 6 70 72 8 181 93 54 46 43 44 117 78 94 104 90 78 5 12 126 89 96 103 100 69 0 171 79 0 12 72 131 58 40 89 100 79 61 105 10 291 46 19 37 92 63 49 102 87 15 16 71 121 117 94 51 10 181 26 151 28 121 249 150 12 45 0 91 94 111 36 44 59 36 
103 44 54 8 0 3 51 122 92 82 81 54 24 76 83 11 21 190 128 164 83 85 54 108 90 62 148 126 66 180 87 9 70 20 24 136 45 103 22 72 54 9 60 89 16 93 94 0 24 118 207 0 36 147 17 107 66 78 121 46 16 51 55 90 31 0 101 30 84 2 84 158 64 138 26 32 84 0 59 54 86 122 79 12 120 18 75 37 51 94 23 19 45 120 55 12 45 86 88 69 0 99 96 25 110 0 0 179 123 75 62 28 100 117 243 8 114 48 120 55 162 89 105 123 36 28 64 64 191 206 182 104 128 36 5 30 7 12 78 107 135 36 50 88 108 5 118 36 136 42 75 8 17 18 0 85 30 69 35 148 41 87 135 35 40 16 172 72 3 156 44 72 24 88 42 8 15 104 87 0 51 135 213 42 16 80 64 132 152 68 48 0 143 142 21 100 85 47 13 70 132 106 106 42 105 24 152 138 144 14 30 40 56 35 63 108 147 54 38 0 88 105 72 8 122 114 92 120 63 34 85 59 24 32 111 68 151 40 43 65 72 81 82 60 138 32 94 24 33 46 62 10 73 156 127 129 
133 39 60 24 0 49 59 41 87 57 0 21 72 31 42 45 64 70 51 152 36 47 5 6 99 0 72 3 43 128 78 40 86 79 18 20 24 170 75 87 24 100 58 0 65 23 0 0 0 169 68 16 151 64 27 182 127 16 88 21 29 69 30 41 65 25 155 0 211 0 199 64 56 22 0 75 15 49 82 0 30 65 100 3 177 41 66 14 42 81 83 24 9 0 32 64 97 40 25 60 10 36 21 54 65 0 6 6 35 80 62 24 122 34 128 94 24 82 0 86 93 154 38 66 0 0 64 40 0 70 0 79 40 0 87 9 48 52 75 179 105 28 78 0 40 39 151 42 72 58 189 113 18 8 66 32 58 0 12 35 112 144 57 108 147 5 16 0 41 73 54 30 63 79 126 54 38 83 24 65 0 73 148 0 26 101 32 37 117 105 65 88 96 30 13 75 0 0 26 52 44 32 33 63 96 45 81 30 64 0 0 27 24 0 7 18 53 6 27 44 135 5 0 53 90 2 95 27 48 24 81 141 56 36 43 63 93 109 27 0 0 77 58 31 65 8 79 89 45 9 0 28 12 70 0 40 
76 21 0 18 73 0 36 0 52 82 0 0 0 8 7 4 24 11 48 10 0 70 6 30 39 0 0 34 84 40 0 54 0 0 32 0 43 59 7 20 36 29 36 42 28 13 0 48 18 21 48 0 0 48 0 54 12 9 12 42 0 6 6 42 12 15 21 19 0 0 17 42 36 6 44 14 24 29 30 27 80 14 18 45 18 30 21 25 18 64 14 15 12 15 28 18 7 4 0 12 14 35 16 0 6 0 0 45 0 36 0 2 70 94 56 2 20 0 14 52 68 69 0 16 83 83 36 4 42 24 0 27 28 48 3 85 117 0 0 48 41 23 6 18 6 6 79 21 0 30 0 55 3 89 8 42 18 9 45 39 6 97 36 12 54 16 65 55 15 6 97 54 79 78 6 20 61 64 9 6 0 18 108 48 72 80 23 12 12 0 24 5 0 12 12 6 48 72 10 0 18 52 0 12 0 52 28 0 5 0 53 54 26 51 14 24 82 24 41 14 19 66 42 0 21 22 6 72 0 0 64 0 84 8 0 0 46 8 36 16 9 0 4 61 27 28 56 0 0 6 0 3 0 25 46 0 
66 153 32 48 5 0 50 104 182 162 30 0 129 121 102 38 0 42 18 85 51 123 99 98 74 4 82 45 96 166 119 19 12 92 80 18 96 174 0 0 139 111 32 58 67 36 0 48 0 32 36 96 102 18 25 53 165 76 82 54 0 108 36 92 68 137 128 8 30 4 12 134 58 111 56 117 24 73 58 20 168 83 98 0 82 62 36 84 0 139 70 0 14 85 118 167 93 0 0 0 55 34 42 46 168 0 78 96 0 0 42 49 101 24 112 19 88 99 46 16 36 48 46 77 21 41 10 0 5 9 45 9 18 80 30 140 150 103 97 162 97 98 72 27 20 54 153 44 146 44 41 146 7 39 48 6 150 35 0 36 78 117 42 56 140 83 12 106 115 109 109 25 82 60 46 81 54 82 24 35 146 0 14 28 70 64 4 7 69 64 54 91 95 128 35 18 142 53 182 110 8 0 48 163 78 115 27 30 40 46 107 80 60 45 0 16 121 66 0 76 64 75 0 49 8 14 68 54 44 76 174 45 87 123 20 29 105 51 0 76 0 84 30 43 0 79 8 136 33 86 28 89 11 71 84 32 
62 50 0 72 119 130 12 49 87 40 21 21 102 9 81 9 45 30 70 52 0 150 192 72 53 16 48 19 55 8 72 108 40 0 135 87 70 0 47 59 12 0 167 36 12 75 36 0 125 97 0 89 18 74 52 85 20 8 36 130 63 30 89 0 156 0 56 121 209 193 12 35 76 56 45 27 68 32 8 1 173 120 72 4 16 104 140 40 12 24 139 45 14 0 64 98 5 126 4 49 0 27 25 80 78 70 68 174 0 0 121 12 104 21 94 102 109 24 0 116 125 148 45 14 79 173 53 20 57 72 87 56 36 54 32 54 48 28 169 137 62 68 0 49 77 70 0 63 42 27 25 112 97 34 0 9 137 65 27 28 56 55 11 239 81 81 71 0 44 72 56 93 62 42 130 5 4 0 67 0 14 87 38 0 84 0 0 89 84 48 8 78 0 36 0 0 40 55 84 72 26 0 46 30 80 39 3 52 48 83 0 76 36 91 11 91 5 84 54 0 36 62 152 121 118 90 30 234 21 22 198 35 7 3 0 7 74 30 46 173 24 207 38 66 7 113 4 39 8 68 145 12 0 72 24 20 
29 53 8 180 82 0 38 94 14 18 79 135 139 140 87 51 54 64 39 84 120 43 93 19 129 0 60 161 0 16 20 105 99 66 97 32 92 78 15 66 45 137 93 12 84 17 106 81 67 84 75 117 49 173 153 19 117 85 3 113 3 57 108 56 95 189 90 58 104 57 48 83 74 171 56 80 69 65 56 115 192 130 27 29 111 21 44 102 131 32 74 53 131 17 30 36 126 0 12 30 47 32 90 83 205 118 39 180 24 137 78 123 15 68 4 141 39 51 105 65 122 93 30 13 125 94 48 80 173 27 24 134 106 54 64 125 36 8 54 22 94 45 100 113 57 70 18 120 141 24 0 78 18 6 92 51 79 21 0 48 130 36 62 82 163 65 243 64 181 52 108 21 81 130 75 128 129 31 130 8 52 127 9 35 35 139 24 30 39 81 93 8 35 144 83 31 211 140 187 3 75 27 15 82 104 173 39 6 118 81 105 107 126 2 198 73 161 73 37 15 67 0 88 99 204 67 110 27 86 74 178 150 154 14 31 0 45 144 65 26 88 49 28 76 63 102 23 20 124 73 99 62 119 150 27 33 
33 62 39 22 49 53 48 6 33 31 16 0 30 96 102 18 61 126 14 80 24 201 176 58 144 0 200 24 106 121 71 105 81 15 82 63 25 96 50 12 35 13 25 59 0 67 0 35 15 34 76 149 95 40 45 203 35 36 12 104 45 134 105 71 45 0 47 99 99 45 81 55 14 34 57 67 0 69 56 0 223 14 104 60 12 48 90 101 93 72 143 28 63 27 93 197 24 20 25 27 14 70 70 145 32 21 102 156 0 42 233 141 110 40 236 63 29 42 0 11 116 64 10 72 24 111 0 57 32 53 12 5 69 4 20 93 194 82 109 58 138 104 77 16 3 94 96 0 155 44 5 143 67 0 0 56 103 8 126 27 27 63 54 121 0 136 88 60 30 71 111 78 66 233 45 88 75 55 39 63 40 111 86 20 72 143 31 27 33 21 0 40 40 0 65 71 69 36 132 39 129 105 170 21 29 76 62 40 50 36 72 162 0 70 70 60 102 93 30 62 99 48 12 127 86 85 96 20 0 72 117 87 92 7 79 5 50 54 0 81 9 86 118 73 81 52 65 155 6 65 56 0 137 183 154 65 
16 72 24 0 155 12 36 94 79 86 88 35 0 94 68 20 140 75 20 10 22 59 68 12 32 31 98 0 72 84 87 14 12 49 82 32 87 89 10 130 77 50 95 32 32 12 66 146 171 47 4 36 91 40 30 199 4 87 17 191 8 110 99 176 141 88 87 8 70 50 32 119 14 70 118 42 93 24 40 70 12 1 0 24 66 163 53 9 105 42 222 0 14 20 24 47 35 111 53 6 73 124 35 122 72 133 0 27 38 25 0 69 18 72 141 79 14 96 37 116 39 287 30 38 129 42 160 20 130 32 0 69 90 110 25 80 90 28 8 159 4 16 5 16 52 36 32 136 69 19 30 48 0 84 29 60 78 0 199 86 4 65 7 12 82 158 24 18 75 124 8 143 0 123 3 53 12 96 46 12 16 31 0 27 37 18 96 0 12 19 60 64 108 56 84 6 43 64 46 86 83 18 0 0 90 150 20 48 71 6 70 0 48 139 107 204 65 189 28 35 61 48 44 47 84 100 45 0 46 45 120 0 111 6 22 37 31 18 0 47 144 24 116 45 66 204 30 125 81 105 78 162 96 36 27 8 
54 41 74 108 118 0 98 68 62 43 105 54 186 4 24 129 40 94 83 8 71 159 159 0 63 11 73 0 126 72 70 84 95 0 44 214 42 106 71 6 180 55 4 18 57 80 62 44 81 62 45 30 140 154 87 130 143 69 119 110 50 87 10 6 45 71 82 47 76 2 43 152 112 4 46 102 35 51 43 54 191 138 12 0 58 9 20 9 2 130 65 61 36 116 101 99 60 113 167 63 73 98 24 0 47 0 26 82 0 48 48 45 108 0 259 4 126 35 66 72 49 4 112 0 50 75 103 42 0 63 85 25 6 71 50 105 113 79 60 124 83 40 52 27 108 54 56 32 61 139 8 0 7 0 64 114 65 53 12 0 79 29 0 70 98 47 97 40 72 152 64 48 132 0 108 23 45 24 26 59 225 45 172 16 28 203 16 22 21 8 44 5 86 121 58 84 47 135 141 170 0 92 30 61 28 12 27 0 14 28 34 8 124 155 3 24 142 102 63 14 61 60 11 0 44 98 38 25 145 85 1 4 180 84 7 0 138 0 5 56 17 30 60 87 38 4 73 54 26 58 99 65 28 61 31 111 
74 53 34 9 58 149 28 24 8 0 8 27 66 156 39 27 24 43 5 128 69 15 48 39 55 85 36 0 0 119 116 15 9 45 27 24 71 145 87 25 17 19 108 30 28 24 17 0 119 82 40 18 139 9 75 95 163 120 83 99 101 60 36 0 15 62 0 4 59 43 6 75 125 20 0 18 63 0 80 0 25 124 0 0 27 10 12 3 69 140 112 48 128 0 48 42 47 81 43 150 20 54 45 74 51 25 0 45 46 48 36 89 129 0 79 131 48 18 2 41 42 128 103 2 28 0 63 66 77 27 27 123 81 91 48 50 46 31 36 193 113 66 97 82 48 75 95 60 41 0 216 90 82 97 54 60 207 54 53 30 27 65 21 14 134 0 68 17 0 92 15 4 26 57 20 93 122 71 67 176 66 101 35 21 114 6 11 32 62 106 0 191 87 71 30 5 62 86 40 35 30 41 64 45 58 39 33 53 128 128 40 87 24 28 11 25 9 106 133 93 117 54 35 39 52 30 88 153 37 9 6 84 92 150 10 136 12 130 45 45 20 142 75 20 8 24 75 5 37 0 48 103 72 27 21 20 
0 77 62 54 38 36 47 0 40 128 47 56 91 92 96 153 103 144 216 112 61 99 114 56 189 28 167 117 144 62 64 93 114 9 62 55 111 118 34 22 79 47 92 188 45 110 91 29 171 266 141 118 98 112 50 74 163 67 60 58 110 138 110 74 61 129 14 103 103 17 48 133 104 86 75 107 70 32 20 75 135 63 130 44 265 73 75 183 69 60 66 75 98 171 122 85 10 47 57 180 0 40 46 132 84 64 161 25 0 12 155 72 102 25 168 175 27 31 174 174 107 8 139 9 24 240 23 22 86 53 140 125 127 85 11 207 0 45 212 48 177 223 7 72 46 4 117 72 155 40 0 67 53 24 79 128 90 138 48 185 45 27 88 206 246 97 141 34 80 108 123 32 87 79 109 28 154 45 112 123 0 74 137 141 9 96 236 60 125 114 88 42 154 109 107 205 100 76 114 78 66 134 168 66 118 64 28 122 24 171 39 77 64 183 68 62 249 100 106 88 113 102 175 16 75 175 110 85 154 187 86 2 309 56 158 0 18 34 30 158 48 7 68 117 117 213 154 248 16 102 56 99 40 31 16 63 
51 72 0 59 51 54 27 63 18 63 12 67 30 69 49 36 143 42 157 200 114 15 66 58 81 34 161 27 20 0 159 15 63 42 119 86 9 49 57 142 63 0 0 0 0 12 24 40 101 45 67 0 14 42 63 72 22 35 4 137 45 119 78 102 48 0 7 0 50 20 44 53 52 36 33 14 105 46 174 50 127 138 28 0 138 0 38 84 59 69 0 72 81 0 25 40 0 32 69 64 68 36 69 111 69 32 72 111 0 0 15 52 22 27 4 8 48 54 0 215 20 103 0 37 8 109 18 151 20 4 110 0 63 42 0 69 60 45 37 92 84 4 6 28 20 80 0 145 35 31 26 87 63 63 0 56 50 156 38 36 78 75 5 59 20 117 34 99 0 94 75 0 53 56 50 12 50 96 89 42 0 77 87 35 8 70 42 144 52 32 50 63 60 40 12 0 37 36 22 42 26 97 56 45 86 5 21 5 102 84 54 18 65 0 57 129 77 51 62 0 78 3 35 7 41 8 24 16 25 7 54 24 136 21 93 56 42 40 0 131 65 89 50 150 49 69 54 39 84 56 0 27 61 60 28 41 
24 8 72 34 23 68 83 9 54 34 81 0 148 48 8 14 10 81 41 58 72 90 182 0 101 10 106 31 104 123 117 12 15 13 12 24 85 0 6 46 47 81 14 50 40 8 40 40 33 60 25 26 52 79 82 100 91 90 72 98 34 59 75 125 97 0 82 0 34 2 50 16 26 91 55 74 28 6 18 0 124 40 24 0 36 20 22 44 64 36 51 10 81 0 5 4 34 29 14 32 0 0 14 10 201 24 104 82 5 117 127 24 19 32 52 6 12 0 20 80 72 158 120 26 0 14 208 139 0 64 0 98 0 14 104 18 20 96 129 34 52 60 117 85 0 42 0 42 70 0 91 42 46 128 27 81 28 41 0 44 0 58 0 52 63 50 65 114 0 233 34 73 15 16 45 139 58 0 5 18 12 0 176 35 56 10 8 45 30 4 40 30 6 36 28 0 119 14 56 88 18 30 24 48 64 110 93 10 0 28 16 80 0 30 72 65 144 36 41 44 122 10 185 0 72 0 114 88 0 0 24 4 50 30 98 0 138 58 45 14 12 48 16 70 65 20 0 62 56 93 22 71 51 69 94 2 
60 153 79 189 8 40 96 45 16 141 0 0 113 82 93 18 9 72 52 146 119 35 91 42 12 28 77 61 8 88 119 104 47 18 162 48 68 91 2 20 57 20 2 48 16 26 87 0 28 8 98 114 54 25 33 66 77 32 56 67 65 314 71 54 56 38 165 32 90 49 28 102 76 80 117 3 77 84 100 0 187 121 65 147 172 73 79 109 89 16 82 0 12 10 71 50 112 12 57 20 24 0 34 10 114 9 12 36 59 109 82 18 50 47 163 118 49 45 42 67 78 87 79 39 26 124 87 82 77 20 70 81 48 34 8 63 100 89 123 121 69 42 65 24 104 24 36 54 204 47 0 124 37 103 47 32 192 185 70 81 83 34 117 24 60 66 42 49 50 49 82 56 55 22 44 0 34 45 77 44 8 20 57 39 6 190 0 8 64 116 52 18 15 221 180 35 39 86 84 20 85 73 179 134 24 73 28 16 225 91 203 0 41 63 48 202 166 144 12 76 67 13 30 0 48 185 109 9 57 42 138 63 58 0 57 18 46 100 178 24 108 52 16 46 45 90 93 169 111 129 70 190 115 51 72 15 
120 60 36 75 34 43 58 18 124 42 79 37 71 0 32 46 32 71 82 54 18 153 159 97 34 124 102 76 75 92 28 77 0 24 3 57 34 7 0 48 0 40 71 136 59 78 42 72 67 126 6 54 45 60 49 77 91 29 6 39 0 0 137 18 27 0 65 44 16 78 119 90 32 7 19 76 27 85 109 75 74 59 128 37 124 27 93 45 7 132 21 107 54 30 4 130 18 30 76 21 10 102 96 30 36 18 87 94 1 8 144 71 51 93 117 112 108 60 60 69 9 52 42 0 0 0 4 14 62 136 12 8 86 72 31 101 82 0 4 96 138 28 129 181 0 28 96 38 78 93 63 92 116 60 12 123 191 4 89 102 80 114 54 174 30 6 16 19 59 57 96 91 8 9 80 0 9 122 43 56 24 181 52 83 83 8 0 36 59 40 17 0 96 34 62 56 54 34 82 15 10 0 43 70 102 49 35 0 116 30 22 64 56 45 28 8 27 30 40 23 65 72 75 32 40 124 68 63 133 36 172 0 82 6 74 49 50 38 12 52 0 105 114 50 167 118 48 21 24 44 114 154 193 48 46 94 
87 16 81 24 65 59 96 113 64 76 57 41 72 24 27 27 13 27 8 82 10 82 66 55 80 57 49 9 27 142 91 20 12 35 90 74 9 50 6 6 39 46 6 67 8 0 30 81 107 81 21 42 98 115 45 135 79 0 105 102 54 42 63 105 86 115 104 0 0 9 115 110 66 84 0 63 114 10 120 0 112 18 12 0 126 66 40 0 39 39 57 0 83 12 56 0 0 53 0 24 0 0 0 0 145 0 0 32 85 67 48 27 136 24 12 28 43 101 49 0 81 130 158 56 45 24 147 87 33 112 108 177 81 21 11 122 122 0 76 61 107 48 80 71 20 24 107 15 56 35 72 60 16 141 81 105 62 16 81 57 62 32 0 91 173 0 48 76 49 239 24 15 84 36 36 0 18 8 48 87 114 86 179 0 31 45 0 0 24 135 112 0 116 36 0 45 108 63 31 18 15 14 0 150 104 69 36 36 120 8 51 42 24 0 75 72 0 22 63 85 121 3 21 21 81 43 135 81 0 93 18 20 9 16 36 18 0 21 45 40 63 24 18 0 40 76 63 56 36 15 35 38 3 52 0 9 
10 40 63 61 2 72 42 98 53 65 36 36 0 0 83 31 35 54 137 115 10 220 238 65 136 99 250 23 9 28 76 100 95 24 52 45 28 44 30 147 30 94 6 2 95 44 211 77 103 56 16 9 28 105 112 129 185 159 6 42 63 180 108 66 9 90 18 32 4 0 12 81 35 54 26 40 106 45 8 54 222 150 10 53 109 38 12 0 151 0 90 34 36 9 15 80 72 39 105 46 24 68 29 55 139 0 108 0 81 145 93 70 24 37 131 14 0 23 8 121 54 189 70 36 91 83 82 92 57 133 68 32 54 60 104 48 68 90 4 110 88 0 119 125 0 30 48 116 72 46 0 55 114 160 80 0 65 0 63 93 54 90 0 67 142 95 81 128 66 103 24 16 8 199 93 37 122 0 6 48 25 120 8 56 88 53 0 151 75 86 44 8 116 28 213 113 122 32 59 36 39 97 32 0 44 92 53 18 48 179 52 87 40 7 4 128 121 97 254 110 34 76 81 6 49 46 96 27 44 188 132 44 18 0 53 124 18 72 57 150 2 133 56 70 40 48 87 87 110 95 48 72 0 45 92 171 
120 209 208 93 27 51 38 48 76 78 65 79 0 127 72 73 0 35 0 93 129 104 98 25 100 38 85 37 0 7 147 115 60 0 63 183 8 158 69 96 11 33 95 45 16 87 92 60 119 11 74 118 190 32 49 49 10 167 28 45 0 191 49 124 132 47 26 38 91 30 21 167 136 12 76 35 76 109 9 33 24 173 4 12 103 77 87 51 83 26 155 54 163 189 74 99 173 52 12 22 36 80 92 56 85 70 63 0 103 43 9 209 63 52 64 99 79 0 7 36 41 128 52 63 48 19 18 30 23 0 36 78 7 192 146 143 32 14 57 111 125 110 56 41 11 46 35 20 110 28 29 0 13 48 16 16 273 21 60 30 126 94 41 85 193 95 23 49 67 0 88 0 0 48 72 69 21 143 63 0 4 49 98 34 61 30 18 0 86 30 68 7 192 173 120 0 111 46 30 34 12 101 35 72 142 66 50 15 152 141 109 0 70 111 16 52 171 105 94 6 113 0 43 21 35 91 73 43 77 118 56 145 77 166 78 45 43 0 5 79 26 70 48 35 101 83 42 26 114 60 45 127 133 63 35 55 
46 49 122 121 42 18 122 92 28 4 0 84 18 49 68 10 54 74 97 43 61 58 114 80 41 115 138 42 23 0 111 0 24 54 8 28 0 63 0 22 12 53 3 6 0 0 72 3 26 0 62 4 8 31 113 84 95 114 12 48 9 39 75 27 101 0 41 0 30 0 28 27 8 111 6 27 64 45 140 0 9 0 28 14 0 0 4 61 16 156 83 139 134 0 43 50 60 59 28 46 100 65 0 54 105 24 18 125 0 39 0 16 48 37 8 107 18 28 95 12 22 194 80 0 24 127 40 142 68 40 0 27 116 7 156 83 0 0 24 21 70 16 42 38 4 20 74 28 120 15 12 21 44 10 4 57 63 56 0 90 82 98 58 76 24 77 103 34 2 30 64 41 0 112 0 0 48 32 69 3 4 91 52 28 24 113 12 50 8 28 12 85 28 12 181 63 28 15 29 24 91 38 56 12 28 0 51 0 93 60 87 0 36 145 36 125 122 71 97 16 71 46 127 57 14 107 64 4 2 12 127 75 87 42 65 12 36 85 5 105 69 16 0 61 45 193 47 107 197 21 9 0 9 33 30 51 
53 167 53 22 38 91 24 28 10 0 59 28 0 6 0 0 0 0 87 35 126 8 135 18 0 94 29 0 21 110 41 46 7 16 107 81 0 5 35 2 77 5 92 39 7 72 14 3 74 76 57 43 5 77 28 73 45 45 0 8 76 76 35 8 40 48 49 24 56 7 20 73 32 36 28 0 80 65 0 21 0 24 123 36 135 104 86 16 0 0 44 48 43 47 15 22 43 28 0 91 20 44 30 2 35 7 0 6 18 0 0 8 104 16 95 54 74 39 28 49 0 56 114 60 8 113 15 0 54 85 44 0 20 140 67 42 24 59 104 42 69 109 24 16 103 49 47 6 149 41 3 0 113 0 46 86 89 0 28 93 119 67 79 0 20 49 21 12 4 6 9 92 4 42 6 0 0 44 24 0 32 56 72 37 35 52 12 30 102 11 13 25 39 42 42 28 8 66 96 72 99 8 141 8 41 3 4 70 36 85 4 86 74 40 11 145 45 10 20 33 95 34 120 47 0 36 99 47 6 12 117 47 28 6 93 20 40 83 63 36 11 62 0 35 24 62 63 15 5 36 149 32 8 82 41 27 
48 69 86 56 23 83 0 72 30 52 91 21 18 0 0 8 0 8 3 25 99 64 42 56 79 113 47 0 53 0 18 66 23 0 73 81 20 16 108 0 35 56 18 6 28 15 7 72 150 6 138 54 139 29 14 99 27 0 24 58 90 0 0 50 35 83 70 2 9 34 9 30 36 18 59 0 126 12 0 15 42 16 0 0 54 32 19 85 35 1 74 4 14 38 0 4 1 15 0 3 25 31 0 2 20 35 0 60 0 0 47 2 108 57 0 58 9 17 20 84 20 0 4 25 36 40 45 57 73 51 0 37 1 101 0 127 8 0 15 6 35 12 32 11 0 5 53 0 22 72 15 43 33 42 19 30 40 84 4 0 18 18 52 84 90 35 21 28 91 37 49 61 51 10 14 17 16 5 23 93 69 72 15 0 16 68 1 15 58 68 0 0 28 79 30 70 53 0 40 131 2 11 25 48 8 7 21 0 18 0 38 18 54 90 46 45 123 18 63 20 5 30 3 24 18 8 99 9 0 99 6 36 101 0 5 93 14 16 32 63 79 6 0 0 40 8 145 9 84 89 6 179 16 105 5 0 
35 101 28 96 76 21 51 40 72 11 28 78 60 48 39 52 20 6 27 129 132 91 196 40 64 4 84 23 30 210 150 0 35 14 24 84 38 68 122 71 131 86 17 36 27 157 28 38 90 102 7 34 17 119 0 123 43 45 126 88 64 112 58 175 34 32 21 25 29 25 74 38 57 6 36 118 72 36 75 33 87 92 80 10 107 66 10 11 0 42 15 69 114 8 29 95 82 8 42 42 40 77 5 25 0 0 22 99 0 50 9 90 46 9 72 12 57 74 44 111 12 25 42 55 93 58 60 130 45 54 21 18 28 37 0 194 22 140 63 95 56 41 86 72 74 12 20 50 26 47 3 21 35 40 0 27 83 61 38 109 45 0 9 16 78 54 82 77 102 135 0 156 87 21 18 6 56 13 45 0 106 25 22 19 53 32 21 92 79 57 34 5 109 76 12 0 128 16 80 153 24 46 78 21 47 32 56 0 53 63 52 0 0 76 2 123 162 105 69 77 60 23 62 6 0 60 22 42 152 2 12 5 48 36 24 31 90 30 54 46 68 31 37 45 45 42 147 33 51 68 198 31 50 62 118 28 
88 31 23 0 20 2 38 62 80 26 90 15 40 0 28 30 48 31 41 0 0 108 162 73 18 33 187 36 36 16 0 125 19 41 62 114 113 36 22 149 65 0 210 0 24 20 36 32 0 36 113 0 84 90 23 75 81 71 35 27 0 102 24 8 70 107 141 12 0 60 18 212 4 16 153 36 0 40 8 18 105 74 64 3 43 59 156 39 15 12 22 54 46 18 96 130 102 0 52 12 0 72 59 11 104 66 27 70 29 113 31 44 39 38 12 103 32 66 12 10 8 104 54 47 72 24 72 0 27 0 0 0 52 70 0 50 57 188 46 107 115 0 86 82 103 56 104 66 80 69 3 32 33 0 39 0 130 96 40 81 10 6 0 88 108 28 20 18 2 50 30 12 53 24 53 45 45 0 54 36 32 34 45 0 2 99 10 0 37 65 58 132 20 122 105 56 29 142 64 14 54 101 116 54 156 139 56 62 152 82 102 123 66 130 19 90 27 42 0 8 0 104 74 70 64 45 49 220 76 45 18 0 88 87 27 54 2 6 83 128 36 105 0 0 47 126 6 93 58 206 91 109 83 0 83 20 
3 84 110 116 42 5 50 67 33 113 0 54 49 17 3 75 0 8 118 56 26 73 39 153 58 27 234 8 48 30 82 68 30 56 26 72 15 56 10 22 15 66 41 45 56 16 84 68 48 47 64 68 51 121 64 25 57 28 4 107 65 61 88 144 90 68 131 62 62 54 9 18 89 133 40 81 86 52 190 0 92 0 21 42 44 101 66 5 54 90 18 44 25 20 9 23 2 53 71 40 74 0 0 48 24 16 12 214 0 53 7 2 115 66 60 138 52 45 42 80 56 220 78 0 35 61 94 104 109 15 60 36 144 110 12 4 55 36 53 81 108 183 47 67 77 0 119 52 107 3 45 60 18 135 107 0 108 104 43 45 36 160 34 42 88 0 68 35 38 52 56 48 80 110 62 79 33 85 101 37 0 115 122 58 8 60 34 20 64 33 65 97 62 113 75 85 0 23 44 58 39 2 8 16 0 33 23 56 226 56 35 98 30 143 84 56 98 2 95 79 0 34 146 53 33 160 111 74 18 84 124 0 27 0 169 49 57 16 80 26 95 41 18 10 6 121 60 126 52 0 109 36 36 42 34 20 
37 36 96 8 4 30 57 54 120 111 36 18 93 115 3 9 0 118 33 31 113 69 2 4 28 57 108 50 27 56 44 39 42 126 32 8 110 44 3 113 0 76 4 46 32 32 0 0 44 87 112 54 16 52 77 27 165 9 32 35 64 10 6 99 0 16 93 15 59 28 22 5 10 106 9 0 30 0 23 0 60 56 0 8 18 16 23 28 111 18 5 0 12 12 15 0 22 32 45 56 0 33 40 28 80 34 45 20 30 28 7 56 0 0 87 6 48 81 35 110 45 44 63 0 64 45 32 15 33 0 0 23 0 118 30 22 136 72 0 0 19 138 48 8 15 47 71 117 125 12 126 42 66 32 51 75 27 0 71 161 0 0 9 73 94 24 99 72 0 122 53 36 52 80 54 43 11 70 0 1 12 54 74 0 0 0 43 42 69 18 49 21 14 61 30 29 32 0 90 50 162 34 20 0 9 9 0 0 0 42 92 84 0 60 34 55 67 0 21 39 3 3 66 29 25 66 49 54 44 36 64 0 44 0 36 12 84 72 48 6 30 72 9 70 27 12 68 104 48 7 153 31 12 27 0 24 
62 30 74 0 0 153 50 95 57 52 30 72 67 28 88 70 0 27 96 29 9 120 69 135 12 142 92 0 114 213 158 31 93 16 139 45 57 123 121 112 30 55 0 75 82 81 32 0 40 165 119 54 102 24 15 38 126 51 99 16 66 49 65 91 94 54 157 4 16 122 30 155 36 18 0 40 0 28 18 0 145 219 153 29 24 30 5 98 67 50 3 25 159 114 107 221 5 128 0 134 0 0 64 6 117 0 64 197 72 0 52 82 52 131 174 44 97 96 63 95 0 45 85 79 302 68 14 30 199 201 266 10 14 65 66 169 0 115 100 218 151 12 72 104 88 65 60 189 54 65 42 74 193 0 0 8 63 14 37 40 8 77 135 120 100 103 78 131 162 92 86 108 146 12 62 71 96 111 69 14 72 24 57 20 143 109 31 91 78 96 29 83 59 36 28 0 86 166 113 123 33 48 99 84 71 72 94 46 76 102 47 143 46 125 9 13 97 188 3 44 155 85 14 72 40 0 62 100 0 0 101 36 68 60 66 113 80 83 32 107 70 110 0 67 40 5 148 60 95 123 174 3 63 43 94 45 
92 0 235 68 21 27 36 86 221 62 8 166 95 32 79 33 39 210 156 72 175 77 122 112 69 4 200 75 154 153 14 74 69 101 87 36 26 92 0 61 99 108 117 193 46 126 118 38 24 130 41 199 162 124 142 35 219 45 42 97 72 164 8 137 295 55 159 35 71 54 222 36 104 180 54 47 39 146 71 44 177 16 14 0 30 94 86 64 44 100 99 30 166 117 71 36 6 6 105 79 114 1 18 67 101 83 52 70 90 88 29 34 105 102 88 133 76 97 134 56 126 46 105 90 39 97 140 73 90 68 42 4 153 220 92 101 138 144 23 84 149 125 70 39 103 68 282 153 142 45 11 0 163 104 153 46 131 84 0 30 41 94 81 72 202 0 58 74 69 136 109 30 161 57 207 69 15 97 21 18 108 147 117 30 80 147 57 4 26 249 117 8 190 57 54 189 71 130 132 27 81 3 11 24 71 64 128 102 267 48 83 18 65 241 84 0 162 110 86 82 101 74 89 58 143 184 229 0 123 24 185 83 79 16 48 74 81 27 93 65 126 178 16 117 110 125 55 211 119 69 168 22 125 34 44 0 
16 0 14 81 6 21 32 58 88 24 0 30 0 21 52 100 0 164 0 66 160 24 10 32 15 0 84 96 0 45 147 23 8 56 56 0 81 92 3 56 50 14 16 0 9 0 20 40 32 20 80 135 96 32 0 35 103 56 4 10 105 164 8 48 99 24 130 45 38 21 0 134 35 14 0 43 37 72 124 42 134 32 32 133 14 39 0 0 28 152 51 16 56 60 40 3 67 0 91 44 81 0 78 149 52 16 0 115 0 64 4 0 56 46 133 0 100 52 72 75 126 136 10 0 56 43 90 96 0 35 84 81 79 49 40 12 24 101 25 161 159 32 0 47 127 35 144 60 71 9 0 9 108 31 7 29 12 16 56 64 32 56 72 95 75 41 70 2 40 116 0 57 0 40 55 24 64 46 0 14 63 95 29 12 46 107 0 0 36 0 27 81 73 54 16 77 33 5 107 4 96 41 67 28 0 34 8 20 94 0 63 24 28 25 36 44 41 116 38 43 83 0 44 35 27 110 56 91 89 41 118 89 25 0 15 0 12 35 113 42 68 10 30 24 53 35 120 52 39 80 54 120 63 95 72 44 
6 86 68 68 6 78 117 12 140 2 0 18 63 31 42 20 42 14 12 97 48 104 185 41 87 46 30 2 6 36 0 111 66 36 84 147 45 54 12 90 45 25 111 54 17 114 20 0 0 155 15 48 20 50 31 40 65 0 0 84 111 56 32 24 28 96 62 0 48 57 42 0 28 14 0 0 24 0 0 27 119 112 111 68 36 36 138 75 50 27 0 51 54 0 51 91 4 0 54 13 0 6 2 0 185 36 81 34 0 11 0 12 0 53 30 36 24 18 9 36 68 32 106 36 0 102 55 98 0 24 48 45 45 38 1 1 0 36 88 40 75 54 27 145 74 105 10 24 153 0 9 37 24 112 0 121 105 23 24 36 18 0 54 219 64 42 39 74 0 63 45 18 12 6 0 0 105 54 60 16 8 0 19 134 3 12 0 68 15 178 17 54 44 88 150 62 0 99 51 15 39 116 62 94 123 89 16 0 70 95 0 40 23 0 0 22 63 84 0 43 72 24 81 2 64 7 89 96 32 85 53 52 54 0 28 15 0 0 20 238 42 36 8 32 54 36 25 49 12 142 74 61 0 30 0 25 
79 132 48 28 12 8 0 112 75 38 12 87 9 126 96 31 63 32 0 79 36 0 99 185 94 18 137 0 102 134 0 112 26 72 96 99 54 36 0 0 63 0 111 160 66 116 0 69 4 230 114 0 141 56 27 76 32 77 59 73 1 178 80 84 110 123 38 111 57 45 279 138 6 85 49 3 27 126 101 93 44 12 102 25 9 64 32 55 4 83 149 35 64 0 44 49 0 21 0 11 26 0 116 48 305 24 72 106 0 10 78 99 116 18 35 222 12 96 127 0 183 151 57 76 36 70 64 25 130 92 0 65 161 111 8 0 139 157 69 126 125 72 10 81 49 32 129 83 23 79 13 0 63 66 126 89 140 25 44 0 145 27 0 126 101 59 49 0 33 139 188 46 208 179 40 79 0 8 83 63 0 71 111 112 16 59 83 42 36 93 112 21 128 103 25 7 131 92 44 0 68 0 77 72 224 167 16 72 71 22 45 135 36 216 0 42 108 72 52 32 68 102 0 54 45 65 89 88 34 70 61 17 2 0 47 29 5 57 6 18 6 103 22 40 39 130 11 133 86 90 0 41 46 135 160 8 
5 0 62 84 6 32 21 0 54 0 1 5 8 56 97 0 36 90 3 129 33 12 48 0 0 29 118 2 64 14 48 32 30 18 92 23 32 83 10 82 74 28 6 9 2 2 0 46 37 67 6 96 81 7 0 3 84 2 52 51 27 90 104 128 88 2 54 34 6 4 14 40 0 0 52 26 3 82 0 32 91 39 28 72 7 24 27 38 21 72 0 38 70 52 42 102 44 10 78 0 35 129 12 24 0 0 9 144 0 48 54 77 31 75 106 0 9 0 27 69 36 24 0 7 32 6 0 47 61 54 22 116 36 18 18 49 42 72 0 18 63 119 66 0 54 0 0 63 65 29 0 0 63 0 0 1 99 0 0 48 9 0 0 16 76 84 24 0 99 0 0 0 27 7 130 113 78 0 78 4 57 7 45 5 18 133 36 18 30 102 31 7 135 42 42 96 22 0 42 12 4 0 48 0 8 0 0 9 40 30 105 21 9 83 96 72 55 34 14 4 29 0 8 0 65 0 36 0 73 78 24 0 24 56 134 18 11 45 42 30 93 27 64 38 68 12 78 0 32 16 80 75 62 0 48 132 
94 117 0 38 83 6 62 124 169 84 12 33 61 152 36 113 59 69 218 158 132 100 65 25 48 36 64 25 27 279 98 134 70 20 29 96 58 25 51 192 12 42 81 84 105 62 41 30 148 122 122 58 138 42 0 102 126 48 3 122 42 106 135 79 35 0 73 0 112 42 121 54 68 52 19 83 91 79 0 52 72 277 40 2 130 90 141 43 25 72 71 160 62 18 94 81 129 49 18 157 48 16 35 99 117 107 32 50 26 40 100 35 79 81 70 120 57 132 20 164 66 66 62 52 0 36 29 117 55 8 78 36 73 174 0 292 92 51 90 56 119 84 66 49 68 30 143 136 145 74 18 133 47 71 54 60 128 138 15 31 94 16 61 46 132 99 145 68 20 144 40 42 70 72 158 77 34 92 80 57 10 99 0 22 59 76 61 40 107 74 96 105 128 14 0 0 172 0 160 164 26 144 61 72 203 61 145 99 108 86 80 35 133 26 84 70 198 96 18 101 74 96 46 95 98 12 88 94 61 34 28 41 166 0 82 16 45 83 37 123 50 108 49 72 83 87 4 188 137 95 36 68 74 4 14 69 
133 16 65 77 23 7 81 10 113 199 0 19 145 95 32 51 7 123 10 84 206 28 26 61 71 60 22 107 156 130 38 103 65 61 42 103 100 142 56 131 66 153 22 36 14 121 48 92 22 151 108 32 68 98 104 86 170 45 5 116 83 85 18 83 151 27 144 16 84 20 100 26 70 99 34 209 51 108 90 51 186 88 113 24 107 34 70 64 40 75 15 92 49 0 6 0 64 18 5 5 0 0 52 49 61 51 136 49 49 115 18 67 99 102 0 151 79 98 166 53 127 48 35 40 28 0 67 54 139 0 111 32 159 70 8 142 49 35 95 86 133 44 11 190 31 86 152 27 120 43 12 56 86 99 113 92 145 68 104 48 136 35 3 168 153 73 24 131 96 118 111 37 114 96 54 149 4 48 61 56 120 63 156 126 86 46 50 36 109 91 86 57 270 0 72 8 119 196 76 0 91 51 49 175 88 67 43 61 176 64 68 21 83 153 84 36 65 28 63 54 100 45 42 0 80 232 127 0 94 141 148 95 128 34 166 4 130 71 54 75 76 6 0 34 16 63 28 104 80 102 120 32 90 113 42 32 
109 96 37 80 31 24 123 0 101 133 0 51 58 86 3 40 40 139 126 54 90 89 83 111 155 170 169 91 100 50 94 6 76 0 117 55 70 51 6 104 86 24 0 63 129 25 40 0 169 67 106 145 80 126 48 82 136 60 0 29 0 150 11 148 26 57 184 30 42 110 27 75 117 27 0 66 0 179 78 30 128 142 71 18 50 6 16 50 0 16 45 135 107 76 105 14 79 184 35 10 152 52 28 21 99 95 22 56 0 16 29 44 136 14 234 60 0 98 36 27 38 142 138 3 9 63 56 62 90 76 46 69 31 83 114 24 36 27 109 139 202 178 66 102 24 0 76 23 151 0 47 24 116 63 45 112 0 46 16 106 64 45 102 30 71 54 159 60 0 76 129 54 87 20 45 48 66 42 72 40 59 159 111 21 80 66 72 119 108 47 6 0 124 124 4 88 81 33 113 38 108 150 123 56 48 55 77 0 32 99 22 26 117 95 55 37 111 191 111 8 6 20 146 127 62 10 309 58 24 65 37 15 56 15 122 0 118 73 86 82 39 184 34 141 218 52 52 214 96 35 97 24 62 72 68 86 
142 36 65 0 71 102 159 45 136 138 0 3 93 35 87 239 105 114 150 35 95 91 107 83 48 197 226 24 115 97 36 142 162 39 141 84 46 72 21 129 91 30 0 154 90 0 104 12 132 0 71 9 115 40 162 177 239 119 12 77 140 240 72 114 64 38 107 23 154 62 141 90 150 68 18 44 63 119 105 100 79 122 79 16 387 30 31 71 73 52 2 78 180 2 125 86 166 52 141 71 97 0 88 90 185 117 64 45 0 186 58 35 114 62 80 61 45 122 120 50 0 96 201 36 115 106 109 32 47 97 49 0 63 49 74 57 0 62 100 90 100 51 24 10 49 60 79 72 217 10 21 95 113 52 130 73 104 110 25 84 104 204 119 85 121 108 60 33 29 46 208 61 54 52 225 23 76 15 0 170 24 87 107 30 89 163 124 33 175 65 145 203 41 89 39 0 35 265 73 117 18 9 214 112 92 87 226 96 32 140 58 59 80 181 9 27 172 136 36 9 97 92 181 65 102 1 166 153 65 124 0 177 107 123 66 18 194 148 87 9 51 0 60 180 93 32 33 104 150 20 30 10 10 264 77 85 
152 90 49 19 75 14 110 127 183 74 48 8 46 35 35 47 117 139 163 54 59 133 141 68 100 46 182 63 12 146 136 94 8 82 55 106 18 71 0 138 87 141 104 12 0 137 48 150 120 161 64 36 84 51 42 153 110 227 79 40 94 172 79 48 119 122 332 78 64 12 10 94 36 41 69 0 149 27 83 27 44 60 135 37 191 82 69 99 7 116 254 64 61 36 198 0 63 155 25 140 18 8 90 164 172 78 96 109 111 138 72 93 85 201 97 144 37 28 88 58 105 293 67 91 124 49 129 0 32 77 159 127 72 105 40 217 125 184 104 136 4 99 192 165 24 49 103 108 44 23 6 48 53 54 99 101 16 85 115 162 134 86 52 159 113 100 57 89 36 90 121 52 117 169 76 0 86 111 64 9 24 87 66 117 57 136 52 35 31 52 90 132 271 45 91 0 91 88 32 40 70 72 163 118 185 68 122 53 31 41 28 50 64 192 73 116 112 102 70 64 70 94 0 118 18 173 113 96 86 81 137 121 146 94 144 68 142 102 0 98 36 11 0 54 89 195 57 133 191 103 100 46 84 183 178 41 
161 36 0 56 80 127 96 135 60 60 2 18 41 39 94 28 0 33 188 74 126 28 60 84 107 89 164 120 40 54 113 96 19 27 101 73 14 13 15 32 0 0 24 157 65 109 84 0 163 44 130 29 126 57 28 6 59 157 0 0 54 9 88 101 115 69 80 82 7 30 103 81 101 170 26 0 48 0 10 8 177 126 119 0 66 85 117 18 25 99 0 58 103 9 88 47 29 114 35 191 0 64 0 5 132 108 0 20 0 0 45 56 127 73 36 8 185 34 46 85 106 65 80 0 48 108 21 7 90 82 7 65 24 199 72 65 7 132 71 40 0 64 63 2 72 15 50 100 64 56 63 45 202 68 0 139 188 2 0 54 94 112 69 107 36 70 111 10 16 47 45 57 0 40 70 96 40 49 84 0 18 189 28 21 103 78 0 34 145 36 53 73 99 27 20 9 96 23 106 8 54 0 75 4 0 56 77 61 53 68 63 72 89 134 4 120 74 72 88 27 5 92 114 88 92 69 93 16 38 20 112 79 6 25 95 101 15 91 0 24 60 64 35 4 80 38 43 29 92 49 97 18 45 111 56 28 
112 135 63 138 149 43 90 48 213 27 56 33 16 206 67 117 121 136 46 112 10 145 236 136 158 71 202 12 33 85 94 57 113 80 178 56 72 121 0 185 82 54 181 1 4 46 101 86 122 140 51 226 217 105 2 139 36 87 74 256 141 88 108 123 94 68 271 43 123 49 55 103 84 39 88 18 12 110 144 13 111 100 104 0 237 106 189 11 105 167 80 67 18 72 113 122 92 99 109 6 98 23 151 106 20 30 74 26 30 144 22 54 53 82 91 112 102 10 55 24 0 221 112 36 101 24 127 100 57 89 66 18 80 41 6 154 69 154 80 203 100 66 153 17 143 8 9 32 115 80 36 150 99 81 18 98 123 79 168 271 71 58 60 76 215 191 36 64 95 148 23 58 87 74 21 71 10 53 49 28 7 30 197 94 172 153 87 93 81 118 102 74 224 105 127 26 55 78 71 125 140 71 72 61 184 59 116 31 134 129 46 74 3 68 83 10 57 102 22 12 108 110 37 24 117 72 100 139 153 127 90 108 187 236 59 137 42 16 72 150 97 54 69 150 64 176 103 165 64 107 103 210 194 100 140 94 
88 98 78 54 39 62 180 46 93 48 111 2 73 171 83 49 0 151 48 7 93 101 69 67 120 91 101 0 0 80 71 43 45 57 80 37 42 72 117 79 93 5 58 40 24 26 49 125 74 23 15 63 125 112 44 103 39 87 11 21 0 108 125 15 2 106 24 29 21 6 95 115 100 39 60 7 33 0 15 0 53 45 32 68 228 88 69 0 101 38 270 34 56 99 137 109 46 72 25 2 39 64 86 76 81 0 0 53 5 10 80 43 10 100 114 9 65 63 22 37 36 62 5 5 42 0 54 21 22 77 16 133 32 38 55 117 88 38 8 130 118 60 30 9 73 0 32 66 0 48 31 45 52 57 82 0 129 54 60 75 129 6 31 0 107 90 122 0 51 122 75 20 45 99 94 90 17 66 0 0 26 152 7 48 71 88 30 0 28 14 99 30 198 115 65 47 141 166 0 3 6 25 99 112 205 92 50 0 86 61 14 168 96 130 111 4 35 44 89 81 131 92 66 103 103 119 79 16 47 0 95 50 93 99 4 32 38 95 67 24 60 0 70 16 39 77 70 36 0 7 70 135 113 67 14 45 
165 9 33 24 122 40 84 89 85 52 16 78 59 84 53 122 71 17 67 87 72 34 128 126 113 0 43 144 113 50 82 56 112 36 75 38 119 22 24 0 73 52 20 142 121 0 101 29 121 34 57 209 63 154 73 144 65 82 45 77 25 0 26 40 119 111 114 24 8 104 74 160 107 62 81 63 10 183 35 0 130 75 62 16 123 36 35 120 109 100 36 18 106 61 56 144 65 46 50 158 8 30 47 24 56 106 0 112 0 160 107 30 6 18 129 112 56 23 35 20 47 70 88 16 77 68 8 14 79 62 0 57 79 0 65 208 18 45 40 72 118 24 44 12 58 16 23 81 108 20 119 126 21 180 31 26 204 81 30 162 0 76 87 55 126 70 66 43 36 9 104 2 97 202 30 12 45 29 61 109 27 123 61 0 85 85 72 62 24 72 22 116 132 57 84 84 85 35 138 0 106 49 77 112 27 29 49 20 118 115 82 95 92 61 110 72 143 178 84 0 64 33 114 35 54 63 108 96 32 8 82 115 117 47 20 8 32 10 27 191 62 104 66 49 140 138 158 132 108 36 98 84 296 66 103 88 
98 49 81 48 28 20 51 40 28 8 30 1 4 58 50 0 0 74 35 80 57 141 43 27 121 133 8 48 77 68 130 132 37 16 94 13 83 63 18 9 14 69 0 18 66 0 38 0 0 122 30 49 60 0 43 12 136 149 43 91 90 67 109 25 262 8 83 10 66 49 45 116 58 6 10 97 14 37 0 60 62 74 0 30 210 66 12 65 9 58 63 60 18 57 33 86 57 122 30 0 74 110 17 3 152 125 54 185 12 25 77 16 70 0 112 131 81 0 0 45 21 82 40 30 0 8 52 28 5 20 45 58 99 0 73 48 40 15 38 22 121 40 0 132 41 0 157 4 104 7 80 55 38 23 56 32 195 49 7 0 100 139 0 187 202 12 170 28 128 47 32 54 28 32 14 0 46 27 114 37 18 0 27 53 0 119 0 10 36 34 35 36 30 79 26 141 48 9 41 75 16 24 48 122 9 23 209 30 120 144 49 26 18 106 126 83 113 62 33 22 45 6 77 0 117 20 105 71 16 144 188 286 52 96 148 30 72 126 96 72 12 130 0 16 100 39 102 86 69 10 100 92 77 145 27 152 
29 60 18 150 7 45 132 7 81 69 88 67 12 144 56 44 0 186 48 148 35 100 94 18 218 148 42 20 6 51 67 64 56 61 110 42 90 56 54 124 74 114 9 92 12 54 109 8 8 66 92 76 201 119 75 50 42 45 52 69 90 10 32 89 219 98 63 56 30 6 128 101 105 42 8 74 13 43 102 40 35 87 34 108 179 20 26 50 26 80 5 139 112 40 40 45 74 84 52 0 15 63 70 98 84 97 35 22 30 98 54 60 45 81 196 0 88 45 162 84 68 90 61 44 24 96 53 118 106 50 130 53 62 15 29 133 76 25 63 120 55 183 0 41 67 30 76 15 160 7 43 135 20 61 43 183 113 63 0 27 161 56 39 119 145 20 103 58 59 28 56 70 18 8 86 4 46 48 14 75 40 77 32 174 99 36 69 14 31 108 28 88 112 146 77 38 132 67 81 1 27 54 75 183 132 60 152 45 124 87 52 68 30 155 68 20 44 33 0 109 117 42 65 0 94 28 125 68 0 82 150 184 40 90 185 51 44 56 73 63 105 45 0 12 29 128 52 49 32 111 72 87 38 59 24 156 
91 38 132 39 50 25 88 119 130 60 156 41 69 27 36 45 91 108 109 15 181 120 189 0 96 40 74 105 24 138 78 86 18 15 20 111 45 98 196 67 44 72 70 104 74 32 0 63 95 6 54 24 135 145 133 110 61 70 46 43 8 74 92 104 113 21 141 0 92 60 70 64 45 98 0 129 87 74 63 62 44 118 74 0 128 72 100 54 80 49 144 9 210 28 42 236 51 71 0 123 9 0 31 21 40 70 91 149 0 78 87 45 59 46 116 63 47 80 49 97 63 122 123 32 72 6 25 106 163 60 40 55 12 115 102 25 0 0 9 75 144 27 106 158 21 62 59 46 63 56 72 64 49 84 15 61 158 4 47 137 48 18 11 28 30 148 65 170 58 48 40 84 10 91 45 92 75 68 0 108 46 27 126 6 82 91 3 79 82 90 35 66 60 165 43 42 143 164 54 88 27 35 30 127 93 42 41 0 45 18 32 98 150 56 6 48 94 28 48 53 12 12 167 0 54 63 40 135 6 55 123 11 73 62 113 0 159 45 45 57 72 144 42 92 63 58 31 110 91 100 84 97 46 28 101 43 
0 110 36 18 0 0 119 114 160 88 70 56 80 62 125 49 0 63 41 48 108 32 79 0 40 44 26 0 106 72 42 80 49 109 93 109 81 115 130 87 70 90 85 107 17 72 54 30 180 59 18 0 69 18 21 57 197 97 16 54 49 40 7 103 101 72 31 18 0 32 14 22 204 87 16 0 81 88 94 63 68 4 0 0 72 35 85 4 133 9 126 10 76 24 138 45 24 8 49 36 17 0 40 21 142 0 36 6 35 75 7 104 177 0 91 0 137 27 112 0 12 128 60 51 155 25 57 86 67 75 132 76 36 221 59 16 64 53 20 14 132 70 140 28 85 24 148 160 163 65 0 92 64 87 0 92 64 3 120 157 28 85 77 99 37 18 96 51 79 157 0 0 28 44 105 50 0 31 16 32 60 0 66 0 16 16 28 0 80 58 84 63 28 96 10 60 35 42 118 123 81 32 19 64 42 55 45 49 114 53 145 12 69 125 90 16 135 32 40 107 90 0 146 0 5 35 0 5 24 24 108 24 18 25 7 92 2 16 0 14 74 64 0 27 0 52 56 12 78 0 237 142 24 49 10 32 
80 52 6 50 117 39 92 84 28 41 0 75 49 77 46 174 8 49 101 63 40 65 108 78 98 73 55 14 128 9 14 95 0 0 39 3 35 43 70 18 72 49 0 24 103 18 0 66 23 90 20 65 109 66 45 140 127 121 83 103 138 35 136 77 22 5 49 61 62 89 2 38 21 115 0 116 41 0 74 87 90 29 0 0 133 101 40 49 0 65 112 96 40 21 8 52 172 63 40 19 0 30 63 39 167 67 0 127 0 29 12 154 72 19 0 52 55 47 90 61 44 32 96 4 63 82 9 56 111 83 23 53 33 50 75 131 28 178 105 65 102 56 124 70 58 25 84 0 47 10 50 49 61 92 26 4 117 140 4 63 118 12 71 16 67 0 65 49 65 75 91 49 0 81 18 101 7 7 21 118 6 30 97 70 100 32 54 35 80 28 38 36 26 67 0 44 72 39 63 76 40 4 94 54 44 43 72 101 102 134 96 30 3 17 64 27 93 82 72 10 79 105 34 26 10 115 54 32 68 45 59 23 186 59 87 68 74 20 0 28 0 41 58 20 4 35 78 122 103 4 56 128 134 0 0 22 
83 33 56 0 54 18 62 2 64 34 28 45 17 49 15 72 28 28 18 0 15 0 7 15 48 0 82 3 102 216 62 21 42 15 30 0 10 64 8 54 56 33 0 35 8 111 0 58 156 60 87 0 54 7 30 90 67 80 0 99 48 63 0 73 68 0 84 0 9 74 19 0 85 28 44 0 48 66 60 0 56 87 18 0 89 27 6 10 28 44 0 88 27 0 8 16 58 10 91 99 65 0 0 49 45 45 0 36 0 60 32 0 57 68 14 35 66 105 124 56 0 40 15 15 115 0 117 63 107 69 14 18 9 0 0 90 6 24 32 50 29 45 8 56 120 32 61 50 51 50 15 64 71 72 30 58 113 101 128 0 101 134 0 49 89 31 85 3 17 25 79 107 64 3 13 0 4 7 59 33 60 85 5 15 1 2 7 4 16 41 8 74 22 0 19 87 0 52 0 0 33 6 31 38 3 35 91 3 77 42 37 6 0 136 43 20 115 107 24 17 79 39 45 24 93 49 38 30 51 27 22 59 48 0 12 63 88 54 45 102 68 50 0 6 42 11 64 48 78 69 54 58 0 109 48 62 
72 57 39 69 112 34 40 10 60 57 24 63 9 16 8 0 16 129 3 16 16 10 25 69 12 16 278 2 18 87 0 15 109 81 73 6 4 100 12 121 120 37 101 56 66 9 20 53 33 162 186 155 121 106 2 294 16 29 4 0 16 80 56 111 22 158 105 78 182 63 157 118 64 78 27 84 93 54 52 0 112 24 163 11 104 69 53 88 10 76 77 0 0 90 91 37 63 93 56 62 0 50 38 36 151 84 9 161 16 78 18 18 86 67 227 101 0 90 66 89 133 62 30 40 0 6 96 28 153 131 122 9 176 66 7 111 53 61 65 120 45 58 1 24 126 43 92 150 81 46 54 64 0 100 45 163 43 131 18 31 41 0 21 76 112 28 99 0 91 94 20 44 113 77 61 14 0 26 12 80 0 167 70 14 37 18 162 36 149 127 139 20 121 93 0 97 35 23 128 70 68 8 24 20 85 90 141 80 26 24 41 108 48 130 16 0 152 129 0 56 52 3 17 83 72 149 28 58 144 0 24 83 6 0 97 0 88 21 2 39 48 60 58 43 40 60 14 93 99 233 107 209 16 56 32 28 
122 39 35 134 58 175 120 20 82 236 36 49 59 94 197 118 63 54 117 7 78 64 59 21 92 206 48 57 75 18 77 66 89 8 61 53 89 116 14 126 114 45 18 22 98 94 0 7 184 44 104 81 75 63 24 0 300 72 107 72 42 177 36 50 64 10 86 32 54 8 35 122 7 28 0 28 87 25 49 44 48 142 50 0 121 0 110 89 35 167 114 72 106 25 84 88 42 236 27 101 3 20 58 92 18 3 0 76 49 52 61 19 128 40 38 8 148 10 27 47 28 126 65 17 107 168 87 70 158 53 22 86 79 157 0 185 16 24 11 182 111 169 29 52 60 76 76 223 54 28 79 16 95 89 49 50 113 98 9 78 0 116 114 54 101 53 46 43 46 30 94 18 29 24 90 106 133 79 27 137 140 95 159 32 233 17 8 5 0 30 58 1 126 141 52 0 89 60 45 10 63 80 77 24 3 32 0 56 161 45 81 16 60 103 9 12 154 173 122 75 44 156 0 103 81 119 12 154 42 0 64 8 173 64 84 84 46 57 14 50 100 94 101 83 44 90 63 121 66 69 84 32 97 153 38 9 
0 64 84 128 80 0 93 72 88 0 0 12 94 213 62 56 32 91 19 151 51 22 55 139 101 12 75 13 23 44 135 66 22 23 24 6 68 50 187 106 24 0 18 56 18 26 72 75 24 35 77 0 18 72 16 28 36 74 78 72 92 42 10 113 27 4 31 0 59 0 116 149 49 86 17 35 20 0 125 0 40 86 40 24 52 0 85 93 70 14 81 0 0 27 60 108 61 67 45 0 21 48 23 30 22 27 0 52 12 32 0 79 24 74 40 38 90 8 0 97 0 72 6 56 56 2 0 116 40 0 38 40 47 69 24 97 101 84 20 43 186 151 30 65 17 5 40 27 43 15 0 9 24 32 0 9 8 144 72 57 68 46 26 4 53 69 134 35 89 115 144 40 32 66 87 95 0 34 0 0 39 30 52 34 76 91 64 96 55 58 2 40 54 114 0 6 53 39 40 45 78 50 20 8 47 82 88 104 144 67 25 153 112 90 51 0 5 9 1 8 0 0 16 31 121 75 134 0 39 96 8 20 26 0 41 12 45 69 12 2 62 12 111 48 4 0 8 17 0 50 56 25 138 21 7 102 
0 3 42 72 63 96 27 64 24 54 30 60 8 98 101 36 14 0 42 9 46 0 75 18 6 22 64 0 56 41 52 25 48 30 96 2 58 0 0 32 62 0 138 85 96 11 16 21 134 70 40 39 8 26 7 8 9 40 24 72 0 45 28 0 26 72 37 18 8 0 83 133 81 30 0 93 59 10 65 28 42 44 21 0 56 60 63 28 0 147 84 18 30 68 80 28 25 62 39 89 0 45 10 0 48 32 24 0 0 80 22 101 137 6 63 64 81 12 46 40 56 135 95 18 73 169 117 0 18 80 78 18 99 65 45 172 0 71 71 63 94 102 0 25 148 0 0 8 6 0 31 0 119 59 5 85 47 21 27 42 44 21 15 69 152 42 49 9 35 61 16 0 0 24 147 79 56 5 38 18 30 64 50 22 105 66 80 0 80 15 43 5 36 27 38 30 147 42 2 60 36 25 9 5 65 40 32 98 36 111 33 15 42 141 67 24 89 153 6 28 60 63 160 130 5 35 8 53 30 36 123 42 58 42 49 0 0 27 48 58 21 186 0 43 45 68 5 60 9 63 72 8 24 0 6 25 
18 61 36 52 88 84 108 13 88 67 73 0 90 127 94 60 63 65 0 6 81 91 35 13 79 116 16 0 0 62 32 84 28 49 48 50 90 52 56 28 12 20 0 66 42 0 0 22 136 59 0 66 52 47 92 106 40 84 57 74 159 69 134 56 115 100 45 64 94 87 5 62 132 84 41 29 78 24 10 24 14 45 0 0 96 124 18 0 96 24 158 36 111 0 0 37 0 36 117 90 20 56 195 42 104 40 50 64 88 6 59 58 18 37 114 0 32 32 116 56 42 54 75 28 64 72 0 6 100 0 16 56 0 68 6 68 120 0 36 120 80 24 25 81 10 77 57 34 158 10 63 8 9 46 28 38 70 0 37 64 0 77 15 94 158 45 56 148 73 145 8 0 0 103 84 99 0 0 0 42 48 42 0 0 93 9 32 0 0 57 36 128 11 60 46 8 220 106 20 12 40 23 45 56 108 93 8 0 180 64 24 32 186 78 42 12 0 34 39 107 75 13 72 66 174 92 28 54 92 76 64 16 4 30 15 47 42 30 61 0 24 102 48 12 33 88 67 63 0 61 203 133 0 54 6 14 
54 35 32 0 0 15 48 57 109 112 0 67 2 54 5 129 0 30 114 36 7 196 139 32 110 32 135 28 81 81 24 128 24 58 92 126 59 18 0 39 110 98 73 155 61 37 48 111 30 65 38 51 109 101 108 25 26 84 97 62 0 19 68 75 14 152 77 60 36 30 25 17 82 72 0 50 110 87 122 12 0 62 83 4 81 63 99 4 7 40 137 40 49 28 92 124 35 8 0 20 0 32 0 48 125 18 0 122 0 74 24 16 143 41 64 2 4 57 91 25 74 218 0 0 17 40 41 30 63 0 8 71 9 85 34 88 74 20 57 256 24 84 91 0 67 20 76 0 41 80 56 48 72 0 62 51 42 14 15 62 156 134 35 172 76 0 94 32 121 180 94 21 80 40 73 42 39 93 0 80 77 94 16 54 14 60 76 0 112 42 67 7 116 63 49 42 151 8 87 68 12 36 41 118 126 5 31 94 96 13 30 81 0 27 63 26 8 109 70 0 72 67 135 6 93 49 34 159 0 0 8 71 0 0 46 99 64 28 0 143 21 0 0 25 53 0 0 113 102 29 43 42 0 53 28 16 
103 94 8 6 0 75 31 18 21 93 52 27 92 4 24 0 0 0 40 46 54 28 125 39 64 84 38 12 31 92 26 72 28 72 0 158 25 135 23 130 64 116 35 59 18 119 40 0 23 168 0 40 117 119 24 174 156 69 84 12 63 84 61 24 18 182 102 0 49 26 115 47 54 115 0 0 0 32 36 0 62 0 88 0 9 18 131 4 72 59 18 9 30 42 30 30 2 0 48 6 0 12 84 44 81 48 24 39 40 21 24 30 72 50 10 38 78 81 53 38 72 72 34 154 7 56 81 40 92 96 42 102 12 0 46 60 78 116 145 48 211 38 33 40 56 153 99 52 87 73 18 0 5 64 81 20 142 6 56 72 56 0 30 37 97 32 6 0 9 131 52 33 88 67 28 24 8 18 24 0 0 115 79 31 21 0 52 21 0 152 84 91 58 64 48 40 24 118 156 66 29 72 3 4 186 156 43 37 39 0 6 34 93 9 27 4 83 40 38 93 97 38 64 0 87 68 56 94 20 78 3 51 46 54 32 33 18 51 0 64 16 58 16 30 88 42 0 136 4 77 42 98 24 57 0 49 
52 0 76 64 140 91 79 18 110 80 21 118 74 114 109 72 27 82 85 24 133 63 41 33 71 63 50 114 1 153 93 40 14 40 116 20 70 81 19 108 147 71 35 54 69 63 108 2 65 105 51 127 126 88 51 161 75 57 96 61 14 38 68 111 96 133 82 27 37 32 167 43 79 38 4 124 78 19 91 8 104 51 20 87 30 46 20 124 49 54 56 16 72 93 16 175 38 162 33 90 92 44 25 82 46 98 46 185 86 43 35 68 148 54 166 20 55 64 0 59 38 104 81 70 85 173 0 102 85 63 91 14 144 161 45 42 105 81 56 132 395 51 12 25 30 0 132 108 78 32 9 49 158 21 45 145 37 10 55 116 10 83 27 0 131 112 53 66 86 73 20 110 169 43 15 63 34 34 43 76 34 198 190 72 29 149 63 78 119 205 175 54 240 75 43 102 9 102 38 42 88 28 114 91 90 92 129 57 82 116 66 2 86 251 120 71 36 92 20 95 70 3 168 71 87 60 58 41 138 14 184 17 92 78 185 2 118 48 123 88 156 107 25 120 152 95 0 228 100 9 237 50 159 57 56 97 
64 78 51 14 0 119 82 9 101 116 42 0 93 119 42 0 105 37 124 35 0 55 167 42 64 76 163 21 31 92 56 0 25 12 51 51 18 99 38 46 92 93 63 37 67 93 0 46 116 78 119 14 0 117 27 94 115 8 150 63 111 110 3 104 21 63 48 12 153 66 49 104 112 33 19 106 27 0 47 0 91 122 119 1 15 19 20 4 35 10 11 8 0 0 96 150 40 0 20 36 24 107 120 89 132 70 0 118 63 26 89 21 104 78 139 70 23 123 98 0 24 58 48 7 47 126 107 12 83 71 8 4 46 78 15 217 57 0 162 131 38 74 29 49 37 27 39 88 167 59 36 99 33 114 43 40 74 119 33 174 20 47 0 24 148 12 55 0 134 87 24 36 58 42 18 12 28 28 42 44 203 69 37 0 32 35 88 24 41 50 16 93 84 66 28 37 22 128 104 44 71 101 52 99 68 28 9 30 15 114 108 14 77 15 46 24 102 121 56 50 85 7 10 9 0 58 67 69 39 6 48 0 79 57 65 16 194 30 50 10 108 58 88 12 96 201 36 36 55 133 164 64 7 2 18 36 
87 80 54 47 71 77 20 1 115 53 63 57 112 63 44 55 0 126 94 126 72 81 44 115 54 128 62 10 30 36 38 11 82 70 49 63 32 107 64 36 58 76 82 116 42 70 64 2 0 60 75 6 63 92 44 98 121 9 6 6 54 50 75 70 44 102 81 28 56 9 7 164 80 144 6 79 3 42 26 0 113 120 72 4 114 21 135 0 67 146 14 39 72 0 24 103 88 120 36 21 0 56 136 6 106 23 36 14 0 15 36 72 73 111 55 82 105 15 33 54 35 155 32 42 64 228 8 28 55 56 98 5 36 28 0 191 18 20 95 78 267 48 23 54 92 48 35 79 59 79 54 27 15 24 24 35 44 18 0 82 1 101 123 58 119 10 63 55 39 38 72 36 10 27 39 96 150 185 60 52 0 75 134 9 40 58 156 83 0 149 45 153 68 0 142 0 86 79 102 16 18 29 81 85 30 48 72 92 85 148 93 24 90 175 94 18 112 90 35 4 66 26 52 96 86 67 0 71 35 109 46 32 50 74 6 65 28 138 32 81 16 54 12 68 52 168 68 25 84 46 106 32 54 56 10 60 
24 150 18 48 123 194 78 91 35 46 0 68 62 103 223 20 28 0 85 90 45 4 172 0 142 36 112 28 177 0 91 75 8 4 68 18 4 161 20 62 110 37 52 0 46 149 21 12 66 102 50 27 105 112 42 123 76 118 35 125 130 113 36 49 61 72 12 6 56 0 81 121 38 49 68 12 12 12 219 14 51 46 68 15 184 62 35 25 66 135 56 0 51 33 125 51 0 84 62 85 62 11 14 58 83 35 67 72 0 44 9 9 87 84 209 0 12 35 59 52 24 105 35 11 198 94 157 105 126 105 45 10 72 109 32 115 75 13 62 357 99 42 147 32 14 71 74 168 84 21 188 140 162 87 16 113 118 44 27 43 78 161 75 93 96 170 22 68 156 69 83 141 93 0 98 20 57 30 41 35 42 130 108 15 93 66 75 28 0 52 51 107 88 90 69 70 39 41 108 0 31 83 40 27 65 118 0 63 45 18 43 54 87 108 20 85 77 198 28 117 57 40 85 74 178 24 39 88 28 0 108 98 81 0 43 159 7 93 27 106 151 197 16 113 84 165 178 59 53 83 137 116 44 51 0 63 
54 3 63 72 42 67 7 192 105 70 40 193 27 126 133 47 81 75 112 8 43 52 98 94 6 14 67 48 45 35 79 55 62 42 67 28 84 0 0 0 75 79 14 67 4 11 58 71 55 0 7 54 63 106 24 78 56 48 26 219 28 8 80 95 264 106 137 14 35 0 2 41 79 136 0 113 39 6 137 51 41 22 66 32 113 123 7 19 10 128 76 127 34 55 125 0 77 42 34 99 20 21 60 52 137 64 86 210 99 66 0 94 99 27 162 36 21 94 56 34 31 91 104 28 60 133 49 18 72 12 40 0 24 36 125 126 107 72 87 105 176 191 62 23 49 79 183 0 0 8 12 48 37 19 2 57 49 0 37 121 122 81 57 109 111 78 61 63 46 0 128 14 33 130 77 39 5 89 82 36 72 95 183 80 64 72 28 93 92 54 60 28 139 40 71 83 59 62 22 28 92 48 65 28 68 77 42 27 93 20 77 0 24 77 84 0 108 48 24 72 106 0 113 84 21 63 57 25 0 85 276 122 143 56 126 16 109 73 98 50 16 134 62 39 183 148 60 99 190 10 48 20 79 51 0 35 
36 44 53 39 0 88 66 16 112 63 72 15 124 78 48 68 16 33 0 0 0 42 90 0 101 0 26 0 46 43 10 94 39 108 6 64 72 93 28 36 72 20 62 42 30 53 8 0 59 8 0 24 45 84 45 4 75 22 44 0 80 0 15 49 14 78 0 1 46 0 31 20 75 35 0 12 9 75 35 63 126 67 39 0 23 0 78 61 102 6 45 15 25 16 47 117 38 16 90 0 2 60 28 71 75 18 2 6 0 10 0 44 26 16 5 0 101 9 66 0 35 37 13 59 159 34 48 10 67 0 18 80 0 0 31 15 16 35 47 26 76 0 0 40 66 90 10 65 86 8 6 0 39 39 25 24 93 0 86 161 10 64 0 0 64 81 93 65 0 115 6 12 0 6 90 147 53 24 12 36 24 94 5 12 4 74 4 35 28 94 0 82 6 57 84 39 79 48 33 4 87 67 2 0 63 63 24 0 87 112 56 9 103 32 44 10 72 24 70 12 51 0 84 27 96 2 0 16 0 55 0 58 4 35 1 45 8 40 0 108 12 26 0 24 48 53 11 39 1 4 64 54 59 41 0 68 
93 27 54 96 32 0 0 48 14 51 76 42 95 45 24 66 27 0 24 25 81 107 165 2 132 16 86 34 71 96 42 87 25 0 12 42 39 55 46 30 54 0 78 96 9 63 63 54 12 64 14 135 33 138 2 72 87 149 51 89 5 0 20 101 93 48 67 143 0 57 174 27 93 6 0 59 30 4 20 0 79 24 6 0 111 135 84 15 3 15 72 8 97 69 29 34 77 48 0 48 0 91 52 107 0 0 39 74 0 6 74 62 39 68 96 49 0 54 8 0 114 144 26 27 70 111 85 25 51 40 72 35 37 97 3 28 46 93 0 66 67 54 24 0 72 72 48 60 34 114 9 54 83 5 28 56 148 0 71 111 78 21 38 169 103 88 30 30 47 40 44 0 0 66 57 75 41 99 0 49 41 147 85 11 12 38 17 27 24 47 4 48 135 39 32 0 68 82 53 36 0 0 31 44 66 23 0 24 44 36 43 38 3 163 0 3 59 53 6 0 96 78 72 78 61 144 50 49 25 17 91 38 94 34 57 63 26 25 0 38 34 24 32 12 104 69 77 63 59 26 87 117 36 68 35 0 
36 70 50 54 99 0 63 86 48 50 99 6 20 61 8 81 81 18 43 54 51 85 74 140 66 93 139 18 42 148 122 22 0 72 19 113 48 119 89 84 21 0 75 5 58 103 96 107 128 126 5 30 124 18 102 35 153 142 99 224 110 90 0 45 68 70 171 40 36 10 18 129 71 37 102 51 79 83 83 18 41 116 44 26 26 62 12 36 0 72 100 95 122 0 30 52 61 81 79 36 87 63 93 32 107 1 66 128 64 74 2 54 129 0 78 119 58 51 105 0 73 165 145 0 72 36 167 199 129 36 0 108 99 63 63 56 87 162 63 198 177 91 100 141 115 57 86 0 58 85 81 2 21 76 45 112 66 27 0 0 37 156 18 48 34 0 136 83 29 102 13 30 75 63 0 52 50 21 48 72 92 55 24 105 60 145 13 78 54 38 36 149 8 121 52 85 111 72 55 137 0 105 0 40 80 137 92 15 126 69 56 36 66 124 37 43 58 8 10 44 77 28 72 27 9 0 115 112 50 64 15 9 139 98 8 94 102 24 74 68 38 97 8 21 76 132 76 0 34 87 84 194 67 139 149 18 
79 120 39 99 159 8 58 150 33 46 16 30 105 36 0 83 42 96 12 36 162 84 32 80 43 0 105 28 62 171 12 60 78 24 148 125 144 102 163 44 83 63 36 117 103 120 193 60 35 168 5 42 33 59 40 267 160 60 6 56 2 5 20 93 143 68 45 171 24 36 90 143 82 172 97 22 38 0 9 0 82 22 25 56 126 129 106 3 25 15 113 52 92 39 11 141 136 54 25 95 25 25 42 81 281 103 0 189 54 72 21 89 39 114 230 101 177 36 3 72 81 91 70 35 40 86 55 87 71 45 131 12 40 74 46 162 194 83 35 180 345 64 70 124 158 63 138 119 90 60 47 168 18 99 5 95 92 125 28 30 135 23 8 137 136 150 123 42 113 46 100 4 20 114 93 90 51 24 102 82 18 65 78 13 103 50 144 83 92 76 48 129 85 36 74 22 44 111 131 118 0 6 59 121 56 152 118 76 147 20 114 48 130 244 122 38 167 136 90 46 50 25 65 63 119 168 63 109 24 56 47 76 155 51 25 27 18 114 74 3 67 112 66 33 129 119 84 96 161 16 48 138 140 134 0 107 
104 0 61 116 0 0 60 122 36 22 18 6 55 84 72 111 0 24 94 24 56 72 36 0 32 0 85 18 64 0 60 8 36 0 0 16 23 27 99 133 54 12 45 55 24 0 56 42 15 35 42 32 75 28 20 40 21 25 0 30 18 54 24 55 45 0 34 4 5 6 87 71 8 42 5 42 25 0 2 0 74 122 42 37 50 23 0 15 0 116 92 54 4 6 5 30 18 42 100 14 8 21 24 19 63 90 24 81 1 35 15 44 0 15 117 72 84 42 0 34 82 82 32 9 17 8 16 0 45 0 21 36 153 34 15 161 4 56 8 111 60 103 0 33 0 0 26 105 0 6 46 38 26 20 40 5 26 27 54 20 57 122 54 0 34 24 31 34 25 56 68 79 14 18 69 28 50 48 31 24 78 40 29 38 119 69 45 14 34 5 20 27 24 0 6 0 61 57 53 0 24 20 42 16 80 34 43 65 105 92 30 49 64 52 75 48 144 130 34 20 6 93 7 60 35 0 38 54 0 79 96 21 41 120 22 2 18 16 0 18 141 48 36 41 24 20 20 0 4 100 28 22 68 34 12 44 
99 24 3 6 24 40 30 30 46 19 15 80 92 155 0 12 0 43 115 35 20 88 196 16 28 6 88 54 7 36 4 141 22 70 35 97 77 32 72 86 55 50 56 0 64 40 48 0 21 50 60 66 16 110 24 109 6 117 22 143 128 56 5 28 35 86 67 8 34 24 11 87 37 7 0 107 32 9 46 25 27 62 63 0 96 14 89 0 57 0 89 79 28 16 45 40 110 9 57 167 0 1 4 32 130 43 0 72 0 127 0 57 102 13 108 79 17 99 36 8 56 80 141 28 36 82 36 6 89 0 63 54 25 38 86 64 12 42 104 80 108 68 109 13 77 73 27 52 32 16 48 42 8 63 49 48 125 6 36 192 132 40 37 57 58 63 27 8 53 47 20 26 14 120 101 35 1 120 36 0 9 59 63 0 27 75 8 14 159 58 24 49 59 107 144 63 104 98 102 11 44 72 46 45 86 91 79 39 93 107 35 48 40 21 67 40 83 136 9 20 106 16 187 16 90 2 66 55 22 43 126 79 35 91 111 14 168 63 0 177 14 213 23 50 134 42 74 68 72 59 148 67 5 56 14 4 
78 100 32 18 81 43 48 105 40 91 0 31 104 165 30 57 9 30 30 92 151 69 83 12 51 30 61 85 42 57 87 35 14 36 32 7 17 91 54 9 41 151 0 65 77 113 80 28 18 118 81 81 74 63 12 139 81 18 68 142 59 40 24 1 115 64 26 36 79 36 86 71 134 48 42 42 31 109 95 0 270 97 64 10 143 0 52 96 42 18 95 80 81 63 35 59 1 26 111 56 17 97 13 54 48 36 6 26 80 0 36 41 145 44 187 75 80 14 105 40 251 91 76 57 20 91 20 14 108 81 54 4 65 51 12 72 76 96 50 191 57 77 125 78 0 0 68 55 101 28 84 102 83 0 63 36 111 42 40 9 128 170 90 124 151 37 110 76 36 0 149 121 155 15 137 53 71 46 171 48 32 30 113 12 55 104 82 7 102 21 43 26 197 110 72 64 47 104 75 14 74 62 106 21 15 7 32 32 92 6 61 3 60 133 124 92 99 129 36 71 18 63 88 49 143 35 40 48 70 8 23 91 102 62 3 63 42 105 80 49 167 75 84 144 83 43 57 60 47 17 84 11 87 68 101 80 
6 15 81 0 7 0 74 24 72 106 6 6 110 14 0 0 35 135 32 18 42 96 49 25 0 81 94 30 0 211 56 46 0 118 36 0 20 116 20 106 0 32 21 114 6 42 0 75 0 76 16 0 68 56 38 42 88 0 0 32 167 42 2 30 129 36 63 0 0 30 67 70 20 56 59 28 35 0 32 51 82 0 30 28 0 36 0 0 10 66 10 32 92 56 0 50 8 7 28 0 0 0 63 56 32 12 0 84 54 122 24 0 16 117 56 139 192 54 88 16 0 99 49 54 116 0 68 0 27 54 128 40 13 33 0 0 0 0 40 18 132 40 0 112 45 48 43 0 57 7 6 72 16 97 0 6 42 45 81 6 31 63 63 105 77 36 34 50 72 36 128 3 0 36 52 59 0 64 64 42 8 0 9 52 0 17 0 0 47 0 14 50 160 0 0 22 21 54 64 27 57 49 18 96 30 0 38 0 76 0 30 60 52 4 23 0 36 44 48 0 64 68 28 27 40 5 125 89 14 212 54 98 0 32 0 27 135 48 52 0 0 54 28 8 18 8 63 0 0 122 54 0 0 43 132 42 
123 121 0 39 28 86 121 34 31 77 0 57 0 81 72 80 21 0 62 106 17 73 72 89 128 90 95 8 106 41 8 106 32 7 145 24 24 11 0 53 20 111 14 8 58 7 76 62 208 48 101 48 69 80 221 58 60 124 0 33 65 143 50 0 63 70 112 0 18 4 5 66 144 10 55 7 52 71 60 1 124 162 54 14 87 0 0 52 99 26 4 72 80 68 57 26 0 21 0 145 20 9 0 56 138 13 0 0 39 48 48 0 126 50 164 0 56 84 38 54 0 12 155 9 60 8 68 172 74 85 80 77 9 42 133 94 37 140 0 36 45 24 35 19 56 75 115 82 105 0 149 139 121 183 0 120 128 135 0 117 0 14 85 66 132 61 121 14 57 153 0 69 64 54 0 48 1 6 26 60 33 171 104 1 44 111 10 44 57 78 50 30 14 104 42 111 54 56 135 30 1 0 111 60 10 98 98 30 38 149 45 125 36 27 65 0 125 7 71 145 48 22 120 93 77 0 125 46 8 92 18 126 86 59 5 6 85 6 37 66 39 124 0 32 86 97 127 12 59 73 117 61 123 77 8 3 
67 36 92 144 24 12 66 84 4 44 72 7 12 0 4 176 20 96 83 156 75 111 124 40 18 5 35 65 21 24 72 58 45 27 97 97 99 45 98 34 24 21 40 36 20 20 81 44 169 96 80 137 295 84 24 50 63 63 9 100 0 72 46 0 65 2 116 0 45 6 22 76 0 5 150 57 79 78 28 71 16 87 40 46 59 40 78 34 25 47 44 143 153 36 74 104 204 54 20 15 15 24 26 53 110 6 30 203 65 114 72 65 78 125 36 52 249 60 6 100 63 70 0 35 0 57 8 156 81 112 0 81 36 87 141 34 93 176 122 96 169 160 37 106 180 0 88 0 129 88 32 54 69 28 24 35 6 42 45 0 131 64 40 81 41 0 62 0 60 12 68 54 13 7 89 8 55 16 96 18 190 96 72 48 64 121 95 30 166 174 41 15 39 134 63 129 31 88 118 107 33 0 65 105 104 65 161 113 98 36 75 59 48 69 94 36 35 40 0 0 30 134 95 48 107 33 54 53 30 103 82 16 56 71 63 73 48 56 123 52 81 68 18 15 122 116 85 30 55 0 66 128 205 20 90 6 
6 32 51 67 0 70 88 0 68 28 25 12 22 78 16 86 56 53 93 0 0 69 62 100 35 34 0 0 0 56 46 101 0 20 0 15 81 59 40 14 18 34 0 10 0 18 96 0 16 0 69 63 72 92 0 79 0 61 77 126 22 16 100 10 0 28 12 0 86 0 8 78 39 0 30 140 74 0 0 0 25 77 4 65 28 25 16 49 0 51 20 27 85 76 10 189 40 18 0 8 8 5 82 2 28 0 35 209 64 15 41 0 47 28 60 0 72 8 0 27 35 49 20 25 10 0 34 24 0 104 32 0 68 42 45 57 0 0 28 165 146 0 12 0 83 0 8 0 45 34 0 0 18 110 0 25 91 8 45 0 20 0 0 30 43 18 0 0 74 40 2 28 89 107 26 0 16 28 32 56 45 16 40 139 45 27 0 96 90 89 115 0 57 56 10 7 60 126 21 25 16 16 0 119 80 88 102 0 80 39 0 69 0 31 66 5 24 37 64 48 45 59 85 0 45 24 71 24 44 15 16 0 48 108 111 64 92 0 84 20 81 36 0 14 0 8 0 0 9 0 80 10 53 110 74 0 
130 74 59 14 41 87 131 86 152 54 103 75 6 40 56 69 22 103 42 12 64 56 88 57 75 39 120 12 115 136 95 67 39 49 91 56 90 191 20 113 8 24 71 15 92 5 0 0 13 290 149 36 176 127 37 77 93 32 21 17 54 138 130 56 102 64 101 44 91 97 106 206 70 20 0 18 6 69 26 95 64 130 81 41 5 34 99 15 166 73 56 8 102 78 49 76 70 41 0 77 14 57 64 109 143 48 32 16 119 89 23 64 70 46 119 117 36 171 118 32 40 74 144 72 42 0 64 70 206 40 96 45 31 151 0 28 103 159 15 218 163 79 15 107 75 45 130 66 100 92 131 64 92 54 85 102 187 14 25 148 53 77 165 64 189 40 49 45 39 105 42 66 120 108 27 72 28 40 21 48 153 134 254 0 100 32 56 85 89 114 86 82 194 42 56 50 68 34 90 7 86 0 58 53 92 31 0 77 126 104 136 158 0 42 23 13 0 124 71 62 114 136 61 7 90 117 42 168 94 15 80 119 74 0 58 4 65 47 13 128 0 100 42 63 21 122 62 193 27 79 103 18 34 69 20 0 
58 6 28 21 91 4 19 105 125 89 52 0 61 111 18 43 81 119 28 81 84 211 99 108 0 25 254 10 25 174 48 31 9 129 48 81 36 56 6 6 1 0 100 8 0 100 0 63 20 101 79 0 65 21 30 72 0 45 16 182 0 99 46 147 53 0 0 0 126 0 30 67 64 10 67 46 89 20 16 5 121 168 0 39 73 92 14 49 2 86 52 16 25 14 47 27 23 48 14 35 55 129 120 69 9 16 0 13 54 90 134 28 123 94 182 21 0 146 98 36 35 158 18 70 42 35 16 63 159 86 76 16 19 24 43 0 155 0 108 159 100 51 44 145 232 16 136 7 76 35 159 0 9 28 0 169 8 4 73 8 55 0 35 115 129 48 100 60 17 148 25 50 98 126 56 156 113 68 36 0 68 99 114 90 38 136 56 147 76 67 34 94 163 0 6 30 43 48 15 7 42 49 78 8 46 15 43 27 8 42 67 27 73 17 52 57 49 13 74 28 80 112 33 53 75 79 34 10 28 68 90 2 69 1 37 46 102 137 12 0 42 33 16 80 77 12 18 36 45 8 127 42 47 72 122 30 
12 155 40 30 82 0 79 50 61 59 83 0 24 75 6 65 0 21 0 118 38 48 30 68 119 100 73 48 36 142 68 18 55 25 18 32 94 5 0 110 24 3 50 84 92 9 0 41 129 69 75 63 25 32 15 23 200 71 48 95 36 23 32 37 32 31 0 30 0 112 27 18 13 11 27 0 30 7 82 0 122 94 0 0 43 19 30 18 0 72 12 151 75 15 0 0 59 56 0 54 45 116 0 20 129 18 16 0 0 32 22 0 96 0 72 0 21 141 50 80 89 45 56 5 42 24 103 105 24 42 0 30 0 146 8 47 78 36 0 9 33 40 56 40 41 0 50 44 119 2 45 0 120 16 0 0 72 63 9 149 8 45 62 35 79 0 81 30 30 36 0 54 35 2 43 51 75 14 110 17 43 74 113 8 20 0 21 80 12 92 48 37 44 118 51 0 0 86 82 53 6 8 63 21 0 7 0 27 98 89 54 0 0 69 0 58 75 90 0 52 65 0 83 89 0 53 74 0 23 54 33 24 39 28 53 55 47 89 77 69 29 43 25 0 45 82 57 54 91 53 101 29 46 0 0 28 
11 30 121 73 9 69 9 20 26 97 26 8 0 24 4 67 66 84 26 72 72 113 154 87 28 63 175 54 5 96 96 0 0 0 10 27 0 7 25 0 24 0 25 0 12 35 86 0 27 0 0 18 20 40 78 87 0 37 18 64 45 118 58 70 97 0 0 0 115 37 7 45 0 47 35 36 88 6 27 15 82 64 46 12 136 60 0 36 69 31 32 13 3 12 58 22 3 0 34 3 32 57 76 24 0 0 0 12 0 40 15 75 36 78 53 81 0 3 3 89 0 67 54 47 0 128 52 35 12 15 12 0 0 72 0 48 33 16 87 20 3 12 43 0 14 31 10 0 132 0 39 9 0 18 0 0 103 107 15 3 36 18 0 24 50 73 56 40 0 100 89 44 25 42 39 12 40 6 21 0 3 24 69 6 40 18 0 45 30 6 0 23 0 6 91 8 88 65 82 78 28 89 137 6 0 22 74 28 103 30 41 0 2 141 0 79 42 39 55 38 27 20 29 0 25 81 29 38 12 18 60 0 104 81 12 0 76 76 44 28 0 38 28 66 100 143 45 153 36 11 45 37 24 30 30 55 
102 48 0 84 66 195 10 8 109 51 4 8 27 0 123 27 21 96 0 44 45 93 88 0 32 0 97 42 169 94 0 9 27 37 72 42 45 8 17 5 2 65 30 0 91 102 159 2 128 110 0 107 87 102 126 110 60 141 0 60 70 33 93 144 62 0 56 13 118 81 0 162 28 0 0 0 100 84 8 3 34 10 129 23 82 28 0 42 42 22 44 22 10 54 16 77 58 54 78 45 57 120 22 40 133 4 22 118 49 27 14 22 36 92 151 30 53 59 63 20 3 86 90 3 72 138 54 21 148 32 6 20 8 87 36 101 0 110 64 132 168 36 8 96 110 63 24 16 75 110 49 36 100 91 84 84 46 58 93 96 71 38 95 67 31 51 68 37 82 151 51 72 14 67 128 0 24 9 99 49 27 198 47 18 153 26 3 47 55 31 57 80 20 0 36 95 23 69 126 26 48 20 54 82 59 56 65 45 18 108 38 130 81 0 134 20 197 129 49 4 99 126 53 139 69 63 30 141 0 5 26 2 164 57 41 54 6 50 67 100 30 166 54 27 140 104 57 45 67 23 142 135 70 46 0 33 
0 0 43 36 44 0 36 94 54 89 9 38 4 28 0 133 15 73 145 80 40 74 26 23 96 18 178 0 69 2 27 123 114 34 73 39 83 87 0 101 28 12 18 50 40 64 0 9 24 81 104 30 110 73 37 146 96 0 8 95 1 5 12 107 26 3 125 91 81 0 18 5 45 0 27 38 0 14 8 57 35 64 87 0 55 6 10 25 0 113 63 164 66 64 52 5 54 101 0 63 0 18 36 126 0 51 0 121 0 56 10 102 83 79 129 0 36 21 27 70 129 64 15 0 30 101 16 44 0 18 23 0 15 93 10 50 81 80 30 0 89 128 54 47 38 112 149 50 47 49 99 20 49 28 53 72 67 0 0 21 30 8 5 180 162 98 15 40 15 83 54 0 0 105 127 151 35 40 72 49 0 49 64 52 92 11 170 72 193 4 36 14 47 58 0 10 94 104 83 78 54 113 36 18 71 12 48 140 0 36 85 8 0 100 49 48 4 0 3 0 94 122 73 84 25 45 74 30 84 0 27 67 50 0 118 0 54 0 53 65 0 40 8 24 13 56 19 160 23 5 0 4 28 195 12 30 
68 17 96 96 34 19 28 82 164 149 73 60 105 200 61 155 80 45 213 45 131 64 128 63 124 85 84 36 14 16 189 87 128 0 16 69 35 70 79 30 27 85 16 35 53 56 108 94 115 46 162 141 103 108 52 78 0 43 39 142 58 140 0 122 17 88 66 22 62 56 44 106 130 0 6 129 81 0 75 38 90 181 0 40 74 8 77 112 56 68 26 42 12 77 136 72 0 33 125 221 78 24 87 70 36 72 48 62 48 167 56 8 176 102 169 194 88 24 0 110 60 76 42 7 175 57 67 201 168 52 130 46 19 45 0 137 35 69 45 154 184 79 88 56 85 10 83 198 5 74 80 147 119 118 3 90 113 40 20 87 29 36 114 205 205 207 103 64 142 51 16 121 197 109 145 113 108 0 122 70 30 84 10 78 64 302 32 204 58 32 46 4 118 63 65 79 144 97 113 40 51 94 71 15 9 95 33 0 135 56 0 112 122 297 105 40 148 67 105 127 58 123 144 0 113 59 0 58 22 75 72 63 210 0 117 139 104 40 59 40 138 91 20 48 61 136 175 35 24 118 14 104 64 238 109 188 
39 24 0 117 54 7 0 42 154 45 0 20 117 7 144 97 10 120 8 103 165 0 8 12 136 49 24 21 128 54 76 71 127 15 0 48 45 98 56 16 12 24 20 42 71 82 20 9 102 7 8 0 48 21 18 82 154 20 36 31 0 72 106 18 40 18 82 0 0 21 8 52 0 50 40 0 42 96 12 64 120 54 6 36 63 0 42 28 56 6 40 18 0 0 0 81 103 24 107 89 14 8 0 40 168 87 72 11 8 45 0 69 12 8 146 56 0 14 6 73 96 94 84 0 24 15 39 54 45 10 0 81 112 64 6 36 0 126 20 0 67 9 4 118 65 0 96 56 48 4 56 164 30 65 1 63 16 45 8 11 0 21 72 48 90 83 25 82 0 0 3 12 21 42 77 72 79 64 36 93 2 19 55 4 37 100 0 42 43 66 0 103 31 79 164 48 30 51 45 3 13 106 0 3 0 17 56 0 176 112 63 49 35 93 0 59 63 10 18 6 0 63 64 5 66 5 15 99 32 39 7 7 28 84 10 0 8 16 88 42 56 40 97 4 155 95 98 21 92 0 62 130 192 42 72 102 
85 11 0 63 56 58 24 0 2 7 30 35 52 35 8 0 27 154 8 14 70 35 34 4 19 9 46 10 63 11 31 22 6 18 20 0 10 35 6 93 14 0 46 52 16 34 0 31 6 48 52 81 36 80 45 103 67 40 0 4 101 8 4 0 82 56 11 34 2 0 32 97 9 40 31 26 45 35 62 54 50 24 4 7 6 14 57 138 26 148 33 0 96 48 9 118 100 14 24 4 12 0 42 87 10 98 8 86 12 85 54 11 10 15 56 81 98 0 81 7 22 79 0 16 18 95 2 23 81 27 82 17 51 9 5 110 18 23 0 54 81 36 36 52 32 13 15 12 64 10 0 0 38 43 10 66 52 8 16 62 51 66 3 9 26 40 26 50 92 72 6 33 50 100 15 66 32 40 35 64 26 104 65 22 47 39 7 4 37 36 14 46 93 17 5 22 117 9 174 8 13 56 13 72 47 12 9 9 57 28 161 36 40 9 44 10 83 20 72 0 78 5 58 13 65 79 83 99 32 6 44 74 77 24 9 75 5 6 8 113 8 0 42 2 0 35 13 7 14 109 6 68 10 88 31 36 
64 66 0 0 43 25 58 115 56 84 0 108 21 42 24 36 8 100 12 86 134 54 92 37 134 40 61 10 56 159 67 88 72 0 38 1 60 67 64 111 0 3 18 46 14 136 32 9 71 94 100 72 149 76 40 84 152 109 9 163 100 56 32 126 125 26 36 12 0 9 61 72 54 20 27 0 30 18 105 33 123 16 0 2 73 55 26 9 113 105 6 12 128 54 112 27 72 3 84 127 42 0 12 153 107 45 0 140 0 147 7 148 108 116 107 16 32 68 178 0 90 100 48 32 183 30 93 54 171 63 99 28 54 165 2 44 201 36 32 134 180 92 136 79 72 35 201 86 69 65 184 72 150 80 42 52 128 0 56 130 62 80 78 84 196 63 40 84 131 115 63 121 106 70 93 77 48 14 4 48 36 70 85 0 34 51 24 0 88 87 42 97 80 7 15 101 86 144 182 35 34 73 85 86 97 7 0 61 76 45 201 155 32 42 36 76 114 54 19 146 72 97 146 45 151 7 88 54 73 6 19 7 193 36 30 56 24 55 26 65 134 40 0 63 21 0 267 42 75 19 86 11 24 0 0 80 
69 22 45 6 0 57 50 0 54 4 12 15 87 78 53 0 0 27 79 38 143 71 64 11 61 91 91 83 69 14 58 6 9 10 54 28 32 60 20 65 27 67 46 70 100 74 46 15 41 90 0 107 104 7 11 104 90 133 18 74 23 51 58 81 10 56 106 40 15 51 10 70 49 47 30 12 59 58 26 102 42 62 52 106 90 3 46 4 138 111 60 0 24 0 51 28 0 59 36 16 85 36 113 56 0 25 30 0 62 25 9 18 98 29 109 0 90 54 24 74 24 135 17 75 36 8 58 21 77 0 12 108 21 90 4 101 54 84 98 256 52 48 47 28 38 42 71 28 0 30 61 70 93 53 23 73 53 0 63 28 48 117 0 40 80 82 54 79 99 90 51 18 17 73 48 76 175 95 32 40 138 32 18 8 135 55 5 27 48 49 32 27 67 0 17 73 181 12 73 28 12 0 12 38 88 81 13 20 90 48 80 10 76 8 64 51 44 88 36 106 24 31 19 27 60 35 19 130 105 64 245 57 52 7 147 35 7 97 28 84 27 36 4 25 56 96 67 34 37 12 78 111 4 44 60 61 
225 13 0 26 49 31 109 47 36 120 12 152 18 10 76 10 88 15 63 59 25 49 28 145 193 34 182 77 98 104 142 13 75 40 143 26 0 62 16 51 122 36 18 0 28 32 56 0 81 179 104 82 150 63 0 105 27 69 64 103 40 141 98 64 106 18 164 2 52 56 131 160 18 6 0 0 41 135 24 75 200 23 102 32 99 46 38 145 41 71 8 14 97 0 148 110 59 111 42 77 42 91 4 25 148 39 88 91 5 61 35 8 112 87 91 64 62 131 0 80 45 16 8 72 88 94 48 36 40 77 14 51 55 37 28 16 189 26 114 77 162 10 98 80 58 0 82 42 131 110 14 28 28 0 81 216 69 18 32 48 29 41 69 96 114 91 69 24 26 97 130 0 241 35 30 112 60 31 68 12 7 176 179 80 9 236 7 59 58 123 81 12 84 1 20 3 29 24 74 40 78 130 49 18 149 25 53 0 8 62 69 20 27 0 64 17 114 153 42 36 0 104 6 0 47 42 123 50 68 0 62 44 124 16 139 86 0 154 0 56 24 76 6 73 119 18 30 238 29 59 0 18 88 60 119 66 
30 48 0 36 66 12 109 17 82 18 30 14 77 143 25 31 0 21 57 49 45 12 26 18 62 70 90 45 6 97 70 26 18 0 40 9 0 184 43 36 50 15 35 6 66 36 44 0 117 69 56 0 0 15 33 63 37 15 36 63 0 81 116 58 65 23 105 0 4 12 15 35 62 12 0 24 12 27 63 72 58 89 17 20 30 3 10 0 70 37 35 155 36 63 41 91 52 52 54 18 45 26 10 65 105 45 9 108 0 0 0 7 39 9 40 81 122 75 68 88 21 108 63 0 6 12 35 108 36 24 107 42 10 0 54 47 0 37 88 91 145 63 69 135 32 0 5 41 81 15 0 72 55 59 0 113 0 16 102 30 0 0 57 0 0 37 81 22 66 57 41 36 15 12 35 49 27 97 64 0 27 18 10 0 6 84 18 21 39 27 0 18 36 0 53 12 73 81 87 112 52 16 67 66 84 5 15 0 97 51 0 63 154 63 32 11 8 85 5 6 30 0 50 51 106 39 83 64 6 15 0 51 58 67 37 30 18 73 30 33 36 75 152 0 23 108 8 60 34 20 67 22 36 56 70 9 
0 76 48 39 49 0 32 0 105 53 42 87 50 95 48 18 23 31 49 63 64 68 35 0 49 96 28 23 136 25 48 146 66 35 0 47 69 26 56 80 4 65 70 0 52 0 56 0 74 12 111 113 51 92 35 35 48 0 81 21 27 72 151 89 0 97 49 6 36 24 47 103 17 0 63 57 25 27 3 72 81 153 0 6 24 56 6 21 63 64 27 3 75 38 8 30 32 57 54 56 31 42 24 54 27 96 0 16 3 36 66 63 70 42 60 90 3 14 35 163 6 136 54 0 162 4 12 0 68 63 27 46 20 0 0 83 12 4 35 36 72 6 56 48 14 0 8 38 56 50 141 235 53 90 0 145 116 7 24 132 103 32 21 42 96 57 41 82 151 52 47 129 39 44 22 84 47 75 31 17 131 1 65 0 0 86 21 0 57 49 38 58 76 82 44 52 128 36 75 38 0 24 6 85 73 36 48 21 34 61 67 48 25 0 80 21 133 88 36 6 42 6 79 15 30 56 6 0 40 92 0 6 67 18 62 39 38 81 30 6 14 21 81 0 37 57 201 58 89 64 36 54 98 49 0 9 
50 36 63 0 27 21 158 4 118 0 0 35 20 45 77 16 1 90 81 10 46 6 36 93 63 73 116 113 66 42 136 1 39 45 77 0 7 66 0 77 43 3 14 60 8 4 72 35 6 6 0 0 63 15 59 118 63 8 0 4 9 34 49 19 77 22 75 4 49 68 6 12 20 11 0 14 0 34 59 14 132 24 12 24 8 8 9 132 6 74 2 56 18 95 5 61 49 138 0 6 52 10 4 37 18 82 0 133 101 0 43 76 96 0 94 18 61 0 28 30 0 62 47 3 0 64 0 87 9 24 18 0 68 0 16 47 45 17 143 80 111 65 20 52 6 21 36 78 53 0 15 0 46 8 8 137 12 2 30 48 16 77 30 36 71 89 22 8 22 12 143 18 139 36 4 33 36 105 40 26 12 110 28 0 26 86 57 35 18 46 0 78 73 0 1 59 86 68 15 0 41 20 42 23 8 24 90 0 0 66 58 0 22 127 45 30 37 76 52 64 41 30 81 63 31 81 129 14 97 28 30 76 23 26 75 3 21 63 24 146 75 86 18 1 147 130 4 45 13 8 15 6 50 87 63 0 
14 18 14 148 36 0 54 48 61 24 60 3 33 109 45 134 0 153 22 16 113 0 68 0 48 0 197 36 24 143 158 47 88 18 32 42 63 12 63 132 30 20 54 125 14 41 0 84 46 46 26 24 76 83 36 72 184 48 6 8 39 18 134 70 159 59 113 30 0 25 128 123 27 199 0 60 88 0 0 8 0 0 81 48 100 44 32 0 72 18 47 12 76 88 58 58 15 124 102 0 0 42 100 25 38 32 0 32 0 24 99 66 16 45 135 7 84 40 81 118 0 24 93 0 0 59 0 0 24 54 147 72 55 120 74 165 64 48 55 74 42 57 6 0 49 8 54 21 33 24 30 18 76 0 0 24 7 135 54 64 99 3 75 78 140 56 101 75 33 89 38 12 32 82 114 46 83 72 48 119 32 0 129 0 96 68 101 24 68 113 6 81 220 93 54 198 59 110 84 0 12 56 117 43 56 88 36 0 202 48 39 77 18 136 16 48 0 0 80 33 54 36 49 56 94 20 99 100 64 52 115 42 20 66 18 0 56 18 0 118 138 12 36 69 0 12 90 83 32 0 119 39 3 18 23 86 
111 43 36 95 173 21 4 92 74 1 81 12 209 71 56 102 104 74 114 75 30 48 114 38 67 36 95 67 0 83 96 159 106 12 72 94 89 104 69 12 134 57 92 96 57 63 16 142 148 79 46 99 56 45 139 141 42 112 51 88 114 0 27 15 47 208 59 56 120 88 72 158 32 94 59 68 71 30 32 15 49 89 3 16 30 72 3 3 39 18 120 55 80 4 94 20 9 90 70 121 14 41 76 81 261 14 20 124 81 42 176 62 37 187 136 134 72 28 18 37 13 94 82 81 71 16 68 91 126 81 90 155 42 45 42 201 117 159 21 200 90 54 109 168 37 63 60 180 43 139 64 6 12 84 138 45 153 63 19 9 133 57 21 59 179 34 61 126 105 151 214 0 51 26 82 112 119 47 50 147 30 44 0 0 63 154 109 36 60 24 14 0 245 44 28 37 123 63 81 70 9 81 12 191 165 96 15 4 153 63 27 165 188 121 80 28 47 83 72 60 88 112 24 9 111 111 117 80 36 41 56 19 118 98 60 88 36 62 22 64 14 56 58 12 140 194 77 53 27 10 18 131 27 63 161 98 
48 123 79 27 16 81 58 8 42 36 16 63 135 90 4 54 0 81 48 0 128 6 74 74 30 66 62 4 18 102 60 90 107 20 16 96 105 7 26 12 123 45 30 72 4 72 21 7 27 60 100 140 36 54 3 66 0 18 26 15 20 81 60 0 46 129 7 97 30 81 0 47 94 118 57 55 16 49 66 27 122 0 32 54 29 81 43 75 18 114 80 12 72 59 57 13 73 0 100 52 36 55 84 0 218 36 44 51 16 75 50 26 8 24 30 64 18 44 79 84 15 57 59 15 29 0 102 0 153 42 0 24 15 36 45 164 0 80 85 72 33 42 4 26 48 0 5 28 0 19 5 63 54 78 31 14 161 38 21 135 87 53 47 34 170 6 22 63 6 116 15 14 32 54 44 47 2 21 30 90 0 45 42 128 0 56 116 38 46 47 33 65 65 0 63 6 77 2 44 50 34 0 16 6 128 41 63 0 96 56 30 195 78 111 0 61 172 16 210 6 48 57 111 0 15 171 47 55 72 36 43 44 51 84 3 93 28 48 72 47 7 24 45 42 76 62 30 54 10 91 0 27 17 20 48 90 
39 37 27 9 0 5 105 55 138 0 0 54 83 92 0 8 48 75 72 42 0 136 32 24 40 0 228 3 57 99 89 26 75 109 123 91 36 126 56 12 40 45 30 30 7 63 61 0 74 81 70 0 9 0 54 9 20 2 35 50 6 81 6 176 45 48 0 0 118 27 15 0 63 5 70 24 0 48 130 45 128 123 0 0 84 12 34 5 30 114 0 32 88 0 14 30 0 9 37 8 41 5 56 101 87 24 32 45 81 66 48 63 20 78 72 0 40 117 18 0 0 25 76 114 137 8 80 108 39 126 174 0 45 34 7 63 36 16 84 0 99 24 7 103 59 16 103 24 66 4 89 63 32 63 45 144 6 45 28 168 0 35 0 64 87 11 97 79 30 192 0 15 61 45 82 20 9 72 40 37 25 53 92 29 7 1 125 54 99 57 14 80 110 112 12 22 24 38 1 69 90 48 34 66 18 33 86 0 2 23 120 2 21 0 49 49 113 8 13 10 15 80 41 44 2 10 57 12 36 60 81 48 23 74 77 31 146 0 88 16 83 28 25 36 101 45 49 15 35 51 197 40 7 0 72 0 
60 9 24 0 81 26 43 15 16 88 27 18 37 32 12 72 0 56 81 0 0 8 25 31 0 79 0 40 9 97 4 5 33 16 54 0 0 99 40 19 135 16 9 9 0 0 72 0 7 56 40 12 88 69 56 213 137 0 54 92 65 67 77 0 64 75 0 16 0 48 60 37 72 21 18 21 64 6 8 0 130 60 0 49 0 109 89 59 31 27 0 48 87 0 79 111 64 58 23 79 0 30 12 0 30 40 0 100 0 3 0 65 161 26 176 24 56 54 0 96 28 54 2 57 12 96 0 51 40 88 24 2 9 4 96 0 85 0 64 100 78 0 9 60 24 12 124 97 27 78 0 36 67 0 90 0 113 0 82 147 48 18 26 140 124 38 18 42 75 42 0 43 111 34 124 38 0 46 24 32 1 121 30 2 6 77 81 0 68 132 48 32 69 114 21 93 40 64 14 0 90 30 79 91 70 29 46 16 42 48 91 5 105 197 45 81 6 72 57 24 59 71 81 21 159 78 78 41 63 36 131 59 56 96 101 0 0 75 129 9 99 36 18 3 69 48 47 149 45 32 18 60 100 77 16 50 
8 54 0 49 0 45 54 48 16 100 0 72 27 18 43 56 24 40 72 42 0 56 113 44 52 0 72 24 150 82 56 6 18 0 18 10 117 36 0 50 46 46 49 0 123 104 64 27 90 67 30 56 72 95 51 45 112 77 40 40 64 33 24 58 16 46 96 8 45 0 0 59 77 38 72 0 27 0 30 30 0 82 92 65 96 91 118 58 10 34 0 0 32 0 56 0 0 64 56 0 6 0 54 40 45 0 160 0 0 81 77 48 45 32 12 32 96 16 24 32 0 228 94 56 94 72 115 36 42 69 72 40 14 135 57 36 120 137 64 145 56 36 38 69 81 30 47 2 0 55 6 0 154 54 149 46 54 24 24 0 76 6 32 16 60 0 14 36 0 54 81 42 48 81 72 146 148 82 51 19 82 48 0 116 59 48 15 18 56 15 0 72 78 0 0 65 2 42 102 24 0 32 0 0 52 126 66 27 63 36 6 87 48 77 0 24 136 63 68 0 0 175 192 48 40 0 163 56 0 0 170 0 0 0 8 32 18 119 36 90 6 102 0 42 30 0 30 114 8 0 78 0 6 24 0 0 
46 86 4 123 21 70 0 81 151 78 0 66 117 182 42 106 0 37 44 54 67 63 161 48 62 81 38 41 0 89 40 73 36 0 27 156 0 91 54 39 105 33 98 116 42 170 2 0 52 151 10 42 90 72 39 54 25 62 3 75 66 78 78 176 74 132 0 52 33 59 131 27 232 96 30 15 0 41 122 42 41 152 81 9 36 6 129 53 29 99 103 93 77 0 140 46 65 2 69 68 69 49 18 12 104 51 78 75 68 40 16 25 153 56 100 153 36 90 63 16 147 73 38 83 28 39 56 102 35 89 89 28 164 80 35 23 64 31 15 71 44 85 24 230 75 40 79 63 55 8 11 86 0 95 45 138 98 21 48 0 81 70 0 126 128 20 181 82 21 16 91 6 67 35 43 54 47 72 40 28 72 52 81 97 41 112 54 0 87 50 12 24 97 82 71 46 77 71 72 0 78 93 44 0 158 77 12 105 173 56 66 61 112 128 30 25 91 104 28 28 9 137 40 86 111 48 102 0 18 6 105 48 35 122 39 75 0 18 0 40 126 152 18 66 54 153 58 55 71 78 106 114 36 76 86 79 
23 107 66 108 21 59 34 3 117 66 81 45 75 185 56 83 57 33 109 119 67 72 91 79 0 78 51 49 32 82 201 85 82 18 12 61 35 23 0 230 200 76 85 39 28 35 42 12 76 4 25 42 96 40 69 136 108 15 38 55 68 237 63 18 114 32 245 20 137 0 94 105 68 64 24 65 62 217 34 15 236 55 150 36 71 1 45 20 81 118 56 30 32 0 55 46 179 63 123 42 69 15 102 15 36 36 7 90 36 105 17 36 24 63 87 68 103 22 73 179 125 56 47 30 37 64 80 0 68 149 0 93 149 116 36 79 142 98 56 48 36 90 55 78 111 24 103 54 185 87 0 77 0 0 0 38 100 18 23 70 23 28 54 32 120 0 45 128 0 114 19 15 33 72 34 12 27 6 66 0 59 153 33 40 56 200 31 0 177 26 14 16 47 85 15 21 59 49 106 97 10 135 31 46 41 12 132 71 0 20 137 10 39 71 68 82 128 59 101 15 9 115 12 12 57 121 67 32 179 53 62 29 69 69 0 4 91 38 98 0 90 42 36 42 123 62 78 129 25 59 117 72 233 36 153 28 
32 103 36 10 42 8 51 60 60 241 0 18 108 56 0 42 42 0 15 8 30 46 81 0 0 24 122 0 32 216 152 42 32 130 88 15 30 160 0 154 42 79 46 50 10 27 0 64 63 54 0 12 82 15 9 70 155 49 45 49 21 35 56 35 0 0 18 24 88 17 74 14 102 56 4 88 130 27 44 0 96 20 0 0 23 77 40 54 48 0 96 56 75 49 35 57 108 28 21 0 35 0 0 56 120 21 0 40 92 100 0 24 31 118 96 80 98 63 109 40 60 163 49 36 50 126 16 84 27 0 7 8 4 158 18 84 128 22 44 48 171 105 111 54 0 48 76 72 155 25 28 81 7 44 56 17 26 6 44 0 0 165 0 32 115 45 31 92 40 40 44 66 44 0 8 42 70 32 121 0 45 36 63 40 96 0 16 45 30 36 8 38 115 33 10 0 40 24 90 77 20 56 36 0 0 9 52 30 64 45 110 44 42 30 8 49 116 65 52 80 40 0 101 1 16 0 28 33 42 48 0 124 62 60 7 0 86 33 40 14 48 46 48 32 32 20 8 62 38 0 150 28 72 89 128 32 
32 77 0 0 21 14 90 143 70 32 28 35 0 0 48 21 0 0 153 91 0 14 61 24 50 26 237 98 24 80 135 12 87 72 134 22 15 0 12 46 13 57 66 0 54 6 48 80 189 140 9 0 83 96 36 30 62 57 20 127 35 43 152 56 61 32 91 48 0 0 40 53 10 145 3 56 27 123 60 107 35 6 62 0 71 45 76 23 85 106 20 24 28 57 32 54 49 40 48 71 63 21 56 52 59 54 7 78 20 0 68 14 58 21 50 62 148 72 78 94 78 198 21 16 5 17 4 39 152 56 63 48 72 12 42 80 61 55 40 16 69 88 62 64 115 19 24 32 0 22 65 113 66 56 18 101 26 76 103 27 32 42 63 0 19 130 109 0 75 129 24 12 24 83 63 42 16 64 105 34 0 29 43 3 2 62 0 37 90 57 30 48 90 127 12 56 29 16 85 8 29 4 0 99 21 40 0 32 114 96 80 53 0 6 73 64 47 6 26 70 33 0 96 82 60 35 35 84 14 40 186 54 114 0 130 16 98 87 0 67 112 111 78 15 21 70 5 54 60 6 129 43 59 40 73 71 
75 0 0 0 22 41 14 54 48 62 12 2 19 77 0 28 0 10 59 83 40 63 158 3 81 0 28 0 0 8 10 103 30 15 66 49 18 79 3 56 32 102 17 50 57 177 54 78 125 75 55 22 168 0 86 156 26 60 9 107 0 0 16 95 17 42 69 14 36 37 123 122 138 18 0 54 43 0 75 10 5 130 0 0 18 25 11 21 77 43 90 45 82 79 110 7 71 14 2 0 48 64 11 7 88 36 12 40 12 94 28 60 35 18 63 83 136 130 0 20 78 116 7 0 0 0 86 30 75 5 49 84 5 76 147 100 35 77 0 76 4 25 72 6 37 25 0 0 35 34 29 61 34 35 8 42 99 12 36 60 41 60 3 64 90 94 15 72 24 0 30 83 72 74 4 77 5 40 118 111 48 61 0 0 0 74 0 0 67 46 50 4 23 21 81 10 88 137 91 73 12 45 5 27 68 18 60 3 36 80 20 95 67 18 79 109 42 144 67 91 40 0 64 0 30 57 51 16 136 20 97 50 109 90 73 68 10 0 0 107 99 0 10 0 35 98 56 29 83 27 6 46 63 0 108 86 
47 11 45 44 16 24 34 60 123 81 53 98 105 45 45 89 114 58 30 60 30 129 54 14 19 79 43 59 38 72 82 1 157 53 101 123 8 102 2 162 74 46 22 70 45 54 29 149 145 99 48 12 93 8 18 226 131 126 42 142 0 95 131 66 93 64 216 30 178 56 107 98 52 31 63 78 129 53 0 56 105 138 92 16 132 136 35 63 28 33 104 84 72 130 36 20 103 117 87 114 80 73 48 77 76 62 7 66 73 72 46 31 84 114 218 14 68 74 15 128 107 149 146 30 6 104 124 17 89 5 106 120 49 207 44 53 42 177 189 102 139 129 66 0 44 69 18 37 106 40 63 71 69 72 72 153 96 13 34 45 0 43 38 132 17 199 114 14 17 120 35 86 88 94 0 39 100 119 126 217 48 64 48 22 40 50 6 24 97 21 80 36 92 66 52 30 56 226 112 158 82 38 18 19 36 38 189 31 24 47 42 18 27 50 32 28 118 128 2 74 48 35 56 35 73 78 126 107 183 7 14 7 188 54 84 0 61 44 106 38 26 24 91 0 137 71 143 161 46 4 51 76 60 15 88 86 
111 69 144 73 112 20 81 81 170 106 28 22 20 0 18 110 57 72 172 162 44 51 83 64 86 57 284 57 96 92 99 68 113 168 208 40 69 130 31 61 226 73 70 54 39 37 12 112 100 127 56 29 159 206 149 222 220 40 101 151 46 96 63 128 54 141 326 100 64 3 77 74 27 42 42 104 65 134 64 67 55 94 87 32 76 7 63 49 109 179 54 120 84 143 38 93 121 104 20 63 116 38 125 23 70 18 24 113 56 54 45 66 95 143 130 4 97 82 162 62 200 186 45 0 0 156 87 123 242 82 188 173 17 23 42 56 69 177 17 152 120 140 162 36 161 0 121 88 168 0 0 8 9 48 83 0 99 87 0 8 82 0 53 54 27 158 36 54 88 151 109 24 51 26 87 149 119 95 50 0 88 33 240 97 0 183 109 38 84 67 0 79 203 235 25 83 104 148 58 84 87 45 125 133 149 34 45 135 104 32 154 146 125 123 181 9 86 92 28 4 76 174 24 67 219 160 115 132 24 73 122 0 309 36 132 9 150 30 134 51 35 0 52 4 56 63 72 143 60 120 73 80 115 142 114 42 
128 81 6 81 114 8 44 42 28 40 24 4 153 41 64 113 17 135 18 149 75 47 119 40 145 182 60 24 8 45 26 47 113 9 14 48 0 171 51 32 9 0 63 54 118 44 0 45 83 86 10 42 98 0 27 38 116 124 83 52 73 18 42 78 48 0 24 0 44 0 34 66 21 111 32 24 99 0 87 0 157 63 90 0 56 35 163 5 56 49 116 0 72 0 48 53 42 183 90 129 27 105 38 30 121 65 108 39 18 14 127 136 106 48 185 25 62 44 0 45 0 129 63 54 0 0 79 138 124 35 12 101 183 18 97 50 72 232 60 78 58 60 84 32 69 45 166 57 137 21 81 63 50 103 45 28 145 8 54 0 36 77 27 87 52 71 91 30 5 12 0 48 4 78 60 77 18 35 80 126 40 93 30 9 138 42 9 0 42 36 4 81 61 20 42 75 23 26 186 56 38 128 64 77 28 122 56 40 131 16 79 42 65 72 161 104 10 27 8 2 63 137 69 64 96 84 79 56 0 72 85 65 91 86 52 78 67 61 27 18 9 1 14 18 67 42 88 91 62 0 54 110 16 48 32 99 
28 115 63 87 72 9 74 124 51 6 88 29 39 89 58 12 22 120 54 43 159 167 30 49 268 72 24 5 120 136 105 37 0 42 0 96 53 57 24 4 0 68 24 49 59 168 18 36 0 123 85 36 159 48 104 67 38 58 45 54 135 0 62 81 106 85 88 45 97 0 52 106 36 75 0 105 12 45 71 60 70 34 27 4 133 81 0 0 48 4 167 23 40 49 82 12 37 64 45 0 8 56 18 159 185 9 12 131 109 61 45 87 0 70 178 142 12 53 46 0 45 71 66 63 88 12 108 6 18 63 56 128 9 21 4 168 73 35 6 81 48 75 93 179 48 47 107 57 27 36 85 3 16 12 68 18 104 0 27 48 99 78 41 132 232 105 114 120 15 28 42 6 27 74 43 51 50 42 75 47 40 79 138 8 81 63 18 43 10 74 105 7 167 45 27 32 68 121 52 60 39 16 72 41 154 65 81 38 218 96 84 73 14 77 133 0 174 0 24 108 143 117 63 111 34 33 220 54 6 66 30 82 60 120 28 81 4 83 46 42 31 71 30 20 126 43 91 66 39 16 0 154 62 50 56 39 
68 72 69 68 47 84 76 133 139 88 6 113 64 262 137 106 93 46 79 0 131 49 68 31 42 61 202 40 125 176 153 9 12 54 105 24 14 126 112 54 32 28 17 81 54 62 0 144 103 21 30 123 96 15 89 136 57 39 119 178 104 132 78 79 10 35 11 99 97 3 8 144 83 42 15 137 66 0 88 8 115 100 0 60 188 14 34 75 118 56 113 123 68 42 118 74 0 0 99 72 0 48 166 165 184 88 56 217 45 114 75 64 108 96 185 75 88 71 84 80 161 78 80 0 130 35 56 80 90 83 35 27 0 66 79 111 124 81 35 159 120 16 66 0 80 133 48 38 133 40 27 64 69 159 0 32 61 114 161 25 62 48 82 144 103 111 59 44 51 47 131 19 102 123 111 134 0 164 80 53 0 136 72 24 53 103 6 63 60 26 80 0 238 16 70 71 59 186 54 20 24 78 212 63 107 73 85 112 90 118 0 8 68 142 180 82 94 88 90 75 69 18 35 149 96 77 78 113 67 45 60 148 21 126 51 95 138 64 8 106 5 110 36 49 115 86 122 86 0 65 5 51 91 111 55 96 
182 74 0 108 0 64 94 3 48 138 31 42 122 39 55 151 30 54 220 54 65 113 65 149 6 72 112 56 18 43 50 36 152 67 70 42 4 18 72 97 88 10 0 44 55 51 105 30 73 23 154 0 185 83 49 113 19 128 145 48 0 54 145 145 65 126 19 81 41 0 15 119 61 37 19 89 175 56 73 0 203 100 89 65 56 108 44 62 53 44 4 74 129 38 54 153 7 79 139 86 18 72 12 0 128 66 0 89 0 5 21 128 43 156 85 45 144 43 48 132 149 95 16 6 108 63 10 0 133 30 70 24 59 130 0 64 59 116 94 26 113 64 9 15 5 3 0 100 48 91 0 0 67 20 6 88 34 5 52 78 63 39 70 105 72 65 27 66 44 60 0 122 55 109 49 56 0 10 72 82 24 189 100 80 56 116 46 12 42 0 110 8 69 119 11 110 50 0 84 10 107 58 54 56 0 76 18 0 37 14 42 103 54 57 4 36 156 44 85 32 41 177 42 0 27 59 72 104 55 67 113 0 44 0 138 75 65 17 96 6 50 5 0 18 274 38 127 96 77 82 89 77 135 0 40 147 
32 65 78 116 24 20 0 0 12 147 63 9 74 70 42 16 0 68 37 94 0 91 20 127 127 0 162 6 118 35 0 89 44 30 50 45 0 45 0 63 24 48 57 72 111 105 35 18 32 102 159 102 9 100 136 176 30 0 0 35 12 9 26 70 0 66 147 25 128 54 39 33 48 48 52 45 109 91 43 63 134 20 83 9 59 20 40 117 58 27 33 32 0 14 20 12 49 39 10 0 0 57 36 74 35 59 74 78 48 24 56 24 99 51 73 202 44 23 114 109 24 81 33 20 102 159 131 34 126 62 12 54 60 24 35 136 78 6 85 13 70 152 15 94 103 0 56 39 180 0 18 36 96 133 111 175 56 175 35 73 34 0 18 170 189 24 129 26 59 139 27 60 24 10 48 63 7 0 18 62 56 206 58 75 16 115 88 12 88 74 22 3 16 27 60 81 80 73 150 24 21 16 56 44 101 15 105 12 102 110 125 0 44 72 115 24 168 0 4 74 95 10 44 85 80 114 62 33 26 72 67 106 39 0 17 0 24 35 0 76 96 58 36 0 5 200 26 100 105 90 96 160 0 60 12 21 
0 151 24 54 53 20 80 54 39 28 71 0 42 63 2 77 106 56 81 9 119 125 35 53 55 99 82 16 88 110 17 30 22 14 15 126 60 82 21 54 55 22 80 8 85 87 6 46 63 29 148 25 130 14 55 115 32 39 2 134 33 119 57 44 160 26 148 20 0 25 36 109 44 55 120 81 59 125 71 0 26 60 58 2 47 74 30 108 0 124 156 127 92 82 80 98 28 69 58 5 0 2 154 69 40 9 42 59 45 143 36 4 112 56 95 119 91 26 112 6 8 261 77 120 72 32 97 13 23 93 96 64 7 139 67 212 34 70 26 65 26 8 123 54 66 46 142 32 140 49 6 21 85 4 84 18 44 41 46 72 53 21 35 64 131 16 0 85 67 95 0 33 30 128 2 122 6 0 96 0 34 12 83 34 82 83 31 17 9 73 136 75 72 51 63 6 148 107 92 90 4 10 101 10 72 73 40 25 87 136 112 42 106 126 228 0 133 16 59 16 42 103 115 111 38 29 141 30 50 34 2 10 69 80 54 0 5 0 5 96 102 41 40 12 40 36 0 113 43 91 89 32 90 78 89 14 
60 96 101 67 0 150 138 0 120 72 28 39 74 176 61 76 96 131 105 85 8 31 65 60 69 58 34 27 21 39 145 0 107 8 114 8 24 117 65 67 43 63 49 53 16 76 40 15 129 24 24 8 68 77 16 55 90 41 14 10 217 43 47 190 102 88 122 0 126 84 33 30 160 20 42 18 12 8 161 0 129 160 117 21 157 9 36 45 60 105 21 16 70 21 104 53 0 104 0 129 0 41 32 90 80 37 93 77 63 85 110 94 12 0 65 0 59 27 82 4 0 87 46 10 99 173 68 56 54 48 251 34 84 36 50 149 51 0 74 49 32 75 0 0 18 30 91 204 118 0 21 56 101 62 62 96 110 64 63 98 15 10 40 79 189 27 49 24 3 40 44 21 63 36 97 50 174 129 51 41 0 28 131 47 78 16 83 10 81 77 0 88 111 44 21 42 6 39 86 56 49 106 14 116 39 6 50 3 125 28 56 50 65 108 47 38 57 65 51 67 55 25 67 76 36 14 105 32 0 49 29 85 87 109 43 102 15 19 85 22 64 48 12 6 41 112 28 120 25 27 162 16 42 43 0 9 
124 9 63 54 53 9 7 76 0 30 0 66 48 97 98 32 45 0 0 0 97 60 40 7 75 63 51 30 0 7 21 25 0 0 22 0 0 47 24 184 148 27 27 5 72 47 54 48 28 12 0 0 120 54 132 0 112 81 0 0 63 108 60 5 43 48 156 24 0 0 12 18 54 60 54 142 99 0 0 35 110 16 24 0 32 36 0 40 18 9 0 0 0 0 0 24 125 64 6 117 0 72 0 42 63 101 0 86 9 0 0 74 0 96 56 63 0 12 2 54 30 86 27 15 76 133 90 24 0 9 104 18 115 45 56 24 0 8 63 0 0 121 12 22 18 0 0 78 35 79 15 72 15 62 0 127 3 0 27 0 101 0 67 160 148 80 16 78 9 57 28 0 0 48 12 57 66 72 15 74 0 130 40 63 24 68 0 0 62 2 74 156 66 0 0 46 112 40 75 21 18 18 0 0 72 1 42 28 35 12 0 0 42 39 0 54 42 28 21 96 0 95 56 75 0 0 50 36 45 161 64 94 7 55 65 84 82 0 28 35 57 73 40 0 63 64 35 127 82 81 124 18 7 0 8 30 
33 10 125 6 0 2 54 0 113 5 76 16 23 53 0 87 92 67 0 27 3 136 114 15 52 85 108 4 78 8 102 50 0 0 71 35 5 74 39 100 92 103 66 107 27 0 40 16 16 66 48 6 76 76 64 34 121 35 35 14 74 21 0 69 88 26 81 5 14 112 67 92 20 0 0 56 38 35 48 56 62 59 10 2 58 67 73 7 12 48 16 68 72 62 10 180 34 72 63 96 35 12 0 50 45 36 10 153 64 30 12 49 44 13 88 74 185 33 15 25 41 130 74 7 138 101 72 36 93 149 125 21 7 44 52 24 8 42 33 53 108 40 49 75 39 6 17 62 15 0 0 12 78 3 53 36 90 0 71 25 28 30 41 164 132 104 71 52 60 58 25 69 59 20 76 0 82 122 150 0 20 86 43 12 24 106 65 29 75 80 42 54 18 9 30 10 24 156 5 19 37 77 82 174 206 60 49 11 86 52 6 121 65 135 12 43 55 110 49 19 100 129 30 94 113 26 77 125 0 50 41 20 129 97 99 78 6 149 28 65 72 78 55 8 8 21 61 0 85 56 33 1 85 47 34 44 
78 109 0 87 28 112 90 108 18 32 18 21 142 262 72 0 0 45 116 63 120 65 104 18 111 18 62 78 4 95 25 94 42 49 48 81 5 60 171 82 99 37 0 70 63 162 0 10 61 124 99 74 107 55 8 255 30 118 28 105 36 107 136 114 15 72 71 52 68 27 210 223 164 16 90 116 31 15 97 0 83 43 146 11 210 120 29 8 45 18 161 139 24 70 52 63 69 45 24 126 107 120 0 24 0 29 27 23 12 108 27 10 251 24 263 64 52 30 14 45 119 17 14 20 6 92 90 16 120 4 18 54 58 162 10 118 112 188 54 212 171 61 91 5 126 72 78 108 95 89 24 72 139 87 18 93 126 54 80 123 62 8 49 29 57 97 44 36 105 74 12 120 78 5 47 65 30 98 36 66 59 87 86 0 49 135 0 4 159 127 130 51 83 168 78 102 154 97 63 77 35 73 64 0 150 121 63 71 160 149 36 135 140 211 157 30 113 99 87 107 89 27 62 55 106 14 36 27 114 30 6 21 55 84 121 180 29 0 90 164 128 197 20 28 104 48 126 173 79 135 265 183 0 0 50 76 
56 0 48 24 9 75 82 16 60 81 33 30 42 109 145 52 8 99 101 60 108 4 53 33 67 16 44 50 108 8 126 60 15 0 142 18 72 84 26 39 72 12 20 30 102 10 12 4 68 34 109 142 35 20 93 75 0 36 70 18 53 144 64 111 93 42 105 87 108 224 14 66 14 15 0 198 30 54 58 48 85 45 60 51 90 151 10 119 79 12 35 5 0 0 77 81 10 8 36 81 10 57 135 91 71 28 54 112 0 18 0 52 6 22 123 100 32 72 49 114 45 83 11 24 84 49 14 48 34 44 50 0 69 36 48 59 2 58 104 45 94 78 4 65 12 133 30 102 84 75 54 155 96 150 11 56 196 129 72 141 80 45 72 138 61 140 112 41 34 42 94 136 77 41 61 28 1 88 18 46 75 59 101 22 0 95 6 81 22 64 63 40 24 109 113 99 140 122 47 48 113 52 249 10 87 93 2 20 61 75 11 189 45 91 45 90 137 166 45 28 87 93 0 103 0 165 129 99 77 1 26 99 176 27 117 99 101 56 146 33 28 64 180 45 4 37 48 52 21 125 32 81 69 92 14 35 
34 15 6 32 78 36 74 32 3 36 14 0 32 12 36 0 5 84 33 108 38 35 49 34 59 6 56 57 51 8 40 30 57 41 197 9 40 81 12 0 2 31 24 0 36 6 58 11 96 20 1 90 56 21 50 78 72 48 36 83 0 1 15 64 18 0 1 2 35 0 21 49 21 95 119 24 3 27 16 10 30 0 0 0 49 0 7 62 56 63 0 1 63 88 69 96 37 75 0 36 40 22 0 5 48 69 0 24 0 27 71 26 14 129 22 0 50 28 20 0 54 103 18 0 32 64 36 119 36 47 50 38 21 0 16 100 103 45 73 1 74 89 10 25 26 24 64 8 122 20 6 69 0 56 2 65 5 15 20 0 23 0 11 8 83 137 60 8 0 20 44 39 3 87 51 30 17 13 72 12 110 82 48 0 93 33 9 0 3 106 0 36 13 26 24 100 59 28 39 0 15 40 50 27 44 24 78 0 30 18 125 10 48 6 85 20 97 29 29 0 44 6 3 100 147 28 88 0 0 91 6 31 93 18 33 27 18 15 8 93 56 42 16 3 61 50 2 33 44 36 5 15 21 134 25 0 
96 51 40 45 42 0 197 54 149 9 18 6 104 109 33 78 44 28 112 115 67 8 134 178 265 16 175 189 139 48 122 48 39 30 89 0 26 65 10 18 101 101 30 0 28 93 158 63 40 118 27 104 18 92 78 130 100 79 164 106 123 75 40 154 155 58 141 18 15 120 70 120 196 12 18 16 50 160 111 0 229 126 18 22 0 15 42 150 0 40 25 20 0 74 21 68 25 78 14 5 101 5 51 20 36 32 4 73 48 0 51 12 80 0 56 72 170 13 81 25 108 172 56 0 42 60 68 122 56 69 91 28 63 50 0 86 24 146 101 94 198 20 150 110 53 3 84 42 8 3 14 56 30 38 18 118 6 54 36 46 0 35 57 24 46 44 93 108 62 101 95 99 193 34 41 6 5 15 126 0 69 44 127 35 43 156 10 119 50 42 64 12 41 136 28 30 64 89 133 0 109 31 0 125 80 88 73 0 69 92 19 12 81 92 122 40 81 178 26 81 36 74 45 9 44 95 171 65 177 47 21 0 108 70 78 38 79 120 149 104 115 130 49 21 51 61 41 125 11 84 143 7 220 129 254 0 
101 129 85 30 0 8 28 126 214 56 135 50 102 93 169 154 94 130 44 118 224 174 126 0 108 66 249 0 180 47 10 116 149 74 20 225 88 203 72 124 38 13 225 100 112 83 0 40 64 122 108 48 159 18 95 180 110 86 50 76 63 105 96 88 124 23 122 12 121 84 117 102 76 53 116 35 45 46 3 52 187 172 4 0 50 6 144 106 31 210 116 44 134 88 74 182 28 12 69 0 90 135 45 70 149 38 6 17 0 58 89 144 90 85 165 0 0 2 95 24 91 86 79 1 18 111 94 119 28 0 98 0 93 251 49 111 60 238 63 112 36 45 54 52 33 6 111 136 0 64 192 0 77 85 6 112 147 53 24 30 28 83 63 193 175 161 84 37 98 121 14 20 30 81 145 196 121 28 85 89 73 52 80 42 27 70 104 86 48 119 50 58 136 120 117 100 114 111 104 159 58 59 22 12 167 84 4 125 203 63 108 40 97 250 18 37 111 69 2 56 92 168 4 42 193 0 77 120 72 31 72 103 209 80 92 77 105 69 38 224 87 251 4 89 60 138 45 99 95 138 130 126 19 84 42 160 
255 68 81 3 5 34 95 33 98 143 45 72 96 79 51 152 0 80 66 16 54 49 68 27 14 191 136 44 86 72 12 24 181 37 82 36 16 7 0 32 32 41 18 54 26 27 18 72 38 129 38 6 179 119 48 66 54 38 33 16 0 183 80 68 147 55 20 52 113 23 88 29 33 16 0 41 55 24 82 0 67 44 0 4 63 65 113 55 40 100 84 64 72 37 127 78 35 0 55 21 18 87 110 14 149 86 12 10 119 46 96 39 180 66 129 36 35 139 189 0 32 111 77 81 63 119 38 50 148 77 10 48 30 95 2 101 102 118 51 146 153 68 88 41 44 39 108 15 118 76 32 82 135 6 130 57 79 42 0 124 1 131 16 88 147 149 60 102 95 111 142 74 133 126 58 30 27 153 26 86 16 116 143 0 81 52 24 18 0 111 124 27 63 72 37 45 131 148 57 0 67 10 187 15 28 0 23 14 14 50 182 10 71 83 81 42 47 40 73 116 65 12 70 67 57 35 96 119 0 2 146 49 84 81 35 6 46 69 89 47 48 45 10 58 192 86 85 145 26 61 84 72 27 36 34 74 
35 18 153 136 91 60 83 80 36 51 87 36 9 63 78 99 0 46 128 42 110 77 82 77 97 0 205 40 0 31 50 159 12 43 176 14 130 47 9 28 72 120 18 65 52 110 0 39 167 137 20 14 130 40 117 97 63 52 0 89 16 85 23 111 7 0 31 21 14 72 77 152 60 52 52 0 4 0 94 27 118 64 14 0 45 12 20 101 42 64 18 85 10 74 67 65 89 81 15 17 79 103 42 100 88 55 44 50 0 12 63 35 76 45 106 78 89 111 7 98 75 72 35 20 48 65 116 0 0 31 60 38 18 165 9 150 27 171 18 57 144 108 64 26 27 0 139 16 207 22 0 18 107 32 22 76 108 114 71 32 23 98 0 92 107 60 19 24 23 70 99 87 96 18 22 131 34 15 130 20 65 146 129 177 131 48 93 4 100 42 64 7 45 66 79 51 103 78 85 63 75 69 81 78 58 34 29 111 88 67 12 81 29 80 91 46 68 160 20 83 0 36 125 52 23 150 150 33 134 28 67 0 144 75 73 6 54 16 30 30 30 78 18 71 64 220 18 180 104 68 20 22 4 70 63 36 
60 54 6 45 24 4 26 44 93 37 64 36 18 0 114 43 180 0 27 0 32 119 87 0 18 28 54 33 3 67 63 7 42 36 18 81 68 48 32 30 25 12 87 52 30 41 24 75 43 86 5 30 5 48 27 21 27 84 21 102 4 9 0 0 132 0 18 0 77 8 30 171 86 19 102 48 36 12 50 0 87 30 18 3 45 78 26 75 40 20 109 77 12 41 64 114 75 14 12 52 29 40 119 42 112 30 4 96 45 136 87 10 23 54 139 57 81 103 46 0 42 80 48 76 97 0 53 100 99 45 67 8 69 3 42 24 36 96 81 48 153 0 62 187 27 91 15 25 0 29 63 57 58 119 13 5 111 22 0 94 59 18 0 208 72 79 56 36 42 90 10 54 16 87 66 133 30 0 112 57 24 24 5 14 5 159 30 81 45 2 35 40 42 27 54 50 25 45 65 30 19 12 39 153 156 67 2 35 135 75 51 47 97 67 81 63 42 54 4 27 24 81 53 46 51 6 88 75 61 0 24 0 42 48 15 36 90 54 47 35 0 89 28 52 4 193 45 66 34 48 74 22 59 34 82 44 
80 97 0 119 124 60 8 48 16 112 4 126 72 49 37 58 0 28 36 30 90 20 12 28 113 37 40 56 0 110 107 117 37 0 0 54 56 52 20 46 92 98 52 64 67 25 0 48 47 70 157 178 28 82 6 84 17 88 90 88 126 24 53 88 67 140 133 59 48 2 55 0 88 111 47 6 81 60 54 6 102 103 0 38 102 37 54 124 35 40 125 0 67 0 56 45 67 18 63 63 28 68 48 20 24 57 68 161 0 15 49 101 104 144 7 146 8 28 0 154 12 6 57 10 114 61 48 33 118 52 22 86 17 109 49 68 84 46 0 46 23 100 111 12 46 0 49 28 48 53 21 56 78 18 15 124 50 60 24 0 58 98 91 64 56 39 139 57 117 95 46 24 104 67 99 105 22 55 59 17 0 141 0 77 79 229 0 44 30 55 6 6 120 44 16 16 77 13 109 14 0 32 10 0 89 0 38 40 162 18 72 58 63 49 28 116 203 12 0 24 49 67 88 27 140 34 57 26 48 24 125 79 0 42 8 152 16 137 6 19 24 23 0 35 87 8 42 76 72 92 27 142 23 86 0 74 
118 40 124 165 28 30 18 16 76 21 0 57 32 151 79 27 0 107 89 221 62 18 24 69 95 9 71 111 63 128 111 96 80 10 11 73 157 37 51 197 97 17 18 24 36 4 0 26 64 151 121 65 133 138 66 17 98 15 8 140 12 163 181 92 98 51 125 16 71 0 108 0 36 96 0 35 46 108 99 82 24 91 86 32 66 55 56 0 0 67 32 105 35 8 6 0 94 35 76 39 0 12 45 40 88 220 0 167 9 72 40 49 83 27 79 210 0 108 42 157 150 174 35 71 37 8 24 54 45 8 7 78 28 27 30 108 52 56 17 57 189 165 60 53 79 108 137 153 36 48 120 128 0 50 78 56 247 46 67 69 91 98 0 12 103 0 57 92 9 64 102 107 94 32 40 35 45 166 46 16 81 83 35 35 8 70 16 37 155 124 93 40 108 94 113 12 72 62 128 48 48 92 44 25 67 46 80 18 174 102 68 133 0 126 72 24 115 104 26 49 96 0 92 67 143 104 112 62 48 82 77 84 40 122 98 4 94 60 56 79 69 169 188 62 75 132 65 119 62 87 75 80 92 115 96 95 
31 105 8 134 75 0 90 71 116 42 57 155 158 183 24 138 4 172 118 138 55 30 124 199 188 10 40 22 37 111 33 46 147 12 134 0 18 2 40 42 158 72 89 102 33 59 0 76 74 3 1 66 103 292 143 102 0 65 37 198 130 77 82 59 65 157 29 63 84 83 58 101 45 22 22 71 60 15 138 103 145 92 84 73 9 18 44 41 85 179 115 21 114 166 12 12 23 30 108 121 15 24 158 146 79 51 28 71 35 95 169 21 36 41 161 97 81 0 6 93 127 242 45 61 66 40 112 78 42 117 67 64 64 71 23 78 64 100 112 151 97 60 10 200 164 49 6 30 93 48 54 207 61 166 85 47 90 211 5 100 40 49 35 117 117 135 149 107 20 144 68 34 90 249 68 155 159 78 36 102 16 69 92 219 54 65 91 147 68 113 4 78 129 152 63 109 95 101 137 22 10 108 74 45 70 43 27 100 99 186 37 145 22 58 57 42 80 0 82 30 42 85 220 70 60 161 124 168 45 122 78 73 73 28 36 21 71 65 188 92 17 23 93 44 48 25 61 89 27 86 21 40 144 260 101 61 
72 61 0 0 36 58 67 81 0 39 0 21 0 76 4 86 0 0 105 21 15 39 48 78 68 27 143 55 6 77 64 10 0 18 102 0 60 46 48 71 12 14 42 0 4 42 24 31 177 54 0 9 95 70 54 27 28 39 59 218 66 54 6 152 35 0 0 0 76 22 24 63 28 16 48 31 0 0 31 20 42 99 48 0 31 32 0 14 99 4 32 88 32 0 0 12 78 0 0 84 75 7 97 98 89 6 56 8 20 65 0 43 87 51 18 38 7 110 12 56 27 27 20 0 2 48 0 42 0 32 63 0 24 54 32 12 18 10 48 189 67 40 4 8 119 18 44 75 43 21 0 53 55 16 0 0 36 63 3 91 32 24 20 0 90 91 25 0 42 0 26 54 74 36 0 18 30 21 28 0 35 68 99 68 6 24 0 99 21 0 12 0 36 46 42 0 0 100 87 0 12 0 62 0 16 6 53 16 83 20 25 0 0 14 89 27 60 16 0 0 0 0 6 8 13 52 80 44 6 26 52 45 92 91 42 37 88 18 42 33 54 132 59 96 42 84 9 0 40 76 121 28 41 72 56 6 
24 78 9 26 28 53 125 48 24 69 24 149 0 98 15 136 0 75 132 78 67 89 63 90 178 77 189 60 9 65 96 100 43 20 137 30 20 53 64 80 69 88 17 85 24 56 22 22 87 91 143 36 309 12 94 81 71 76 14 88 25 30 0 195 30 177 96 67 26 21 15 176 65 30 6 45 15 27 10 41 59 40 116 12 53 24 0 23 81 44 113 0 49 23 111 24 23 179 33 18 52 99 62 150 150 74 24 74 14 15 0 86 12 41 142 40 0 91 69 84 105 103 23 0 42 87 14 0 99 0 83 57 81 94 21 95 21 116 81 75 75 54 23 14 48 49 135 89 101 15 35 37 41 44 0 60 41 0 14 100 21 42 75 140 117 144 55 27 44 47 0 22 8 91 62 87 53 75 18 66 27 84 43 90 20 73 132 32 130 16 37 105 129 59 29 33 113 25 129 66 91 16 28 123 140 102 20 161 0 79 29 66 61 74 184 57 95 48 61 14 15 42 106 92 0 94 162 48 42 43 42 152 89 8 81 74 46 0 33 68 61 62 4 24 34 18 65 172 52 107 45 27 29 103 28 29 
169 139 66 92 7 58 108 200 102 0 72 45 21 107 51 152 5 81 131 36 124 74 129 0 30 66 24 0 53 165 45 80 0 10 58 106 25 17 77 24 21 55 24 123 26 62 57 40 291 175 48 0 277 88 101 105 93 118 66 123 12 62 114 131 24 116 56 36 18 0 52 61 115 73 0 73 28 0 63 15 25 155 54 4 114 40 68 7 89 87 104 107 84 28 64 2 79 54 28 36 89 8 9 0 129 45 3 85 10 12 14 21 55 21 76 127 272 6 47 20 0 120 80 0 0 20 37 43 18 40 39 81 51 143 120 94 62 77 55 35 50 165 162 6 84 30 120 22 121 64 53 30 48 24 56 56 77 8 36 0 199 52 29 54 21 49 69 0 3 26 72 143 27 25 0 48 20 28 72 32 75 60 50 111 70 134 36 6 94 22 56 27 0 106 77 72 96 18 119 107 55 8 25 104 12 15 82 50 35 123 0 34 83 127 144 45 126 111 80 134 14 106 145 0 75 16 37 25 95 44 103 131 101 103 56 10 136 94 7 42 35 41 0 28 7 64 20 44 53 64 105 62 135 92 63 54 
63 86 85 38 0 93 64 24 240 0 21 66 21 27 47 0 9 61 0 72 117 0 37 30 126 92 70 7 49 40 60 40 0 43 28 0 36 0 0 0 48 8 18 57 4 78 63 66 64 106 63 0 89 0 0 66 102 0 127 0 36 9 107 56 73 24 3 0 49 0 33 141 0 26 0 66 72 0 14 0 72 40 94 14 14 16 0 89 0 16 51 72 27 165 0 4 0 0 63 36 0 0 4 4 5 69 0 22 127 1 27 27 54 17 82 0 27 44 36 0 177 87 118 0 0 100 72 54 73 116 36 81 70 148 0 45 0 56 28 86 117 20 3 2 48 67 36 53 63 7 15 4 72 9 0 32 0 0 45 83 18 0 260 0 54 28 0 0 18 18 67 121 68 16 51 10 38 81 54 20 0 53 204 0 98 54 0 30 71 34 47 40 146 0 48 0 0 52 9 0 98 9 113 37 72 55 56 40 102 104 0 72 36 69 24 25 36 0 5 56 170 2 63 80 94 53 220 33 100 0 18 1 90 0 63 12 59 18 21 68 143 32 18 24 171 5 45 18 0 0 187 0 23 64 0 12 
37 15 48 13 0 30 29 8 94 86 37 58 14 16 57 72 0 24 25 0 69 64 80 7 3 70 149 48 104 83 0 38 123 0 21 22 15 24 42 69 22 128 60 12 28 36 34 22 45 92 5 59 32 28 12 138 59 102 46 72 0 71 0 79 127 121 69 22 0 54 58 51 123 79 2 7 16 76 3 5 11 18 14 12 6 16 43 8 48 0 44 18 51 66 72 16 37 8 0 31 0 68 64 15 198 28 0 36 34 32 21 157 129 16 70 16 0 36 100 12 0 46 40 34 49 73 54 16 96 0 117 46 8 120 42 10 45 53 90 68 113 48 0 94 0 0 58 66 22 20 63 16 1 65 36 64 100 0 74 80 24 34 50 91 63 21 0 36 31 94 46 3 54 81 196 22 4 6 23 0 2 61 89 10 12 9 71 0 18 84 32 57 20 55 54 56 54 24 80 16 30 0 0 15 92 60 117 10 73 20 72 89 56 111 0 20 127 48 10 51 33 21 126 6 16 25 12 51 8 5 12 2 1 143 27 30 35 21 0 81 50 16 8 0 181 0 39 38 76 61 43 112 83 0 26 86 
2 30 0 109 66 18 30 50 87 104 12 30 30 96 29 66 0 189 0 169 166 63 62 38 18 0 97 94 35 38 93 50 87 35 102 4 70 63 101 68 44 54 18 51 19 24 40 36 70 3 20 139 68 64 35 83 88 72 23 99 127 146 7 81 113 24 86 5 38 34 38 40 40 18 48 73 33 105 53 6 86 36 0 36 58 5 4 134 0 42 28 59 148 53 104 95 63 20 35 63 62 15 2 56 12 69 10 46 36 102 16 69 183 84 68 36 10 10 118 40 136 49 40 5 50 90 26 80 87 12 110 113 24 79 8 57 111 130 0 76 133 16 60 4 48 0 70 48 118 5 3 44 68 24 45 42 29 75 42 56 28 35 3 22 7 35 26 15 80 117 74 36 43 58 94 48 23 91 70 24 88 94 100 6 7 105 25 15 180 99 53 4 106 96 2 144 96 0 131 0 45 21 86 60 0 2 24 36 99 66 184 15 58 40 73 36 222 71 74 27 80 0 6 0 143 6 56 16 36 33 15 35 111 101 27 54 45 36 111 136 8 91 10 61 99 40 112 101 46 89 81 125 164 53 118 27 
40 30 38 28 0 0 44 76 69 0 18 51 2 115 2 0 40 63 63 140 27 25 21 37 0 122 48 0 0 123 59 86 65 6 71 0 7 65 171 107 48 35 75 14 0 10 72 0 9 86 66 104 14 56 0 72 0 15 72 63 47 71 39 0 21 135 18 0 47 32 77 71 42 16 57 134 51 0 27 49 44 111 16 0 51 18 24 23 0 38 55 72 63 43 56 42 135 36 35 171 0 95 56 0 130 28 60 0 0 72 13 65 81 63 53 0 27 18 68 117 63 109 38 70 10 14 47 49 56 35 81 0 62 6 100 23 55 55 179 173 72 80 0 31 40 0 30 119 74 21 0 58 60 0 0 40 33 21 9 91 89 63 40 29 91 28 64 27 15 50 32 71 7 30 46 0 0 103 7 0 56 36 9 8 10 4 61 49 87 73 6 49 4 14 0 97 108 0 29 67 4 56 41 40 88 26 104 99 15 4 74 36 56 9 61 27 25 40 0 16 13 7 27 6 61 35 0 0 30 55 54 70 32 87 30 37 74 0 26 31 0 159 0 56 86 0 54 0 0 85 54 3 92 27 4 18 
126 68 77 87 52 46 146 86 111 72 9 4 77 46 66 138 0 112 24 148 103 86 16 37 23 15 104 30 32 135 20 84 48 60 74 72 88 95 0 0 0 74 125 48 0 122 0 102 72 122 20 160 156 55 32 20 90 5 71 20 18 92 40 20 69 64 16 14 0 0 36 75 84 18 63 76 50 54 10 99 48 156 78 49 80 127 0 69 89 163 33 36 139 92 101 18 10 50 58 0 0 156 0 25 36 52 56 78 36 40 45 93 46 54 76 86 200 75 82 32 18 99 22 0 35 0 16 52 105 28 42 77 81 32 64 40 138 0 39 102 62 48 9 134 137 42 234 86 103 93 88 54 0 62 54 87 153 0 59 62 60 22 99 62 182 4 15 0 46 41 54 48 49 6 114 139 48 60 116 0 0 128 44 78 54 44 6 3 19 64 47 57 61 104 28 24 5 163 36 39 0 40 43 60 58 27 6 24 48 55 47 8 68 72 63 17 5 94 56 16 86 32 6 42 48 75 66 35 8 20 26 142 66 48 78 0 3 108 32 5 115 40 42 36 27 0 56 40 24 100 39 86 168 137 15 99 
36 0 0 64 92 116 148 42 59 16 6 73 22 0 107 27 42 16 108 134 30 0 95 4 184 20 135 81 3 85 112 87 102 56 50 121 27 28 0 101 92 44 7 18 14 42 100 33 65 64 35 66 0 82 45 146 34 19 36 57 0 6 45 35 84 92 67 23 0 18 82 81 30 29 1 0 24 24 0 0 24 92 0 11 54 75 64 53 74 10 0 65 54 72 35 48 5 162 48 86 0 28 6 0 24 105 0 17 16 68 12 58 14 25 76 5 110 24 0 57 48 61 105 35 131 131 46 62 45 32 12 43 0 20 25 79 14 102 139 101 4 52 69 0 63 134 3 140 0 21 174 62 33 118 8 112 213 7 47 108 84 83 1 52 0 95 121 56 23 65 44 93 71 45 9 0 51 60 108 31 12 96 35 51 74 61 36 0 16 48 28 68 52 82 66 115 83 97 98 28 34 177 21 0 88 92 172 0 0 54 0 129 89 112 8 18 30 194 39 49 102 12 173 56 162 51 77 79 99 0 8 84 134 22 141 6 57 76 27 106 43 104 31 0 122 69 83 40 3 9 8 54 16 145 125 85 
104 63 85 131 112 81 121 0 35 88 20 0 142 20 169 106 89 50 84 80 10 24 97 146 111 90 98 68 57 62 189 9 178 3 137 57 88 37 70 92 65 35 69 105 28 38 111 45 183 74 67 8 8 45 71 112 122 98 79 64 48 28 184 9 108 0 28 12 75 99 10 135 92 55 99 28 186 44 47 78 118 28 10 0 112 151 144 76 66 4 163 8 95 42 27 135 21 247 52 51 18 33 94 14 82 74 55 94 0 93 150 32 78 81 174 93 125 32 23 138 55 157 47 25 206 146 25 4 38 64 42 75 78 81 33 164 3 81 102 71 227 192 12 33 81 118 93 122 190 35 44 42 113 43 63 70 99 113 0 33 124 61 0 139 195 39 72 62 66 63 92 117 98 0 67 126 0 0 72 92 113 184 44 37 120 36 27 92 58 24 51 53 59 81 30 34 24 96 26 98 36 114 72 90 48 27 83 21 156 122 87 9 100 90 106 68 141 185 34 15 139 28 124 143 11 52 77 83 60 102 179 19 75 0 63 45 45 36 39 80 39 84 20 66 76 145 61 107 60 40 77 45 7 175 84 125 
82 0 72 6 61 12 58 102 109 63 42 45 54 13 58 103 0 60 144 98 70 72 106 12 134 16 123 54 0 49 76 137 54 0 13 51 69 53 15 16 38 19 52 0 8 0 32 57 63 42 72 0 8 54 121 93 24 18 75 55 0 90 0 69 3 10 23 66 27 12 53 67 27 6 15 48 6 27 51 32 114 75 18 18 33 54 21 0 35 18 52 36 0 8 24 41 45 86 104 34 93 46 9 84 72 3 60 133 0 0 0 68 65 32 201 0 30 72 0 23 102 54 63 0 0 20 0 0 91 4 9 29 45 20 50 0 99 66 36 78 102 76 138 17 70 42 148 6 96 16 0 10 16 2 0 42 12 0 6 135 97 18 101 87 143 48 18 0 73 12 34 93 4 40 57 36 24 0 5 40 88 74 126 16 12 187 0 6 144 0 0 0 54 110 4 30 56 45 0 0 32 40 40 54 65 2 69 28 66 45 9 25 47 97 0 20 94 16 67 0 8 69 101 42 34 119 12 21 0 122 63 38 88 4 72 14 229 10 6 18 66 180 48 36 90 18 30 7 0 121 141 66 4 71 7 48 
85 120 110 69 28 83 135 89 4 95 64 8 69 122 149 55 93 51 115 67 128 173 130 19 78 131 141 91 25 182 231 119 12 66 29 74 0 45 90 156 54 50 23 72 48 92 91 73 105 64 73 18 78 56 146 90 44 143 88 42 141 121 84 118 48 136 98 84 50 0 46 42 16 62 6 4 142 65 112 0 122 53 56 4 88 106 57 118 112 128 62 48 99 16 92 197 73 60 55 138 0 10 52 158 14 18 41 81 88 47 135 15 122 133 116 126 60 30 104 162 113 145 31 101 122 104 36 16 232 103 62 9 49 43 64 230 30 84 78 184 86 290 20 137 163 97 61 199 18 1 69 16 37 59 28 25 56 51 156 92 135 85 48 101 218 138 39 79 50 59 30 30 68 129 101 111 65 98 64 9 40 79 39 55 103 181 35 18 52 81 19 35 197 193 36 62 101 136 30 49 87 116 60 119 86 97 25 38 14 82 62 103 67 66 10 37 135 40 50 89 0 65 75 31 56 148 148 231 45 156 122 104 88 133 159 66 137 79 81 103 96 139 110 38 49 129 72 174 29 115 56 144 43 62 116 92 
116 83 104 72 4 32 78 8 14 56 79 4 74 118 48 4 8 117 107 30 123 72 112 0 115 133 60 85 180 94 51 0 12 35 31 94 154 30 60 120 87 88 28 32 1 56 52 0 50 21 164 0 88 160 45 68 76 133 101 59 0 66 30 56 112 30 108 0 91 0 69 135 32 70 96 64 88 4 25 6 0 134 32 17 37 0 0 48 78 21 63 2 87 58 61 71 9 74 0 49 26 64 130 6 5 48 0 127 56 81 86 2 140 139 128 126 40 34 48 42 44 93 51 5 95 75 47 9 135 81 4 64 66 42 7 278 0 48 76 119 115 112 90 65 82 0 10 45 28 108 0 42 107 0 24 89 0 180 4 0 54 39 74 74 88 81 40 69 136 68 117 63 110 52 70 85 77 21 86 35 199 63 84 17 40 66 64 6 24 49 4 37 132 63 103 0 56 115 33 41 73 8 72 58 20 49 30 64 120 57 32 0 11 159 76 35 156 121 62 32 47 86 5 0 0 90 74 28 12 148 19 2 76 40 74 48 134 103 88 16 103 6 20 5 130 87 148 64 124 184 0 103 80 28 14 3 
61 5 0 0 12 0 0 16 46 75 0 24 74 56 36 54 49 72 47 0 174 0 30 3 16 104 109 37 24 0 17 94 0 135 0 20 12 84 0 53 8 90 6 62 24 59 74 3 24 4 40 74 18 64 58 30 238 85 38 80 17 26 0 0 28 40 75 55 24 30 40 110 74 154 9 35 124 0 81 48 66 18 0 24 117 53 6 35 45 65 117 12 127 120 88 38 0 72 88 24 19 0 48 31 45 6 16 27 25 14 0 48 139 69 87 5 104 95 0 20 40 5 165 0 42 133 31 9 146 0 50 87 32 31 8 0 37 131 25 126 84 78 3 24 8 70 43 75 9 15 96 51 48 57 147 12 143 0 35 0 58 7 33 48 62 0 36 8 18 96 82 0 22 25 189 6 36 10 49 64 40 55 21 28 6 37 8 0 12 16 72 9 20 0 24 7 30 93 39 0 24 72 48 0 136 29 15 15 27 32 19 104 68 146 88 5 92 0 82 107 67 72 47 104 21 76 0 46 24 54 49 81 127 44 36 31 40 45 12 5 43 12 57 10 9 40 69 63 11 30 21 77 3 109 0 66 
48 120 0 90 22 16 72 32 125 83 4 2 33 56 0 68 28 127 45 95 25 78 52 85 129 42 53 0 39 141 9 69 144 0 49 83 0 16 15 136 18 0 90 40 12 77 0 47 96 79 102 0 54 0 113 124 57 25 16 62 16 8 39 44 12 75 34 0 55 0 63 34 46 53 24 0 126 10 91 49 104 147 24 35 0 95 79 36 8 109 45 143 33 0 2 0 69 27 34 8 0 0 28 9 99 9 92 32 89 118 35 119 134 87 10 21 127 48 49 49 78 194 27 99 41 27 96 54 62 120 40 0 25 81 61 206 125 15 15 10 78 40 27 153 98 32 27 24 190 0 18 24 138 3 21 27 0 93 40 74 84 63 26 36 70 16 18 252 54 16 0 34 9 14 25 20 87 68 21 32 15 24 58 55 46 0 52 63 78 158 12 0 114 6 135 0 22 25 73 95 0 104 23 88 84 54 0 96 61 108 126 8 64 60 34 35 103 15 28 14 108 96 120 15 0 110 85 12 6 167 176 86 3 104 59 8 28 26 64 115 69 14 0 0 117 47 2 31 92 66 129 72 164 0 40 53 
35 123 0 36 0 37 115 135 195 50 21 24 111 16 24 43 6 115 86 46 21 51 42 0 103 99 258 0 200 65 154 82 154 185 50 63 9 110 8 88 8 59 20 90 38 30 0 73 69 29 0 50 156 53 58 236 217 100 76 96 44 36 63 114 0 90 194 83 141 114 96 26 76 52 12 45 56 110 20 0 126 48 113 0 80 97 8 93 54 104 163 97 162 123 111 42 127 204 0 73 42 39 28 49 177 72 0 70 152 85 37 20 70 66 214 63 0 127 100 46 82 141 119 0 24 78 105 38 206 22 4 157 86 114 2 113 107 55 38 173 88 192 84 243 67 40 40 25 88 0 160 34 86 94 74 30 152 10 39 56 12 57 0 36 128 70 56 126 0 106 16 30 90 34 59 138 74 77 71 114 76 85 130 26 48 60 85 56 110 87 4 58 221 77 94 64 63 69 70 72 36 38 41 92 32 57 249 10 122 76 107 48 30 164 119 44 70 25 36 28 48 20 79 4 50 139 149 68 217 94 81 71 96 110 122 6 30 18 72 80 43 32 106 28 174 147 64 81 32 7 63 141 70 48 20 64 
98 5 0 0 8 11 0 82 21 10 9 12 0 49 18 8 0 0 34 8 0 75 56 41 7 43 52 0 4 163 35 8 43 10 32 48 0 12 0 56 0 49 0 56 12 95 42 56 40 75 0 0 40 27 23 133 27 78 0 0 0 18 56 29 16 76 5 41 12 8 30 49 0 56 16 35 76 0 50 0 41 0 0 0 64 6 96 0 54 119 56 6 0 0 0 99 95 6 15 0 0 33 38 27 55 0 28 0 111 81 59 8 54 72 27 12 56 63 18 5 0 79 64 105 42 72 55 12 30 108 72 48 72 0 42 147 21 50 0 53 120 16 0 100 48 0 74 27 33 27 25 0 49 48 29 0 44 4 87 85 4 79 0 14 135 12 22 84 12 102 0 24 39 97 35 56 29 48 25 62 23 65 113 15 60 10 28 0 0 41 24 0 153 0 72 24 41 74 24 28 2 14 44 8 60 47 48 12 59 3 40 14 36 18 19 65 0 77 9 62 0 112 0 42 18 30 9 126 0 78 48 47 22 55 26 27 1 14 59 50 35 9 18 0 2 6 18 24 45 0 0 36 0 12 84 38 
27 111 0 27 0 49 6 0 29 14 18 54 10 90 56 9 56 46 0 67 157 57 69 134 0 16 12 64 37 0 69 14 72 10 56 0 8 18 160 16 0 11 51 12 73 49 5 24 4 0 21 76 10 56 56 139 0 10 0 99 95 6 22 135 35 0 35 0 125 155 18 63 115 0 36 0 90 28 34 48 49 49 56 4 90 18 10 25 0 16 0 32 103 0 31 14 0 10 0 45 73 114 153 0 5 15 28 76 0 0 55 81 151 18 20 14 0 63 0 128 46 0 4 45 72 56 0 7 55 73 57 0 4 18 22 88 0 0 63 119 231 0 0 0 69 70 64 24 93 0 28 34 32 86 0 8 49 40 4 0 42 31 12 49 33 0 54 63 42 0 47 45 71 54 42 18 20 52 29 18 48 16 0 79 0 0 27 154 82 49 16 12 16 11 0 104 0 54 56 63 14 0 18 144 48 0 4 22 57 21 51 8 108 0 67 87 132 46 8 0 36 15 0 16 0 105 0 38 35 37 80 0 0 32 2 45 0 32 48 109 18 84 48 31 24 134 156 58 64 21 69 87 4 135 73 28 
75 82 7 35 0 45 51 41 35 0 0 6 171 0 33 54 64 72 262 36 54 92 47 78 18 16 30 48 15 56 48 6 68 0 89 70 0 2 22 54 72 16 22 0 13 162 8 27 107 125 1 56 72 32 66 69 31 32 54 0 64 45 61 37 63 74 30 24 18 42 0 72 18 32 78 32 40 18 20 66 65 112 100 15 0 115 48 39 36 76 0 28 72 82 89 97 31 0 119 106 12 59 88 159 99 51 96 72 92 0 112 9 6 96 134 98 151 72 16 0 0 0 10 137 40 0 0 25 68 72 99 0 54 42 0 74 48 138 134 40 61 72 0 236 0 0 108 80 131 39 0 28 51 28 93 54 73 100 28 155 0 36 0 90 86 88 102 78 28 60 0 84 96 26 24 0 48 0 152 83 30 105 39 42 24 22 3 21 43 86 10 68 168 124 5 93 54 55 80 0 70 88 167 75 68 82 57 8 0 106 74 0 61 10 86 54 16 7 35 76 5 110 6 115 9 45 126 107 120 59 14 0 119 15 73 15 26 42 101 35 125 50 32 91 107 110 37 78 11 51 52 26 0 40 64 117 
18 75 25 14 16 12 125 19 89 36 10 11 24 30 0 63 24 9 10 24 137 41 17 21 30 29 50 0 173 56 59 0 10 60 63 24 12 67 4 0 0 83 0 84 8 14 20 26 31 19 0 18 45 10 81 9 55 45 23 17 80 8 25 81 32 60 45 42 16 60 20 15 124 2 6 16 42 50 86 28 45 21 0 18 104 41 0 24 5 34 126 31 42 49 64 6 35 4 90 14 14 24 16 0 119 34 25 44 79 58 10 6 59 12 71 74 18 16 112 13 0 49 47 2 50 0 103 28 104 50 36 77 0 45 3 28 42 0 10 76 12 78 84 98 24 6 0 12 82 0 83 28 36 34 0 80 56 0 0 28 21 99 3 59 40 7 84 100 100 52 14 58 55 3 4 24 24 12 49 16 36 32 34 41 9 70 9 10 12 62 119 82 11 16 0 10 60 0 31 11 0 5 0 80 24 76 65 7 45 77 30 14 55 130 153 59 42 40 28 70 122 42 107 49 4 28 21 4 30 56 71 14 38 48 75 25 2 24 20 23 0 35 0 13 74 48 11 0 30 28 68 115 74 54 0 5 
10 32 121 93 0 22 89 4 166 8 0 48 98 76 54 101 5 15 56 91 12 112 91 91 45 0 87 63 36 126 79 101 62 0 0 0 49 0 66 9 0 157 27 78 50 0 138 0 0 48 32 164 48 48 57 70 0 48 20 60 24 0 0 8 60 15 0 56 0 66 30 24 81 133 24 0 50 153 122 24 121 139 0 0 107 99 27 12 64 10 82 63 25 52 9 36 101 0 20 118 0 45 0 24 173 0 0 0 10 118 53 49 92 3 30 91 0 24 63 84 149 125 126 0 66 18 36 10 133 0 0 40 73 36 40 86 15 58 79 184 28 36 62 70 0 0 97 64 123 18 120 112 15 72 36 0 264 72 47 120 48 94 54 96 60 0 95 30 6 72 75 0 36 122 157 0 45 42 47 45 39 24 0 0 45 16 40 54 86 81 6 68 0 40 171 56 54 82 113 109 24 83 24 106 18 3 119 96 141 46 0 155 0 121 126 50 0 72 72 18 0 49 65 91 33 213 134 27 0 25 36 0 87 48 0 42 0 21 45 118 99 84 76 27 85 90 90 111 108 15 81 18 81 0 0 25 
27 24 124 40 5 31 78 94 173 94 21 118 100 73 52 0 3 75 13 70 63 2 33 0 105 40 135 43 9 68 41 30 10 105 27 98 49 24 15 78 54 135 77 173 50 13 24 40 82 91 51 76 111 27 66 115 98 17 140 135 25 60 171 33 99 0 43 3 52 23 112 0 32 24 12 7 58 112 12 83 56 55 4 0 135 41 0 45 54 21 36 0 35 40 71 0 35 32 54 12 4 36 43 59 73 132 82 72 117 71 21 29 26 54 21 14 30 119 32 104 86 135 80 30 29 31 93 44 96 48 0 62 30 98 20 29 63 31 28 88 60 24 12 8 4 18 51 5 166 28 40 42 9 56 0 70 21 71 42 76 0 70 0 32 97 21 15 60 43 28 82 0 69 0 82 0 0 203 115 51 62 24 116 71 26 27 7 24 32 85 53 35 195 24 1 18 0 111 29 11 29 35 175 115 109 28 56 114 43 82 91 0 101 102 77 63 68 37 0 45 106 0 81 70 97 74 42 101 66 25 181 17 77 0 22 26 9 82 26 73 82 5 75 111 95 62 6 104 67 51 211 0 212 24 30 86 
70 58 25 28 61 109 45 64 72 118 0 38 72 56 34 119 10 58 0 30 0 141 0 64 134 20 136 18 118 230 27 20 81 68 81 69 60 14 19 49 7 4 72 117 32 34 0 108 99 147 29 52 85 58 133 241 92 34 64 94 107 16 91 146 48 36 70 64 20 27 50 65 6 15 43 12 75 112 32 0 2 144 36 4 140 76 10 106 45 48 4 0 4 73 0 109 12 40 40 7 49 12 67 56 60 103 12 107 14 11 36 108 54 15 72 36 2 80 89 36 118 277 125 0 0 41 57 60 198 96 13 87 0 28 19 77 48 136 22 207 147 199 54 21 177 20 100 0 129 0 18 0 82 42 15 24 61 22 28 0 47 72 28 63 196 77 52 18 62 118 54 32 68 129 63 111 72 7 81 111 16 84 87 119 182 0 8 42 81 25 16 61 24 108 22 28 68 186 72 3 37 96 54 0 137 50 54 36 10 32 86 153 0 30 49 0 158 18 0 11 88 81 72 49 196 82 189 157 8 9 24 70 117 27 11 50 6 0 8 84 49 15 24 0 32 0 57 0 0 132 63 102 5 285 81 99 
165 7 86 100 42 36 28 165 70 69 15 95 124 7 80 57 84 21 119 0 236 113 104 144 61 80 227 21 139 184 130 116 40 24 210 0 24 0 53 56 79 92 85 90 129 144 58 81 203 124 0 18 64 6 116 95 107 84 46 95 50 171 20 125 143 81 115 110 0 136 122 22 63 86 4 24 117 41 96 15 241 115 0 0 46 99 1 97 59 126 170 2 36 0 76 29 140 16 73 191 52 33 159 221 166 102 18 75 0 118 129 18 8 36 87 81 96 108 128 79 62 254 48 42 10 90 121 0 186 63 3 21 39 166 71 156 68 74 177 191 65 110 6 52 209 60 131 161 80 1 22 63 63 73 2 7 114 177 49 120 0 223 73 97 214 200 93 80 68 44 83 20 122 161 122 70 76 81 64 35 27 133 120 30 127 48 72 67 22 133 22 126 104 0 147 21 184 31 41 30 6 66 33 0 78 31 84 87 153 69 89 18 146 173 72 35 61 95 36 60 0 33 45 50 51 237 76 114 174 20 144 78 180 24 94 36 41 5 0 133 129 65 14 44 94 154 14 129 190 78 140 108 80 56 18 27 
0 58 85 27 116 21 12 48 8 91 0 0 10 27 0 63 0 58 21 141 72 28 63 78 155 23 80 32 16 93 21 90 79 0 105 34 25 30 51 64 27 93 43 51 148 56 0 72 70 23 109 116 73 72 7 109 101 75 0 93 95 9 43 15 32 45 132 20 6 5 71 9 0 48 48 0 71 65 141 6 45 2 0 7 64 0 0 40 0 0 12 24 58 24 81 24 107 40 0 115 0 0 48 7 8 72 0 0 0 67 0 0 73 108 84 0 11 0 0 83 49 24 40 18 5 5 64 114 60 0 0 77 0 14 14 0 113 131 2 99 24 21 0 0 39 0 7 12 54 4 0 124 0 106 0 85 0 111 7 24 21 84 66 0 28 72 36 25 45 102 27 0 21 48 30 30 0 21 0 35 48 96 85 36 24 72 36 61 21 109 34 72 18 114 18 54 0 35 34 6 22 0 35 4 7 10 28 27 69 79 24 151 46 3 6 0 99 0 0 38 0 7 9 30 48 24 0 66 0 30 9 14 27 24 56 74 60 0 0 8 64 27 16 0 106 0 93 54 107 21 20 0 105 63 5 117 
39 14 0 39 37 57 129 58 106 151 50 54 117 102 59 42 20 95 132 114 173 48 13 15 161 257 191 63 151 35 127 150 131 6 25 128 54 84 42 204 43 98 77 0 28 110 92 95 64 24 136 42 32 0 55 66 151 121 57 225 55 54 186 124 68 103 87 6 64 27 23 12 6 109 24 105 177 3 71 17 114 52 32 3 54 98 102 15 72 95 155 142 80 65 14 56 0 165 51 27 21 70 4 60 14 41 63 64 85 8 72 54 122 169 73 42 57 38 88 111 114 63 63 45 116 32 92 100 160 117 166 131 33 171 6 95 18 56 60 21 64 18 62 99 9 90 46 121 31 54 118 53 70 85 45 121 107 12 107 7 64 0 111 60 101 80 27 152 89 76 47 138 24 40 111 90 53 80 32 80 12 16 97 56 56 149 13 0 66 58 18 16 277 79 52 102 32 94 47 64 36 115 10 48 145 55 6 24 254 54 8 40 66 135 17 48 148 3 7 56 77 94 40 12 86 44 93 4 8 28 50 42 27 13 162 47 37 51 32 134 112 100 21 8 20 17 87 59 38 54 128 132 27 135 117 55 
46 102 70 0 27 7 28 32 185 188 107 81 97 172 18 0 21 62 84 78 96 90 214 39 121 117 48 33 149 191 124 31 138 9 108 144 94 55 6 86 210 52 127 12 68 7 46 59 32 25 92 28 96 72 50 30 49 44 69 66 9 244 160 74 112 100 44 19 133 96 26 22 27 0 21 159 120 102 73 30 64 151 8 9 126 168 149 81 15 102 48 94 125 31 32 104 87 58 18 48 28 110 54 96 100 43 0 136 85 141 156 57 117 101 141 99 21 57 34 50 102 86 76 18 18 114 111 88 108 56 18 50 99 223 48 60 76 34 247 75 57 66 101 169 0 3 128 28 151 88 0 98 79 5 67 6 239 74 81 119 91 134 67 56 5 67 102 63 0 155 128 60 101 141 43 94 43 10 130 51 119 175 155 94 16 100 53 33 40 10 24 84 144 83 0 48 167 122 8 32 65 48 232 65 186 47 148 90 78 82 40 68 99 154 114 89 169 94 82 56 115 69 141 65 174 120 247 106 18 141 75 32 152 6 189 0 102 3 160 106 41 69 28 45 82 222 27 177 42 112 6 44 17 75 85 12 
8 83 8 112 85 56 36 105 64 88 44 27 16 112 63 93 40 0 127 23 38 199 217 25 0 60 210 30 8 7 97 111 33 77 21 119 76 0 77 148 0 73 58 0 105 63 140 9 37 40 0 96 75 135 71 136 124 149 0 100 104 68 109 61 51 56 56 65 120 11 35 124 0 87 71 36 56 51 67 3 48 63 113 0 37 40 21 14 90 93 84 141 21 30 9 22 70 170 90 121 0 6 12 21 105 21 18 84 35 69 61 27 81 54 47 12 72 18 63 40 112 173 97 5 8 94 0 21 98 14 3 27 9 55 51 9 149 49 72 141 59 77 86 40 0 27 45 78 113 45 8 27 13 49 81 42 71 0 57 118 73 45 0 64 202 27 24 45 0 140 103 51 27 175 81 18 24 56 51 0 56 101 117 24 90 72 0 65 104 82 12 7 155 97 87 0 38 63 153 7 40 39 124 0 56 35 36 46 25 143 58 12 36 0 0 93 123 81 104 76 18 48 12 48 54 70 12 88 64 42 43 0 0 109 65 21 48 24 18 103 48 147 0 48 9 81 33 48 173 29 144 46 42 42 46 24 
61 0 0 63 21 9 95 50 75 46 93 21 21 35 56 109 0 0 81 65 69 36 103 27 0 73 59 0 72 182 72 56 41 54 77 48 72 0 45 38 92 0 24 76 15 84 40 0 99 102 56 0 91 69 21 117 137 21 0 52 49 46 154 84 108 24 45 15 26 13 84 65 101 0 24 56 135 21 84 42 0 0 49 9 211 154 102 40 7 63 18 10 28 72 56 36 0 54 102 36 0 36 71 0 63 25 52 42 113 58 0 5 136 135 36 28 64 108 67 47 0 111 96 188 64 77 0 0 9 193 127 4 27 0 46 60 42 12 72 53 118 77 27 95 93 90 63 95 35 125 0 0 93 0 117 28 124 0 103 135 32 89 79 35 96 61 42 54 22 49 30 54 127 33 111 4 30 45 0 49 56 228 100 0 7 10 0 63 99 99 84 105 80 106 102 51 25 121 5 81 142 36 63 9 18 53 64 24 56 69 16 45 83 103 0 133 49 12 65 35 51 90 173 30 38 150 153 68 117 0 88 14 0 0 50 0 8 21 81 40 26 9 53 24 18 7 54 134 5 41 63 35 54 150 90 7 
6 8 167 32 36 52 49 63 132 195 0 54 68 88 46 28 85 118 112 79 8 116 80 32 20 5 70 39 117 86 23 18 33 59 16 70 41 111 111 72 25 16 26 192 0 33 0 50 87 66 59 24 72 123 80 194 79 42 32 56 36 90 85 101 34 0 164 38 229 0 114 65 25 43 50 39 30 52 56 88 108 48 83 52 124 25 38 80 25 75 4 105 27 3 42 50 59 72 90 119 45 0 0 45 6 83 0 15 113 102 86 0 100 0 196 18 37 8 5 203 77 85 39 8 62 162 33 18 163 30 16 72 46 81 5 42 29 45 79 177 129 162 45 30 24 53 33 57 146 0 10 75 92 82 36 67 46 48 8 24 20 24 9 124 43 0 40 0 32 85 145 35 0 57 24 0 32 236 53 27 40 78 114 63 40 116 81 22 110 37 24 5 145 24 0 4 0 32 124 36 43 28 106 30 28 43 130 78 25 40 78 36 28 79 81 83 118 66 16 13 67 85 28 52 5 72 27 0 24 60 9 20 78 80 38 0 107 30 26 67 0 108 97 48 72 133 78 18 28 56 25 0 41 7 0 9 
17 51 0 106 16 68 0 60 69 0 0 30 52 21 48 23 28 75 8 59 15 60 29 20 136 0 30 30 27 74 0 57 86 0 0 4 54 18 49 48 40 18 31 50 0 63 16 28 58 48 52 34 16 31 78 77 8 65 56 58 76 101 2 21 59 44 84 0 28 67 61 138 3 36 30 0 3 96 35 83 118 192 20 32 26 15 51 69 0 30 6 46 34 0 0 39 0 26 35 40 20 8 12 37 158 27 28 25 81 32 0 0 0 149 56 18 28 28 45 118 42 135 40 95 61 56 134 26 67 134 90 58 0 54 8 68 34 0 57 146 101 62 58 139 40 9 10 12 49 17 0 42 72 109 34 77 46 85 9 0 58 2 0 67 53 27 37 208 81 80 30 27 57 0 36 1 96 5 8 33 39 49 121 0 78 4 93 56 28 64 25 30 80 80 69 0 6 22 86 0 18 21 23 97 78 93 69 14 83 64 57 21 72 72 49 52 53 66 12 16 103 130 0 0 51 133 96 95 42 105 58 14 0 0 18 15 3 96 60 104 18 63 2 18 51 56 21 16 8 86 0 54 35 9 89 63 
103 0 25 4 104 0 36 0 1 64 35 56 24 88 6 28 10 0 99 5 0 58 20 42 82 37 60 51 69 64 29 63 0 9 69 52 15 12 10 82 49 43 10 0 39 63 36 36 108 57 35 8 32 35 56 28 10 97 9 137 0 121 31 0 16 60 98 0 0 103 0 30 24 12 0 0 0 3 16 5 125 166 20 0 84 0 7 8 58 0 15 97 24 0 35 16 48 32 6 4 95 125 68 58 57 41 0 16 45 1 0 2 100 10 126 9 56 159 48 0 40 6 0 4 0 68 102 56 117 21 6 18 27 75 0 9 76 18 68 71 20 30 8 8 35 35 0 8 28 65 0 0 17 67 67 84 11 24 19 33 117 31 0 24 20 48 51 0 7 26 40 73 112 26 15 21 40 0 47 52 96 64 118 79 10 88 32 24 0 6 10 32 38 8 7 88 34 116 8 20 27 72 0 0 85 44 15 69 43 40 6 8 61 4 16 0 48 24 9 14 0 4 48 9 60 40 48 8 10 4 6 85 67 12 93 14 103 101 90 114 14 25 0 90 50 73 37 66 5 20 56 23 5 128 56 9 
8 18 163 0 0 12 0 1 67 35 21 18 6 27 10 26 59 28 101 46 86 114 51 20 48 77 0 68 117 52 16 0 36 1 0 0 40 26 40 76 101 0 54 106 0 14 52 0 24 48 54 0 38 31 104 55 0 8 97 85 130 93 28 81 98 28 12 22 89 61 15 48 126 46 72 60 32 63 14 81 101 161 0 14 3 38 100 117 66 24 40 132 15 8 56 123 18 34 43 21 82 72 78 18 64 70 59 72 0 32 55 0 121 0 104 208 107 8 0 120 12 199 10 64 81 127 24 34 0 21 33 0 6 6 9 52 0 0 54 66 173 76 29 102 24 12 60 3 27 0 0 69 68 32 72 0 10 47 0 63 54 36 25 142 147 0 62 152 53 81 54 34 103 84 76 101 4 43 118 24 93 0 68 18 8 73 102 7 109 5 0 12 9 68 0 52 43 0 40 15 20 30 8 63 0 11 65 7 80 57 74 0 63 184 144 38 119 101 46 8 69 39 113 0 5 112 65 43 38 191 26 0 30 0 33 15 67 96 105 64 21 145 12 6 28 170 41 91 0 86 81 77 29 32 0 27 
41 24 48 6 34 44 18 27 100 107 20 138 70 69 20 49 45 149 26 159 69 32 47 9 59 92 31 0 77 38 63 36 157 35 63 80 53 58 67 42 41 39 56 20 24 0 54 10 114 0 107 99 35 63 0 23 15 38 132 244 65 30 136 84 70 63 6 14 7 8 9 22 105 71 87 75 0 39 0 72 33 49 2 0 105 39 45 40 7 96 42 82 175 52 161 3 31 2 102 4 28 96 40 75 143 27 92 0 7 15 58 150 112 69 100 18 0 36 15 145 9 148 10 20 109 35 84 117 26 4 45 0 27 73 14 94 130 89 14 54 87 0 6 56 25 40 17 0 60 6 124 75 58 50 28 120 44 24 30 0 24 75 7 49 63 25 32 105 21 59 36 101 78 53 152 141 76 156 77 30 74 12 0 39 39 45 24 6 22 132 0 68 152 0 63 69 134 34 37 16 0 80 4 81 73 18 72 37 34 44 40 21 9 132 0 4 189 34 1 4 84 0 142 0 83 0 22 58 4 7 78 12 16 84 43 103 12 152 20 44 16 21 101 0 133 73 76 126 79 6 52 49 97 29 13 101 
35 82 21 39 5 68 75 42 48 99 9 42 90 194 100 80 35 18 210 33 8 20 6 26 203 18 69 75 22 105 164 64 22 27 36 35 0 86 14 120 112 71 22 132 71 22 119 0 37 84 154 0 71 98 48 127 94 56 63 14 0 99 91 89 27 89 77 0 47 5 18 151 83 69 70 135 139 33 41 35 133 116 99 23 67 54 36 52 136 64 44 18 107 56 0 75 6 72 172 79 23 3 46 52 107 61 18 44 95 7 50 63 64 54 156 135 136 21 0 169 45 140 76 6 6 19 151 106 76 89 48 91 78 151 5 72 106 29 163 177 159 36 60 96 101 41 154 43 162 18 0 35 86 5 96 147 44 41 0 60 0 42 42 72 276 67 154 74 65 32 28 67 45 64 0 0 90 23 111 145 97 106 195 9 70 198 64 42 123 0 92 15 123 102 14 134 158 75 42 25 50 56 128 16 55 119 37 47 66 147 28 37 87 8 168 44 129 63 57 118 66 30 56 95 135 73 90 163 52 54 12 132 72 12 125 0 44 84 111 75 120 134 40 44 25 71 8 40 16 39 75 9 46 135 49 25 
113 40 95 21 109 48 112 132 80 89 16 15 91 93 58 191 0 121 103 201 111 154 68 85 42 222 143 95 27 104 41 50 126 114 149 49 53 185 82 73 0 23 12 90 81 0 88 38 113 45 53 153 89 9 143 29 101 159 0 110 125 86 26 14 21 41 16 20 69 42 14 97 114 99 115 13 49 37 127 12 176 137 0 48 60 28 109 0 85 81 83 40 111 39 94 39 104 62 77 203 25 137 112 28 130 103 128 43 0 157 2 41 51 277 50 2 43 178 80 86 49 72 0 39 103 32 85 176 24 0 53 55 120 32 51 56 133 45 0 57 72 32 36 2 24 14 114 95 184 98 20 148 102 126 0 90 46 33 37 139 13 152 81 218 276 79 169 54 58 42 113 84 55 88 187 42 15 127 16 5 72 107 119 26 27 48 40 87 38 120 56 187 90 15 100 143 0 135 63 57 37 59 108 37 0 0 33 73 151 82 79 30 85 135 108 49 79 116 37 4 71 144 53 13 182 60 57 40 37 234 169 136 13 80 49 156 107 81 193 65 18 75 18 86 173 28 103 27 142 64 126 2 36 128 24 63 
116 50 35 158 54 18 123 123 40 49 72 57 74 36 35 29 7 42 53 120 118 112 141 25 141 38 108 100 138 154 96 74 51 17 113 35 32 113 105 28 70 33 14 30 87 52 40 0 56 77 59 56 202 221 27 39 116 105 32 60 59 229 42 101 28 64 189 40 15 28 127 32 63 62 54 0 0 96 55 9 113 104 64 72 87 14 94 31 114 52 10 0 68 12 76 39 170 24 24 81 0 30 103 132 163 81 48 0 57 52 58 60 99 80 64 33 53 129 48 0 54 36 0 112 152 39 104 42 142 54 89 90 39 49 6 36 106 155 88 140 162 75 68 69 127 0 97 44 77 35 114 117 82 63 114 71 51 80 0 48 52 0 90 0 153 147 72 155 75 58 19 82 159 75 25 45 52 35 15 0 105 179 115 0 66 136 18 0 49 75 62 111 99 82 56 0 60 6 145 0 35 38 75 68 0 40 112 115 65 51 93 19 45 36 32 35 138 56 3 28 16 48 56 44 30 70 37 15 27 108 5 98 51 57 45 21 115 145 109 47 21 0 18 100 133 29 167 98 129 28 63 146 176 97 93 27 
0 32 9 111 19 0 52 121 99 60 2 0 43 54 0 62 15 91 40 69 27 44 160 28 117 0 126 36 48 27 23 150 48 31 66 99 112 20 54 95 49 50 28 25 0 0 30 0 39 18 0 73 63 25 24 51 16 38 10 133 16 3 139 139 104 104 84 0 66 16 91 39 42 80 19 9 100 0 8 3 94 66 49 21 112 34 49 47 39 126 16 33 15 0 61 0 51 0 90 35 10 6 0 0 102 21 0 136 0 112 70 30 10 81 81 0 64 0 0 49 77 64 62 57 0 3 0 58 81 40 54 2 0 48 15 69 24 28 31 25 67 36 77 109 69 68 40 0 8 7 48 42 29 24 0 48 35 63 0 0 42 60 6 24 15 77 57 88 0 24 12 0 25 8 56 48 72 4 0 45 0 0 97 9 74 45 41 66 6 168 7 68 15 80 114 47 0 77 50 15 0 96 6 30 0 125 58 67 173 102 117 0 20 63 70 34 4 28 0 19 14 0 96 0 41 0 108 27 0 52 12 18 46 74 58 8 18 14 0 163 45 0 0 45 42 0 9 35 8 0 39 97 32 8 0 8 
60 79 87 18 43 38 0 36 20 16 81 61 41 84 64 118 5 14 47 26 45 72 51 9 10 81 103 42 6 87 14 16 12 0 8 77 0 52 27 50 8 34 138 162 51 26 0 72 87 46 44 54 78 94 9 71 25 69 32 83 91 70 81 49 2 52 75 0 40 7 32 138 11 21 70 23 49 12 24 34 94 82 80 24 75 38 8 0 0 16 68 18 80 32 49 70 12 0 24 0 32 0 88 38 124 25 14 61 0 0 0 62 21 54 50 23 8 6 0 44 24 63 114 0 64 31 99 105 6 0 0 0 36 41 49 76 18 148 112 168 0 27 165 0 21 10 23 0 48 35 24 24 36 174 0 50 48 42 10 0 16 20 6 129 117 80 131 21 93 72 31 7 55 52 18 51 42 55 12 113 36 0 0 6 4 82 104 12 80 0 56 4 28 124 49 84 113 50 47 93 21 28 33 56 150 127 1 32 6 16 0 66 18 58 10 0 33 57 48 30 66 0 109 25 94 6 99 167 75 120 36 6 2 74 26 118 82 16 42 38 0 24 36 44 1 117 69 76 24 33 1 62 16 9 70 19 
32 83 81 0 44 1 106 148 38 15 8 0 12 1 78 31 9 45 72 87 18 14 12 26 87 58 153 54 70 164 190 56 26 28 41 20 77 83 9 37 8 38 15 86 0 0 36 0 95 94 25 18 46 47 0 90 60 27 35 47 0 44 0 0 103 12 70 54 9 11 58 41 12 79 14 43 11 27 72 4 38 126 78 7 72 37 6 70 10 144 65 58 59 29 109 0 92 82 7 56 66 46 25 109 84 130 24 181 29 34 10 1 49 18 88 10 11 83 66 36 112 58 114 0 36 28 11 121 36 65 26 60 108 6 20 16 60 64 58 16 101 58 114 47 9 66 40 14 154 0 24 36 59 10 0 12 101 53 0 10 38 197 13 130 28 89 86 28 32 82 82 73 18 45 48 0 18 21 63 0 48 116 57 117 0 36 47 52 56 55 12 113 54 30 52 47 48 17 77 33 54 62 103 44 0 45 171 47 47 40 2 115 24 102 37 85 97 40 38 1 1 5 79 108 143 47 28 40 5 36 9 130 88 0 36 6 7 24 41 22 48 42 6 20 58 0 44 12 8 139 36 0 79 114 4 64 
0 24 66 103 56 114 102 80 96 14 3 22 59 55 84 44 28 146 94 68 9 48 21 0 81 48 59 21 191 56 21 0 58 24 68 0 24 146 18 131 19 54 0 4 25 58 18 14 65 48 0 117 22 52 98 97 23 30 6 6 50 24 4 147 24 51 155 81 3 9 0 125 101 0 18 36 57 38 138 54 152 160 2 63 9 38 16 1 20 121 93 18 33 137 74 15 14 48 50 51 30 6 54 104 80 65 48 90 72 7 9 20 74 91 245 78 76 82 127 102 171 134 6 72 219 47 62 60 133 181 266 35 57 28 54 152 21 53 51 169 36 61 80 136 1 112 18 104 54 20 57 138 147 24 3 73 8 4 14 74 12 71 0 91 111 94 34 147 78 96 49 148 0 60 95 28 78 0 0 10 174 108 60 0 94 34 24 84 27 88 35 70 48 0 60 28 24 115 24 32 24 71 66 106 128 49 8 36 108 99 30 96 116 94 151 55 36 131 10 55 24 155 29 163 56 45 8 126 4 94 179 53 95 27 6 15 54 33 15 60 33 174 36 63 31 80 79 17 7 124 60 30 54 129 64 61 
24 0 8 69 52 6 78 84 95 36 26 58 0 8 7 0 106 12 0 0 53 20 38 33 0 0 87 50 92 4 124 37 81 54 0 21 20 113 48 5 33 97 10 149 13 0 27 23 25 14 0 93 21 3 15 26 1 14 14 89 22 82 112 155 59 73 45 7 12 0 93 37 21 24 21 29 48 14 96 8 48 0 57 6 33 111 36 57 0 130 82 7 90 38 36 61 0 27 7 7 32 28 10 60 14 32 14 199 66 21 63 30 11 64 30 3 8 0 21 16 18 54 0 11 40 91 42 97 60 23 11 0 90 29 38 2 75 18 0 47 83 91 54 62 16 12 76 64 40 81 7 144 18 30 0 18 34 16 34 70 84 114 42 0 70 0 32 28 79 21 54 85 12 104 9 74 55 25 129 0 24 56 62 42 0 53 24 18 52 24 12 81 90 0 0 12 6 86 46 54 21 8 17 120 22 73 0 48 28 36 49 4 76 41 89 56 42 55 33 64 58 24 49 12 60 28 32 44 6 27 105 63 194 11 112 8 16 64 31 16 38 14 18 10 7 7 53 82 8 14 2 2 100 60 0 5 
20 100 76 49 45 8 190 165 83 90 18 21 26 118 0 65 83 72 121 31 175 12 101 116 72 4 111 12 13 0 36 43 40 85 167 101 53 5 140 89 112 88 89 21 63 102 77 58 126 57 59 54 24 177 57 72 103 44 34 93 106 100 72 32 49 52 184 12 64 0 49 120 190 43 116 39 149 48 0 83 4 60 63 36 200 64 96 144 20 149 169 49 150 129 9 50 52 30 103 103 36 28 81 6 136 27 20 0 40 38 30 79 114 45 76 127 125 12 70 9 62 173 46 19 61 137 61 73 36 119 111 0 16 85 67 114 60 49 87 142 171 91 57 40 146 7 58 48 95 9 9 76 87 89 109 91 35 28 24 9 161 131 62 8 35 18 183 57 82 135 44 45 148 173 20 35 35 30 170 28 32 24 62 175 9 46 49 72 65 47 42 123 141 52 20 9 91 135 48 39 37 83 78 103 141 9 59 107 65 84 84 131 79 86 31 12 87 47 103 28 97 79 205 83 9 163 20 103 40 128 151 62 269 19 137 18 15 17 37 22 51 46 40 10 67 102 43 15 94 81 147 70 86 226 63 107 
100 51 36 13 86 8 78 18 58 140 0 0 94 0 18 51 33 23 47 96 1 87 64 65 54 19 6 43 74 91 91 93 12 80 26 54 36 82 0 88 21 65 22 25 6 44 28 90 9 55 40 2 12 56 6 21 96 161 9 70 69 58 45 39 17 15 62 25 46 6 25 15 26 73 67 15 57 21 86 0 145 122 2 0 144 66 31 6 0 14 0 11 20 0 45 2 15 0 0 28 0 52 26 33 50 40 0 54 0 0 39 0 29 105 18 70 100 0 40 50 64 62 72 1 0 19 34 95 107 0 2 34 28 51 0 53 129 98 172 4 86 6 33 17 39 54 63 46 4 51 5 25 6 46 56 0 0 91 40 47 64 35 40 40 92 59 149 12 6 182 92 21 9 6 21 0 22 25 18 16 59 30 70 0 0 0 8 72 18 18 52 36 48 74 25 12 42 66 15 28 40 50 19 39 8 1 84 12 65 94 91 2 35 14 69 19 119 79 49 31 19 1 15 22 24 67 2 9 28 112 0 109 71 42 31 7 100 75 23 32 0 0 7 28 46 38 43 83 20 61 33 6 63 73 21 0 
20 10 63 40 49 23 42 19 30 86 25 52 132 88 49 9 101 131 52 56 0 81 51 169 120 121 104 27 3 81 83 1 24 45 123 44 72 73 17 99 104 68 12 108 0 69 145 22 15 22 0 0 33 27 25 32 1 118 38 229 107 40 18 18 75 8 60 25 18 44 27 191 145 57 108 0 45 68 57 0 84 23 0 3 190 92 63 37 49 29 37 36 26 40 156 60 53 33 45 36 86 5 91 48 35 28 108 0 23 81 77 59 145 36 114 28 18 72 76 26 30 113 49 91 58 58 64 49 128 71 87 15 105 93 0 36 63 34 54 116 156 24 15 8 185 0 56 27 128 13 12 115 45 89 21 71 64 27 82 27 6 6 17 181 187 70 42 8 24 16 97 67 84 50 86 7 45 16 41 28 48 24 8 103 27 125 56 117 20 133 56 23 94 98 99 99 44 54 49 61 23 105 34 110 36 25 40 72 54 59 40 42 19 103 68 94 100 0 5 7 21 3 56 26 115 77 134 17 8 170 114 0 6 87 40 70 0 96 87 7 27 16 0 63 31 109 53 38 117 47 18 67 49 81 72 98 
12 12 32 69 89 36 44 77 72 48 27 54 15 42 101 38 0 38 38 0 69 4 36 36 0 13 12 0 82 11 43 55 0 0 142 27 40 98 27 60 157 0 36 44 0 88 4 63 70 0 4 0 32 31 36 81 21 36 27 3 38 64 80 78 75 156 18 0 10 0 15 9 9 54 0 48 87 42 137 60 15 48 35 20 43 15 24 0 76 6 100 44 26 17 89 41 0 70 10 0 0 17 49 30 145 18 33 69 0 82 0 40 71 0 80 24 46 52 120 0 48 85 34 30 54 40 59 45 0 4 42 64 19 132 11 0 32 2 17 95 27 4 64 0 0 30 17 126 41 24 0 0 33 0 48 0 31 13 45 79 126 0 55 48 0 35 49 45 103 108 90 6 52 30 8 99 28 43 0 0 58 6 93 0 16 60 81 45 114 16 68 12 125 24 80 45 142 4 16 28 73 11 32 64 32 0 14 0 76 6 72 56 75 125 92 53 108 112 32 0 34 0 16 17 107 10 44 9 24 8 0 45 4 6 0 6 8 18 0 16 11 9 22 8 46 113 0 45 86 33 79 45 0 95 0 6 
64 34 0 48 56 36 56 116 78 82 135 8 129 24 72 189 30 123 2 88 106 98 36 0 98 36 186 98 77 164 194 60 202 4 17 87 36 49 53 173 0 28 36 104 0 16 55 104 141 36 108 18 105 24 31 72 124 146 12 119 106 20 107 77 121 48 13 0 24 32 24 131 32 101 28 126 96 76 37 54 121 94 78 12 140 100 30 58 29 91 24 173 153 108 32 119 158 8 49 0 57 90 28 91 50 0 69 5 10 144 90 35 98 143 104 0 0 121 190 57 30 16 89 30 125 49 67 88 56 0 108 42 73 201 0 134 31 96 86 87 50 28 6 0 24 74 15 108 106 56 81 0 45 24 33 0 99 65 63 32 45 36 124 56 92 97 85 0 45 174 24 74 20 16 78 60 48 0 47 100 42 67 95 22 28 36 10 8 12 74 63 80 180 193 25 78 58 72 164 68 33 91 4 219 0 27 56 73 212 94 101 66 72 156 30 80 103 10 0 4 146 38 9 56 68 42 98 86 74 75 15 72 125 152 21 0 12 28 77 102 85 81 38 90 59 8 38 84 78 36 181 170 16 96 39 87 
3 0 7 80 4 62 33 133 6 105 63 44 62 0 24 88 0 99 72 116 0 70 91 0 49 56 78 32 0 65 0 40 47 6 44 0 15 63 39 43 0 48 60 0 0 0 0 66 14 75 0 36 9 47 81 6 71 13 73 0 85 8 22 14 68 86 0 0 75 56 40 3 26 6 18 24 35 15 7 16 85 156 2 19 15 68 76 84 16 0 8 0 37 12 18 0 42 0 47 56 0 21 0 59 12 13 64 6 0 49 77 0 0 32 127 13 4 42 21 108 4 209 0 0 42 0 42 69 88 3 72 64 0 8 64 41 77 15 0 135 15 28 0 91 63 0 104 93 39 48 0 116 56 40 78 32 46 9 0 74 6 27 0 96 145 32 72 56 4 18 40 3 60 0 61 130 63 32 32 44 45 93 24 7 22 77 29 56 0 63 0 32 25 56 24 83 30 3 62 0 8 40 0 0 0 38 4 4 61 84 49 0 2 81 9 64 8 13 78 0 39 72 18 0 96 105 114 0 0 0 128 63 0 0 1 71 0 137 64 54 24 72 18 64 74 10 40 0 28 31 5 60 32 66 0 2 
21 68 52 3 181 1 50 12 40 87 0 122 39 88 84 63 83 27 108 76 41 105 56 72 68 53 60 36 54 6 102 52 128 70 44 113 72 39 95 34 4 0 18 45 17 37 0 39 88 93 33 121 51 72 12 35 58 4 105 233 131 23 16 87 172 22 8 68 64 0 22 54 126 103 0 69 95 52 48 34 154 119 32 2 11 12 148 86 70 54 94 79 151 80 130 100 42 102 82 166 20 113 120 93 24 54 76 30 0 120 60 228 294 43 140 40 70 40 30 58 106 100 91 28 148 142 28 39 212 24 51 48 4 57 29 94 87 37 68 124 143 76 76 20 70 81 18 122 27 12 127 60 34 88 23 56 216 34 3 100 24 75 39 96 106 121 158 32 36 17 21 54 151 144 166 68 96 132 159 71 48 17 178 80 93 148 61 96 41 0 0 23 68 53 56 70 42 72 114 70 0 136 21 21 28 20 9 56 81 24 123 83 16 126 0 115 86 40 34 45 101 28 122 0 61 28 16 61 8 60 78 66 183 106 74 114 0 47 32 24 44 31 30 66 16 92 162 30 45 21 37 94 32 69 80 107 
126 100 27 102 0 30 78 130 27 26 101 63 78 57 42 39 0 97 168 42 134 46 38 12 132 39 119 6 111 28 154 119 12 60 0 123 94 57 43 59 90 24 45 46 16 65 0 21 60 91 4 116 105 123 30 82 102 151 0 15 7 96 54 4 76 54 138 121 35 18 44 47 117 36 6 45 24 33 40 6 140 144 63 21 110 91 6 48 75 175 154 13 125 66 108 72 134 40 82 173 0 66 41 91 46 39 143 100 0 23 68 15 63 7 143 32 60 42 58 132 124 31 17 30 112 0 132 0 63 175 63 75 87 49 116 147 24 14 1 77 36 55 123 33 65 75 42 83 63 116 12 148 142 50 64 26 137 21 39 157 215 17 25 147 167 118 70 92 126 13 24 63 0 104 63 11 4 22 6 23 42 97 72 69 20 77 30 97 6 0 41 32 104 112 48 75 62 108 36 66 3 11 35 95 84 13 9 71 75 92 20 27 24 48 7 21 132 63 96 0 46 15 72 95 25 84 50 58 50 18 114 191 39 84 114 7 73 95 12 29 6 107 20 133 0 56 208 106 37 86 18 6 81 129 11 27 
98 111 8 1 63 47 117 145 101 122 0 4 28 50 49 42 45 60 91 105 50 170 125 98 7 90 117 51 117 43 149 109 26 10 131 118 5 126 0 52 48 17 84 149 0 53 36 61 80 26 64 58 162 33 0 90 27 75 89 68 21 292 54 129 16 88 83 0 183 44 39 102 121 75 45 83 49 88 5 72 180 192 114 42 164 18 119 115 141 68 68 145 54 25 114 107 43 64 58 2 37 32 80 75 113 58 48 64 25 90 79 0 123 41 165 66 78 97 48 50 81 56 142 105 72 155 18 116 89 36 56 48 146 42 24 86 170 78 187 49 149 76 109 88 4 0 5 37 171 0 53 22 55 52 78 49 0 57 72 120 60 91 135 146 62 5 106 96 0 148 116 62 89 0 4 88 62 66 40 27 0 9 183 8 28 148 119 10 112 12 12 31 97 31 36 63 50 3 137 24 24 66 209 3 44 85 72 46 150 94 97 26 64 35 122 112 237 152 25 0 91 47 73 65 44 21 110 4 10 48 7 156 114 0 100 15 140 77 34 87 107 88 50 167 107 122 18 25 6 158 66 3 9 98 7 0 
15 28 13 120 4 50 84 0 239 44 70 6 43 25 69 57 0 98 16 7 79 97 123 41 110 39 18 68 74 63 80 66 63 45 0 12 48 51 3 31 0 51 87 15 57 0 54 0 69 110 46 0 0 14 60 94 0 45 6 23 0 34 181 16 77 33 21 0 24 75 51 73 45 9 4 143 96 18 70 48 119 130 0 50 88 55 81 82 33 41 27 18 0 121 10 126 40 0 57 9 55 5 68 30 72 25 71 54 36 19 5 82 137 80 45 12 0 12 0 165 48 69 0 27 0 52 10 12 5 40 40 12 87 48 6 27 63 27 0 105 79 9 78 59 6 36 70 0 53 39 90 123 46 20 0 58 129 12 82 86 108 96 39 138 117 55 0 36 24 12 73 30 93 28 75 12 61 87 0 54 78 81 93 31 0 30 16 129 49 124 72 0 147 43 114 44 0 16 18 5 72 7 72 35 54 45 78 0 39 118 2 72 7 56 28 22 35 29 40 36 49 53 14 2 72 94 111 99 182 63 98 12 24 45 62 63 76 45 50 208 54 0 67 56 159 65 15 103 12 63 121 18 126 41 0 81 
0 0 40 6 48 22 65 50 61 101 0 121 12 75 26 59 63 15 54 0 91 35 76 68 27 45 45 36 0 36 146 6 30 84 7 18 45 63 9 192 39 67 55 81 12 2 46 67 24 100 0 48 0 40 64 121 54 81 85 67 42 49 49 19 18 75 72 20 76 43 91 38 52 48 0 8 142 0 97 0 24 76 49 16 89 69 72 87 45 81 52 0 112 40 62 18 93 25 45 46 81 12 189 78 124 44 42 216 16 91 0 92 34 110 51 0 37 0 57 140 39 98 45 20 58 97 9 121 48 20 0 60 106 149 28 62 94 0 81 66 157 64 92 36 45 25 61 72 234 0 28 10 5 22 0 0 0 38 18 83 0 111 0 80 70 0 88 38 48 63 87 0 120 156 12 8 59 14 109 8 0 79 0 134 0 94 56 44 53 45 0 132 86 63 53 6 83 32 0 32 43 49 44 16 98 15 156 43 28 8 12 84 75 45 0 106 175 45 24 36 0 41 119 0 150 40 28 36 112 32 68 2 111 0 0 44 54 60 4 38 36 0 0 15 12 0 36 81 75 102 36 0 36 45 35 30 
96 142 107 167 1 0 18 66 53 51 42 29 120 160 84 91 62 13 46 87 138 26 190 34 154 2 142 83 55 56 141 108 12 27 11 0 16 47 97 31 63 71 14 47 73 56 23 44 20 48 91 81 102 81 29 113 87 175 18 77 16 58 41 9 21 86 168 62 29 63 59 87 126 89 36 56 134 0 123 21 52 18 2 27 230 8 0 70 75 45 93 28 18 12 59 72 82 68 48 93 0 62 100 7 129 54 0 0 15 117 48 12 66 137 206 141 4 14 0 115 70 40 50 42 150 105 174 54 132 23 89 44 27 6 47 121 35 45 0 78 68 114 21 78 38 45 0 77 24 10 123 90 67 93 63 50 109 55 4 27 154 10 46 100 73 98 64 67 52 14 19 12 119 29 86 94 60 93 41 12 0 12 30 55 22 265 12 63 67 43 10 53 30 16 52 35 67 16 147 74 6 30 16 59 64 96 53 75 164 112 26 106 80 136 67 103 153 56 8 47 49 5 71 114 87 42 60 6 58 36 60 85 73 60 55 119 114 88 6 85 78 27 12 90 83 68 191 75 34 35 63 79 68 160 6 133 
70 96 20 64 119 162 56 53 94 8 26 9 118 105 120 30 0 26 143 107 126 16 74 63 0 0 85 20 71 72 59 18 50 36 128 0 88 107 45 6 125 97 106 146 39 58 56 0 127 48 20 16 30 101 68 189 72 10 5 12 81 72 39 32 62 49 54 8 56 37 40 131 0 0 44 174 102 56 38 51 54 90 88 47 131 95 57 5 51 76 49 0 4 7 13 32 0 90 24 48 0 97 30 42 114 36 43 12 48 12 24 4 0 14 208 36 14 48 28 103 0 4 0 105 83 104 0 0 32 0 60 97 48 68 6 135 73 0 74 135 72 96 64 36 37 60 72 91 120 27 57 0 55 48 9 41 179 36 9 81 10 34 0 26 76 42 17 0 63 51 67 84 56 18 47 117 68 40 105 24 50 130 137 3 64 52 73 103 94 77 75 36 108 54 54 36 70 12 128 103 61 4 78 88 87 26 47 67 90 50 14 15 231 88 89 135 28 142 0 88 58 11 15 90 189 8 75 77 16 104 44 30 80 18 115 22 54 160 81 26 12 162 14 66 81 126 81 9 23 77 114 27 76 83 0 116 
36 22 16 3 7 0 132 18 0 6 32 18 8 54 0 7 114 0 81 57 111 27 9 40 114 18 141 81 45 2 133 32 12 94 13 40 0 5 0 42 3 8 10 36 4 82 72 8 0 64 8 12 0 8 45 54 20 79 43 72 9 20 45 47 89 5 35 0 0 0 39 6 0 57 0 0 51 31 12 24 5 0 48 8 119 57 18 124 54 78 100 0 56 85 0 120 0 80 54 0 0 23 64 68 24 30 64 24 0 0 0 42 32 24 56 36 95 0 0 55 12 99 0 32 0 108 12 8 0 0 2 4 52 46 0 65 52 9 72 36 10 14 18 78 10 38 0 24 0 0 27 5 0 4 28 153 46 9 0 45 32 0 4 64 36 63 15 42 35 33 36 0 0 175 18 36 30 0 78 0 25 0 7 80 25 62 9 5 8 0 81 34 2 38 2 0 81 34 0 2 0 46 0 0 75 0 0 4 23 76 76 0 18 79 81 0 95 0 9 72 72 0 0 63 48 10 66 0 0 0 0 32 57 0 97 10 54 81 0 85 27 4 57 8 4 0 0 84 0 71 35 0 9 156 63 10 
79 109 18 89 80 64 32 16 37 18 49 62 56 44 87 23 37 97 0 12 82 114 120 54 21 184 152 77 73 83 100 19 62 48 45 0 40 67 0 71 29 4 118 81 86 16 0 73 70 36 0 153 8 73 40 135 69 51 22 34 36 97 16 130 64 71 21 18 66 99 12 77 16 86 0 160 57 18 8 22 99 96 16 20 122 33 27 99 10 29 86 130 64 56 39 67 14 47 12 22 0 70 133 49 54 132 30 250 0 66 4 118 176 46 14 85 63 44 53 18 79 75 76 6 0 26 0 86 139 103 27 45 48 18 14 93 35 53 27 112 22 42 182 8 52 83 0 36 120 8 72 48 57 116 62 68 206 87 34 40 16 14 34 80 16 205 105 62 106 32 16 46 79 97 29 38 115 26 66 110 43 136 60 35 60 51 9 145 30 21 118 4 33 44 70 67 134 32 159 6 0 1 108 18 103 65 8 43 23 12 34 78 16 95 88 37 80 11 118 108 120 58 140 200 183 73 78 118 59 53 98 104 57 88 89 106 66 50 50 106 42 0 92 30 69 117 25 63 4 106 53 222 48 87 105 17 
16 11 36 18 84 16 96 44 163 18 57 66 48 172 69 8 8 32 66 60 95 36 78 0 47 56 79 24 150 22 30 96 0 21 130 29 66 9 0 0 75 100 70 83 69 149 113 20 9 125 45 10 45 41 33 51 79 34 68 38 46 77 8 58 113 127 0 5 40 21 58 197 176 37 56 85 0 63 5 81 0 117 22 0 145 0 54 12 70 25 27 14 35 0 32 31 7 48 60 71 18 38 108 9 84 57 10 6 76 75 8 30 7 24 12 114 99 10 47 0 0 40 165 47 85 73 0 119 76 45 137 0 51 104 9 105 35 42 95 80 146 41 75 85 81 24 52 77 56 20 0 77 4 36 45 164 13 50 24 103 70 14 96 0 152 84 142 75 13 0 63 60 25 48 111 54 39 43 42 37 98 30 108 4 70 119 40 4 54 45 44 51 93 44 95 28 89 81 36 0 70 6 53 45 64 50 43 4 154 143 110 12 108 20 57 21 215 50 78 58 112 13 30 14 10 50 18 18 56 19 0 0 37 42 50 25 20 27 26 62 81 48 4 14 70 141 12 33 42 27 64 67 51 0 42 0 
44 21 46 27 12 9 16 74 238 82 95 46 65 86 104 37 12 52 84 85 99 117 145 33 187 63 145 0 174 64 0 92 102 36 9 61 107 131 37 62 15 24 116 0 59 158 28 0 27 146 104 99 79 36 56 9 56 12 20 27 28 12 6 40 66 32 70 14 31 96 72 79 37 49 69 0 40 109 120 42 59 139 2 3 84 46 176 83 0 67 37 3 36 36 21 64 58 0 14 50 6 79 37 26 82 24 116 0 0 219 79 3 22 25 175 20 4 102 0 62 4 32 24 16 18 8 176 61 105 4 70 30 12 156 13 92 56 33 0 141 47 21 60 35 22 0 115 122 8 95 45 110 188 16 63 82 114 38 72 144 91 40 133 102 211 28 9 42 32 163 0 0 43 57 192 101 1 52 43 40 35 22 161 40 42 63 77 105 38 69 22 73 80 0 29 9 12 127 41 84 39 28 20 76 122 16 36 0 197 45 86 103 5 90 11 0 21 50 9 40 29 117 68 61 153 32 102 122 20 48 102 51 80 91 108 92 54 23 64 93 122 131 0 56 67 144 103 64 0 86 92 59 31 91 35 63 
17 16 48 0 0 4 99 74 142 27 0 3 8 0 42 0 76 0 70 166 36 72 54 36 128 0 62 0 87 80 43 90 12 6 12 130 0 75 48 20 0 42 51 45 8 108 0 6 87 92 0 0 8 17 0 30 52 50 106 0 20 73 0 102 0 0 38 16 76 44 68 64 124 90 0 48 9 76 42 24 0 126 70 8 69 17 126 54 0 42 7 0 6 0 72 96 44 27 0 54 27 9 32 36 32 0 64 0 19 22 23 18 150 4 20 36 24 106 21 0 63 105 0 14 27 27 40 15 21 40 0 21 40 95 21 4 66 0 0 72 17 0 73 89 0 35 33 8 23 39 35 81 10 6 30 72 39 0 12 81 60 79 42 116 90 0 72 7 55 27 0 21 11 41 48 8 0 119 1 35 141 7 24 56 17 13 0 11 71 38 8 49 6 54 8 28 36 51 6 2 0 32 9 63 114 62 16 41 72 67 47 22 0 18 0 21 51 0 27 56 27 30 10 49 105 18 87 36 32 54 72 2 24 6 40 63 72 10 0 72 18 71 51 0 8 79 35 8 0 146 133 59 14 12 0 0 
10 110 56 56 37 55 0 48 50 69 0 12 101 90 84 18 55 33 68 9 63 0 18 87 72 18 84 7 110 71 0 52 59 30 74 8 4 13 12 33 49 11 24 20 0 56 0 42 17 118 49 36 34 26 48 43 76 25 93 92 43 75 46 80 100 139 0 12 28 12 16 143 86 25 88 42 51 47 12 63 24 39 9 1 16 0 6 63 0 32 47 68 92 51 52 145 6 24 26 0 49 8 3 55 189 91 0 142 24 46 41 24 73 27 54 140 54 23 127 4 23 28 39 0 12 102 25 0 81 12 33 45 16 75 0 3 84 37 32 117 86 63 67 65 40 5 57 42 137 6 9 32 4 31 73 24 109 83 31 0 57 6 13 58 26 119 64 40 123 89 62 57 41 0 67 85 44 8 137 12 20 74 114 16 31 30 33 0 51 28 54 43 109 88 94 84 93 55 122 20 0 36 99 94 110 66 52 35 58 54 75 65 39 146 60 39 16 33 0 28 29 70 48 59 72 45 26 102 93 77 8 29 92 44 66 27 9 49 38 25 24 61 24 0 72 50 18 55 19 34 49 77 23 62 0 44 
64 30 155 24 31 0 64 0 163 53 48 83 110 71 0 63 15 66 124 150 96 120 106 120 111 114 175 42 124 0 11 90 52 74 53 75 68 46 15 67 79 77 196 82 58 0 104 123 2 0 124 41 172 90 32 52 49 42 18 96 107 21 28 58 26 88 130 6 69 45 12 130 21 15 32 21 48 0 89 9 31 133 30 35 62 110 103 35 0 79 9 45 105 79 49 112 21 25 42 42 0 144 14 12 0 56 12 142 136 16 97 20 69 55 127 0 49 127 40 126 9 35 97 71 91 22 21 74 160 140 0 34 16 28 35 123 63 76 58 170 135 24 155 47 47 46 38 0 78 57 78 60 119 12 68 0 77 32 59 128 30 14 27 156 130 89 59 132 110 27 131 144 56 6 54 81 47 94 84 71 68 169 81 18 0 150 0 64 88 165 8 42 143 112 20 44 63 167 23 65 83 57 96 97 202 46 144 78 45 47 53 35 59 70 40 89 110 7 52 32 86 44 72 64 138 86 157 119 71 180 93 15 24 105 167 66 79 105 95 117 66 77 14 74 121 169 134 54 41 62 50 17 65 74 66 69 
38 48 72 33 1 24 113 175 68 55 90 84 41 162 92 0 82 18 56 92 19 89 200 46 73 54 70 0 37 28 161 72 46 12 46 152 45 18 87 97 42 45 12 105 22 109 0 28 38 190 24 18 25 49 18 177 42 173 20 88 8 26 146 38 23 80 4 30 66 72 58 178 153 110 84 59 40 6 42 14 57 40 10 49 73 50 149 36 70 92 58 48 82 8 119 73 35 0 113 54 2 0 102 4 94 44 8 93 16 37 58 56 70 106 18 24 184 16 49 68 31 113 69 41 95 107 66 14 18 68 36 69 72 111 16 53 100 105 56 97 206 58 72 26 122 105 6 62 93 69 73 0 134 28 16 24 84 26 73 36 107 0 41 225 70 72 42 59 15 126 59 63 115 133 82 50 60 0 131 12 89 54 83 101 30 0 21 27 34 80 36 44 39 67 48 100 39 98 45 4 69 122 38 45 24 78 41 55 164 13 55 63 30 133 21 80 139 247 58 76 63 51 245 0 61 48 4 69 126 6 63 0 48 18 16 99 48 48 28 173 52 0 0 68 66 70 43 40 74 58 106 40 52 32 63 16 
55 91 0 29 0 55 42 3 0 0 0 0 27 69 0 25 0 0 148 35 10 39 49 75 80 54 88 72 23 0 20 0 15 0 45 36 16 1 0 16 20 5 24 20 45 36 128 0 88 70 45 0 27 28 56 50 92 0 151 22 0 36 56 55 26 56 26 7 2 24 22 93 56 112 18 105 108 18 0 20 88 53 0 0 28 41 72 42 28 15 16 67 54 44 1 65 36 24 88 1 0 0 17 0 84 104 14 12 0 8 36 49 105 6 1 64 91 32 20 72 127 130 104 0 0 102 56 42 0 120 0 49 0 56 64 64 0 8 51 50 57 69 7 14 105 0 24 0 62 0 6 32 83 9 90 0 0 0 0 25 112 47 54 0 98 9 20 49 8 2 63 18 43 4 79 0 8 28 36 0 0 42 68 19 29 70 0 30 48 18 22 0 0 18 13 72 40 34 82 8 27 4 52 16 73 77 28 40 24 108 0 6 28 24 59 5 106 28 36 20 63 41 111 110 117 0 92 30 16 44 112 16 52 4 7 22 28 19 4 56 32 0 14 0 115 4 20 78 10 0 52 32 25 40 13 40 
