17 87 105 28 13 181 104 55 76 108 21 43 21 99 9 45 0 34 201 76 124 6 0 135 2 30 162 283 15 16 48 206 0 69 168 141 83 102 78 30 106 116 0 73 104 24 97 57 72 58 1 85 12 38 8 26 0 63 40 50 9 18 7 45 84 42 6 12 110 93 12 20 42 1 4 30 153 6 148 18 101 16 155 43 50 105 30 122 208 93 92 7 12 41 38 21 89 55 90 141 165 86 130 42 133 115 99 21 121 50 7 35 97 90 78 76 70 112 82 104 33 50 80 12 292 84 109 5 58 0 87 84 90 109 34 64 48 129 12 69 245 49 161 26 54 65 79 9 144 68 64 1 32 63 0 93 113 59 7 35 24 113 34 99 51 99 15 68 169 75 89 63 111 52 63 106 60 15 43 90 50 98 49 38 90 153 0 76 101 21 73 13 86 42 97 62 49 88 77 148 36 66 117 40 16 9 61 52 2 78 105 17 27 0 24 78 24 80 88 21 61 72 54 129 95 126 121 7 33 124 9 21 95 0 39 113 61 199 115 88 112 81 87 7 70 63 8 125 60 64 39 5 223 25 27 14 
12 27 0 0 21 0 8 0 117 34 33 84 4 0 14 36 68 14 63 0 4 24 45 19 65 9 20 99 54 114 0 36 8 104 54 45 5 10 52 16 54 66 29 12 39 0 0 20 15 4 2 57 34 49 29 6 16 30 45 35 71 15 42 66 72 6 29 60 0 37 38 10 1 65 25 9 45 2 6 0 65 0 4 35 0 31 67 66 0 1 4 7 6 29 42 1 30 71 0 14 53 204 88 14 17 49 0 53 24 8 69 89 105 20 14 63 8 8 86 0 22 54 6 5 75 38 67 87 14 25 102 7 20 8 0 85 3 37 58 84 67 10 0 26 33 8 0 18 65 43 0 30 12 16 12 78 32 15 0 0 29 0 3 6 86 146 9 16 0 0 0 26 0 35 19 8 9 45 0 47 97 0 1 0 4 37 4 90 11 12 8 95 12 46 0 0 29 130 59 32 29 22 45 56 79 24 64 1 0 129 36 126 0 101 25 5 9 2 3 98 16 8 0 77 12 2 14 94 54 20 38 36 93 107 9 32 10 218 32 0 53 11 43 79 0 118 69 24 6 9 7 28 55 0 94 7 
109 123 164 124 69 68 96 72 108 8 60 149 183 16 72 186 35 24 63 87 58 211 173 84 48 34 253 42 0 153 113 35 76 135 154 162 36 128 56 45 279 141 119 164 32 0 223 111 56 212 3 121 72 143 214 373 92 260 49 36 156 232 90 27 35 27 145 88 54 68 14 106 78 55 48 215 93 174 58 0 315 139 96 109 62 0 136 35 6 159 44 45 9 141 23 16 88 10 15 150 40 177 14 61 48 36 123 76 129 110 181 146 82 156 66 32 72 73 209 0 55 153 48 0 60 118 69 63 48 27 64 23 167 175 20 232 51 34 114 91 169 75 134 0 85 57 113 90 170 147 244 67 0 56 24 131 103 261 190 16 43 159 68 7 41 70 68 48 106 79 101 220 62 109 126 75 121 154 15 140 86 171 158 114 82 128 39 18 121 49 63 81 82 56 86 0 27 96 73 102 108 129 54 0 64 43 36 39 111 56 101 54 157 30 75 54 178 187 59 88 14 133 115 113 64 122 123 207 27 34 76 44 52 110 63 65 63 50 137 9 73 165 18 60 95 54 133 136 93 97 36 52 259 196 145 90 
40 51 28 105 83 21 194 27 35 102 49 85 144 72 14 0 39 47 39 83 135 174 0 108 117 20 42 20 72 81 0 51 0 93 145 28 120 96 24 116 99 150 150 215 0 36 95 168 32 52 99 81 68 13 73 0 15 98 28 28 107 55 36 12 72 98 43 18 90 76 62 42 90 75 97 70 27 146 6 51 0 40 54 44 67 72 52 63 81 16 103 54 78 93 97 24 24 18 78 50 159 61 117 0 15 57 0 53 92 18 50 12 16 162 62 50 28 45 91 83 18 114 40 71 24 159 184 75 85 24 102 114 188 79 28 0 7 49 100 6 42 40 154 153 20 43 66 0 42 39 134 0 91 111 27 104 60 186 0 43 96 30 49 54 46 27 96 63 42 86 67 59 99 72 64 134 84 36 70 45 36 116 6 55 69 53 18 63 0 102 47 74 0 112 15 0 52 81 71 53 18 0 16 16 42 0 35 6 98 50 113 47 72 6 34 0 48 8 7 90 141 27 27 123 0 100 37 0 84 40 0 89 24 0 24 178 9 125 0 84 114 72 52 9 27 127 9 3 42 60 135 7 128 18 54 28 
228 98 63 20 103 43 7 67 80 0 32 126 63 63 102 117 7 0 36 27 108 103 131 145 116 12 70 42 33 20 65 50 28 31 101 63 26 15 90 40 98 208 52 34 8 13 119 131 71 108 24 45 0 39 147 134 125 42 66 21 55 27 99 130 0 16 130 27 32 14 0 21 63 56 8 53 29 152 40 0 134 0 45 97 7 48 24 48 91 10 63 87 125 95 109 0 113 48 8 10 67 118 199 134 42 153 77 37 59 36 98 71 18 29 8 40 25 63 100 83 21 73 46 24 63 82 27 62 14 110 51 85 0 81 70 1 87 42 71 0 89 90 99 9 0 15 0 0 3 10 91 100 18 15 8 64 0 98 88 14 76 52 50 9 76 204 47 35 33 106 79 111 84 59 46 16 27 81 95 105 97 93 12 70 13 69 6 49 18 21 5 132 45 27 0 56 10 4 116 24 112 9 0 42 136 0 0 30 134 69 107 67 54 10 87 0 77 68 103 126 94 95 17 42 51 32 18 0 153 48 39 14 55 42 81 142 88 44 0 36 15 86 18 0 21 54 25 96 83 52 92 56 88 20 35 95 
24 36 53 64 65 24 0 14 68 8 76 50 18 59 142 53 138 22 88 46 80 65 58 164 8 30 61 21 47 76 87 12 36 32 28 62 42 54 65 148 135 114 56 89 35 92 32 16 42 16 14 95 17 10 45 72 9 18 5 39 44 0 67 62 34 20 67 210 0 38 63 40 38 0 0 145 10 16 68 123 99 64 54 0 86 43 86 72 42 31 117 54 81 112 19 101 48 71 63 96 106 30 98 32 46 30 22 21 103 127 107 23 157 25 18 157 24 110 85 81 137 111 20 66 10 99 178 54 49 6 6 15 0 9 112 115 62 0 52 88 72 70 0 5 83 110 36 24 119 4 141 74 165 35 20 50 0 148 0 42 0 99 3 40 256 89 30 24 42 72 29 34 0 22 0 56 147 48 61 36 36 144 81 131 18 41 9 34 31 128 21 30 0 32 108 53 111 105 23 54 129 80 62 39 49 30 61 8 71 182 71 64 20 80 37 32 55 62 30 5 42 0 36 97 169 59 114 0 16 111 264 317 152 0 14 56 21 41 36 0 42 110 63 6 6 4 45 71 48 6 108 171 74 99 30 117 
67 38 57 86 81 35 86 36 28 60 60 108 54 81 53 63 106 0 184 2 131 40 125 48 91 9 12 184 0 104 0 97 0 75 127 32 54 7 84 65 178 29 15 44 46 0 104 98 40 71 109 97 62 11 10 48 69 54 52 41 16 0 180 73 27 47 119 17 36 0 0 0 78 9 0 95 70 55 0 16 109 34 56 0 68 32 72 51 32 107 16 66 7 72 46 96 26 171 81 45 90 38 72 94 0 28 39 43 50 10 3 35 52 30 56 38 18 66 47 16 2 109 0 68 84 9 87 131 0 39 52 36 54 16 41 99 0 80 67 37 16 40 123 0 0 5 0 78 72 0 149 0 81 89 0 108 60 115 37 0 119 86 14 122 32 78 106 36 45 89 0 206 80 79 54 89 88 16 45 135 22 46 39 63 0 10 81 54 200 42 16 28 0 24 44 30 20 138 50 0 16 4 99 7 6 37 51 120 17 14 92 16 6 45 139 36 115 82 72 28 0 114 22 0 93 88 57 40 56 63 119 16 213 108 36 9 64 35 72 0 2 0 75 32 64 72 57 100 92 45 105 0 199 36 0 86 
17 0 53 28 48 44 35 23 39 27 6 0 60 64 64 0 4 12 75 45 29 41 95 40 68 0 84 20 36 116 10 147 19 60 6 25 88 193 135 99 114 45 21 61 26 42 54 32 72 45 44 24 199 100 19 0 19 96 88 81 125 17 36 96 0 20 27 7 35 63 36 98 76 94 103 61 116 0 27 96 114 0 34 20 92 87 127 8 65 19 0 0 44 20 0 66 6 93 192 0 30 75 150 82 21 0 166 48 0 44 195 111 74 24 4 32 99 18 122 3 69 86 50 28 50 28 18 90 142 8 15 89 26 100 25 68 15 25 67 81 85 40 22 46 42 76 72 0 43 75 73 24 100 90 0 237 15 62 6 46 64 146 166 38 45 12 26 63 81 71 18 51 83 72 18 38 137 82 3 91 30 60 0 116 24 9 9 33 0 0 131 42 2 96 48 2 46 37 5 0 24 32 87 97 40 9 28 68 0 12 86 75 63 30 132 26 89 44 63 107 112 42 81 71 0 1 50 69 153 128 62 27 32 77 0 42 12 134 6 16 74 114 66 0 37 9 27 10 11 4 29 36 60 81 112 45 
74 0 53 54 0 53 46 54 34 21 24 49 93 117 63 48 57 72 84 0 75 18 12 0 42 18 44 118 72 56 31 99 12 78 24 58 58 29 14 74 64 24 24 80 67 67 0 29 8 8 24 32 0 0 4 51 25 0 80 26 36 5 62 91 18 24 48 56 155 0 0 42 15 103 0 0 60 18 0 0 64 0 18 25 52 44 64 69 4 33 27 0 0 43 86 38 9 72 34 58 105 77 36 31 6 92 28 27 32 3 0 42 195 42 14 39 36 8 0 36 0 29 56 0 0 20 76 45 63 16 125 12 52 21 82 38 57 85 36 15 24 0 43 8 0 36 62 157 76 30 96 0 42 89 0 60 100 3 85 24 18 42 22 65 8 60 0 42 41 49 0 162 18 0 0 32 0 8 38 38 91 70 78 93 12 40 12 216 50 0 18 104 77 86 24 0 4 182 147 164 33 0 21 88 94 0 127 15 0 93 92 66 0 0 42 8 83 27 42 126 0 80 6 18 27 40 28 122 42 0 51 18 76 64 72 22 27 125 57 15 74 56 56 60 21 30 102 45 32 40 43 56 68 109 103 41 
50 4 161 27 33 27 29 86 42 0 12 98 108 36 99 8 90 0 78 99 19 143 42 109 114 39 87 0 68 31 28 142 8 12 84 136 70 162 104 40 80 19 21 52 0 24 116 120 12 92 3 34 74 40 86 103 75 117 14 14 157 13 64 60 77 10 94 36 41 61 106 20 28 16 97 65 169 52 24 27 18 36 58 27 88 0 52 23 27 5 48 51 59 36 64 20 81 4 47 60 32 32 108 3 42 10 12 26 52 88 103 49 0 118 80 94 72 74 54 100 0 106 24 66 72 78 36 52 99 42 87 74 125 11 56 19 128 115 84 0 175 114 197 45 28 48 32 36 24 53 181 19 25 79 39 180 24 28 56 35 45 83 122 48 102 108 29 27 12 28 49 146 172 61 59 26 116 0 0 90 21 138 0 8 45 27 0 136 22 68 83 62 0 27 66 0 33 194 57 24 98 120 40 20 34 2 0 19 0 98 86 78 28 20 65 33 74 96 45 49 17 32 64 66 91 127 178 45 47 79 107 0 32 63 139 100 148 27 15 0 0 36 45 34 117 100 121 32 48 32 30 15 113 69 136 39 
42 139 63 58 18 9 124 25 100 16 28 10 88 49 26 134 36 0 4 127 199 35 158 0 79 63 56 32 10 176 78 8 46 94 46 52 34 0 71 30 67 135 48 0 52 8 174 0 56 62 123 92 68 98 21 27 135 162 117 16 166 81 9 63 0 6 60 106 59 28 68 76 12 0 94 59 4 81 3 13 248 55 98 111 12 72 18 0 25 88 41 81 95 72 78 21 100 121 87 162 92 56 26 114 20 117 6 48 131 129 84 51 76 12 78 30 56 164 64 4 109 69 74 0 88 60 48 36 56 124 74 91 15 3 64 4 144 109 101 48 163 38 42 0 24 46 36 63 214 0 87 78 0 40 7 34 13 182 0 75 74 150 51 18 67 64 14 69 163 40 86 96 50 117 47 99 88 88 10 92 64 0 3 81 134 54 43 76 25 68 89 39 75 33 48 0 7 96 15 11 19 48 44 125 68 0 24 32 28 9 141 42 63 10 66 28 56 71 54 159 126 59 63 132 21 57 113 9 76 125 45 0 77 59 217 0 5 175 113 9 8 97 72 95 95 19 58 39 29 155 10 120 34 90 60 36 
2 6 0 30 24 0 48 0 24 36 0 30 55 35 0 0 99 15 10 41 28 14 94 33 36 0 1 47 48 40 0 119 12 8 0 0 26 0 21 56 21 23 48 45 0 0 2 96 30 28 52 0 0 12 63 108 16 42 0 0 114 90 9 0 141 42 45 25 73 0 96 52 6 120 15 52 94 0 21 9 69 45 18 18 61 35 20 21 30 64 0 0 7 7 9 24 18 0 42 52 27 27 49 58 40 73 0 0 104 101 20 0 45 3 19 6 68 1 25 27 16 0 87 7 0 21 64 32 0 98 84 38 145 44 0 0 98 70 6 74 0 81 42 54 0 45 42 0 45 54 4 0 14 50 0 51 0 87 0 0 56 75 35 40 48 16 71 35 96 56 36 40 73 0 57 70 0 30 72 9 36 156 25 3 0 0 0 72 54 57 44 98 8 32 54 16 6 48 0 16 0 45 81 32 37 75 27 18 36 194 85 18 0 9 46 0 6 4 0 72 9 48 0 58 18 0 9 0 65 2 56 0 28 45 84 137 137 9 0 0 66 35 0 9 12 27 0 81 0 0 114 101 42 57 35 28 
22 114 40 9 90 64 89 50 56 185 50 0 0 130 3 78 153 58 30 63 85 16 27 22 15 78 205 54 118 54 43 58 2 24 47 132 9 0 86 231 105 91 0 82 62 8 54 31 36 226 12 34 46 6 132 24 87 122 18 86 91 0 74 45 101 6 32 74 10 101 6 0 66 19 2 124 56 33 63 45 181 72 40 10 6 93 111 74 142 68 116 56 5 172 30 38 186 88 161 6 5 40 60 140 0 36 86 44 101 160 12 82 121 46 56 0 113 96 63 36 145 55 51 190 73 9 36 27 51 0 24 54 73 57 35 45 62 80 83 72 127 65 51 24 21 99 4 86 56 71 169 32 28 96 54 88 40 3 7 141 54 279 3 4 0 109 19 72 48 162 24 21 25 30 102 36 283 39 4 26 67 69 7 0 115 39 35 117 94 0 114 24 72 47 133 0 39 36 49 72 74 36 66 0 3 0 0 85 114 48 104 55 0 0 51 0 32 88 55 42 56 66 42 34 7 8 92 24 49 116 159 33 98 25 8 0 0 100 9 5 86 18 126 32 36 120 0 102 11 24 134 116 55 111 121 48 
21 2 6 35 30 0 4 0 27 18 35 6 27 0 25 7 90 2 1 167 60 3 39 14 65 16 96 94 0 71 0 0 16 24 47 70 102 62 30 50 91 76 32 36 17 18 30 20 25 58 8 44 40 84 8 15 2 6 2 8 72 8 72 9 0 92 10 63 49 2 3 8 0 21 16 15 31 21 0 34 70 28 70 15 12 116 111 9 2 25 49 71 24 2 0 0 40 27 78 0 12 99 0 15 51 48 34 18 82 96 87 48 108 9 15 18 56 85 51 32 18 56 64 36 46 15 0 15 59 84 66 56 15 22 40 14 0 124 34 38 6 11 88 0 67 49 0 72 162 16 65 1 14 56 25 6 0 61 22 48 0 20 0 84 30 0 15 10 6 21 22 75 0 9 28 0 123 32 0 0 106 105 27 3 24 50 9 0 0 13 120 0 2 0 75 18 35 77 72 0 25 34 15 28 0 0 93 50 22 45 36 113 8 0 16 8 74 7 74 21 15 21 0 85 12 89 111 27 14 69 77 13 90 26 81 7 0 194 46 31 50 4 159 4 72 19 71 27 24 77 33 80 99 4 12 24 
32 101 0 126 61 0 27 140 82 86 60 19 20 0 80 61 45 45 59 0 0 18 36 72 133 56 110 50 64 88 72 43 25 54 115 30 37 15 83 108 89 83 34 56 37 0 42 92 45 116 10 54 86 16 93 24 46 209 0 28 50 35 111 35 57 49 42 153 18 28 21 59 48 137 27 120 145 5 30 8 9 141 59 35 158 33 31 106 117 21 79 0 0 91 57 0 134 67 44 25 47 48 73 95 67 72 140 67 56 8 190 106 75 46 24 50 60 131 56 0 88 34 51 63 44 55 89 80 5 0 90 78 89 54 0 61 22 6 55 129 84 66 102 13 8 53 67 0 65 0 60 112 0 85 63 23 125 21 93 21 31 103 33 0 57 136 161 72 103 67 37 49 73 113 65 36 88 81 135 20 54 123 30 76 80 36 45 94 116 74 132 86 35 87 21 15 54 85 65 45 0 179 16 5 75 23 0 15 40 120 204 54 61 78 116 81 79 65 63 36 96 56 40 80 8 77 0 0 102 77 125 85 75 71 86 39 76 141 61 20 36 10 16 118 6 59 24 46 35 20 83 81 17 4 63 63 
0 18 42 25 68 14 53 42 18 24 20 49 36 24 12 34 88 0 15 6 20 30 56 54 54 0 34 10 12 57 18 117 36 12 42 32 45 20 0 20 12 12 12 34 36 22 70 81 14 35 18 37 52 19 0 40 0 39 20 41 30 0 12 93 18 36 82 0 54 27 66 68 36 41 31 44 30 0 6 25 16 0 0 21 30 55 0 15 6 15 0 12 5 0 64 52 24 54 128 54 0 14 80 80 88 0 89 23 8 18 19 0 9 80 0 27 8 62 147 3 52 66 0 6 12 21 10 20 40 36 34 67 155 0 14 0 1 5 27 15 18 8 54 27 6 8 44 25 42 6 8 0 79 10 0 49 36 24 0 0 0 12 40 8 54 42 42 3 141 0 24 57 0 88 24 49 104 63 46 15 2 21 4 27 0 67 65 35 32 28 37 90 45 7 10 12 30 78 47 17 65 45 0 4 3 37 11 6 20 16 8 8 0 24 90 46 27 26 6 13 0 0 62 20 5 120 0 78 6 46 84 8 48 21 24 59 54 14 83 0 38 25 43 49 28 21 6 32 60 36 15 7 24 34 31 7 
49 35 0 0 20 118 53 0 52 0 23 193 71 3 37 81 2 38 145 29 20 137 8 113 13 7 44 105 36 53 13 100 91 116 15 38 28 83 25 0 98 32 32 0 34 59 157 73 45 4 34 48 0 110 118 101 52 61 84 46 28 10 58 44 12 23 42 54 17 76 47 58 16 7 77 43 67 0 72 15 82 63 122 6 84 52 8 105 34 0 30 21 81 34 40 45 72 104 8 64 58 48 46 7 51 48 58 66 67 34 64 17 89 31 23 0 18 97 84 14 22 85 69 13 90 112 104 28 42 14 80 87 0 20 46 169 34 24 69 8 67 149 69 0 151 49 71 30 76 87 56 83 69 47 30 121 0 132 58 0 61 110 12 14 34 120 15 0 48 9 30 157 10 42 167 58 14 37 21 36 74 97 42 125 0 93 7 51 22 40 67 44 74 115 155 18 50 51 36 129 63 7 124 2 76 32 98 49 40 32 72 89 14 21 48 16 56 28 104 22 62 0 35 167 117 82 77 75 63 67 56 63 131 79 47 78 30 0 6 0 27 48 3 0 29 6 32 27 3 63 5 77 3 23 145 55 
10 0 12 125 63 74 36 67 54 70 57 72 93 97 28 51 90 6 18 0 149 42 14 166 14 60 48 127 6 171 125 0 18 68 42 153 131 4 65 117 67 46 4 134 63 56 53 119 56 0 46 0 7 19 165 13 9 42 43 36 0 45 26 101 47 74 27 96 78 34 0 72 23 72 36 75 27 12 44 0 7 24 5 9 12 19 45 43 127 8 8 6 41 72 0 53 2 69 119 63 84 38 70 12 64 9 6 49 73 56 81 19 154 32 91 56 13 27 83 53 0 151 100 59 46 19 102 44 61 0 121 36 77 91 67 74 168 128 0 77 133 82 82 24 81 73 82 63 146 26 115 8 96 185 54 52 0 23 7 112 39 106 2 134 104 35 72 42 158 151 118 111 6 45 39 93 81 83 72 125 45 129 24 48 101 69 14 78 62 0 24 19 0 7 6 0 4 57 45 110 26 56 0 0 118 25 117 0 37 104 0 45 6 151 74 8 69 26 99 15 68 0 0 94 67 16 125 5 42 39 97 144 139 136 4 39 6 85 12 14 75 117 64 0 63 95 0 63 56 51 7 136 139 0 24 63 
77 32 120 32 77 71 69 15 65 149 128 146 10 122 51 57 75 173 67 101 35 18 128 116 24 42 167 132 66 126 2 154 68 136 118 135 85 88 181 44 183 100 86 141 196 70 54 48 82 243 80 10 28 73 85 80 91 24 60 53 61 25 15 89 142 6 66 53 0 35 43 61 42 79 8 105 22 62 24 91 24 78 34 73 84 30 141 35 49 1 144 73 74 110 0 75 128 100 91 118 78 96 0 45 103 15 79 65 105 98 29 39 132 59 155 65 46 150 54 160 59 155 34 145 179 121 11 42 0 22 105 56 0 32 64 96 41 128 79 36 84 45 112 66 36 126 41 91 74 50 86 44 66 20 28 10 96 147 82 40 25 27 0 20 154 80 36 45 48 105 74 76 31 0 230 45 90 44 72 180 212 159 72 28 24 56 47 25 93 52 134 114 15 7 149 24 50 38 104 44 113 21 126 24 15 13 57 67 100 36 125 12 0 158 32 0 148 96 12 0 25 80 15 133 47 112 156 0 22 53 56 265 116 28 45 137 47 21 10 48 54 119 24 57 12 67 16 30 57 18 107 10 96 78 104 154 
119 95 53 134 55 26 38 38 100 28 47 0 93 23 70 97 90 80 11 54 30 92 39 49 112 72 128 76 66 135 180 75 10 69 7 14 35 55 82 144 70 81 16 45 37 17 99 20 21 118 102 43 66 32 118 126 36 107 11 1 108 64 47 81 6 41 65 109 109 0 0 41 138 156 111 40 32 47 36 24 152 59 47 10 100 142 102 0 100 41 25 28 44 26 2 45 97 58 118 74 56 25 260 119 75 36 89 49 45 50 76 93 16 161 87 28 181 32 73 58 75 7 45 67 44 32 158 48 101 24 167 89 80 114 72 50 99 34 102 104 47 105 121 65 80 4 76 102 145 98 74 1 144 16 4 32 44 174 24 43 71 25 99 2 223 28 90 12 10 83 24 25 67 9 68 129 108 18 92 89 166 81 71 82 7 69 28 56 114 0 130 8 93 126 40 35 27 48 38 23 44 251 73 35 84 86 33 32 4 2 144 81 48 27 68 142 49 154 120 63 140 4 0 72 153 162 88 4 45 140 35 153 138 21 16 28 0 105 195 141 101 70 77 7 77 45 63 26 31 39 37 72 165 35 75 0 
167 24 42 0 56 40 20 64 26 84 36 82 62 49 101 53 134 28 11 14 8 27 32 87 42 41 52 58 12 88 82 46 72 0 0 132 61 62 45 10 2 104 47 10 18 12 36 104 40 60 2 80 4 81 2 45 26 119 58 24 8 46 50 6 15 4 24 42 0 53 121 62 42 63 99 25 28 0 0 7 54 10 48 39 54 38 0 71 28 69 74 62 44 0 4 42 49 103 72 36 0 96 16 53 0 34 121 20 36 16 126 0 147 65 6 0 30 48 54 80 54 64 18 74 8 15 45 0 44 84 100 10 0 60 48 0 107 4 91 18 0 16 21 48 62 0 53 0 83 2 8 26 42 0 80 66 40 88 8 0 4 45 56 16 96 72 29 38 54 60 32 142 40 113 63 2 78 52 0 18 4 22 14 30 18 100 0 128 21 12 42 14 54 36 18 0 4 54 26 64 0 4 0 36 10 14 0 63 18 43 43 68 86 28 34 21 61 51 44 90 0 42 5 105 26 19 90 99 63 24 12 78 36 53 39 4 14 30 86 20 0 0 53 56 156 46 92 143 28 74 17 0 109 35 0 56 
12 18 63 35 18 0 58 49 79 0 81 22 36 42 72 55 10 20 50 14 61 134 12 120 172 0 135 70 14 8 104 6 88 34 10 45 5 18 160 30 72 61 37 37 178 0 72 35 45 26 0 57 49 64 50 153 100 133 32 0 59 137 18 91 55 4 5 0 67 47 36 120 115 0 84 42 101 13 0 27 104 116 11 0 166 17 133 12 10 21 37 0 27 62 52 0 0 35 44 0 19 61 52 21 46 70 50 59 40 101 75 95 41 110 0 60 56 88 47 35 12 76 130 67 127 31 32 42 70 78 33 14 16 21 15 87 49 56 114 39 101 78 70 45 19 8 10 0 107 37 52 63 0 48 21 90 4 153 101 30 14 33 0 12 91 15 77 41 18 6 28 24 94 98 54 16 51 63 12 92 0 140 40 18 18 33 14 73 2 15 94 0 8 22 88 8 11 74 15 72 54 146 86 10 153 9 21 21 93 132 85 73 11 72 52 51 56 21 107 117 7 4 35 28 71 93 74 35 64 38 15 130 100 105 0 38 98 105 117 12 19 45 9 13 65 50 153 86 29 25 76 72 31 14 139 39 
4 106 0 69 26 75 22 3 116 68 9 25 0 159 27 59 0 4 62 18 25 63 191 42 165 72 177 123 114 5 8 30 12 64 66 80 30 29 9 83 207 123 65 15 72 20 120 79 5 1 72 9 55 58 51 107 96 42 24 0 0 45 54 8 56 0 15 4 54 38 24 103 92 47 10 146 99 8 83 48 141 81 84 12 56 72 42 79 148 72 13 0 122 100 32 0 174 121 24 37 25 29 0 38 96 36 93 125 149 10 160 56 172 112 88 94 0 52 45 68 72 0 67 52 64 51 49 35 0 75 39 12 15 216 0 81 63 47 24 93 79 63 77 64 107 0 67 141 76 29 20 4 76 71 24 162 143 80 10 21 59 41 14 85 55 45 14 90 72 136 29 3 63 28 30 0 91 67 6 178 87 106 66 0 85 73 27 105 64 75 138 56 74 12 30 10 115 120 0 91 0 87 69 57 80 79 118 18 54 85 110 38 32 60 2 16 62 42 11 82 40 116 5 172 33 84 0 108 87 58 53 156 18 64 15 78 8 64 6 42 51 87 54 57 6 106 56 133 59 10 172 30 106 5 126 100 
87 20 106 81 0 32 16 38 81 72 85 36 64 22 101 16 4 100 48 21 42 30 48 36 112 97 40 177 80 0 27 77 137 133 152 28 0 52 45 0 6 158 99 121 87 84 24 52 50 157 18 6 108 10 61 0 72 34 75 80 44 65 0 54 81 121 50 54 74 24 96 40 54 90 92 69 68 67 16 42 72 29 22 71 24 86 48 78 12 9 109 42 81 90 136 61 32 24 18 56 188 87 48 30 12 43 45 119 53 178 57 0 8 142 56 60 0 26 137 57 77 80 141 0 15 81 92 107 26 6 81 36 0 105 68 24 41 0 63 55 90 37 54 137 0 18 6 70 104 26 42 60 48 6 36 66 171 168 198 84 72 78 54 37 179 156 51 10 0 66 0 0 40 28 158 62 56 75 37 99 70 38 138 50 39 68 32 134 69 26 93 28 67 28 31 34 62 111 21 49 106 10 24 72 26 85 45 54 89 64 19 86 110 0 118 0 56 4 14 95 60 6 73 81 113 11 99 8 36 83 90 104 0 48 78 74 44 150 19 35 12 113 41 77 0 41 39 19 0 138 0 2 67 27 92 146 
72 30 66 116 124 124 125 50 172 25 40 0 192 6 16 36 107 63 76 89 88 42 42 76 0 81 56 84 4 64 9 192 8 148 0 104 63 249 4 72 111 183 106 0 96 166 100 137 80 50 83 46 0 247 47 0 16 68 49 0 199 72 92 103 45 72 8 179 91 28 108 65 48 112 172 71 45 70 0 119 63 71 112 16 108 64 58 0 69 13 0 84 6 83 0 104 43 106 99 56 16 102 196 35 105 16 72 82 36 0 130 145 56 88 8 81 77 32 77 70 56 92 80 45 74 68 42 26 24 36 113 231 55 73 81 116 68 109 33 78 46 66 35 99 106 98 64 42 119 125 145 12 40 67 4 258 74 167 102 16 154 94 94 20 43 109 89 139 35 89 97 16 28 20 136 62 82 80 48 175 122 0 144 0 61 33 56 69 0 0 112 136 28 56 88 96 32 20 72 21 8 100 48 40 22 26 102 35 30 23 149 35 96 40 93 46 165 46 97 40 44 60 14 96 64 142 22 50 84 78 124 49 24 34 119 8 8 92 65 64 48 73 9 0 61 36 93 36 39 86 35 35 123 123 8 14 
72 0 21 6 108 75 32 12 76 0 54 47 45 27 78 10 6 27 30 48 9 57 48 36 33 0 76 22 36 16 0 72 8 99 0 15 10 0 24 0 39 51 40 72 51 5 99 24 0 12 2 40 6 30 103 24 87 85 13 0 54 0 30 57 24 12 137 117 63 110 36 93 0 8 27 114 62 55 21 24 18 29 26 5 15 24 36 6 108 12 12 3 29 97 8 0 81 27 0 6 103 20 75 8 72 53 129 47 43 42 112 60 9 40 37 6 0 33 60 21 12 0 35 9 24 68 110 0 66 40 0 12 6 10 0 69 27 50 62 18 22 41 54 6 8 42 0 33 103 24 27 159 15 76 22 32 51 39 0 80 45 14 16 0 0 153 72 9 21 48 61 20 54 42 72 0 30 105 18 18 86 49 0 104 51 101 21 72 35 60 15 42 41 41 27 0 83 172 46 63 0 54 36 55 85 34 15 0 68 127 72 57 9 31 12 7 18 18 27 31 121 15 0 17 39 17 49 18 75 46 80 21 21 108 0 100 48 3 9 69 67 57 9 18 34 12 18 0 27 5 30 7 64 9 96 51 
84 40 0 22 0 4 38 40 61 18 0 73 21 31 2 36 50 0 12 0 20 5 94 26 24 35 13 0 36 0 45 0 26 21 4 16 35 0 0 34 8 75 2 7 14 0 34 54 0 111 8 27 22 9 0 138 32 35 16 0 0 55 0 0 0 36 25 7 21 20 72 20 56 77 92 114 30 80 6 121 108 0 35 5 42 9 33 10 55 44 6 12 60 36 34 44 0 49 39 0 16 51 31 61 25 45 25 6 8 37 16 4 8 32 20 30 48 31 86 40 4 87 21 6 69 0 28 63 0 49 16 87 165 79 63 54 6 53 27 0 63 8 27 27 62 35 0 4 6 6 24 12 42 47 0 130 8 98 12 53 14 23 9 35 0 8 94 62 6 7 5 91 12 1 0 72 141 89 20 18 81 19 24 54 9 63 10 98 2 22 11 42 60 25 10 0 9 90 6 12 21 70 9 59 54 32 7 99 20 99 7 12 0 35 70 6 154 18 53 111 16 24 49 3 24 36 52 0 37 41 68 8 48 54 0 0 2 10 45 0 49 33 99 2 24 48 66 48 12 0 45 42 41 0 43 9 
2 48 27 54 41 99 90 18 56 142 32 84 93 55 72 38 0 72 0 72 20 69 21 6 66 6 160 130 75 0 8 125 0 7 0 168 44 199 0 68 63 76 101 68 129 35 66 33 178 0 25 24 81 111 78 6 0 43 0 23 42 25 54 0 52 18 43 27 15 0 49 26 72 25 47 18 24 147 93 10 95 15 53 56 62 132 26 92 125 0 60 0 4 9 29 105 46 84 45 32 1 5 76 69 82 100 16 29 14 3 64 7 127 49 63 36 112 59 27 45 40 73 64 144 139 70 58 6 15 15 0 6 0 80 14 88 20 82 72 48 135 63 24 133 0 40 112 27 58 101 27 3 75 101 54 157 68 32 42 90 56 61 121 79 35 3 9 3 168 114 181 50 27 1 12 82 14 189 21 88 6 18 16 45 197 76 0 158 12 9 12 0 77 37 78 65 58 149 9 18 56 58 6 64 21 32 111 51 78 6 81 27 20 5 24 6 22 29 105 42 0 91 34 24 0 53 0 72 59 12 0 0 90 35 57 51 27 198 70 38 0 58 38 21 27 83 78 30 65 62 104 3 131 138 70 28 
41 40 56 96 63 64 116 140 77 0 45 75 8 103 133 118 18 54 38 40 9 107 0 78 212 77 106 69 93 81 31 92 20 54 108 8 144 67 168 35 14 38 139 177 168 107 158 107 151 120 45 109 133 40 70 47 48 145 46 50 100 34 101 98 104 87 58 69 119 184 95 92 0 245 113 27 171 72 48 20 83 78 28 12 33 86 72 72 0 30 45 0 135 188 44 0 44 118 236 208 146 46 140 14 30 3 77 18 24 30 197 54 4 135 102 104 125 20 133 18 99 142 51 62 73 156 96 54 32 36 110 0 147 36 97 24 168 54 67 77 134 127 75 129 63 16 117 32 91 102 152 14 105 118 111 92 36 127 101 134 36 149 155 52 181 48 174 80 36 82 76 87 178 51 12 13 18 74 69 40 184 114 84 72 14 128 70 8 168 0 130 49 102 50 0 0 115 18 27 80 96 171 92 92 210 63 119 9 190 16 72 83 44 0 163 32 52 95 57 91 0 0 52 224 90 59 140 63 127 38 56 93 32 7 0 123 79 111 148 28 163 198 27 42 100 174 67 63 0 46 75 66 47 19 164 226 
22 54 27 0 38 0 56 49 191 46 19 0 167 0 31 124 88 52 32 6 101 36 4 0 84 61 68 18 0 0 0 64 20 81 36 0 14 12 40 96 84 78 68 54 0 0 24 81 52 36 0 4 22 16 106 7 48 117 78 0 85 69 27 36 76 0 16 54 30 14 50 10 36 20 18 85 65 38 29 10 28 24 53 64 32 0 90 0 76 27 42 33 44 27 32 27 14 21 24 32 0 147 32 82 0 48 49 17 24 14 39 45 0 18 1 44 12 109 0 10 52 0 0 0 54 0 15 22 0 58 68 3 27 8 18 3 51 31 75 36 153 45 0 72 54 36 0 18 27 72 0 20 66 87 33 56 28 26 144 90 209 125 20 23 44 147 33 6 54 8 40 24 34 9 34 81 30 0 0 126 43 18 45 6 45 63 3 57 0 0 0 94 45 20 12 28 2 3 8 18 28 23 21 44 135 0 13 24 52 10 73 24 0 8 27 2 30 0 14 38 63 0 0 35 0 0 108 36 22 83 135 0 45 9 32 0 0 91 42 0 36 9 60 30 4 0 4 20 3 74 0 28 77 72 36 25 
30 114 0 0 27 108 180 38 64 200 56 75 92 79 73 88 42 93 56 104 192 45 48 0 96 0 0 81 24 57 0 72 16 238 3 4 66 189 96 67 27 100 0 64 11 36 65 81 79 171 159 18 18 136 72 36 88 12 100 53 49 5 48 72 24 76 45 21 55 21 20 0 81 67 32 54 45 96 79 51 18 0 36 74 0 36 30 0 12 0 9 84 167 91 82 60 90 24 17 0 64 40 95 214 72 0 30 8 48 73 0 198 0 48 21 141 25 55 162 53 21 65 80 91 48 82 61 0 45 74 104 155 185 72 72 67 78 140 157 16 0 32 33 27 54 138 49 0 162 0 28 0 99 135 54 358 54 70 0 0 64 0 83 8 0 58 36 56 63 38 84 216 0 0 18 126 72 135 42 50 132 85 7 116 88 98 16 54 69 92 76 0 0 56 35 48 0 6 24 82 111 150 42 146 49 36 147 59 56 70 0 75 14 7 0 0 0 79 126 72 0 186 0 7 0 0 126 45 121 30 54 90 24 28 8 8 8 118 45 24 30 64 85 24 80 90 0 0 51 40 279 81 72 36 27 72 
74 70 49 102 86 91 129 24 26 10 94 0 89 146 122 15 97 22 70 58 99 94 92 225 57 49 58 63 48 63 69 118 0 144 23 0 30 294 38 120 12 147 78 26 34 104 132 53 65 48 44 32 37 113 41 16 84 113 152 10 50 40 81 8 0 81 56 66 42 54 82 23 115 48 62 113 0 95 50 67 112 122 40 47 0 27 40 47 0 19 4 101 19 153 120 128 8 68 117 20 174 60 80 4 8 88 123 109 62 43 192 14 80 21 69 51 36 124 72 65 30 42 0 58 63 151 124 21 28 90 149 176 33 30 26 22 118 32 22 50 12 68 32 4 7 38 66 25 36 34 45 43 155 111 3 45 108 35 75 83 55 133 12 20 38 86 55 56 58 18 93 44 82 22 38 37 60 36 30 101 16 28 68 120 44 10 34 27 18 37 62 12 42 134 143 104 91 132 36 54 45 45 15 28 94 3 12 81 66 55 90 5 33 48 22 16 127 2 144 34 5 19 142 0 29 62 8 4 69 52 71 50 27 98 6 57 37 106 38 24 4 58 69 64 129 0 49 12 63 26 54 4 74 35 15 42 
77 40 16 0 47 40 45 15 52 85 37 67 59 129 33 137 18 56 32 188 111 85 122 159 24 93 279 50 0 128 138 146 32 140 13 6 102 66 89 29 49 41 109 155 83 6 110 82 48 93 16 45 180 66 225 80 89 185 104 64 49 106 92 18 9 24 35 125 57 52 0 57 157 73 117 94 62 161 55 144 121 1 82 19 48 88 109 0 63 70 15 51 109 120 16 23 7 24 81 107 48 104 185 18 0 49 45 48 62 150 69 171 3 66 128 60 102 36 56 93 145 69 148 87 52 198 115 14 103 92 96 72 103 84 65 36 95 147 76 0 127 94 121 7 131 94 28 129 142 125 64 69 37 21 82 24 0 21 93 74 0 55 43 7 28 15 24 0 107 65 131 183 7 72 114 16 138 99 9 143 105 168 7 29 112 75 43 0 0 56 110 0 19 90 79 22 60 67 86 94 18 76 2 77 112 68 17 90 141 109 83 52 57 125 125 32 0 74 195 90 0 38 56 38 40 35 198 73 9 75 147 81 46 103 92 10 0 136 5 7 94 104 81 24 54 96 0 0 4 75 124 61 44 122 28 20 
21 64 0 20 0 0 0 15 5 63 0 63 28 96 39 51 97 0 51 17 54 54 63 27 80 81 39 74 66 90 78 46 44 24 45 0 54 0 16 33 10 72 36 167 56 72 51 62 36 76 107 8 25 0 120 18 69 0 103 66 34 59 46 18 59 30 0 48 61 15 9 10 99 73 2 14 94 0 35 27 88 19 0 46 6 109 32 40 64 0 27 144 66 100 16 56 96 99 0 40 49 64 113 130 84 10 27 82 29 70 0 6 72 35 2 45 33 155 117 58 91 64 56 162 46 27 44 36 0 95 72 5 40 72 0 12 51 39 71 78 20 117 0 81 16 68 0 63 93 0 27 0 152 25 88 93 18 31 117 93 99 99 2 0 112 0 70 24 0 114 21 57 45 5 119 45 41 31 72 80 213 13 51 10 35 44 24 0 25 0 87 36 5 23 46 65 70 0 0 18 54 76 40 8 83 9 45 26 92 12 27 44 0 27 128 0 0 46 0 74 0 0 89 3 82 86 68 36 20 6 69 127 158 9 0 0 66 7 45 30 0 87 20 33 0 35 40 72 71 54 0 38 45 56 12 42 
50 4 168 68 39 12 57 62 81 22 84 133 28 99 87 40 80 32 35 51 32 84 84 63 96 56 183 99 123 160 18 103 146 64 135 40 24 16 78 20 78 53 86 66 54 10 63 98 40 36 69 25 32 21 93 0 20 8 61 63 43 49 21 68 86 0 42 56 69 8 147 122 44 0 69 0 126 85 73 64 124 11 132 105 19 32 126 67 8 89 106 41 122 129 26 14 72 116 10 127 101 126 0 101 122 108 63 72 14 72 24 65 192 7 117 129 170 146 70 3 119 111 31 75 118 87 42 8 12 139 103 28 108 24 0 95 98 130 81 105 64 141 64 14 102 95 78 98 84 23 0 67 79 24 60 0 114 33 83 8 58 37 94 6 90 79 100 58 68 82 29 43 70 113 168 82 0 80 99 190 178 15 19 8 56 87 21 143 34 25 125 178 19 0 28 77 10 79 95 18 80 80 98 138 135 36 129 35 85 104 86 0 0 82 0 0 9 47 72 58 0 48 7 52 31 50 203 54 106 64 148 50 144 78 119 72 81 123 151 0 88 103 59 173 88 115 0 132 21 75 100 0 96 160 46 20 
42 32 32 178 28 49 110 51 0 0 35 116 124 60 81 76 51 6 108 40 105 2 21 75 57 33 129 111 111 93 123 47 20 130 94 30 67 28 41 69 58 2 18 145 53 30 24 125 74 84 59 24 29 54 111 75 21 40 0 36 18 24 24 20 2 10 39 49 59 56 0 55 64 18 50 21 24 67 6 91 51 79 67 111 12 9 82 76 33 44 39 22 49 0 182 115 61 119 40 121 81 63 86 68 70 81 41 15 124 109 0 7 94 85 94 0 80 74 110 26 73 12 63 30 0 119 117 79 23 18 34 0 21 26 0 168 57 76 12 31 133 97 42 27 21 58 0 48 187 11 27 36 66 87 30 91 16 31 6 78 2 196 5 126 63 62 48 41 156 68 134 181 137 47 170 18 84 36 8 171 16 95 23 50 19 52 4 97 71 4 86 10 117 53 63 0 87 122 6 7 60 68 137 21 145 62 121 87 17 74 59 12 56 69 24 6 35 24 23 92 37 124 63 69 98 75 84 36 89 96 71 66 145 237 55 101 14 136 47 0 83 130 6 35 28 16 73 61 43 7 54 16 159 135 60 83 
35 107 109 72 0 37 48 40 9 0 20 18 22 60 0 23 18 35 48 58 14 5 0 101 117 0 80 3 49 45 69 109 0 42 149 0 98 150 41 0 25 44 21 52 27 6 39 84 0 199 64 91 52 35 85 15 0 9 32 0 80 78 0 30 45 54 193 6 5 40 21 66 101 93 117 98 32 45 0 75 156 27 57 68 53 63 25 90 25 7 28 64 63 79 75 17 115 33 6 52 40 78 189 88 61 50 0 117 76 45 24 4 20 165 36 6 7 39 63 70 68 55 39 36 132 110 9 36 35 20 49 36 187 186 42 48 15 0 22 5 141 87 84 45 80 70 22 90 146 20 0 0 111 48 33 229 28 45 80 20 41 60 26 0 88 24 119 0 139 72 0 74 59 9 136 73 40 18 74 142 107 9 14 12 0 119 24 65 53 52 49 82 110 62 19 6 36 66 27 0 4 62 51 0 34 63 36 60 94 60 54 32 49 63 21 42 0 113 63 52 87 22 48 82 81 43 82 63 36 14 6 16 195 5 40 122 12 15 75 0 84 45 0 0 0 46 16 7 34 9 37 0 43 0 107 76 
9 6 82 48 50 85 6 7 63 0 26 74 96 0 50 47 53 62 45 89 3 54 39 54 43 73 177 147 0 40 8 0 36 23 2 88 54 199 19 29 114 56 62 63 56 26 77 102 7 54 63 0 35 109 110 47 32 40 57 10 74 0 39 121 50 28 88 90 105 105 7 42 42 28 48 172 9 0 0 84 23 191 6 28 59 0 118 0 0 50 54 0 2 30 0 68 55 96 0 22 27 87 163 25 13 5 59 42 170 147 31 24 13 110 0 122 21 56 48 110 77 48 53 50 126 38 0 9 61 106 135 43 85 0 139 95 30 50 0 54 16 76 5 0 54 158 40 18 112 16 39 76 63 162 58 90 78 141 89 60 28 109 112 114 18 18 33 78 21 82 7 164 16 12 106 93 150 102 6 32 90 32 111 52 0 68 0 24 18 56 102 19 32 74 124 37 14 119 12 52 45 116 169 41 139 47 43 5 14 106 176 7 24 4 94 48 59 30 100 16 45 33 14 39 25 107 192 126 142 94 40 8 68 122 68 0 0 48 80 0 23 100 24 52 39 69 22 3 83 0 20 24 25 30 28 130 
0 62 0 44 50 52 94 0 79 76 49 0 114 45 149 36 19 0 73 24 0 21 105 19 45 22 51 88 3 72 92 76 10 105 28 20 21 94 85 110 149 97 48 108 17 0 92 78 60 34 43 21 152 54 52 15 34 129 79 92 219 114 72 0 32 72 119 24 60 61 24 16 64 63 35 32 132 12 34 25 182 27 95 60 102 25 73 80 48 95 1 3 0 1 27 0 1 45 38 151 28 50 5 87 16 112 45 44 0 3 115 68 55 27 54 6 75 53 170 35 80 84 31 27 50 44 12 80 0 27 51 16 0 24 4 120 26 42 70 109 193 116 7 66 21 54 46 69 89 59 32 39 43 81 20 214 49 51 40 0 97 147 95 24 35 88 31 83 153 60 90 17 42 24 98 24 59 137 25 86 59 36 4 84 156 0 0 6 1 44 93 0 70 49 48 8 96 38 47 59 24 17 170 62 0 53 55 64 42 40 98 3 77 0 50 33 87 32 34 24 203 24 78 64 0 0 54 42 113 58 87 61 35 45 60 0 63 126 156 33 24 100 16 0 0 58 10 0 8 0 86 20 95 148 15 9 
31 14 18 110 41 0 43 32 36 0 148 0 64 38 188 70 0 36 84 56 108 80 33 86 36 20 96 38 102 19 69 62 110 91 112 6 48 138 106 100 145 79 0 77 48 37 76 18 0 142 47 0 5 0 9 0 67 6 27 37 93 9 109 79 9 56 41 21 3 64 67 49 197 174 0 173 16 4 30 59 94 40 24 63 30 27 145 136 24 16 19 56 105 1 43 53 35 17 179 32 13 97 5 97 77 80 0 85 37 12 9 10 103 14 101 80 15 211 82 97 38 121 64 20 112 35 5 38 28 52 96 16 63 0 54 54 143 36 21 39 137 21 84 28 81 66 46 62 38 5 72 123 45 154 4 49 84 99 71 159 121 71 53 14 35 60 104 7 66 116 63 19 40 21 24 98 53 51 27 101 40 151 32 80 9 43 11 136 40 103 64 138 65 113 92 44 7 138 51 82 100 3 120 50 88 33 129 0 60 94 69 18 78 58 15 8 40 29 64 139 85 40 86 73 14 61 121 0 115 113 229 190 139 69 71 104 64 106 52 1 24 18 24 37 108 5 20 30 72 62 202 169 17 98 0 0 
8 0 80 32 16 16 88 94 90 44 28 28 28 65 141 100 2 130 26 86 11 94 93 134 105 30 0 90 31 90 94 45 147 0 84 34 37 17 112 65 153 102 51 0 81 142 134 84 0 56 48 64 130 42 37 32 25 63 148 34 95 74 87 183 3 40 67 54 21 15 140 118 55 47 154 101 59 6 90 61 304 54 116 0 35 37 58 7 36 42 27 61 5 23 28 61 0 90 89 61 104 53 91 80 197 4 56 66 46 66 120 15 150 61 137 69 54 125 59 16 141 71 143 55 102 69 121 15 97 29 85 77 56 114 8 45 22 38 0 57 100 159 0 100 57 14 128 122 24 4 8 56 70 114 122 20 88 131 42 90 72 41 63 59 181 70 95 0 116 96 68 23 61 80 0 80 72 52 54 142 35 92 93 0 69 207 74 69 43 64 23 76 10 84 57 55 83 100 7 17 128 98 2 24 144 4 219 8 15 82 55 56 54 8 84 147 85 88 62 51 40 16 128 74 262 72 70 0 82 115 0 75 131 86 36 2 111 117 84 7 99 81 139 170 63 30 56 36 28 104 21 28 113 88 29 82 
73 121 43 184 81 132 28 42 77 105 13 0 96 117 25 95 82 67 6 0 35 28 181 89 222 24 111 119 103 235 140 21 12 68 113 74 242 114 78 59 167 110 60 14 16 18 169 74 52 121 60 54 48 120 38 95 99 205 189 74 136 81 0 42 16 4 66 60 145 56 22 0 56 211 61 169 85 55 72 2 289 112 0 94 16 96 107 111 157 56 45 96 43 122 99 32 102 107 62 63 61 77 185 88 80 51 115 97 199 62 146 134 124 160 100 72 16 92 120 96 15 190 84 37 184 127 50 53 82 93 111 2 82 131 48 129 48 126 18 152 369 75 63 138 141 55 78 100 40 53 63 63 195 63 90 184 12 125 78 41 49 130 83 74 65 30 3 17 141 112 26 24 80 19 37 0 110 229 38 171 60 74 26 52 97 144 42 161 65 18 14 74 82 170 25 44 128 220 5 107 110 59 72 124 39 82 2 18 196 131 97 49 63 16 76 82 82 123 70 252 74 3 178 176 113 56 150 172 77 18 41 178 63 99 36 91 2 160 81 21 60 102 34 6 101 70 86 97 105 45 30 56 140 94 105 174 
14 32 129 113 0 0 42 0 0 0 70 167 141 71 78 0 0 70 8 56 49 100 16 59 46 28 56 0 0 56 30 125 100 68 105 72 25 105 7 116 95 7 54 91 38 28 90 123 38 32 32 32 72 49 0 135 9 74 21 0 44 91 0 45 0 0 0 0 0 0 15 115 87 48 116 0 0 89 12 7 64 109 67 0 0 16 9 0 26 73 3 16 12 12 0 65 61 91 35 43 56 0 32 36 74 0 59 9 109 38 16 45 75 0 20 18 87 0 100 12 24 87 21 112 56 0 81 45 42 46 98 63 56 44 10 56 0 49 64 35 75 76 192 4 36 7 39 0 64 21 72 0 51 62 16 32 9 22 63 9 35 114 45 56 48 68 4 85 63 56 0 207 134 64 35 81 80 95 12 108 48 71 14 49 14 72 14 18 12 49 21 95 0 71 123 0 0 0 110 0 92 46 31 0 44 4 35 45 7 7 159 45 28 24 54 0 148 137 72 0 54 69 74 40 0 35 92 0 89 21 7 0 0 59 0 95 101 42 132 114 0 181 47 9 64 56 0 72 90 32 0 0 222 24 26 0 
50 78 22 30 55 27 89 0 4 85 96 59 86 208 60 84 40 12 104 65 169 71 49 40 54 60 160 140 95 153 18 110 74 183 36 0 56 5 95 98 56 142 44 23 88 0 30 155 127 54 36 40 37 29 97 1 133 128 82 85 113 24 111 38 5 8 75 93 40 24 145 64 0 63 147 36 88 6 100 62 102 63 44 40 63 68 28 67 179 53 60 90 93 80 46 52 110 11 72 112 130 75 112 29 60 140 7 50 212 51 32 126 79 138 22 105 54 77 80 68 125 58 36 23 91 40 94 4 124 36 135 77 92 138 125 0 41 136 22 0 98 15 53 57 21 83 28 6 134 59 24 129 59 147 78 104 35 112 19 42 13 89 44 40 68 7 58 160 66 93 40 135 5 119 99 124 109 50 45 78 171 82 22 88 47 21 75 55 54 52 193 73 38 9 0 124 53 114 18 54 113 138 139 58 154 54 50 80 94 11 82 20 0 64 78 27 101 22 136 79 4 104 3 47 96 0 87 56 167 98 87 123 20 166 46 8 47 137 0 28 43 208 87 62 84 84 56 90 21 45 101 36 89 16 114 51 
84 153 27 48 51 6 51 40 46 57 2 25 51 46 87 106 46 24 92 12 77 77 63 84 101 75 62 116 15 148 189 86 0 115 104 64 60 48 16 95 45 95 75 57 41 62 31 109 57 117 35 4 63 155 93 84 53 60 40 167 77 168 217 0 17 62 100 73 52 38 80 56 85 96 14 75 74 99 0 47 80 0 0 56 36 122 45 177 42 40 87 87 109 33 8 0 95 36 19 21 36 126 113 37 0 125 105 133 89 26 175 80 54 6 111 86 32 81 15 114 25 100 18 81 40 93 77 81 44 73 112 77 12 116 0 117 29 50 93 177 81 119 94 74 182 8 12 60 33 19 260 21 48 45 6 104 30 131 79 30 3 122 103 76 92 22 0 73 31 11 96 27 63 6 157 0 88 106 57 161 81 161 6 64 201 6 77 41 14 9 37 48 35 79 33 16 93 107 127 118 123 126 0 44 58 72 52 95 95 61 51 45 21 160 79 2 100 109 74 98 89 64 76 109 0 66 106 90 56 51 206 119 72 149 30 0 114 90 30 77 48 151 0 104 12 275 39 67 15 8 2 64 82 50 48 0 
52 108 93 108 6 24 23 4 0 72 63 0 49 56 66 48 46 46 40 21 10 84 122 36 87 47 0 147 52 5 120 140 109 121 94 0 81 16 14 73 59 29 8 60 27 0 43 48 6 102 35 0 168 46 132 40 67 112 28 58 87 62 12 0 2 78 82 0 75 52 57 123 84 114 74 114 18 33 0 26 81 0 32 101 7 6 96 75 25 88 124 15 56 23 56 15 175 40 0 47 105 49 28 40 0 42 42 12 75 28 182 39 193 74 30 0 0 24 137 18 28 98 88 44 45 60 78 124 9 15 105 14 18 5 36 34 79 14 56 32 54 14 72 72 6 53 20 75 122 55 58 15 0 21 30 38 181 68 72 28 122 99 73 28 73 24 0 45 35 0 0 27 47 56 118 16 111 159 78 60 90 27 14 30 49 94 25 100 98 16 48 51 54 76 30 38 81 131 16 171 0 69 18 129 36 32 0 30 28 21 5 0 176 10 59 0 77 112 37 102 106 88 35 44 35 46 111 120 40 124 162 75 8 99 77 73 0 153 147 15 28 12 2 24 93 72 0 152 0 63 15 47 72 25 40 48 
34 7 27 44 27 65 29 10 47 88 38 21 124 64 9 64 30 47 49 0 0 54 36 0 0 37 145 18 18 72 52 38 68 66 127 87 0 14 4 26 0 38 9 19 44 72 18 67 72 48 16 5 90 39 4 92 84 36 53 88 18 0 25 0 27 28 10 0 0 53 8 50 38 42 36 76 64 120 0 10 9 0 35 66 90 101 20 54 0 41 62 0 2 1 149 16 8 49 31 0 8 194 61 103 8 0 12 54 80 55 42 0 39 6 48 63 76 0 89 2 31 33 122 15 11 55 3 27 8 48 53 30 28 37 23 200 23 17 173 80 0 0 0 9 0 14 57 24 20 16 9 81 65 0 66 93 9 18 24 71 33 63 13 60 24 31 25 15 14 63 0 13 48 0 42 70 31 117 24 10 37 142 21 65 0 48 32 0 35 8 34 20 12 79 100 12 6 27 0 36 63 0 129 6 48 87 24 147 7 72 54 67 12 81 67 8 28 72 114 42 16 6 35 41 50 8 58 12 105 14 34 94 24 81 39 0 0 152 45 8 51 64 45 72 42 178 19 50 0 84 116 8 33 36 43 114 
114 12 0 42 2 82 19 38 56 112 15 24 140 40 144 194 43 90 175 0 63 35 162 42 116 26 54 21 36 56 0 57 40 83 8 0 204 4 61 48 120 181 58 113 26 0 139 141 0 92 139 0 8 40 154 90 18 147 125 88 0 7 64 4 61 21 157 65 102 95 55 61 135 169 45 50 64 12 33 0 85 58 35 35 14 76 7 93 18 60 41 24 62 0 9 12 59 115 54 0 41 35 14 125 6 4 18 36 84 68 107 104 0 18 40 24 18 46 30 8 89 80 0 24 36 120 2 94 31 93 165 51 74 82 163 155 16 23 6 80 119 41 90 18 54 30 52 54 163 43 84 7 96 133 41 72 120 71 24 104 89 123 0 63 19 151 142 0 83 32 66 84 13 23 8 88 28 36 54 35 42 146 0 80 50 4 6 0 71 78 7 48 16 33 46 73 30 20 86 162 0 104 64 81 98 97 64 14 47 60 111 55 79 43 78 0 29 10 63 40 70 72 12 56 72 72 107 118 183 40 122 71 67 61 96 137 4 40 0 64 76 0 63 134 59 40 0 132 81 135 65 148 165 4 34 53 
56 30 40 149 0 6 15 49 9 111 41 121 9 35 113 27 23 112 14 37 62 3 43 36 158 82 37 62 0 279 96 20 84 72 127 100 54 51 87 13 21 6 18 36 9 2 20 98 59 113 49 21 91 93 27 117 65 35 60 127 73 62 95 18 27 75 37 72 0 21 64 56 0 117 59 112 135 41 10 0 98 40 0 30 0 62 69 104 5 0 51 70 12 24 35 32 27 0 7 36 60 78 21 22 19 75 24 88 89 10 49 126 66 2 18 56 27 97 146 0 58 21 78 57 21 56 30 70 32 0 97 63 42 87 0 167 0 8 43 89 58 6 101 45 21 98 0 0 82 27 54 36 86 56 15 140 3 44 207 0 165 77 57 48 67 27 6 37 46 72 6 96 45 54 152 105 84 175 0 12 40 0 71 40 85 63 75 144 121 32 60 9 20 69 30 0 53 71 4 33 101 93 84 63 7 21 5 3 37 108 0 58 68 112 35 18 76 128 3 90 70 5 8 50 38 2 88 136 14 70 212 32 7 191 36 35 105 135 80 108 18 65 89 153 1 136 3 61 30 28 9 24 62 0 21 7 
42 66 0 113 12 48 27 0 31 92 69 20 70 20 47 12 69 0 12 32 24 79 146 20 34 0 120 59 0 18 9 146 67 13 49 82 177 6 22 74 28 41 2 63 104 2 42 47 0 185 45 107 40 25 168 104 39 11 72 36 0 42 33 6 64 0 74 69 102 30 131 22 98 41 73 43 56 27 89 70 71 36 16 46 10 0 6 138 135 16 14 30 42 125 41 8 75 0 93 28 118 82 62 60 48 0 42 15 102 46 89 10 60 37 15 97 112 23 0 32 22 90 42 91 118 50 157 42 35 45 28 14 200 40 114 36 116 35 0 44 217 177 201 18 0 22 38 64 68 5 14 6 121 47 20 47 0 10 51 60 30 44 73 50 18 99 144 30 60 32 20 23 97 6 90 112 16 12 72 50 176 189 8 96 91 72 33 32 99 42 52 0 147 28 160 88 104 90 122 45 0 44 43 87 67 4 44 65 140 79 32 35 40 32 66 26 54 133 22 4 91 8 131 79 51 58 100 0 50 127 208 55 46 36 0 105 49 54 14 32 19 0 67 14 39 90 4 0 65 68 17 24 77 7 100 32 
36 30 38 52 16 191 15 42 40 5 8 131 81 5 143 108 93 0 75 52 106 0 33 116 27 0 190 24 69 147 35 113 78 128 166 0 79 176 36 12 56 72 36 107 47 77 77 45 72 104 48 28 72 40 0 185 18 21 57 0 59 62 49 83 7 114 21 57 35 0 28 30 75 0 12 99 30 98 6 7 0 140 53 72 93 49 57 56 15 148 9 30 122 24 132 20 64 117 28 81 0 108 16 117 40 0 117 15 98 118 60 63 39 27 57 97 198 115 174 0 42 173 108 19 74 44 48 37 35 12 129 158 139 47 105 64 27 84 42 116 51 54 69 0 69 103 75 9 169 21 100 42 70 232 0 54 24 128 18 72 43 294 39 111 66 67 0 0 49 27 46 164 74 69 130 48 86 60 14 129 66 185 71 143 0 95 7 0 44 12 140 0 41 0 93 42 45 57 0 42 49 42 160 12 98 156 28 66 31 156 64 18 24 5 77 81 3 33 42 58 96 45 60 45 21 101 339 131 139 109 128 21 123 12 27 63 54 167 18 0 84 156 0 0 132 67 16 69 0 96 86 141 82 38 0 90 
72 18 24 45 39 0 28 0 21 24 85 20 10 34 106 122 135 54 4 125 120 108 96 18 81 85 28 42 36 2 0 68 97 38 75 57 76 56 64 61 60 72 78 75 32 97 0 0 0 106 40 86 15 15 109 105 54 27 29 18 24 54 57 91 0 113 49 0 15 120 66 53 49 111 109 53 52 28 12 59 37 4 80 74 57 48 25 14 60 105 27 103 142 59 72 75 73 54 33 35 7 70 40 143 87 7 26 4 0 129 74 41 36 6 0 40 21 34 27 122 103 39 82 23 22 54 91 42 15 64 105 32 131 0 20 66 147 36 107 88 59 5 56 2 42 69 35 30 79 25 27 96 0 17 45 0 148 42 0 72 6 175 100 47 51 95 28 12 30 51 4 107 9 28 62 10 175 28 54 36 27 90 139 25 37 57 0 27 2 50 59 27 15 68 63 112 35 72 76 24 64 59 24 146 8 87 3 42 73 103 197 117 45 88 13 22 37 30 104 115 103 84 66 103 0 28 64 78 21 126 80 68 93 33 63 26 0 12 36 18 30 57 113 75 46 10 54 99 42 61 80 87 51 0 12 0 
65 5 50 90 126 41 136 8 40 52 72 124 94 38 28 7 15 154 38 38 84 144 76 26 56 90 71 170 81 208 11 126 128 163 191 139 159 120 55 114 113 103 61 130 126 75 74 114 122 133 150 112 33 115 55 20 82 47 103 89 160 86 45 239 90 95 58 96 0 196 197 39 108 64 86 146 123 150 37 36 86 91 70 173 64 120 112 179 176 21 6 25 8 98 141 143 246 295 30 170 28 161 216 98 68 117 85 18 161 148 202 99 75 96 97 170 169 49 103 131 125 33 186 0 124 62 187 51 3 74 115 66 250 77 50 208 117 16 97 97 226 71 99 60 0 134 49 14 250 82 6 168 157 125 14 300 134 160 45 19 68 226 140 194 0 41 7 105 62 219 81 223 293 42 56 199 164 243 54 26 66 115 169 138 63 81 88 240 62 69 147 159 140 187 31 45 23 157 140 42 117 154 48 43 42 72 99 88 16 34 217 70 28 79 72 14 172 39 22 200 101 126 92 147 99 106 203 91 190 50 97 105 211 208 213 94 75 343 81 145 43 162 112 94 20 72 89 23 69 78 69 29 147 177 144 111 
8 54 111 49 0 104 8 6 153 9 0 106 84 26 34 198 27 0 36 51 268 111 65 61 117 60 82 66 52 56 81 38 48 111 106 73 53 35 8 26 100 212 54 134 103 0 79 116 25 32 48 0 0 53 116 178 54 95 28 64 93 171 12 234 65 100 24 43 90 16 45 138 60 36 42 94 30 48 50 0 211 18 36 115 17 104 98 44 52 56 36 82 225 49 92 51 117 0 0 66 21 156 46 64 24 0 18 62 86 105 139 78 96 9 27 91 110 65 87 3 27 252 36 70 74 34 65 69 0 36 16 137 72 63 56 0 117 9 63 112 32 85 96 1 0 77 91 24 96 45 163 0 0 35 24 81 87 282 74 0 39 59 18 28 160 48 131 18 82 174 0 158 83 0 82 29 3 96 118 135 126 117 47 150 10 0 43 0 77 12 45 120 0 36 30 92 72 64 41 12 96 36 24 36 131 64 15 42 44 144 12 54 47 100 142 18 91 108 6 203 15 108 97 56 130 80 40 0 91 87 0 108 93 0 63 82 62 40 40 70 42 68 22 21 6 48 63 72 34 160 118 162 84 63 18 40 
15 100 93 121 72 69 69 23 42 93 92 14 75 183 151 26 16 36 106 48 57 153 70 89 105 19 321 24 27 98 18 170 112 189 136 75 117 128 168 127 12 144 32 39 82 102 143 69 22 112 58 36 99 136 191 95 40 177 126 16 34 56 62 12 14 11 0 24 61 6 92 166 72 177 42 80 106 88 26 42 45 118 104 282 0 66 91 0 63 105 45 67 81 34 153 164 136 91 176 50 24 81 80 134 112 34 90 22 133 82 132 68 91 94 169 27 45 202 190 70 69 56 81 0 212 54 36 38 79 35 156 180 92 83 0 88 21 10 165 51 102 18 58 39 25 90 54 0 113 24 69 38 53 39 80 72 19 80 122 43 79 226 102 49 90 104 37 46 135 83 66 44 188 59 56 0 50 20 30 15 95 123 41 112 36 69 53 15 23 0 34 184 103 0 72 20 81 90 103 36 100 175 48 24 40 102 111 11 9 2 85 77 57 76 98 0 139 51 90 166 81 117 8 31 63 68 165 92 62 114 36 175 104 105 49 181 3 202 54 0 44 92 28 41 69 3 31 102 138 110 102 0 169 61 76 18 
54 8 0 75 87 45 6 63 54 7 0 0 1 19 90 0 93 0 24 0 110 90 82 27 4 6 61 72 0 137 81 0 24 14 42 152 78 41 0 48 101 101 56 51 5 36 75 0 13 47 18 1 6 0 198 0 25 37 48 56 0 23 0 32 78 96 42 20 75 63 22 42 90 83 24 12 29 45 114 82 65 4 36 64 52 18 0 28 0 15 0 16 48 6 0 30 24 12 72 103 7 80 0 19 7 78 0 117 0 24 20 14 29 10 0 125 19 54 63 58 0 128 28 92 0 49 78 68 30 0 141 20 5 8 24 90 132 50 16 90 0 97 30 0 2 30 81 82 125 30 68 72 83 44 84 24 26 42 51 0 20 6 0 40 85 54 12 4 0 44 60 106 42 63 2 24 0 6 104 10 39 131 35 13 0 62 0 78 45 97 38 0 40 0 77 167 102 42 0 72 16 83 49 66 59 51 45 0 81 52 62 69 50 63 30 0 65 16 0 0 36 28 60 103 0 35 46 54 0 90 0 155 20 125 12 0 24 173 65 59 65 14 54 70 94 108 18 54 0 0 75 70 60 110 24 156 
1 56 0 57 21 66 115 4 9 0 46 147 31 63 0 49 6 47 56 65 77 27 25 63 93 46 54 63 33 24 0 63 18 93 9 0 42 132 32 81 14 40 18 74 36 59 66 181 49 50 0 99 65 114 8 49 2 24 58 86 42 108 28 91 17 46 40 66 0 19 36 0 0 20 58 5 70 47 8 0 11 121 56 0 45 0 9 21 10 66 31 47 0 66 42 0 0 6 1 0 89 42 115 15 9 28 40 26 60 9 89 81 4 0 47 64 0 42 23 30 12 56 63 147 68 61 137 61 114 0 18 37 84 0 74 18 9 103 38 53 10 146 80 3 77 40 0 0 25 6 105 7 0 21 0 72 0 59 84 16 0 25 80 87 0 103 89 76 63 21 56 117 97 41 45 87 44 107 24 1 52 46 21 45 10 28 0 11 115 78 58 0 50 66 24 4 49 96 10 9 87 74 49 60 8 33 0 35 45 61 139 66 0 0 0 56 57 16 107 35 54 92 6 113 63 61 67 37 25 0 41 109 56 0 93 34 0 53 84 72 38 45 14 17 64 89 71 62 9 14 186 0 10 28 79 111 
77 28 97 52 154 50 35 18 19 21 42 63 128 1 83 35 81 14 52 9 0 87 69 18 18 79 32 42 57 40 54 81 12 18 72 114 82 126 14 63 117 111 36 99 0 2 46 98 93 23 0 70 7 77 100 79 67 120 22 41 21 51 39 34 20 10 29 0 9 66 0 38 81 3 69 74 34 66 0 77 109 0 40 21 7 14 58 18 51 12 126 70 2 21 6 14 118 45 30 52 0 38 58 25 42 101 70 49 30 51 35 66 18 74 14 42 39 42 134 14 49 45 43 44 0 67 15 63 0 0 30 53 56 40 12 120 42 18 2 53 36 27 126 42 3 44 48 54 46 26 166 60 0 7 8 101 32 54 90 42 71 191 4 16 58 139 4 65 33 91 51 86 112 42 98 26 68 113 76 147 51 112 54 63 7 4 4 120 0 37 25 133 4 3 157 31 43 3 45 7 114 39 6 38 49 2 37 19 42 78 82 2 54 0 58 57 54 93 44 3 14 0 53 12 8 64 5 34 30 78 98 51 0 73 6 2 70 7 50 59 18 14 0 0 20 7 6 145 18 6 0 48 30 13 38 42 
54 54 0 0 67 20 12 49 4 40 1 6 4 28 84 33 36 36 27 79 0 54 0 90 12 6 56 28 142 5 21 0 43 135 72 47 96 64 36 66 0 32 9 33 36 86 32 57 12 16 56 25 16 92 35 6 8 70 38 60 32 0 56 25 0 16 70 25 49 114 134 33 42 104 34 36 111 24 30 2 28 48 0 76 59 28 16 75 0 30 48 15 54 0 84 15 100 45 18 0 45 63 34 0 27 0 67 62 36 7 230 106 15 0 0 64 28 51 10 43 15 69 52 0 36 45 28 16 8 80 93 32 4 53 0 45 0 20 0 29 68 36 0 0 46 49 0 24 82 52 0 9 80 0 0 118 13 30 0 30 16 49 16 130 88 0 88 15 10 45 32 84 43 119 18 0 0 105 0 0 20 123 43 78 0 35 25 0 0 64 60 152 0 44 28 36 56 36 0 15 52 78 48 61 36 0 100 54 27 18 0 65 0 18 61 51 45 14 3 120 15 9 28 63 55 87 56 64 96 30 6 56 50 0 42 18 81 88 42 0 54 0 19 3 4 0 19 9 16 25 6 0 6 42 95 8 
64 68 0 0 0 7 36 18 93 103 0 60 35 31 6 13 11 75 40 39 145 105 30 90 48 42 184 91 0 145 20 39 1 82 114 149 121 0 0 24 56 78 150 49 115 99 88 157 111 120 76 0 39 34 103 0 136 134 80 42 78 49 48 57 30 0 65 16 141 0 0 55 0 68 102 127 54 91 48 177 1 30 126 88 66 0 68 40 114 36 0 0 81 0 18 4 128 72 48 0 81 25 48 83 100 8 57 26 24 126 0 56 73 140 54 63 12 204 77 56 164 84 208 48 68 104 69 15 36 90 21 0 196 72 9 54 112 231 0 48 223 48 222 16 121 15 88 6 54 6 98 48 0 32 0 101 56 84 24 0 105 99 0 128 90 58 66 7 158 64 57 129 18 81 84 7 28 36 72 144 61 132 54 108 70 45 0 70 12 142 55 44 30 1 74 0 90 191 148 49 0 128 0 122 24 32 52 52 102 105 148 0 0 118 0 30 14 77 88 0 48 58 8 75 42 122 117 151 72 90 0 75 60 16 150 60 5 88 0 36 45 115 16 10 46 169 42 5 32 56 81 42 191 30 30 0 
46 51 60 85 0 49 21 12 52 0 93 99 118 81 46 82 74 16 158 0 149 177 47 24 45 63 118 196 90 112 66 135 110 0 63 40 87 20 130 87 166 52 145 30 172 40 43 9 53 72 183 31 16 63 93 72 51 158 6 4 20 59 73 77 73 56 83 20 0 0 0 67 24 146 6 86 146 23 0 20 103 0 62 10 4 8 139 72 25 80 0 33 170 65 53 30 69 0 51 51 197 45 115 91 60 0 0 42 65 18 8 14 81 48 57 46 12 74 64 0 65 140 28 117 105 50 0 69 61 30 57 3 25 48 0 52 30 89 110 8 25 49 165 69 6 0 52 105 7 3 75 0 51 47 36 23 0 126 47 32 97 25 5 82 130 42 77 0 56 99 9 68 10 36 89 0 1 55 111 60 154 176 86 0 32 67 41 69 124 0 65 99 75 41 86 56 8 44 119 18 10 73 93 79 53 10 23 37 90 67 54 200 0 54 36 6 50 78 56 191 0 117 17 24 135 81 127 0 0 43 72 66 205 86 26 48 30 9 9 12 22 0 0 8 120 98 89 132 27 56 6 81 133 69 64 116 
88 53 16 122 54 31 30 6 16 96 102 28 95 39 57 1 33 3 9 63 76 53 105 59 64 72 155 0 18 71 34 169 43 32 15 50 60 54 56 56 25 136 71 68 52 26 41 12 57 24 77 27 159 42 6 72 88 103 177 100 119 66 3 70 59 71 49 9 72 65 102 98 88 114 65 58 166 54 61 25 42 0 22 61 53 33 60 14 175 63 81 29 46 25 0 33 81 10 51 46 57 3 121 64 151 144 89 70 0 4 84 107 30 45 97 2 130 0 94 30 25 18 15 2 20 41 64 102 40 28 53 50 98 108 12 39 93 34 18 47 89 103 60 63 104 18 61 20 12 78 169 110 176 15 81 121 8 86 128 50 73 40 149 12 70 28 3 30 45 57 28 13 127 21 98 45 56 141 24 101 93 0 8 107 18 63 5 56 36 50 171 21 40 94 16 0 5 85 53 64 0 71 104 106 44 30 112 6 82 24 84 74 0 15 90 48 50 20 0 105 147 77 21 26 8 29 82 118 33 114 86 45 75 32 17 63 55 39 77 82 75 97 102 0 6 125 0 0 5 74 33 0 77 93 129 0 
99 138 33 15 0 67 0 28 115 33 53 139 60 18 64 28 42 78 74 0 46 62 0 120 88 5 25 177 43 82 44 74 27 121 9 81 129 27 28 77 126 187 141 62 52 56 123 63 63 73 38 116 91 20 47 52 71 78 21 86 91 39 182 66 18 94 3 94 61 6 74 21 24 34 44 98 150 123 35 135 120 63 96 25 169 10 138 104 114 97 84 0 133 30 64 48 63 45 72 0 59 24 146 35 59 32 57 58 115 73 8 0 197 66 99 114 24 75 14 48 101 38 145 0 107 115 99 0 173 63 158 63 126 63 48 86 99 102 8 42 126 36 65 0 139 10 118 126 64 43 192 1 42 76 0 152 0 170 87 1 14 135 74 69 178 24 81 78 81 113 119 175 109 73 68 114 24 88 0 169 39 154 79 85 43 102 0 148 73 18 48 7 121 78 21 0 42 192 37 100 0 120 56 63 95 10 0 15 72 50 45 110 20 97 0 137 36 110 132 86 6 40 70 63 76 106 154 95 45 94 125 88 118 21 211 2 38 101 106 8 81 45 73 0 57 88 109 40 93 46 173 85 169 57 30 122 
32 0 53 0 10 14 25 0 29 0 0 71 18 0 34 8 42 0 0 28 25 12 0 20 20 0 30 39 0 51 0 12 58 46 44 31 0 15 35 36 96 63 62 14 36 5 82 72 6 32 0 33 0 25 90 20 0 8 0 35 0 0 78 16 45 24 0 49 0 0 22 4 0 0 6 21 0 42 30 20 42 0 36 40 30 16 80 0 10 0 0 0 18 39 0 5 0 0 1 25 33 49 3 74 29 79 14 12 4 4 32 20 56 0 71 44 30 17 21 30 94 34 0 22 6 59 24 10 18 0 57 9 6 48 0 0 0 33 3 0 38 60 30 19 0 0 36 21 55 24 51 70 45 6 20 7 64 30 32 0 10 0 0 7 38 62 12 0 0 38 30 81 12 12 36 6 44 7 0 18 81 54 20 0 0 36 54 40 26 85 6 14 18 0 24 90 0 35 130 0 14 0 5 0 36 3 63 0 62 34 92 89 0 0 12 0 8 60 42 8 10 0 24 45 8 2 0 0 48 4 6 59 28 36 72 18 14 42 5 24 52 0 66 0 0 0 40 0 11 0 50 0 49 2 27 25 
8 94 0 88 81 56 35 34 20 108 53 76 82 56 103 0 135 209 27 100 70 72 74 56 127 12 33 68 88 95 18 56 16 146 208 15 81 25 2 88 41 97 61 4 78 72 41 78 4 96 44 56 52 25 127 0 8 94 48 6 214 5 104 74 38 96 91 211 63 139 54 129 37 0 74 12 76 87 143 0 28 46 16 60 49 168 64 52 113 0 93 90 111 170 104 70 58 73 20 127 45 82 66 12 67 20 67 74 112 80 130 45 117 4 94 39 208 61 43 45 147 54 92 101 113 35 77 6 55 6 0 42 82 59 0 27 24 111 65 56 10 141 0 108 9 117 58 167 70 69 56 49 156 42 120 179 37 159 119 16 5 131 67 12 113 6 52 54 59 52 0 44 70 71 70 64 97 30 64 41 76 25 91 45 0 16 127 71 43 10 30 84 24 39 57 105 28 25 124 97 0 113 0 2 231 34 55 7 14 82 0 80 0 88 30 76 20 0 6 45 35 35 54 24 16 59 71 113 160 32 83 90 106 94 72 18 44 116 107 18 0 48 68 24 6 87 0 29 68 19 42 62 99 64 131 20 
73 0 158 70 22 16 92 25 24 0 0 24 71 32 59 63 0 0 71 45 49 139 0 87 36 0 115 53 12 88 12 12 0 0 58 40 81 24 97 17 42 48 8 66 64 58 0 74 0 54 39 0 78 96 60 57 16 56 24 33 10 0 10 72 24 12 57 79 3 22 82 8 3 34 12 5 78 0 32 8 168 58 0 82 48 45 32 0 0 26 0 0 24 54 2 83 2 75 45 0 54 44 92 64 56 0 109 0 48 37 108 30 72 32 0 84 83 35 0 26 38 54 0 0 106 42 0 0 91 10 64 73 34 0 41 49 42 28 92 159 64 132 12 16 104 18 30 24 96 24 56 24 60 49 6 63 8 102 114 30 0 105 24 18 32 0 12 13 14 4 5 54 0 0 28 44 45 20 0 0 12 118 78 108 0 99 18 18 0 1 94 108 26 40 0 10 32 78 8 40 74 65 45 46 46 0 76 29 141 16 4 74 12 0 0 18 0 72 69 40 126 0 36 99 105 44 48 72 126 54 42 81 24 107 0 4 0 81 44 0 11 20 87 24 81 5 81 31 3 20 0 32 42 16 134 53 
10 0 57 1 38 35 229 16 177 70 72 16 117 52 70 89 87 91 188 23 76 65 155 42 44 47 0 139 6 24 8 150 43 188 0 92 66 13 59 96 141 180 72 0 78 12 15 135 76 43 20 6 106 111 114 84 35 6 183 42 65 119 81 22 111 53 15 6 12 72 80 89 79 7 90 99 117 8 103 1 115 0 59 24 150 0 110 33 152 96 7 24 29 95 18 113 31 63 55 92 33 62 32 25 92 67 40 19 24 9 54 104 78 80 42 58 77 11 0 46 0 46 211 15 64 113 43 87 0 72 8 43 0 146 12 118 40 82 49 125 64 64 13 81 93 76 40 18 116 88 117 65 36 78 16 289 0 140 40 8 205 151 108 114 32 112 20 5 114 98 87 91 72 56 104 101 0 9 36 265 24 72 48 49 40 64 72 57 48 0 52 117 0 7 37 86 51 113 0 78 8 35 55 42 26 17 36 134 109 104 89 11 16 39 7 1 90 30 11 24 0 146 42 92 131 18 40 11 127 55 95 45 91 49 108 70 2 123 0 0 89 8 32 0 38 72 75 67 32 0 92 5 119 81 33 88 
143 14 18 0 122 0 21 0 108 0 6 63 28 0 13 84 48 8 23 0 40 62 89 0 66 7 125 28 98 60 117 68 4 23 8 89 130 100 0 33 28 194 28 57 7 5 94 38 109 59 50 5 8 50 57 73 81 83 0 83 48 103 58 63 4 57 74 18 63 42 32 45 140 57 43 117 85 37 28 16 115 65 34 40 63 14 74 115 130 21 159 54 0 108 12 88 255 68 32 46 0 8 103 27 75 81 47 5 103 31 48 50 89 14 35 0 131 109 47 23 32 88 13 35 37 81 43 72 7 12 54 30 9 42 4 48 72 0 3 28 46 1 70 4 27 84 1 110 129 81 50 75 9 84 32 4 35 150 39 0 70 97 36 57 9 30 18 93 78 30 78 148 62 12 57 35 8 204 75 41 29 108 85 182 89 76 0 83 0 58 112 96 84 54 68 47 3 108 18 19 60 6 11 6 4 32 39 74 0 0 103 7 28 40 36 39 116 56 0 72 16 72 16 35 2 172 64 18 70 50 39 42 104 98 60 32 14 116 96 110 49 33 0 37 68 17 63 79 0 2 73 35 18 62 12 42 
78 24 45 16 44 136 75 42 72 97 41 130 116 128 170 120 20 18 68 82 47 89 154 148 60 10 153 29 87 66 18 120 18 106 59 0 28 95 22 51 107 93 92 107 121 36 66 146 145 40 89 104 60 82 41 144 79 75 16 17 0 48 47 12 109 92 129 0 0 48 69 75 114 39 66 162 70 96 100 74 210 1 93 44 139 88 0 94 99 66 70 80 44 34 80 46 28 144 48 73 67 48 49 113 53 100 80 160 100 22 134 10 95 104 67 165 122 46 65 44 103 118 0 39 56 74 74 94 15 14 58 53 116 59 42 106 0 0 15 94 36 82 81 8 42 6 28 203 211 39 51 34 152 76 121 51 60 78 32 24 76 172 40 47 56 58 71 35 96 182 75 133 62 98 84 115 61 123 63 96 98 56 53 53 3 89 24 191 169 71 40 153 139 82 46 114 78 146 0 78 18 114 87 80 117 119 83 60 30 94 83 86 24 100 47 105 85 154 56 121 106 6 45 158 32 106 96 54 136 104 37 107 119 21 17 116 69 58 71 84 100 141 40 24 8 108 94 24 8 64 169 42 0 106 108 140 
73 80 38 25 77 72 79 21 83 20 31 52 140 28 39 66 135 77 76 61 50 2 52 122 20 30 35 142 21 85 210 145 6 17 99 8 32 0 65 48 93 88 77 108 111 114 45 88 32 74 24 143 52 88 63 47 76 60 0 48 267 91 269 0 113 102 95 133 81 91 65 48 72 14 11 140 110 86 91 72 50 0 60 71 69 142 112 134 83 0 56 58 62 136 37 73 45 72 28 99 6 265 276 30 44 145 90 8 97 18 49 70 215 80 63 4 26 117 60 61 89 24 78 80 133 77 109 37 82 54 162 66 108 62 18 55 77 124 56 0 81 149 152 63 110 81 53 105 48 100 100 49 209 63 54 123 0 210 85 24 49 34 7 9 110 23 95 72 58 112 133 78 110 0 119 40 0 10 48 64 240 42 33 181 149 119 59 81 76 60 55 48 89 112 47 28 34 126 86 167 89 48 210 18 197 30 207 56 73 36 0 136 4 5 71 52 88 123 134 106 9 0 0 234 96 59 120 36 118 61 160 57 137 166 142 89 131 191 187 48 116 18 90 88 53 93 122 72 70 59 129 59 365 38 0 161 
48 6 22 22 28 40 55 62 114 28 15 0 24 0 107 9 15 0 194 72 88 27 0 0 79 53 135 97 22 40 54 7 0 88 56 41 63 62 9 15 21 101 27 17 5 6 24 11 0 112 43 0 6 95 8 15 0 60 59 8 15 6 70 0 81 128 122 85 46 40 17 86 24 6 18 83 0 54 49 24 32 14 41 132 0 21 91 34 31 6 0 2 35 38 72 108 0 56 51 64 41 34 120 59 24 46 35 115 73 62 35 7 24 9 72 0 42 81 99 27 12 74 87 25 12 145 52 72 56 18 90 0 12 34 57 85 3 32 0 18 83 40 54 13 0 30 15 0 151 5 133 81 9 62 18 103 27 52 51 4 15 137 12 63 36 158 6 0 75 52 8 85 104 39 108 35 0 0 0 105 15 101 6 99 25 65 0 9 5 62 38 19 0 11 74 16 119 173 20 12 41 56 36 51 55 92 20 48 9 93 85 61 32 10 30 12 9 47 1 6 0 22 13 58 0 13 83 64 36 19 41 21 0 154 0 10 36 215 21 12 0 72 26 0 67 15 45 9 21 30 0 26 25 0 17 33 
70 118 24 3 33 144 13 55 120 63 3 58 92 66 150 24 152 90 114 44 0 24 72 24 109 82 39 108 28 136 18 69 30 90 173 0 120 21 36 0 53 62 12 49 53 18 71 153 105 70 58 27 91 20 72 122 10 34 172 2 43 138 0 61 36 40 81 0 42 42 115 57 7 21 42 39 101 65 42 6 72 50 6 119 67 67 52 41 93 64 42 43 36 15 84 68 166 99 6 99 54 97 14 60 133 42 113 48 71 94 200 40 101 27 35 0 72 7 133 47 34 24 218 3 94 0 105 60 0 80 121 4 48 55 0 0 45 95 4 100 3 61 18 40 24 283 0 4 112 33 16 12 32 62 0 94 129 86 108 24 158 168 89 73 88 109 8 63 92 25 78 45 81 7 117 87 27 112 15 91 39 171 90 104 0 99 35 66 25 0 63 128 20 16 24 0 80 28 33 45 8 30 48 51 23 80 37 18 16 146 24 16 39 38 53 33 55 16 5 111 117 51 4 33 61 42 89 94 81 12 153 0 62 80 18 101 45 237 1 72 46 103 58 15 18 80 52 208 0 35 0 0 82 95 30 56 
69 118 87 185 150 19 161 0 81 125 0 73 117 146 119 18 32 56 107 50 93 93 48 36 111 45 185 180 14 40 61 155 25 98 130 154 115 49 0 69 202 169 155 77 38 42 36 81 65 129 57 154 36 61 146 102 28 133 49 63 102 82 0 138 111 87 74 104 39 40 188 64 84 156 152 68 109 88 55 36 110 70 84 28 72 100 0 91 124 96 95 71 24 0 18 30 35 28 18 82 90 16 104 100 138 93 57 32 69 6 24 55 143 68 72 12 84 82 60 121 93 15 110 54 75 43 27 65 0 32 56 0 30 111 8 3 112 130 21 44 100 188 153 54 0 0 53 46 9 97 91 0 104 106 86 222 112 38 225 45 153 192 167 123 125 114 54 24 221 145 37 109 78 18 20 8 54 174 63 83 2 54 81 40 55 19 56 55 106 35 0 77 46 8 73 122 51 142 115 15 92 86 63 16 24 47 0 69 60 125 60 123 82 16 54 4 65 51 66 163 85 135 24 60 109 17 0 89 24 125 93 75 94 92 71 14 29 128 154 141 14 44 60 74 112 8 20 84 26 56 58 0 125 84 33 48 
41 167 18 219 30 46 44 0 34 15 25 16 25 60 122 23 66 12 119 5 136 114 34 24 76 56 60 112 83 74 24 64 114 102 126 88 54 60 0 74 121 22 17 72 42 115 40 16 22 127 52 0 34 74 60 0 83 0 36 60 31 7 84 29 73 27 8 16 65 80 68 85 6 224 46 157 46 65 92 101 157 65 82 54 75 51 17 131 17 32 93 0 6 124 30 93 188 122 81 47 78 1 132 6 87 45 20 107 140 89 27 84 64 0 79 0 13 42 10 25 101 59 72 67 70 75 108 40 34 30 83 85 2 158 5 195 95 56 35 119 80 131 117 50 30 77 70 19 31 21 144 65 70 28 20 31 15 121 161 97 138 90 81 99 44 0 15 0 66 60 63 27 0 18 38 48 69 132 0 32 24 0 61 89 24 57 36 90 81 22 35 134 4 60 123 135 114 47 9 43 26 133 43 24 17 2 61 0 188 20 231 153 126 77 51 59 99 47 63 190 79 68 43 14 86 0 0 45 16 135 169 95 0 101 140 0 12 86 47 38 45 39 34 45 67 72 4 135 9 54 35 64 21 124 107 88 
35 34 68 80 47 84 107 90 67 17 33 18 175 82 46 3 14 113 62 98 163 9 97 0 135 45 113 28 22 141 14 70 104 36 113 54 231 0 25 66 48 18 65 63 30 96 39 61 4 10 28 35 86 86 58 65 70 70 99 69 121 35 73 133 4 22 5 40 109 56 74 164 35 56 179 94 138 29 68 75 80 102 75 83 136 139 9 43 47 111 4 52 31 48 84 68 36 22 136 30 40 45 160 40 58 8 54 97 91 118 126 72 133 40 0 59 81 14 0 41 12 69 145 48 13 58 57 64 91 0 69 34 24 67 34 165 137 108 105 27 5 124 2 0 63 36 152 9 114 28 120 4 120 28 16 252 125 88 40 22 19 68 97 10 20 8 55 24 79 24 14 95 77 77 40 24 50 128 38 119 58 77 129 131 26 99 62 24 3 50 78 64 94 8 24 59 17 24 49 6 4 45 40 0 15 38 55 50 34 67 146 0 0 33 58 30 136 42 43 102 23 94 38 159 71 43 92 18 90 156 55 34 68 60 63 43 0 139 160 46 74 123 80 79 155 0 108 108 32 197 73 45 111 152 100 178 
30 27 86 73 99 79 103 8 21 72 77 8 59 5 58 99 156 28 9 69 67 0 0 9 73 9 49 117 0 177 0 114 35 120 123 0 78 60 12 16 114 80 27 131 34 8 54 98 11 148 63 76 142 33 58 9 116 74 79 81 45 0 49 104 26 72 73 49 55 29 105 24 123 66 33 105 12 0 0 11 104 4 20 108 12 83 103 56 45 63 0 24 54 18 58 54 21 101 135 50 74 119 184 72 99 177 55 8 36 49 18 65 56 72 16 54 49 61 63 65 0 90 95 66 61 52 56 14 71 0 126 63 54 71 106 32 33 164 31 50 95 42 121 81 21 9 0 90 121 23 0 0 90 59 18 87 77 72 56 74 65 42 66 31 0 15 119 45 85 52 0 17 54 36 67 73 189 68 121 45 189 31 0 86 52 36 81 174 82 68 78 78 57 63 0 54 0 222 56 47 92 0 81 52 8 93 95 81 65 29 18 56 42 24 150 3 42 0 41 145 158 37 0 0 54 0 20 27 66 107 186 0 108 128 58 18 63 209 153 0 48 24 103 30 102 58 60 8 70 81 63 4 99 51 6 32 
80 28 62 105 80 92 51 94 16 101 105 84 36 99 62 20 28 52 68 48 136 91 14 60 126 28 149 96 58 67 58 113 2 30 108 132 165 74 35 70 32 0 16 106 15 45 89 0 47 106 80 2 0 103 77 48 57 66 20 45 68 10 0 53 81 58 0 32 15 28 0 12 35 101 59 29 116 80 154 28 151 36 42 77 45 120 40 53 60 56 48 0 38 130 32 32 8 88 8 102 115 133 104 0 0 54 70 58 58 5 69 20 54 2 142 44 82 18 55 46 64 96 21 42 37 46 0 6 35 4 56 36 10 104 104 40 123 128 42 21 88 155 56 56 30 39 66 20 23 82 117 0 70 76 60 133 50 114 227 56 50 61 30 97 187 22 29 110 61 96 36 57 4 20 0 40 83 42 24 19 74 94 98 85 48 93 55 54 92 32 53 38 93 84 27 95 24 58 90 90 4 56 49 27 105 0 60 0 197 88 64 98 49 27 48 15 0 26 0 54 47 80 54 66 150 66 43 98 36 0 111 67 16 106 12 12 0 40 115 80 61 144 28 0 76 4 46 72 6 52 0 14 65 136 154 85 
43 36 73 8 18 0 81 0 61 8 44 23 63 7 9 14 52 8 9 7 0 30 8 16 44 12 72 92 64 51 0 0 72 48 25 14 49 0 24 68 128 18 0 4 24 26 0 69 0 17 12 16 30 16 0 8 16 24 4 95 46 30 116 137 18 0 74 0 0 28 81 0 26 0 8 50 64 44 39 0 88 88 24 0 60 0 96 56 76 27 0 0 0 92 12 2 100 0 0 0 9 58 36 72 63 0 16 2 130 0 56 75 56 0 16 136 57 2 12 4 28 9 40 24 72 0 31 5 50 24 32 12 4 48 48 6 36 5 84 51 44 27 9 32 54 6 0 63 12 20 43 9 29 48 0 130 40 46 11 0 0 17 4 0 12 72 12 74 18 15 0 17 20 0 0 57 12 38 0 83 26 97 7 12 40 12 6 18 0 6 120 109 0 8 0 7 28 74 5 24 76 24 0 8 0 0 18 24 36 14 56 22 0 30 6 0 20 36 46 0 27 64 2 28 56 1 0 32 90 0 96 60 64 52 32 0 7 90 0 0 18 54 0 59 60 32 10 44 38 46 56 16 36 18 0 72 
4 35 9 117 88 136 22 21 4 0 41 86 150 51 48 118 18 18 0 0 18 123 37 87 67 54 140 88 0 9 148 16 4 36 19 153 36 60 124 87 36 70 5 81 107 73 0 177 21 79 10 0 44 57 121 138 26 107 96 61 64 108 150 18 24 8 77 41 0 72 17 85 36 69 63 0 93 26 64 0 45 97 6 10 28 122 48 20 8 0 87 6 34 105 16 104 69 33 103 79 36 54 74 12 12 0 27 0 53 6 90 109 15 63 102 2 57 14 84 60 51 37 0 18 88 12 132 33 0 32 118 50 58 0 58 132 48 2 82 16 61 47 182 6 106 72 89 36 24 98 24 0 111 59 59 117 0 16 81 12 28 58 95 10 102 100 15 48 127 17 81 154 98 36 88 147 34 86 0 53 43 53 33 33 59 0 35 62 4 0 69 25 99 128 88 31 20 4 11 126 29 37 102 64 139 0 0 33 8 0 93 52 28 27 166 32 79 31 120 33 18 0 20 108 0 137 90 142 42 77 18 0 52 102 18 42 48 62 48 54 18 0 90 141 22 76 8 36 90 74 62 82 122 87 96 34 
39 20 0 54 21 94 24 108 0 70 18 10 15 0 74 48 83 0 0 27 3 97 30 21 115 43 105 4 80 27 21 47 5 10 41 30 57 81 54 44 40 0 28 217 22 2 98 66 10 109 28 40 71 53 139 70 133 56 0 56 55 26 30 33 79 48 32 0 42 56 53 78 0 18 74 45 119 0 52 38 24 126 18 61 38 25 5 48 25 2 63 36 54 40 46 20 107 36 60 0 9 91 71 0 28 72 0 0 40 14 90 66 33 138 25 54 0 42 8 61 14 87 39 165 1 37 5 40 0 3 204 10 30 40 16 32 96 89 0 31 63 36 71 0 8 46 30 48 29 16 63 14 81 109 84 188 168 9 94 32 19 66 81 9 0 30 169 99 30 74 66 53 28 46 53 41 78 53 34 31 0 100 40 72 97 45 0 150 5 103 90 54 45 77 12 3 36 120 0 69 12 44 72 98 128 28 110 3 62 80 79 15 34 24 62 46 21 29 28 11 29 112 0 0 42 34 6 63 46 41 35 20 36 43 49 52 56 49 91 0 30 0 12 56 72 8 92 26 27 4 149 16 8 65 113 87 
6 111 51 27 0 37 78 25 17 8 1 22 33 8 24 0 76 19 84 30 49 72 69 18 149 45 55 52 4 94 3 0 90 35 57 0 5 5 46 2 12 63 40 26 48 6 51 60 6 113 46 103 5 15 79 171 98 30 149 8 76 114 45 14 15 52 10 111 31 40 22 49 8 23 106 87 21 8 23 9 82 139 25 10 56 69 58 42 10 133 0 3 65 0 10 82 14 171 0 54 95 28 21 58 12 112 13 5 70 53 16 68 27 28 18 15 10 34 34 5 99 11 138 84 23 88 76 72 4 21 27 96 84 43 0 114 14 36 33 28 110 85 69 0 1 34 54 0 84 0 59 36 0 13 0 91 8 73 96 8 52 135 55 60 41 26 134 0 79 79 10 62 106 189 27 104 12 150 18 56 36 71 55 36 10 30 0 106 26 9 39 81 61 3 12 0 12 18 81 15 18 39 0 84 42 41 0 0 39 59 143 0 18 20 8 34 60 24 63 61 86 27 15 16 32 10 76 0 21 96 27 29 84 24 70 13 45 107 96 0 23 81 78 81 107 16 63 69 8 22 99 40 40 58 41 61 
36 0 6 0 82 17 13 34 45 35 15 87 129 208 32 18 7 93 94 32 82 39 66 27 138 57 0 172 137 104 22 130 30 10 40 9 57 0 106 72 148 28 33 150 80 49 36 76 40 122 68 5 80 0 56 54 19 20 64 30 85 0 0 99 56 0 8 27 151 21 16 14 27 40 97 61 88 46 56 104 33 0 54 8 72 27 64 66 4 74 64 32 70 45 110 0 0 31 74 48 81 0 134 89 0 21 55 76 46 10 24 0 165 90 49 36 32 88 58 50 96 119 0 60 24 45 0 0 49 42 12 7 0 0 0 89 42 69 7 53 0 28 6 0 9 120 1 126 19 44 88 12 27 156 114 64 74 0 89 21 72 48 79 27 0 0 0 0 14 116 28 79 2 40 69 64 0 50 54 0 102 7 27 74 0 0 18 93 81 8 66 0 3 40 0 0 30 79 14 109 48 37 140 18 56 16 27 21 0 0 88 27 65 56 40 21 42 74 40 84 68 144 0 81 90 0 93 0 86 0 134 163 62 48 69 118 0 24 1 66 32 105 28 54 69 53 0 76 33 2 10 44 48 139 106 198 
8 0 4 11 55 2 44 19 14 20 25 18 65 25 47 9 0 0 28 37 12 66 0 21 91 0 46 120 0 24 0 0 24 22 36 9 9 12 21 36 4 7 49 9 46 16 9 0 12 97 20 85 55 10 0 12 20 13 39 6 33 12 35 0 16 26 0 0 30 8 8 28 53 2 0 0 0 14 16 82 0 0 14 8 32 20 31 54 0 0 41 0 24 49 0 19 0 81 18 12 0 0 0 38 75 63 61 6 0 24 38 14 114 57 84 0 19 64 15 44 47 0 6 0 30 8 106 25 0 48 21 16 0 0 0 26 9 24 35 28 21 53 42 0 0 0 0 12 84 23 79 28 36 46 89 36 0 6 41 22 28 2 18 10 103 26 0 0 0 16 4 49 0 0 8 0 69 0 0 17 1 0 25 48 0 38 0 81 44 0 41 0 6 54 22 12 34 135 24 8 0 50 80 34 66 12 73 16 35 20 10 35 15 8 0 41 2 22 0 84 28 34 0 2 0 63 57 54 56 55 39 27 93 72 13 25 0 0 15 0 30 0 60 0 0 35 81 3 24 20 40 0 65 90 5 88 
41 54 45 80 10 0 72 41 1 45 0 65 113 109 53 40 145 0 84 57 118 93 75 0 48 25 100 105 30 100 33 34 3 63 73 82 24 43 95 106 138 61 0 48 100 20 0 132 0 108 40 0 63 55 0 78 40 129 74 18 45 15 120 0 103 33 2 15 5 67 31 18 56 87 16 67 32 51 63 10 120 54 0 64 0 15 93 63 6 6 45 42 99 88 59 125 68 38 72 54 18 0 115 65 28 0 6 110 57 73 124 49 63 56 58 66 72 2 77 17 90 43 31 49 92 73 63 95 0 19 61 126 61 6 0 128 90 14 56 58 32 126 92 44 0 49 89 35 0 2 257 27 129 52 0 160 28 69 89 77 56 133 15 29 111 115 69 0 60 85 0 160 147 36 27 51 91 0 30 45 78 56 79 78 0 2 21 31 58 45 18 99 115 10 81 21 20 45 25 10 52 0 36 72 77 44 35 53 35 15 32 28 79 37 43 14 32 165 44 8 54 9 73 27 2 35 54 126 22 72 113 143 36 85 69 64 56 49 0 12 32 158 40 58 58 56 12 81 14 30 111 66 83 62 47 79 
38 6 82 15 24 9 64 47 91 81 0 69 4 59 38 24 21 79 79 0 4 63 56 14 57 45 121 63 54 109 23 84 42 48 4 18 108 104 109 10 62 69 36 26 35 20 140 57 4 88 49 61 18 0 72 44 108 59 24 61 46 90 1 99 36 66 104 6 93 0 51 107 0 18 65 120 21 32 6 19 77 45 40 94 21 0 64 65 20 24 27 0 42 70 28 38 17 42 78 35 21 64 168 52 92 27 0 142 41 0 0 56 153 111 38 41 24 220 107 0 4 162 21 77 129 8 1 6 55 58 62 66 86 3 0 49 27 56 18 3 45 27 50 20 56 111 29 25 141 60 130 83 50 87 28 10 0 41 20 51 58 109 63 5 36 46 52 49 88 69 0 98 12 0 35 108 0 72 75 5 128 114 58 8 5 117 21 48 10 0 46 44 59 60 70 0 15 101 5 13 82 118 69 47 166 2 49 15 14 64 151 4 20 0 16 48 12 64 90 119 7 0 3 118 0 27 82 109 8 94 7 24 129 6 18 115 55 122 72 0 95 130 20 33 96 0 31 61 25 8 5 64 72 74 72 111 
69 74 0 101 5 19 36 87 36 29 82 28 114 4 69 75 27 62 88 104 113 82 64 0 19 54 129 92 54 93 0 24 130 125 20 43 23 64 62 145 40 80 9 29 50 24 145 89 31 10 75 0 34 64 218 117 41 4 57 0 148 14 62 20 19 18 212 143 65 4 71 76 36 39 14 81 54 44 44 20 159 40 48 2 15 36 96 40 16 62 119 56 135 160 16 63 71 15 86 27 72 91 86 55 32 42 15 32 70 86 125 18 3 95 72 38 169 9 28 42 123 94 64 45 74 37 127 9 39 6 18 98 135 86 102 60 45 72 28 62 129 84 28 0 0 18 65 84 142 42 92 12 36 46 56 175 120 220 56 123 100 90 74 63 81 123 40 0 21 39 65 6 1 0 70 164 31 0 10 76 100 0 19 119 42 36 45 0 22 89 106 50 10 17 43 113 123 108 53 81 59 41 29 27 141 65 0 43 71 128 26 10 54 21 0 95 94 80 56 0 26 36 0 73 63 100 200 44 57 63 98 0 0 14 88 57 0 8 40 72 37 52 32 67 81 15 74 0 40 181 100 40 86 56 44 50 
26 0 14 88 33 38 70 0 0 48 42 82 68 68 79 39 94 16 36 60 51 32 35 4 16 13 113 33 0 22 0 45 66 26 12 21 52 21 106 3 63 0 35 0 93 67 0 42 0 52 8 9 61 72 36 39 0 21 120 16 112 0 68 48 18 0 8 0 0 71 94 57 0 63 60 70 8 0 53 63 87 0 48 76 51 64 0 48 72 32 71 110 29 72 35 9 14 0 97 39 31 78 99 24 32 38 35 33 14 78 138 15 28 6 26 70 21 14 0 50 59 0 130 49 35 49 54 14 56 28 56 32 77 48 19 27 57 48 21 5 0 46 5 56 8 38 86 23 53 16 119 48 176 21 0 8 92 104 49 98 15 38 125 14 100 9 30 0 51 11 16 100 48 0 18 26 72 40 21 72 24 81 1 12 24 6 26 72 29 49 12 17 28 32 53 1 70 68 29 37 185 26 31 10 69 42 54 12 0 10 55 0 0 26 39 23 84 43 0 70 0 63 131 159 72 68 58 24 21 74 24 77 49 77 72 0 0 105 40 0 47 74 67 62 36 41 68 10 0 161 106 40 40 10 53 7 
134 173 84 49 44 72 58 59 82 15 70 59 170 89 213 12 157 18 111 81 153 96 0 77 186 54 141 167 84 0 139 144 39 207 184 54 93 66 52 62 205 85 73 3 206 40 113 196 30 196 0 153 117 24 110 117 44 58 9 157 113 110 46 48 7 118 75 39 33 149 126 53 153 67 82 98 92 86 73 83 64 81 36 99 203 91 81 40 83 86 55 63 123 66 26 76 178 1 61 89 138 200 273 29 138 28 62 44 59 10 222 124 58 9 68 102 6 56 168 156 77 76 97 184 42 136 46 88 12 68 105 79 59 90 0 64 17 73 65 73 82 174 167 80 48 93 114 81 59 89 172 96 27 51 79 173 76 233 137 0 0 49 79 64 114 107 117 57 18 31 0 85 94 124 87 0 110 110 25 239 174 172 74 157 96 46 6 60 90 69 43 186 11 10 113 0 67 139 114 59 131 91 98 46 199 5 29 90 84 100 42 129 24 63 58 57 36 163 94 16 60 101 24 108 68 25 12 155 234 69 160 125 92 147 78 42 53 110 107 0 0 111 144 21 105 143 36 130 33 23 198 0 133 30 136 149 
12 49 9 0 5 126 2 42 44 16 40 82 25 40 125 30 31 48 34 44 0 36 0 104 56 70 200 107 36 96 21 68 42 93 97 39 36 66 89 133 50 63 6 44 46 0 135 104 22 46 76 14 95 16 143 6 36 12 1 24 14 12 0 0 0 42 22 72 0 14 52 88 118 2 60 0 110 42 79 55 123 14 32 52 28 84 96 44 109 103 69 12 96 105 14 18 56 64 0 84 18 63 24 0 0 36 87 12 83 16 89 0 114 26 114 12 72 124 36 38 26 107 0 62 232 56 36 44 0 0 44 43 55 56 49 1 23 17 12 28 55 106 48 36 0 190 16 24 80 36 0 2 28 31 33 0 0 59 116 27 44 93 203 0 81 100 82 25 82 70 103 12 40 0 171 10 32 0 62 30 230 12 31 44 0 54 18 4 24 0 59 22 56 40 65 128 10 86 99 81 0 6 59 32 55 12 66 12 118 26 56 0 20 8 58 8 47 4 0 42 142 54 0 28 32 96 120 108 111 31 78 36 112 0 12 140 28 66 10 0 49 81 28 18 11 44 4 24 18 18 32 0 70 104 0 34 
6 0 0 63 28 71 98 129 28 58 0 42 146 43 82 57 0 55 59 0 10 144 40 0 62 59 58 94 18 36 0 75 56 131 97 18 60 21 38 28 12 28 62 129 77 39 0 52 52 93 42 5 18 32 93 92 105 2 56 12 83 21 76 70 58 45 101 0 0 0 31 20 0 49 5 74 99 28 72 6 1 5 0 95 28 0 23 96 51 28 72 0 3 98 35 22 33 0 26 68 0 51 67 46 13 0 8 0 70 32 0 0 27 14 45 45 82 4 62 33 117 37 151 17 97 10 35 16 9 0 92 65 48 15 64 27 39 42 57 79 32 30 52 137 22 55 54 72 86 137 0 43 63 28 64 187 69 7 146 63 140 70 45 39 46 25 0 7 47 81 70 117 32 0 36 101 51 93 21 11 18 94 96 81 8 35 9 110 50 9 38 27 104 72 25 32 43 20 0 81 99 8 12 8 50 71 97 53 10 15 80 0 42 0 28 64 93 42 7 49 10 64 0 27 8 94 52 29 27 79 91 0 0 99 71 17 5 235 79 22 0 56 92 24 0 32 56 25 3 51 63 0 69 290 193 5 
20 39 78 18 54 36 158 51 28 28 37 36 118 72 83 103 60 84 1 0 173 12 9 106 125 56 86 53 45 79 108 30 100 105 90 25 4 4 53 83 38 23 50 108 27 56 70 37 24 24 40 72 12 3 22 50 56 2 93 0 0 36 28 70 12 8 34 55 1 0 75 8 106 0 4 20 59 4 23 0 72 74 14 46 61 102 67 14 38 71 25 18 52 48 114 24 16 40 116 78 119 107 32 36 24 10 33 18 132 207 26 17 171 28 26 39 24 57 84 20 27 38 54 80 36 0 2 36 18 24 113 36 60 100 112 85 69 24 77 38 96 102 0 47 13 4 33 3 51 0 0 27 73 102 0 90 116 73 69 0 9 30 6 25 134 8 105 83 57 36 25 36 47 119 11 4 99 40 30 186 33 8 78 14 58 71 79 21 54 22 75 4 0 15 95 24 0 46 44 0 109 47 18 48 19 55 73 12 28 37 14 52 24 0 86 51 0 60 60 64 0 22 33 52 137 36 52 0 128 0 42 153 50 27 2 0 61 59 151 22 3 72 38 75 44 31 19 33 82 211 56 42 101 0 31 104 
7 42 91 113 139 94 90 112 56 39 74 194 55 13 181 18 76 99 7 0 8 72 77 21 81 36 24 76 30 114 36 89 137 156 86 143 16 44 56 92 119 105 11 97 42 94 101 151 11 62 42 50 38 105 142 18 67 1 146 94 129 0 23 102 72 132 63 162 99 3 16 89 36 64 192 0 140 110 89 50 256 69 76 51 9 196 0 24 112 135 0 48 16 145 30 47 48 282 104 69 107 64 83 48 95 45 90 147 12 21 117 47 189 29 99 4 64 117 58 92 33 56 157 95 92 113 171 36 8 97 87 84 34 119 8 15 78 154 83 93 121 60 48 19 12 58 90 10 130 0 128 35 110 169 60 165 102 63 54 18 112 74 107 147 49 184 3 36 98 67 124 48 12 84 144 94 38 71 123 177 82 173 119 69 58 142 64 178 66 54 0 66 128 44 27 67 139 206 162 147 22 94 72 67 89 32 88 24 32 208 220 58 0 9 6 0 117 51 18 103 118 90 40 101 44 134 110 45 60 60 63 8 74 27 40 94 60 82 132 18 197 101 55 30 134 97 57 142 59 28 12 35 191 141 110 112 
16 48 45 55 65 59 84 9 60 20 127 80 89 0 87 50 10 29 40 75 67 98 50 106 65 0 159 107 72 32 0 63 60 131 3 134 63 140 103 98 80 35 38 27 20 132 52 94 25 105 101 53 135 56 0 74 0 98 100 105 30 66 22 84 126 0 30 72 12 75 33 137 57 59 41 119 0 54 57 145 108 0 109 36 0 46 126 21 54 24 121 74 16 99 31 134 168 46 144 69 34 69 105 60 131 0 77 36 179 36 78 81 96 52 142 151 121 71 129 59 110 38 16 62 132 79 103 30 175 24 0 41 42 88 143 18 82 104 62 63 87 144 49 10 21 51 56 75 86 34 97 71 65 35 68 27 0 39 10 21 72 15 77 73 85 64 33 9 253 6 79 38 38 55 12 126 100 90 14 31 123 103 31 90 33 134 22 15 59 3 114 45 94 21 62 74 64 21 9 6 55 110 60 8 82 30 209 12 48 153 81 106 0 61 47 76 75 34 12 108 86 87 33 103 56 137 163 38 124 140 122 63 95 57 135 70 37 97 55 27 207 95 42 50 0 7 51 55 15 56 133 10 30 121 87 142 
71 3 144 115 28 28 15 20 51 0 15 151 169 21 72 24 16 20 60 23 81 70 109 87 18 60 57 0 62 104 36 99 16 100 144 96 57 107 27 64 243 28 44 18 70 60 127 230 0 14 81 68 78 146 32 72 16 170 74 84 139 98 120 52 0 12 161 10 42 129 120 162 10 0 91 10 38 106 31 113 90 45 25 75 78 14 5 0 3 53 8 7 6 2 79 22 5 87 54 96 49 63 138 35 42 45 46 75 72 22 64 65 0 18 75 95 21 105 105 54 18 91 78 108 25 113 76 97 176 28 164 90 24 84 80 33 6 33 0 6 84 108 121 0 60 25 108 78 69 63 96 137 102 35 25 16 8 174 99 40 137 95 139 158 62 64 60 72 84 51 0 208 70 63 8 53 72 54 18 130 99 206 33 25 42 40 6 14 25 125 0 129 5 112 85 37 31 51 45 0 119 168 18 37 172 16 0 0 36 15 175 108 96 45 157 0 118 125 86 2 38 20 115 90 0 63 68 16 153 114 130 63 34 135 56 77 99 82 0 46 70 66 96 0 31 148 0 2 45 0 104 0 93 30 108 97 
58 56 83 54 53 12 77 91 59 149 88 106 9 219 183 154 102 78 212 0 90 105 128 75 58 160 65 132 99 75 198 159 22 144 14 164 15 17 58 64 110 124 58 69 49 32 95 171 32 141 0 83 38 8 57 32 75 121 97 47 100 60 94 76 70 111 175 21 74 110 94 78 72 54 44 77 94 120 27 36 45 40 68 32 68 17 197 58 8 166 81 15 112 61 114 141 78 104 45 20 136 94 118 103 122 137 66 60 83 76 169 27 105 111 40 6 40 5 176 55 54 63 27 64 18 121 131 12 78 35 65 10 64 125 64 91 90 170 141 4 95 202 88 27 129 111 40 54 39 139 117 51 164 24 16 35 96 82 9 6 24 77 67 91 87 61 47 73 132 32 29 205 75 115 0 174 48 82 63 161 97 39 24 113 35 43 3 107 196 66 52 63 25 63 232 4 30 163 24 57 54 48 113 77 56 5 62 26 61 105 136 217 33 0 48 0 16 39 25 51 52 110 10 46 153 48 73 18 132 6 61 144 105 17 24 105 122 76 81 48 113 69 117 77 56 158 60 144 9 20 47 38 77 52 178 4 
45 88 54 145 32 24 69 10 125 39 10 63 49 46 98 138 79 134 71 141 36 6 131 28 78 30 0 25 63 21 52 196 24 31 124 9 165 82 24 90 70 186 38 105 30 32 99 88 0 73 54 0 117 64 150 98 18 18 104 118 63 123 59 74 48 0 72 27 147 30 87 122 118 93 38 118 42 67 71 69 237 62 80 126 0 65 0 47 28 17 54 62 184 72 36 126 186 193 36 30 41 42 99 84 18 0 18 76 13 42 69 30 0 140 49 94 0 40 66 45 140 157 40 195 93 42 24 54 0 40 153 106 87 37 0 84 107 70 56 54 42 63 14 0 49 84 81 106 104 46 176 118 47 36 0 221 174 187 103 48 56 87 28 27 40 25 87 6 18 18 0 104 84 0 192 74 70 27 40 115 212 56 84 230 63 74 71 34 22 97 38 102 52 48 99 56 120 34 64 46 90 53 138 68 74 50 71 76 105 99 128 29 0 85 137 0 82 24 44 156 34 57 89 21 128 185 55 24 62 72 164 122 99 0 120 0 39 95 45 37 50 81 10 32 0 0 69 146 42 81 54 109 63 0 103 16 
69 33 0 199 87 116 14 73 27 24 51 0 35 46 107 0 97 54 59 84 45 86 183 135 28 78 210 60 84 159 98 12 28 64 157 180 30 44 20 159 6 114 8 60 18 46 73 65 53 129 21 27 96 91 123 135 7 84 89 0 45 85 74 0 0 29 51 45 3 36 30 21 85 58 21 0 132 66 60 0 30 130 46 112 56 69 30 66 57 23 54 65 6 64 98 35 138 74 98 24 44 51 48 71 50 18 125 21 257 109 157 30 50 33 115 0 128 6 29 36 29 108 132 145 160 25 116 24 0 113 113 56 45 81 117 98 67 45 29 104 40 79 86 0 49 7 115 52 21 7 35 24 161 18 48 9 60 48 43 6 8 96 56 24 18 63 5 75 12 10 107 48 81 44 9 84 38 0 99 12 104 84 35 70 45 55 18 47 74 11 185 10 59 42 148 89 60 0 18 65 56 76 32 44 21 106 0 63 16 78 105 77 138 0 42 49 171 78 68 0 105 112 100 118 31 61 182 6 209 81 50 20 6 49 117 113 29 98 52 120 0 38 99 24 96 24 40 84 139 61 119 79 96 0 34 61 
45 7 0 109 83 13 68 0 51 5 101 54 106 7 31 72 29 43 20 35 110 38 12 24 0 67 61 7 0 197 24 80 28 16 68 57 15 42 51 89 152 46 34 41 9 59 79 124 123 12 119 59 50 42 25 19 33 129 42 110 23 2 55 112 3 0 83 0 49 60 0 0 105 14 91 71 49 33 36 72 239 18 77 13 51 68 48 20 8 0 0 87 50 27 33 19 113 27 4 40 27 75 35 24 1 4 0 77 64 90 46 5 42 32 15 49 82 135 39 6 0 35 28 113 2 11 101 24 7 16 37 43 71 15 0 62 27 19 84 0 3 61 116 0 9 8 28 97 49 11 0 100 4 51 0 114 42 196 16 24 123 46 42 83 78 81 99 0 38 123 0 29 0 0 122 113 40 68 0 27 51 104 18 120 39 18 0 65 45 103 34 0 5 35 83 39 56 93 6 7 70 40 102 2 48 0 83 49 4 8 28 7 24 0 54 65 26 14 116 14 36 24 37 96 84 32 44 6 74 49 121 66 88 79 79 18 54 10 34 26 19 56 51 69 25 0 0 81 24 96 0 0 94 9 14 116 
46 0 63 54 86 0 56 45 203 183 127 0 72 58 137 24 57 55 85 133 0 22 54 18 32 35 59 0 36 0 0 64 0 112 54 4 123 0 10 91 0 52 66 57 44 51 63 33 52 28 154 39 25 165 168 37 0 81 18 12 45 72 120 16 40 0 38 45 136 148 84 24 16 0 45 52 72 0 98 139 46 0 98 5 68 10 37 45 58 0 21 49 40 6 0 35 8 72 141 82 30 7 8 1 18 16 0 77 18 0 64 129 34 12 7 62 30 12 0 0 56 20 119 35 0 24 98 14 0 0 45 49 79 8 72 21 0 100 22 0 54 54 97 90 0 9 0 57 76 100 25 116 15 0 9 92 4 154 8 0 130 51 81 92 24 45 64 72 0 15 49 63 49 42 139 0 16 12 0 30 112 155 58 45 0 42 49 45 0 32 24 81 0 90 0 90 95 0 45 134 7 108 0 12 35 0 115 40 32 57 63 30 10 0 63 35 23 0 0 32 42 27 4 74 0 122 53 12 135 65 35 18 27 80 52 67 12 7 0 0 39 36 21 0 45 9 28 69 24 54 54 0 56 135 62 56 
6 6 5 123 94 36 16 12 67 146 27 0 95 67 69 59 24 42 67 18 86 42 24 84 174 0 127 28 9 35 63 14 6 0 12 198 72 75 44 72 54 31 11 48 0 102 3 98 39 114 28 0 1 38 48 54 99 110 0 52 29 89 66 24 26 0 81 14 35 0 39 4 42 91 78 107 27 0 0 52 20 10 72 63 124 0 48 28 26 53 27 27 0 5 62 182 0 67 64 106 0 10 128 0 16 18 68 6 26 0 0 0 101 60 70 71 6 21 167 33 80 0 6 0 0 113 54 14 0 48 6 0 76 1 12 77 87 30 42 0 6 62 205 34 42 34 130 59 35 41 63 14 46 24 0 7 0 22 59 6 36 130 93 85 120 168 27 29 116 108 34 34 101 47 0 68 42 88 45 42 65 52 68 111 0 29 27 36 49 9 0 50 72 60 24 0 32 66 0 0 36 29 40 8 52 10 111 57 0 138 78 31 36 0 8 39 42 27 36 18 83 0 18 144 32 86 87 67 21 62 57 21 0 161 20 22 25 30 21 162 56 85 24 164 34 56 0 46 6 24 44 0 115 83 6 25 
185 0 32 34 74 127 160 21 71 125 85 28 163 61 247 252 86 44 0 88 112 36 100 88 107 9 284 118 48 6 158 246 34 115 88 53 131 209 72 143 62 61 71 5 180 61 16 138 36 137 20 24 23 177 185 70 75 4 52 20 53 131 171 114 65 29 76 8 226 101 150 81 178 99 123 213 197 99 36 132 72 84 9 217 132 137 57 49 150 107 40 49 82 106 140 64 105 105 157 84 84 130 122 65 6 48 169 42 124 74 103 215 76 64 125 118 8 235 0 75 65 187 98 111 172 67 89 128 61 76 86 20 144 61 68 174 269 58 135 72 63 0 32 193 92 67 62 64 100 210 97 109 30 134 30 200 241 155 12 121 132 165 172 85 40 0 163 128 34 118 134 160 114 0 110 105 113 8 97 84 163 150 82 86 189 39 56 90 25 60 159 49 100 61 38 4 105 255 0 85 210 203 98 188 85 94 232 83 104 59 226 88 26 97 128 13 155 36 76 190 74 214 84 247 49 56 54 110 222 80 76 164 136 145 72 176 86 148 72 100 95 91 58 77 60 18 46 0 98 75 137 56 137 81 25 152 
137 33 0 98 117 0 24 30 45 32 122 87 165 8 115 143 122 59 110 53 34 78 81 36 57 117 41 102 120 46 63 86 81 138 6 58 40 103 25 86 14 66 19 101 68 0 30 38 15 58 99 53 0 22 104 93 46 142 100 3 3 118 72 58 8 0 154 77 63 126 154 47 105 0 109 35 44 37 21 85 124 69 18 31 13 54 100 113 54 11 139 84 144 119 77 14 111 24 79 71 128 91 35 34 33 12 5 27 49 84 203 84 118 11 18 27 86 134 23 62 76 121 36 84 73 82 99 12 34 19 40 26 69 39 0 41 35 7 49 32 94 28 93 41 0 4 0 113 113 111 20 22 73 72 92 6 40 185 53 21 69 58 69 27 62 126 64 33 0 117 19 18 116 81 194 134 92 42 70 80 81 128 20 120 78 28 72 95 17 33 48 84 28 81 98 31 98 40 18 9 44 56 15 42 44 48 36 13 12 77 119 113 0 64 8 145 20 3 0 79 36 0 198 52 45 84 140 54 144 29 38 65 68 73 0 53 48 25 21 79 0 73 6 51 91 23 43 103 30 60 0 21 121 134 101 10 
124 72 220 9 112 30 49 64 75 18 23 81 99 88 47 54 21 22 54 35 56 87 0 32 57 24 62 72 128 21 36 18 62 123 178 117 33 76 25 25 124 254 42 101 71 88 56 137 36 115 1 0 15 126 16 128 4 5 184 56 35 126 154 9 22 95 59 21 2 0 56 33 33 72 54 90 43 180 6 24 134 89 24 80 16 48 105 141 0 12 67 75 37 10 136 43 56 12 71 62 60 107 20 37 28 36 43 168 115 199 110 52 59 30 73 66 25 3 57 16 9 117 167 4 0 87 0 49 18 128 74 110 53 60 72 14 46 56 66 85 163 97 160 6 23 74 64 105 30 34 214 53 122 0 0 70 66 77 167 40 75 185 22 114 160 62 42 42 15 57 8 108 219 36 0 30 28 95 20 179 29 239 112 3 101 3 0 84 45 6 12 98 2 46 32 40 34 55 107 0 155 24 0 56 7 78 59 56 12 60 36 24 4 0 54 0 192 142 65 125 67 4 115 32 39 82 123 15 10 16 37 86 73 29 9 16 77 167 69 73 66 98 84 85 10 43 68 103 51 78 55 5 44 62 20 130 
5 120 47 69 5 36 5 0 105 74 35 51 79 83 212 45 45 0 97 50 38 46 48 9 121 37 32 172 0 100 73 50 8 60 46 94 58 21 41 22 114 72 15 114 34 5 80 74 3 66 14 42 105 50 126 40 16 98 57 122 39 27 130 24 8 63 15 72 72 28 21 0 51 95 51 97 62 30 30 18 12 0 0 55 63 42 75 132 76 35 95 76 74 4 63 94 126 107 24 21 0 35 40 84 99 66 35 41 110 15 70 70 254 53 49 40 68 14 54 53 31 134 104 0 112 88 96 69 0 0 63 12 60 129 57 0 3 92 12 173 92 52 79 72 84 65 81 36 164 8 200 4 53 39 16 48 0 48 35 0 21 9 53 69 6 30 22 82 76 90 0 137 32 25 64 4 24 81 100 137 169 138 12 248 30 41 8 108 71 0 83 37 8 146 48 79 99 337 85 177 44 159 8 12 0 64 82 36 5 33 0 40 10 0 101 96 102 152 8 72 63 36 51 56 0 21 85 112 65 28 105 74 111 124 72 24 35 141 0 15 5 35 32 15 25 129 72 58 39 79 82 131 86 56 36 106 
113 87 2 13 0 26 54 70 21 0 82 45 7 127 49 79 8 0 82 42 35 51 98 13 119 12 0 8 0 16 45 0 36 37 81 39 99 0 4 35 45 19 10 2 76 0 86 49 35 101 30 15 0 81 0 127 4 22 14 0 8 21 128 0 41 0 101 73 51 39 33 10 62 61 8 97 72 73 72 0 46 0 50 0 63 73 38 60 1 21 19 28 43 21 74 39 63 86 0 46 59 110 0 169 53 87 83 49 18 0 157 49 8 58 104 0 159 58 123 54 8 6 57 0 0 42 90 8 0 45 14 4 40 129 0 79 0 48 23 63 66 106 2 20 85 29 20 39 134 15 0 53 29 0 0 117 27 122 2 129 40 113 10 6 12 96 15 7 42 6 31 56 0 24 83 45 3 45 20 43 72 42 63 39 51 87 0 0 0 60 44 12 5 5 37 75 87 41 14 41 0 85 0 28 76 4 13 96 119 81 25 15 0 32 0 3 33 52 21 10 0 10 15 69 4 57 40 36 50 0 30 121 32 61 0 20 0 13 0 29 10 36 23 15 0 33 73 54 64 30 0 4 32 0 28 44 
54 48 29 140 18 19 12 79 16 88 84 60 94 27 58 7 117 64 54 77 1 79 137 87 74 66 89 40 168 0 52 58 36 63 75 71 72 16 15 142 72 27 0 180 40 70 44 71 0 71 15 63 201 57 196 27 41 21 9 63 38 27 68 48 14 27 81 120 52 124 79 104 91 69 96 71 162 21 42 108 160 81 15 99 42 6 4 97 52 66 129 11 21 181 110 70 159 95 0 54 154 39 48 18 22 21 7 37 90 111 81 45 116 136 58 6 27 79 63 25 73 117 27 128 197 77 188 38 22 0 35 2 38 54 95 85 137 23 74 93 46 70 42 18 18 63 58 100 78 60 116 43 29 27 44 189 185 31 51 91 20 151 33 22 47 149 98 188 18 20 41 7 31 12 60 36 63 0 86 34 136 86 114 94 59 104 17 42 0 130 117 44 167 16 165 72 111 144 19 116 0 5 21 78 52 18 56 43 108 154 125 40 90 0 78 0 54 18 8 55 105 90 105 80 84 42 59 13 108 153 141 69 78 49 0 84 33 84 220 25 86 58 22 42 36 36 73 157 0 5 73 88 34 63 206 56 
94 93 94 105 80 35 116 68 30 143 51 30 24 63 134 25 76 58 62 77 0 65 6 6 232 0 54 113 27 27 54 72 112 112 34 117 129 162 7 62 66 281 11 54 89 40 116 235 62 130 73 141 86 90 132 94 0 82 128 77 47 84 54 184 0 0 96 123 4 107 147 111 65 169 63 183 51 48 40 67 62 94 60 0 86 8 81 17 105 16 81 90 55 46 34 10 28 80 87 55 59 62 126 142 62 70 86 56 74 34 205 24 135 73 71 202 46 87 57 112 79 36 101 81 127 85 8 54 175 79 170 62 54 132 199 26 66 40 40 32 82 105 65 52 52 51 182 30 30 100 50 32 76 47 78 176 15 46 135 33 24 101 136 107 176 166 149 115 165 123 79 24 77 92 63 60 63 103 126 40 134 108 51 86 0 92 122 18 69 106 125 123 25 115 42 93 63 88 0 45 143 171 15 12 101 6 28 46 21 82 55 38 107 51 159 42 46 42 191 94 45 40 53 74 111 140 28 76 289 62 171 204 106 176 40 4 9 110 159 117 84 90 20 18 35 28 85 153 116 102 108 64 35 24 154 46 
102 0 16 0 5 71 8 22 65 80 73 28 60 42 25 92 138 63 7 22 63 20 25 18 46 38 65 50 0 133 84 89 23 0 56 37 199 30 50 18 9 19 46 0 16 0 30 42 0 78 0 26 0 32 44 22 100 114 16 36 26 0 85 61 7 16 10 86 66 14 137 29 36 18 118 119 70 0 54 89 5 0 0 76 38 45 90 6 10 12 135 12 28 10 27 97 89 25 111 52 0 162 112 35 70 32 0 75 105 0 47 8 0 82 18 24 42 87 46 82 123 121 40 0 108 42 69 0 0 4 67 36 67 14 63 48 27 134 117 0 154 70 80 84 0 58 2 40 25 24 70 41 77 0 0 84 5 76 0 81 72 73 72 9 194 38 99 45 48 81 0 90 42 72 55 123 184 86 26 81 223 0 42 16 27 92 25 55 4 0 57 56 36 3 44 52 0 61 16 0 10 2 60 48 2 54 5 35 0 46 80 36 0 30 106 30 95 14 0 80 15 12 14 150 164 84 174 18 16 25 42 108 88 8 30 55 7 54 20 0 7 61 20 35 80 10 97 0 24 79 0 32 19 10 17 68 
128 136 65 16 181 51 20 66 56 4 150 73 179 78 162 110 39 8 18 75 28 81 119 0 57 97 79 59 180 16 72 18 146 88 57 72 23 49 79 125 151 215 7 0 130 199 71 186 39 90 21 87 50 133 174 73 0 93 70 100 118 0 54 53 0 86 51 69 56 40 95 14 87 42 91 30 54 69 46 115 203 122 5 0 68 54 156 72 29 39 60 8 57 77 74 32 28 38 54 64 38 25 64 115 16 30 67 53 24 59 119 92 79 6 12 115 47 34 115 60 93 87 85 8 42 52 0 70 29 0 34 172 145 107 37 87 8 70 60 96 157 99 134 105 45 78 70 110 63 35 119 42 126 173 54 288 52 151 121 163 66 116 30 42 125 145 87 5 6 107 9 61 48 24 181 0 32 9 6 137 96 215 36 52 38 0 63 124 19 41 118 51 14 206 80 136 4 29 45 95 75 63 17 97 97 53 81 73 153 67 48 10 0 18 225 63 32 162 90 0 95 21 10 82 71 17 132 9 181 43 12 136 133 83 66 18 71 123 80 28 20 139 24 99 74 11 59 107 42 96 108 38 71 126 28 68 
18 232 31 42 45 80 54 0 66 21 41 30 4 12 27 66 47 61 92 77 45 55 106 99 95 66 73 115 63 36 24 45 7 156 18 64 157 140 60 30 52 94 86 142 45 0 89 20 145 147 27 52 34 33 93 64 135 45 56 16 89 37 90 0 32 203 6 78 59 35 10 22 24 28 52 35 21 100 56 100 70 51 76 5 23 117 26 95 39 37 3 15 32 99 14 48 72 209 102 75 53 48 30 114 0 69 22 20 24 87 53 101 105 58 28 0 35 134 115 35 85 54 0 27 58 204 93 43 35 4 39 143 0 24 105 97 127 81 16 14 134 46 57 0 25 127 0 0 225 77 53 0 42 99 19 145 61 125 0 30 45 120 67 34 16 57 0 56 42 49 190 219 63 5 63 0 65 43 28 106 39 86 12 91 30 53 14 120 82 0 153 17 79 110 164 0 78 120 81 27 46 81 24 3 27 0 23 70 20 8 115 44 24 93 58 8 74 12 114 107 77 95 35 50 0 29 36 48 49 102 12 63 122 44 2 0 28 164 52 4 5 117 168 119 156 65 104 0 63 2 43 125 61 42 34 37 
58 31 0 24 42 0 12 0 0 95 0 0 158 100 126 22 0 21 1 0 42 7 154 0 69 6 48 153 7 74 67 102 15 0 0 42 51 147 4 32 49 120 0 5 18 10 72 87 0 49 88 0 7 55 36 81 12 141 38 104 29 21 87 18 28 24 167 67 45 63 80 35 131 52 12 25 63 24 27 40 12 38 10 12 15 60 87 57 78 0 117 28 16 4 27 28 48 59 42 16 24 10 0 133 56 27 86 28 58 22 72 0 137 37 4 4 48 134 65 58 45 24 21 0 68 35 4 48 12 119 104 0 28 24 30 15 64 73 96 53 0 43 0 16 0 63 28 6 41 0 0 0 61 67 46 0 50 9 0 23 37 46 26 0 22 45 0 91 56 22 40 16 46 0 97 89 48 48 58 10 54 76 0 58 42 2 0 20 76 0 73 0 0 90 42 41 57 57 35 21 38 117 103 74 40 43 32 21 20 0 0 12 45 15 16 3 100 81 0 65 16 0 82 32 0 72 94 24 108 74 57 48 16 45 0 86 63 26 42 50 0 121 0 2 62 15 0 105 68 20 0 50 62 7 44 114 
29 16 0 0 22 0 66 0 135 0 0 57 0 74 17 85 12 56 108 0 41 66 62 36 70 45 20 86 0 16 72 54 0 62 12 30 32 83 0 20 83 153 51 45 106 30 8 18 28 26 8 41 6 47 0 56 28 8 28 6 30 34 27 121 151 11 77 36 0 28 67 35 1 70 69 64 0 0 89 72 81 15 36 77 0 15 62 30 18 0 40 6 50 4 42 72 16 4 6 20 0 27 64 0 4 4 0 125 54 3 36 0 20 72 86 63 36 24 81 35 25 82 28 24 55 93 84 125 22 24 63 53 12 0 95 72 20 26 29 13 0 76 41 0 47 12 0 117 3 22 0 0 0 0 0 29 149 54 0 24 0 64 49 136 135 128 72 54 10 83 69 87 12 0 27 80 32 15 0 64 46 55 0 83 18 3 0 24 20 18 22 14 16 13 23 80 26 0 43 121 8 81 33 66 141 8 67 18 0 39 32 39 20 96 43 18 151 48 79 35 3 44 12 18 80 12 34 65 0 30 20 83 14 113 0 50 0 123 50 53 29 97 21 79 0 42 27 24 8 18 8 0 28 32 79 96 
36 16 92 100 55 0 12 104 12 37 48 77 4 85 96 4 72 121 30 15 20 121 47 12 133 190 104 12 138 25 12 68 78 71 12 38 36 24 49 97 108 42 32 63 144 111 81 106 39 24 34 17 73 2 44 42 63 131 0 26 65 25 0 26 44 62 45 45 113 59 24 131 56 82 130 63 0 16 73 121 150 80 62 0 37 6 12 12 44 15 196 0 28 9 16 89 121 91 125 82 59 16 93 42 94 20 35 135 141 88 64 0 57 95 101 50 50 40 30 14 73 89 12 107 61 64 96 55 99 87 82 69 47 24 48 82 60 64 35 132 108 160 146 6 90 119 74 129 133 56 105 96 0 24 0 46 38 108 144 84 64 137 32 117 72 83 36 0 33 23 0 135 7 28 146 12 90 19 18 40 1 37 48 0 63 86 0 124 6 78 36 80 16 27 207 62 89 46 96 8 0 105 84 0 80 13 36 9 81 64 257 86 23 62 64 79 53 126 78 52 112 0 7 59 17 0 40 20 36 146 116 21 54 39 42 72 8 25 99 7 105 72 58 114 12 97 0 150 0 32 0 56 49 186 162 82 
0 48 16 102 0 27 121 52 6 84 24 0 52 63 72 7 0 81 14 31 41 118 95 0 94 56 113 18 6 216 18 8 36 117 105 54 0 74 69 92 1 19 16 32 31 18 118 149 57 99 8 62 64 20 198 125 73 21 135 21 57 40 27 56 5 39 50 49 10 12 0 36 81 126 66 44 155 35 0 5 163 181 6 64 87 61 16 0 71 76 12 85 21 25 48 26 54 62 9 84 0 20 42 79 44 29 34 101 167 181 56 27 40 6 35 0 33 20 122 105 49 7 137 72 18 21 45 60 0 34 53 12 132 83 78 120 12 72 14 76 30 109 10 0 49 45 29 89 277 0 24 35 0 152 86 131 27 20 64 88 12 220 94 33 22 11 146 0 44 105 58 46 116 79 42 10 76 66 127 79 74 57 66 79 43 34 0 0 17 0 10 9 76 24 87 99 50 48 0 84 74 97 91 78 85 98 0 0 9 16 95 0 45 17 53 15 62 42 56 72 56 99 67 22 0 26 168 26 40 84 5 90 11 74 57 71 0 41 55 0 94 135 21 15 0 12 63 10 84 80 65 41 119 27 89 25 
40 18 50 104 108 92 71 48 0 71 0 81 34 133 23 65 64 0 144 75 47 16 10 24 0 74 141 120 87 66 30 30 85 72 0 14 11 18 46 16 6 124 83 128 36 0 9 42 81 0 93 9 30 72 56 0 142 57 73 51 55 0 66 38 18 50 55 33 39 68 12 58 0 177 38 60 96 36 0 0 96 0 113 113 30 27 36 135 84 69 156 131 75 59 50 22 56 46 77 117 43 9 47 75 34 193 25 59 22 28 73 18 140 45 37 0 56 99 25 44 131 96 0 86 50 80 70 44 50 0 64 80 69 17 25 76 48 55 75 49 0 57 0 0 21 20 93 9 132 9 150 112 54 46 98 115 98 27 49 80 26 89 67 12 18 36 34 65 75 210 67 116 90 53 158 0 38 83 204 41 134 80 43 99 28 68 31 35 112 27 39 96 66 11 8 0 73 65 104 2 60 54 74 0 48 66 30 66 48 3 191 8 0 3 40 0 38 25 17 59 1 93 10 135 18 57 107 27 35 46 35 79 110 0 81 20 11 48 66 27 11 49 47 0 64 95 40 52 33 61 103 67 74 114 57 8 
42 0 83 75 58 34 74 48 36 63 28 0 27 81 83 0 59 0 6 97 0 135 0 48 0 21 120 0 36 0 9 4 0 0 45 14 49 4 36 27 8 0 49 94 39 0 163 12 72 28 90 77 27 162 0 21 56 109 4 26 87 22 3 35 0 26 14 0 27 168 42 14 95 14 49 9 36 128 21 43 7 0 68 24 14 72 24 0 33 0 62 105 66 65 47 67 77 72 63 45 0 31 16 45 49 0 9 25 0 12 165 7 22 119 99 0 0 78 12 28 0 20 72 0 50 99 56 25 0 0 102 57 0 21 74 18 28 159 63 0 126 0 67 0 0 54 52 128 9 45 80 4 19 0 63 49 0 60 81 36 36 87 114 47 27 57 28 84 10 35 46 0 44 4 47 16 110 72 4 0 92 4 0 36 55 36 0 78 0 0 0 8 18 31 39 6 11 71 54 32 14 27 16 46 0 0 33 27 85 35 18 27 15 28 69 7 77 0 72 0 0 0 28 98 42 99 45 67 124 0 116 27 74 45 90 49 0 0 54 0 62 78 35 28 59 90 128 29 0 94 48 45 63 117 10 0 
105 0 22 86 8 41 146 73 16 132 107 126 8 2 132 5 40 50 49 38 33 64 45 37 135 39 84 70 51 119 54 53 61 41 45 48 76 32 28 54 0 81 6 109 81 0 34 75 63 65 46 14 30 16 127 0 35 0 27 4 43 55 25 8 21 0 69 89 45 47 24 29 79 38 25 27 26 17 17 9 81 63 38 95 69 25 16 31 30 2 27 58 39 123 74 23 0 41 51 64 48 5 0 82 46 56 28 72 53 32 111 49 34 55 68 18 57 49 48 0 42 23 34 37 50 78 134 32 4 71 69 28 78 25 74 35 0 70 59 0 42 96 122 14 63 0 4 49 120 20 14 62 129 37 35 90 12 32 17 0 72 126 0 56 58 206 14 18 16 156 80 62 1 0 115 12 24 8 54 101 54 63 2 0 18 26 20 104 94 40 68 55 49 20 59 47 49 110 73 56 18 79 26 38 203 43 33 33 73 96 14 0 120 18 24 1 16 80 36 34 42 79 35 16 34 36 53 24 72 69 87 3 6 109 18 152 3 0 38 18 38 59 45 0 0 8 25 72 71 67 70 24 32 18 54 63 
53 21 6 0 28 78 12 44 52 95 110 134 40 15 53 16 44 16 24 35 54 26 46 57 73 56 163 24 24 42 136 131 64 42 75 90 9 18 40 68 0 0 46 51 59 80 139 48 17 35 46 40 102 20 28 48 54 132 84 67 114 57 18 3 0 66 59 0 25 36 91 12 56 45 136 74 79 144 22 84 141 64 76 83 95 36 85 14 45 36 89 0 60 33 48 40 6 38 40 28 67 38 72 15 35 88 147 71 77 164 88 72 81 21 112 48 24 0 91 24 39 56 54 114 31 84 0 10 64 96 47 32 40 83 30 92 135 44 16 4 24 129 56 0 138 0 75 53 83 52 0 44 30 18 79 73 97 117 85 32 67 79 0 87 39 70 25 52 2 10 82 128 40 20 99 4 53 24 36 123 132 54 45 33 12 36 0 24 26 136 74 9 123 94 57 41 4 63 66 92 0 64 81 56 62 184 64 72 182 62 64 55 30 0 0 41 103 113 102 24 114 8 2 4 100 0 221 5 8 36 54 0 71 98 0 70 66 99 92 55 40 63 107 108 114 64 0 16 0 75 128 0 82 78 0 118 
104 63 8 93 32 6 84 15 63 81 54 200 20 6 206 130 161 73 5 77 102 6 111 122 165 0 0 113 0 166 46 49 30 169 46 28 10 25 20 82 142 72 59 53 0 15 146 125 49 102 61 115 100 63 156 28 138 79 62 68 91 33 171 109 0 45 72 63 0 93 51 3 16 26 1 98 84 135 42 0 135 68 11 39 92 44 106 40 6 72 39 153 67 110 115 12 68 146 17 99 58 189 92 30 14 88 43 85 93 53 136 49 92 49 143 20 67 63 30 6 83 105 32 60 164 93 43 27 93 41 109 44 61 0 4 68 129 92 95 45 72 90 53 53 58 0 120 42 60 35 91 36 55 48 46 40 0 180 54 0 32 105 121 26 115 88 45 54 0 24 167 133 39 24 140 56 18 32 0 38 168 11 92 117 0 49 51 47 57 112 47 27 57 33 88 0 62 192 99 72 0 18 87 30 139 48 155 43 28 6 63 175 38 45 2 61 88 23 82 179 47 52 63 150 10 119 59 63 75 68 90 68 128 144 99 34 18 145 86 0 81 46 61 72 61 17 56 45 17 53 77 56 165 12 56 139 
22 36 35 83 36 12 38 28 83 0 20 0 9 67 0 78 6 52 12 10 37 66 11 99 56 9 31 0 30 17 35 124 67 9 86 45 72 24 99 8 9 111 29 21 28 49 121 57 40 130 12 8 104 10 40 56 3 35 11 173 45 54 39 28 99 27 15 35 61 63 3 50 72 56 0 63 32 65 0 2 136 10 31 24 76 6 30 6 0 51 86 50 23 178 27 21 9 63 0 6 52 24 148 37 2 64 24 20 18 50 39 47 42 32 91 1 42 58 56 64 31 84 70 92 65 0 3 0 48 12 60 32 6 69 0 63 19 0 6 12 109 70 16 5 0 59 3 90 24 60 173 19 3 20 5 21 0 67 116 7 38 93 0 47 32 34 38 92 39 70 28 15 17 31 60 18 42 143 40 1 90 63 50 0 71 70 24 21 28 33 35 101 36 15 40 5 0 64 17 69 38 3 27 0 42 31 9 36 84 104 39 61 0 36 66 70 87 16 42 69 24 6 54 0 60 36 29 9 7 43 122 101 47 21 190 0 40 23 42 0 63 32 29 19 3 22 42 50 0 0 85 28 12 47 74 64 
114 0 59 8 33 0 29 24 101 18 83 135 123 29 188 73 41 4 32 93 30 56 3 89 122 0 150 78 3 129 63 53 14 0 160 66 60 138 81 55 134 179 6 24 19 74 126 81 55 3 110 0 33 8 28 96 54 56 0 74 42 121 25 80 36 0 8 4 63 120 0 27 124 111 4 220 66 94 116 72 141 48 48 78 37 35 40 0 109 37 9 9 50 69 10 61 179 148 72 126 0 0 90 0 36 93 34 66 36 24 29 27 59 61 159 101 28 130 79 0 47 27 29 0 72 16 164 31 32 14 117 15 45 122 16 47 110 127 25 0 20 106 45 110 8 22 82 70 25 59 90 176 60 21 28 53 102 167 51 77 68 39 0 52 130 54 69 44 32 116 7 35 120 14 131 0 68 99 7 167 125 48 172 54 0 4 0 69 18 92 94 79 97 77 0 82 81 181 33 6 106 124 117 16 140 16 111 20 76 14 138 26 0 0 49 0 76 31 80 187 185 0 33 69 35 224 8 0 58 146 75 50 100 0 80 36 22 38 117 65 89 72 82 39 15 6 69 166 68 0 36 8 146 87 2 160 
102 56 18 40 36 2 45 66 30 45 3 26 99 36 45 48 12 57 94 81 72 102 54 56 129 3 186 63 140 138 22 76 105 2 81 87 48 109 0 0 109 56 57 82 0 40 20 72 40 6 116 0 106 64 65 24 45 109 63 50 30 12 37 27 0 0 0 53 55 72 9 49 142 0 104 0 20 12 34 69 136 83 30 40 50 128 72 83 44 44 72 5 51 9 151 52 34 166 115 42 21 42 84 16 56 0 57 10 44 63 0 118 57 121 5 61 135 36 92 0 11 24 0 0 0 66 22 10 81 44 0 75 0 128 51 134 26 88 74 89 125 101 27 77 27 45 21 27 103 16 37 19 122 9 49 5 28 83 38 84 8 91 28 78 35 88 0 0 173 137 52 75 60 24 56 44 86 156 20 58 12 19 42 0 0 35 0 86 27 7 89 121 89 95 48 36 38 136 34 56 44 48 27 0 35 0 109 70 0 74 42 0 81 59 32 56 112 28 54 135 140 87 4 18 27 61 0 16 0 90 18 56 6 101 86 84 28 256 139 48 54 18 117 112 21 52 0 44 16 40 30 0 51 120 62 49 
30 6 83 104 70 47 63 8 63 36 81 86 18 91 10 162 26 174 110 101 144 174 82 108 196 39 83 153 0 127 51 60 163 120 67 150 155 0 126 16 79 108 54 57 24 0 81 36 110 69 19 22 158 32 96 75 143 155 76 24 124 91 0 303 16 28 45 108 50 75 123 123 81 98 175 42 124 68 6 46 138 18 45 45 84 84 113 20 63 57 21 45 140 0 106 110 29 181 36 93 42 166 104 141 72 9 97 60 24 87 111 72 80 31 0 126 45 14 137 42 46 105 36 70 209 129 4 81 69 130 98 19 72 105 50 153 142 65 210 36 86 34 60 10 0 36 136 37 122 64 48 3 158 141 12 147 42 148 56 0 14 129 25 201 39 53 49 18 39 142 36 177 14 0 24 72 0 124 94 102 67 151 67 134 0 45 96 2 173 8 69 111 9 0 72 0 114 75 62 21 78 184 66 40 48 0 9 130 51 47 84 101 0 109 39 5 203 0 47 193 30 68 25 108 216 61 108 56 27 36 72 64 149 196 14 10 38 81 60 66 65 117 46 45 91 46 66 104 36 163 44 162 66 28 170 24 
56 122 105 70 125 83 38 0 52 98 63 5 6 84 14 83 33 93 133 54 74 62 134 76 84 0 118 12 80 51 0 40 8 45 87 113 73 55 97 32 50 137 48 25 75 24 100 118 123 116 81 0 18 129 18 104 57 83 147 6 168 21 56 14 46 85 72 114 16 63 24 34 45 20 166 4 110 105 52 40 80 112 2 14 7 122 83 64 29 60 22 30 60 1 63 108 0 110 0 51 82 0 36 28 110 34 58 8 27 86 30 93 104 60 18 12 71 68 50 45 18 82 96 11 96 12 28 10 60 58 36 105 104 24 72 72 32 84 62 0 13 117 36 12 0 175 42 0 49 72 138 1 117 93 33 190 57 123 14 50 113 88 72 45 46 17 0 155 115 2 47 81 24 0 6 56 0 125 58 8 126 125 42 18 0 105 63 38 84 0 20 68 23 78 112 28 34 49 111 16 8 120 0 16 73 12 37 12 44 90 0 54 43 24 75 0 0 18 38 49 5 18 0 8 32 114 56 8 105 68 0 18 142 87 0 95 40 187 67 96 19 92 72 62 130 76 18 70 22 12 110 67 53 100 93 112 
20 93 77 47 134 132 88 42 28 35 0 6 36 35 13 16 10 134 91 0 78 38 0 81 21 30 181 70 6 85 63 72 27 158 128 39 15 96 35 46 57 91 81 79 57 118 27 6 128 31 79 57 36 244 34 68 84 84 53 0 95 30 63 16 15 37 10 102 64 89 33 15 126 125 157 65 102 96 0 67 54 25 4 68 57 189 25 94 39 15 16 0 0 34 74 0 50 90 103 49 93 152 60 36 39 47 82 68 118 101 77 80 87 5 17 6 56 47 0 52 26 12 36 3 80 61 65 6 0 72 96 75 107 54 56 85 151 17 20 0 36 0 21 24 29 13 39 0 49 10 7 51 87 36 31 126 161 75 63 25 49 67 45 104 51 0 33 83 54 80 84 84 88 48 62 0 47 149 98 39 76 138 12 15 45 91 98 14 60 26 41 3 36 46 89 6 44 67 128 61 25 138 40 9 66 8 36 81 18 36 9 37 42 24 61 57 65 50 91 84 48 12 25 115 0 84 48 24 91 48 82 0 18 59 9 12 89 37 87 150 54 60 15 30 20 114 0 24 68 42 59 0 72 63 6 33 
26 144 4 24 37 22 90 1 36 56 9 58 0 40 17 27 43 0 18 32 25 0 69 40 98 65 78 58 20 4 93 2 4 0 73 0 93 104 4 98 74 91 72 77 78 24 121 22 16 30 88 116 36 0 62 25 138 153 24 72 93 82 2 48 0 6 64 112 33 109 60 12 140 2 8 68 38 97 40 0 18 61 0 112 57 12 2 86 63 0 9 18 45 81 120 68 155 52 20 73 15 65 64 2 46 43 62 9 106 85 68 23 77 98 97 0 16 120 4 50 7 0 25 59 133 69 38 97 8 3 38 0 140 14 56 28 114 63 40 8 165 81 115 48 51 74 16 22 41 40 9 0 206 72 0 135 19 50 76 65 6 15 35 56 0 8 52 0 27 24 222 61 63 19 21 64 213 60 5 70 18 56 29 107 0 41 38 164 97 2 35 32 92 41 85 0 42 122 30 36 0 134 131 0 105 24 38 0 23 9 16 0 70 8 52 7 32 56 84 89 12 62 27 76 110 0 132 70 33 2 78 66 14 112 64 80 0 44 32 80 5 2 3 72 109 48 73 49 71 20 37 8 103 50 67 110 
129 123 20 151 95 169 26 62 66 20 36 164 92 61 156 114 30 89 106 0 45 14 164 52 59 0 127 21 0 47 105 180 14 68 112 78 19 38 98 13 128 45 23 47 90 32 131 3 0 68 68 10 57 60 150 103 111 105 14 32 143 63 102 77 40 74 159 90 57 46 0 170 0 176 114 267 48 189 65 32 0 90 18 69 85 162 81 4 192 2 78 0 22 54 10 12 156 167 11 80 37 62 125 82 91 64 151 110 19 18 131 140 86 131 50 0 24 73 71 39 25 20 0 45 25 65 0 71 45 22 84 68 133 52 51 147 113 41 44 47 0 42 89 0 33 86 103 81 108 2 97 101 134 122 72 118 174 95 0 39 121 115 40 37 0 111 60 28 36 53 114 45 60 32 229 58 44 79 114 99 139 78 34 146 34 101 69 133 150 20 34 74 27 140 72 24 84 145 102 94 0 250 95 178 145 39 74 24 42 35 229 65 65 68 114 29 78 162 72 44 80 32 4 64 41 71 47 159 60 98 35 118 16 18 28 85 37 59 37 103 2 113 30 133 51 7 6 31 37 42 49 45 221 9 76 88 
0 7 0 0 0 10 97 0 0 106 46 0 40 143 0 132 36 71 10 0 57 78 198 35 35 105 132 14 48 88 54 63 35 64 18 71 116 0 0 73 135 128 0 0 24 0 126 124 0 24 84 12 0 74 126 0 18 100 66 80 63 139 42 0 0 63 116 8 93 146 16 28 80 8 0 74 66 38 113 0 70 54 0 56 0 0 66 54 87 89 22 42 42 48 8 40 52 97 5 63 40 38 0 49 68 48 72 32 104 0 64 116 95 108 89 118 0 64 88 16 0 63 57 48 0 0 6 18 50 57 111 0 58 123 104 108 70 59 20 96 148 0 0 0 136 131 36 63 24 0 0 51 125 58 0 106 30 73 0 18 126 74 46 26 24 0 12 146 119 70 64 62 0 0 54 235 21 123 0 48 0 130 34 44 103 8 34 0 17 14 69 84 0 6 56 56 0 8 15 12 18 152 101 32 6 24 45 6 98 12 45 56 87 67 42 0 36 20 8 12 0 48 65 90 0 0 44 64 99 0 84 214 56 27 44 56 40 42 24 73 0 89 75 48 0 116 40 41 15 12 58 0 155 45 28 68 
143 67 60 0 48 35 86 119 20 82 25 126 41 30 32 0 0 29 82 51 56 93 2 36 48 18 82 111 54 16 84 35 72 102 43 93 18 52 8 13 84 81 55 123 121 8 27 53 58 97 18 62 0 75 0 0 45 110 10 0 83 0 15 155 32 0 113 18 12 86 62 73 26 92 18 66 83 125 16 4 130 28 78 55 30 58 123 56 77 36 103 21 35 92 42 0 48 6 14 56 117 127 100 35 58 29 2 28 79 36 183 0 21 39 75 110 119 27 20 124 19 31 70 0 223 52 45 2 15 0 18 46 60 81 48 8 18 40 146 45 115 85 23 40 6 42 44 0 5 54 160 59 36 38 0 163 57 82 30 5 23 48 32 0 191 59 19 0 35 51 53 6 6 70 0 0 95 62 28 6 30 50 106 54 78 128 0 36 24 24 95 82 61 0 42 50 36 61 15 6 66 18 39 33 47 0 5 28 21 29 54 93 18 9 20 9 24 108 44 101 91 25 54 146 72 93 79 76 108 46 17 83 161 33 36 62 30 85 57 52 59 51 51 2 44 51 60 9 38 100 0 38 31 69 172 66 
81 0 6 0 90 20 89 20 9 106 99 76 4 10 7 140 66 127 40 84 68 81 2 16 24 25 78 50 87 62 194 182 87 65 15 29 79 9 35 20 47 146 58 6 104 106 9 147 87 85 35 26 45 116 97 64 25 144 121 63 66 0 29 16 36 61 7 0 199 113 14 97 45 147 39 76 0 17 18 0 0 75 32 47 67 25 116 9 30 50 213 154 18 68 32 9 31 0 63 54 18 51 34 80 82 62 83 114 86 54 89 9 137 36 0 46 59 27 81 14 62 104 84 45 57 114 56 10 95 105 80 132 60 46 40 65 139 0 92 99 40 47 51 24 63 72 32 144 99 86 125 94 69 39 10 242 59 119 118 0 179 133 0 48 73 39 28 52 15 20 67 103 16 25 188 118 64 80 120 27 3 114 102 28 0 90 94 24 42 69 2 209 96 81 61 43 24 103 128 91 65 0 30 31 9 67 21 74 78 10 131 4 10 67 76 0 37 148 21 21 0 15 7 78 40 89 72 121 50 26 195 152 173 36 135 65 9 23 127 53 81 99 66 6 13 71 52 22 0 26 67 15 53 9 69 175 
82 7 88 27 11 16 55 22 87 16 14 241 44 39 9 27 99 70 5 121 45 84 93 59 40 109 125 83 60 63 48 25 126 51 30 114 98 32 35 43 182 136 51 54 42 23 84 123 0 32 79 20 38 82 131 48 12 9 75 71 51 67 2 46 77 73 70 74 117 27 3 112 69 32 133 90 5 75 24 4 123 30 81 42 39 127 117 63 56 106 35 12 150 126 59 9 94 85 121 36 80 43 148 0 27 42 15 51 84 88 98 117 96 89 169 34 242 31 33 10 26 43 81 71 97 36 84 21 134 38 97 72 45 114 72 71 46 64 91 52 18 51 3 73 209 177 11 72 91 58 113 0 167 4 2 17 30 161 71 87 35 62 90 60 44 94 40 5 70 6 18 125 42 35 46 5 146 137 31 144 39 85 43 98 94 224 6 58 7 26 88 67 103 67 34 74 64 48 0 23 18 76 18 0 7 39 27 51 21 68 34 88 35 59 18 60 103 143 96 98 57 34 18 101 12 131 39 104 89 72 76 76 180 96 10 51 2 178 137 73 121 47 160 12 87 116 10 66 2 58 12 24 169 12 101 69 
15 52 42 83 18 54 93 6 77 54 33 44 93 85 5 35 21 91 38 37 83 120 31 80 58 15 97 20 12 62 27 50 53 35 216 42 178 103 137 29 35 140 84 121 27 0 72 33 24 128 0 63 77 94 26 76 68 110 56 12 46 6 142 10 70 51 50 134 30 2 82 75 66 112 116 83 95 40 103 24 82 2 26 68 16 93 63 81 80 18 76 12 24 174 50 77 6 30 100 50 117 101 24 18 15 5 41 108 74 95 69 0 126 21 50 20 56 66 78 41 12 78 73 5 37 77 112 72 4 63 31 9 135 102 0 48 71 48 9 17 134 63 82 28 27 118 5 0 92 27 62 0 14 3 12 55 12 52 124 41 46 108 33 43 103 107 43 1 20 6 13 111 95 26 42 51 40 20 15 39 46 109 71 99 14 134 27 20 52 56 16 20 9 0 0 73 28 72 42 29 24 102 28 41 156 21 0 34 102 140 82 49 20 0 1 0 41 13 54 0 0 99 60 48 69 78 110 18 56 24 127 45 2 53 40 77 0 105 54 0 15 93 53 21 46 94 26 13 36 88 71 0 131 115 119 48 
80 52 0 107 49 79 61 4 44 27 33 12 187 84 150 24 108 43 18 37 99 72 100 76 16 35 205 21 63 64 87 14 16 81 55 28 27 24 24 156 0 41 63 24 56 11 165 11 60 149 142 26 29 41 151 73 21 53 64 44 28 39 24 0 13 28 165 62 74 52 10 70 43 128 52 177 3 47 109 40 221 0 8 38 10 34 64 40 74 59 120 64 14 84 42 8 110 16 13 96 99 72 3 32 3 82 19 46 36 46 80 25 32 24 6 28 96 49 65 15 62 18 28 25 9 15 35 40 40 32 150 25 92 17 0 1 64 22 9 38 18 98 107 12 0 127 14 167 82 88 143 72 56 139 64 104 5 154 146 40 99 29 72 0 35 54 28 72 0 29 12 67 0 0 70 70 88 83 0 16 48 110 74 22 21 74 51 134 31 97 60 66 108 45 89 54 41 240 100 23 45 65 8 104 73 91 81 28 136 136 0 9 8 2 32 131 24 44 0 95 5 99 94 76 40 85 76 0 75 34 9 107 48 51 69 9 41 27 82 40 83 152 17 9 11 56 36 71 27 8 12 68 89 74 24 37 
76 81 0 15 47 82 91 62 45 27 21 41 89 56 69 24 18 185 64 0 93 9 166 0 190 115 140 42 108 81 18 24 15 0 54 21 73 15 39 84 102 50 6 12 24 64 48 23 35 44 93 22 88 79 72 138 123 36 58 24 84 57 6 89 0 40 69 0 96 27 0 56 40 10 97 105 21 62 39 53 22 54 15 70 40 113 79 30 81 42 39 30 0 36 24 56 111 35 103 0 75 151 144 135 44 15 39 33 114 81 42 71 136 96 18 36 37 76 82 0 46 93 52 45 31 48 24 140 0 0 8 85 74 42 0 100 67 47 12 0 148 18 50 60 5 96 9 35 84 58 81 71 69 76 14 181 0 25 61 0 33 153 75 81 42 12 33 0 42 63 62 49 48 6 111 12 106 110 0 24 93 6 40 62 27 73 68 57 45 0 0 9 54 35 15 0 42 94 0 36 51 107 15 63 49 6 38 38 30 3 87 0 0 25 58 0 35 32 20 63 0 19 0 88 92 45 100 96 15 154 44 36 194 83 30 66 0 151 18 18 0 14 85 42 99 86 40 55 0 54 50 28 41 99 12 189 
0 24 16 65 167 20 43 51 10 44 5 0 64 42 32 34 72 184 4 60 35 17 84 0 0 10 0 98 15 82 51 18 13 56 81 0 1 43 60 18 44 18 6 86 40 75 60 133 0 110 22 40 84 49 45 57 10 36 86 0 28 83 45 35 25 4 146 11 21 8 10 58 0 53 18 10 34 22 10 33 48 10 0 36 30 12 39 26 0 15 0 15 2 2 40 94 7 101 66 109 0 54 14 0 58 4 67 28 24 36 80 33 54 46 28 26 32 24 66 31 32 80 110 40 56 10 0 8 10 62 32 16 83 6 7 24 22 139 20 61 36 20 51 20 14 105 68 33 10 8 25 16 15 18 18 3 76 22 18 0 0 66 73 34 75 56 56 54 112 19 0 16 26 41 21 42 72 81 112 18 35 102 59 144 67 61 93 16 48 21 56 15 18 25 3 6 28 14 10 3 47 36 27 20 79 6 28 29 1 45 20 15 62 45 63 27 41 12 24 52 38 107 30 73 0 40 5 21 137 27 84 94 109 28 18 48 66 24 112 22 32 62 3 86 0 6 12 79 77 9 0 39 19 38 14 52 
119 192 71 59 93 103 38 111 107 59 8 76 59 139 32 83 63 69 138 28 34 32 93 25 67 94 39 81 42 74 104 68 71 3 127 34 66 12 53 0 151 122 60 70 104 20 117 74 85 234 101 58 52 24 40 161 9 37 79 80 12 0 24 100 68 0 108 0 71 49 0 35 153 157 16 108 93 86 29 0 98 30 135 48 0 51 72 61 83 41 27 57 114 49 81 27 97 52 67 164 80 78 60 230 121 88 56 48 66 72 51 0 94 25 89 64 115 63 102 102 135 94 0 112 130 24 73 15 0 0 60 42 141 188 101 117 26 0 19 2 95 79 58 0 58 0 3 150 128 16 36 64 145 65 97 77 227 69 24 111 82 82 62 35 116 115 98 0 45 148 137 63 60 34 123 72 83 6 130 37 290 53 63 37 33 115 108 39 77 25 32 10 38 41 23 4 3 9 108 85 28 139 86 82 168 29 90 96 20 66 143 15 61 64 138 13 58 84 42 75 32 16 8 123 76 12 90 63 22 51 142 199 133 8 84 69 3 8 56 168 45 72 84 116 0 67 9 0 70 45 8 0 103 78 68 201 
3 95 55 12 6 94 16 108 64 45 64 0 94 89 52 34 31 29 8 0 65 149 51 35 0 119 70 91 162 54 62 0 56 70 13 104 93 36 56 65 83 142 54 108 26 104 70 51 0 8 20 0 17 60 60 8 84 91 18 23 49 30 27 14 28 42 29 37 14 76 0 71 0 7 42 0 48 8 88 57 0 8 45 30 42 78 0 29 139 64 90 0 49 10 18 57 71 102 46 30 11 5 0 43 64 42 43 150 52 12 15 54 102 0 106 88 30 27 22 50 33 59 72 12 50 146 55 3 56 36 46 156 56 169 79 180 59 92 38 72 230 0 102 0 100 40 221 87 97 16 48 44 115 68 0 105 50 81 0 32 1 34 16 180 14 39 63 25 142 137 63 6 33 0 18 80 33 103 0 102 42 138 95 91 158 4 2 105 4 35 6 92 69 15 12 15 47 110 58 42 16 96 27 9 151 8 0 0 24 30 224 23 0 69 60 0 111 0 43 33 114 0 13 27 0 7 45 22 21 71 72 127 111 24 26 4 17 79 102 0 63 116 143 69 20 49 36 45 35 33 83 14 119 99 159 40 
50 0 66 60 52 39 62 3 66 87 80 116 29 46 246 78 166 0 24 82 60 46 126 9 178 104 10 216 0 233 63 4 107 48 47 102 156 105 55 116 341 260 54 52 12 8 234 72 19 83 169 59 63 52 87 56 15 129 0 235 138 158 67 150 18 114 134 127 66 98 120 0 159 45 140 137 107 19 94 46 146 38 33 30 18 94 182 24 126 54 36 105 119 33 0 0 56 67 7 170 21 119 75 112 149 73 7 74 92 59 129 45 137 4 134 163 81 7 138 69 152 103 112 12 126 52 50 46 0 67 202 63 62 144 48 18 18 108 75 166 189 107 72 122 0 4 110 207 114 14 83 103 141 77 38 252 71 153 44 8 57 71 100 105 92 81 55 126 156 106 49 168 54 81 96 98 74 190 68 162 109 46 36 24 108 80 0 87 63 72 169 56 0 89 69 114 19 312 125 11 200 121 58 64 79 73 191 12 29 62 99 78 124 32 58 129 17 42 0 102 68 9 176 24 107 8 35 77 0 66 90 72 113 51 183 0 4 252 84 106 7 86 74 57 48 37 22 39 79 85 54 73 142 97 48 110 
4 52 25 110 31 35 60 78 90 32 28 0 62 147 75 0 14 31 28 4 42 45 53 54 120 0 96 83 101 168 69 120 8 0 32 60 118 45 0 53 136 120 51 36 96 16 102 54 0 138 56 5 91 65 109 98 24 68 31 147 71 7 30 6 156 12 23 9 10 51 120 58 176 18 64 78 95 6 64 53 24 91 2 72 54 7 91 0 16 14 118 6 34 20 72 0 91 25 35 32 22 0 73 81 0 30 22 131 128 23 0 0 38 58 82 2 71 60 169 76 25 107 16 45 59 113 0 72 28 32 208 19 66 49 7 213 109 58 0 31 31 91 132 21 14 51 56 81 19 5 48 5 79 49 26 49 69 47 7 16 8 96 52 0 90 68 17 20 9 97 64 0 56 37 66 88 8 41 16 56 123 72 20 45 70 16 0 95 22 6 106 2 24 46 154 19 0 85 56 38 104 81 79 22 30 25 4 39 82 56 20 28 63 67 47 24 77 143 0 11 58 54 25 2 4 111 116 9 60 62 151 134 32 42 14 114 74 74 85 92 0 82 49 47 22 138 21 32 40 16 0 20 187 80 124 83 
85 104 108 61 90 21 72 58 43 66 20 96 190 3 24 104 57 0 83 34 115 118 42 15 126 24 24 48 72 155 27 36 74 42 131 121 61 67 0 12 113 66 16 62 80 78 18 115 64 27 4 0 48 105 0 70 60 0 122 144 43 26 135 78 0 40 15 82 40 32 72 95 36 114 0 117 78 105 0 0 8 99 58 138 48 53 136 91 21 25 5 54 101 0 206 88 6 35 42 12 27 151 8 94 79 93 9 50 47 27 77 40 117 21 18 28 23 84 79 24 3 74 42 0 24 51 0 104 44 107 153 6 13 135 0 59 63 87 134 0 49 5 121 12 24 0 53 30 10 20 158 54 85 4 30 102 15 61 91 40 16 136 23 154 69 48 18 6 10 110 34 162 130 60 36 40 57 88 24 199 108 201 25 45 12 30 0 9 40 14 41 103 4 95 48 0 43 51 153 17 104 168 78 49 115 12 124 101 64 64 72 138 49 70 90 0 64 122 76 134 25 73 85 53 20 70 0 37 85 40 120 36 20 137 42 104 56 126 20 69 78 82 54 0 24 129 56 81 50 123 16 76 120 97 32 150 
68 99 6 43 33 173 15 28 23 24 64 0 63 83 84 54 10 37 63 35 6 55 0 84 77 42 222 93 92 74 144 21 18 170 0 21 93 94 12 68 0 46 54 55 37 42 30 38 0 38 37 0 0 81 81 10 108 118 45 6 75 96 104 12 0 5 36 27 57 36 54 21 88 30 12 90 49 85 28 8 0 78 30 75 59 21 75 49 77 131 52 41 6 74 40 0 170 87 72 36 30 52 42 30 28 12 61 111 230 11 83 152 80 60 56 141 8 143 54 48 49 61 103 21 134 54 43 0 93 54 134 24 70 43 158 93 78 63 36 37 0 5 48 123 12 6 42 69 3 79 73 67 54 44 6 0 35 35 36 57 66 39 9 0 67 12 83 63 75 99 10 37 9 96 0 56 51 78 12 121 15 105 39 20 59 0 0 0 83 0 90 42 31 35 93 46 73 95 0 54 104 131 90 2 94 36 31 77 27 39 62 65 0 35 60 9 116 17 51 2 0 56 19 94 0 100 90 180 134 29 79 169 12 126 101 12 24 16 115 20 22 7 18 38 41 134 40 45 21 94 158 37 82 20 54 60 
7 30 37 0 63 122 0 62 55 25 0 58 0 117 12 17 6 0 37 0 57 9 33 59 74 47 40 165 81 29 18 50 15 42 62 8 6 179 65 90 162 30 0 9 46 30 134 39 0 52 22 24 7 37 5 0 2 57 0 7 80 0 90 14 9 54 72 30 0 0 9 10 12 25 6 27 13 0 69 81 45 20 35 56 71 36 57 135 67 24 56 0 18 17 14 55 49 95 24 96 60 97 125 121 0 30 53 62 0 10 115 18 184 48 54 84 0 92 87 62 79 84 0 113 42 133 41 0 0 0 7 14 10 29 0 21 21 28 72 18 75 49 86 24 4 128 116 66 139 9 0 42 21 106 32 111 79 84 10 6 25 109 24 6 54 140 64 54 30 98 92 51 39 18 62 10 36 0 27 21 90 87 18 51 168 67 9 147 30 111 0 0 47 111 36 0 0 97 45 9 49 12 9 40 111 8 70 3 24 13 71 0 0 0 45 6 76 41 0 81 69 46 27 122 55 0 28 41 24 80 0 126 85 75 0 45 0 94 54 0 3 87 93 61 18 27 96 50 24 14 84 36 81 110 0 2 
113 58 8 84 35 120 62 28 14 76 13 4 18 87 160 40 16 78 88 55 35 102 49 103 45 0 96 116 63 34 9 83 53 160 39 8 48 154 98 87 82 132 64 28 36 69 75 78 41 80 15 14 60 113 119 0 106 108 84 0 92 15 153 58 43 0 129 67 36 66 76 120 86 108 54 59 34 87 57 20 151 0 46 64 53 60 40 61 52 22 20 0 40 124 53 36 72 47 145 15 60 4 106 121 98 90 30 56 0 43 140 107 94 83 67 62 41 100 35 23 104 69 81 77 65 91 59 49 139 52 110 53 4 14 171 31 101 115 41 0 62 117 44 19 15 78 8 82 40 73 45 182 31 41 18 219 176 20 102 66 35 39 26 34 128 118 101 0 72 49 58 100 110 63 14 0 104 86 31 24 16 64 0 96 71 79 9 168 79 20 30 80 4 24 6 83 40 99 87 66 66 7 14 160 157 0 94 47 118 55 103 83 80 0 5 0 35 20 90 0 5 64 33 14 73 39 74 94 150 83 57 45 22 12 158 54 42 105 8 31 15 0 122 24 68 104 24 81 115 0 98 50 63 58 102 84 
62 51 86 0 54 45 60 0 51 66 119 189 31 49 156 16 9 74 73 59 0 108 90 27 242 103 96 135 63 68 6 18 26 129 177 80 7 67 16 63 90 107 56 139 61 42 72 175 64 87 47 109 195 81 115 38 16 75 19 84 63 35 33 107 54 83 60 6 0 0 0 12 61 63 99 0 131 77 64 51 59 83 34 58 117 57 24 0 74 57 60 14 27 30 209 141 0 103 0 143 55 54 112 61 135 0 38 32 173 121 30 0 102 154 186 30 73 30 60 59 154 14 198 119 225 45 35 42 42 14 53 29 16 90 88 14 12 146 59 114 152 182 15 9 54 54 42 27 74 0 54 45 71 24 63 75 96 18 95 0 60 159 61 75 127 136 72 123 168 91 70 34 140 33 156 103 14 102 27 64 27 113 199 46 50 64 0 120 51 16 56 6 20 66 43 145 36 197 42 69 50 40 24 42 81 78 57 0 10 22 103 123 105 0 40 81 0 34 61 102 100 30 31 81 12 21 86 0 54 55 28 100 92 21 74 138 51 151 101 40 62 86 31 0 0 6 49 67 42 24 106 0 37 24 156 125 
38 23 4 127 72 44 0 56 40 43 40 123 1 80 192 21 111 105 121 60 120 81 40 24 189 56 76 7 12 2 42 40 93 12 203 63 144 57 8 28 92 41 112 53 55 0 12 6 59 141 22 79 38 22 11 0 78 8 64 9 39 3 99 110 19 72 0 21 44 176 26 16 20 57 0 62 21 81 44 24 72 54 24 106 57 83 0 72 0 51 75 105 170 72 87 4 77 244 15 111 45 0 18 42 56 55 34 26 9 28 64 66 103 8 33 48 18 53 84 42 128 137 35 54 18 95 25 68 6 8 112 6 29 90 0 81 46 75 8 2 72 69 79 6 81 144 55 66 140 71 90 48 108 66 104 9 98 99 163 0 40 128 0 110 123 0 36 33 29 195 28 60 56 42 129 0 132 109 41 89 40 120 144 75 0 54 78 14 81 121 40 108 64 6 127 40 28 1 80 86 42 12 175 0 69 56 30 6 66 67 150 89 3 19 37 16 81 12 3 27 35 9 114 78 70 82 93 107 5 8 135 228 151 73 96 0 3 24 156 83 28 32 91 3 24 16 0 56 21 21 140 101 128 32 48 8 
177 118 121 96 29 19 81 150 28 77 82 32 14 114 68 18 6 20 58 108 72 9 96 106 93 0 127 38 120 76 90 132 0 12 30 25 2 189 77 69 78 92 75 134 34 51 158 203 75 204 121 38 51 56 68 34 15 29 51 68 119 37 54 54 0 0 247 158 49 22 39 99 90 96 97 56 36 196 25 102 198 9 132 146 67 89 75 38 35 14 158 151 87 63 61 123 177 160 0 45 43 167 211 173 56 177 54 114 64 169 19 0 83 97 16 131 122 113 136 153 150 118 0 64 57 110 0 71 28 89 12 48 304 145 123 45 32 65 69 56 220 81 120 48 52 146 64 215 208 9 93 43 51 137 0 172 0 97 50 61 57 72 174 92 171 45 45 27 230 40 84 116 169 9 119 102 176 54 40 44 161 57 57 86 71 54 24 124 73 20 45 12 83 18 32 125 72 96 15 3 69 182 45 137 98 74 144 79 98 69 40 0 54 73 24 0 4 41 54 18 0 100 63 153 54 276 150 203 119 35 61 80 109 135 172 78 36 247 32 24 30 117 108 154 0 135 0 106 75 50 142 0 88 78 0 99 
91 8 45 45 0 28 36 18 33 15 0 0 26 20 147 102 2 112 93 0 42 38 12 19 82 1 0 62 10 80 81 110 25 107 54 0 19 39 14 0 0 99 18 33 53 25 9 159 22 130 0 0 14 64 62 0 29 89 136 122 66 21 113 0 7 18 75 66 0 36 72 129 54 95 18 92 18 0 0 12 20 4 33 6 16 21 50 80 0 0 85 15 45 28 18 2 18 87 0 18 20 67 12 50 4 27 0 6 23 15 87 73 84 15 55 10 28 40 57 23 43 55 124 27 50 81 0 46 51 73 142 0 8 63 132 12 6 63 0 0 76 0 60 40 51 64 0 36 65 49 80 0 38 12 3 51 135 91 40 45 93 42 80 42 82 117 0 0 28 3 26 0 0 0 71 14 0 43 123 8 1 5 29 124 24 45 5 65 69 1 2 22 7 114 15 55 25 72 24 111 72 98 18 103 38 66 48 27 36 0 49 0 109 70 12 0 66 149 47 36 4 102 11 4 0 73 70 105 195 60 124 39 39 15 20 8 0 86 5 0 0 35 11 36 4 106 4 74 72 0 0 40 72 25 6 95 
0 78 48 36 0 72 55 0 52 96 109 115 92 2 36 0 8 38 34 88 48 3 14 36 165 101 158 191 89 137 18 58 185 84 95 0 0 141 68 54 6 45 43 93 63 45 2 219 94 50 63 63 127 42 35 45 12 92 148 8 21 87 63 0 40 78 21 81 21 8 72 148 54 0 123 112 14 50 0 15 184 85 120 48 81 112 52 66 0 114 47 7 60 91 45 9 54 15 72 135 59 6 92 24 0 12 0 6 68 137 29 129 220 54 8 111 138 109 132 0 149 102 105 170 105 75 82 70 131 0 117 108 94 76 112 16 11 85 97 6 32 106 102 48 24 36 0 92 183 30 0 21 0 91 69 0 110 61 100 54 69 150 72 24 27 51 163 58 229 169 0 64 131 110 79 114 126 166 155 103 176 53 0 30 38 107 59 35 45 29 86 48 52 78 36 34 42 106 24 66 79 54 0 0 0 8 96 47 0 24 102 60 59 0 10 9 32 53 101 14 151 42 3 97 110 35 324 120 57 76 56 0 92 69 48 84 0 145 216 84 124 74 99 72 56 93 18 102 33 109 108 12 93 63 57 102 
30 0 12 0 59 15 24 63 0 1 27 30 22 48 32 18 6 104 0 40 118 91 22 81 30 8 91 64 9 53 54 21 8 61 6 165 2 91 56 73 9 24 10 45 12 150 43 12 75 48 30 120 139 15 63 0 36 27 124 78 160 0 9 0 30 28 49 143 40 12 29 0 116 144 186 107 201 94 3 84 112 15 36 58 123 80 135 80 24 0 105 0 82 134 36 44 149 93 0 19 57 107 113 4 10 82 73 3 150 74 113 136 57 35 14 106 6 80 0 89 0 60 0 60 167 73 110 107 42 42 128 0 89 0 32 73 64 38 2 16 169 18 15 72 143 0 84 52 116 0 0 0 159 28 0 152 31 93 86 91 81 0 0 19 154 69 47 26 37 10 42 34 5 72 37 91 40 112 78 9 45 8 32 6 14 82 49 82 57 118 128 8 96 64 101 51 34 122 77 25 21 151 101 212 40 20 55 12 80 101 25 0 35 9 104 123 16 107 72 47 8 0 50 133 0 118 207 72 32 48 84 56 30 9 103 25 128 12 73 62 52 48 8 8 0 28 18 5 16 26 78 0 59 40 0 52 
42 82 36 51 66 24 0 0 41 60 61 4 0 28 74 0 127 0 102 24 131 28 56 40 21 106 52 19 0 8 0 20 0 39 58 140 51 5 54 55 66 53 4 0 62 96 62 3 15 64 8 60 60 32 33 21 45 27 35 0 0 0 98 76 40 67 8 2 68 49 74 71 0 134 142 152 46 0 0 85 4 0 40 46 81 18 52 30 37 69 3 51 68 4 46 38 87 88 79 30 20 40 72 25 35 58 36 78 0 48 85 30 25 8 45 36 0 0 36 28 42 91 32 12 52 24 33 27 21 38 69 58 48 56 52 106 104 24 31 0 39 0 40 6 118 12 72 89 55 0 99 0 64 0 10 9 30 40 0 0 39 98 79 46 56 20 101 45 30 66 0 34 77 59 35 33 96 52 30 63 96 60 36 0 0 40 69 35 55 28 20 49 36 12 24 0 0 18 30 15 8 61 36 32 35 5 61 24 0 117 122 95 40 120 88 54 36 0 34 61 73 9 10 71 0 1 28 75 6 32 71 112 175 21 20 0 12 35 93 54 24 90 81 0 28 56 56 19 49 0 32 64 56 0 64 4 
99 85 59 34 9 19 36 0 36 106 123 14 85 52 141 26 13 141 52 34 41 111 91 81 78 174 204 72 57 156 24 119 105 128 18 61 70 165 127 17 74 93 123 96 191 96 85 180 97 162 70 4 67 82 142 75 155 111 81 114 75 42 24 75 79 181 82 109 84 141 67 177 228 131 140 191 100 108 88 116 134 72 60 91 42 90 20 13 0 54 80 58 73 68 8 97 16 167 79 97 44 124 127 73 18 43 27 115 83 38 124 144 86 81 51 43 91 100 14 121 142 28 16 61 35 121 40 32 35 31 106 52 47 81 72 161 124 32 111 90 121 62 118 76 47 102 4 42 89 24 41 120 45 63 10 85 61 117 59 25 128 104 0 88 127 24 73 0 144 195 151 197 12 175 114 95 88 201 36 122 77 130 150 70 62 89 8 0 9 56 60 147 40 85 210 87 130 86 63 60 88 81 113 85 76 58 58 72 72 75 97 75 54 125 117 27 110 104 9 86 30 100 39 166 3 30 141 98 87 48 109 242 26 45 24 92 40 23 142 106 114 67 57 121 126 81 47 57 24 26 33 64 164 45 72 108 
30 139 35 119 97 33 52 60 85 64 16 16 152 18 42 51 130 3 0 0 17 18 119 75 162 30 178 78 32 57 69 4 64 12 71 117 123 82 8 37 135 94 45 78 32 26 173 90 25 61 120 45 43 144 97 76 66 132 46 32 109 90 18 83 0 77 60 60 74 107 27 60 41 8 8 144 37 142 0 20 40 32 20 62 10 20 95 0 50 0 0 0 31 123 53 50 4 97 103 122 97 87 58 71 0 9 122 98 16 2 147 56 107 115 143 71 112 109 121 0 12 7 15 25 156 112 0 74 0 48 52 85 156 61 77 20 145 55 52 0 40 9 91 71 12 59 108 2 0 39 81 107 89 24 7 127 117 113 81 80 61 119 84 113 89 132 139 75 141 117 143 8 24 103 42 5 106 54 77 38 110 36 40 69 0 11 81 36 80 126 152 17 63 78 109 42 38 119 28 3 0 112 27 53 97 35 64 66 24 72 12 0 65 2 104 34 104 68 121 101 155 0 41 34 92 102 37 163 139 131 189 78 136 211 12 0 30 114 81 101 0 20 63 132 133 128 63 18 161 67 17 16 102 30 0 10 
120 16 56 77 98 141 51 110 89 85 11 57 141 185 43 220 3 33 199 83 111 74 134 70 149 136 163 183 6 54 40 228 81 161 48 89 61 117 79 33 84 137 137 152 54 56 47 150 60 147 134 0 82 269 129 9 144 89 40 26 118 78 32 173 0 89 127 30 177 141 24 107 101 23 107 89 136 28 15 168 117 48 187 49 54 13 76 62 93 219 9 56 68 18 56 36 87 199 141 110 126 40 232 81 160 133 198 32 36 18 149 71 128 42 82 134 81 133 150 82 54 158 149 24 72 93 54 4 94 91 49 52 101 155 203 161 26 221 49 71 108 54 54 3 71 129 135 18 150 56 178 124 161 167 134 132 2 106 17 27 135 87 183 93 44 36 73 145 306 93 22 205 49 48 141 90 51 221 4 59 112 156 47 189 39 8 62 71 123 92 38 32 12 132 182 114 90 108 4 16 66 243 248 28 152 57 78 96 9 4 202 84 57 9 329 0 131 32 90 74 18 72 62 286 81 132 33 56 200 68 36 106 32 162 96 138 49 24 119 142 62 144 81 48 63 168 76 117 42 181 118 40 158 20 89 158 
71 60 10 119 14 60 111 58 108 77 0 70 41 72 16 0 2 16 151 0 35 54 80 36 82 16 84 105 32 74 27 61 12 63 128 27 87 56 28 63 141 133 142 48 113 60 54 99 104 0 99 4 93 56 122 56 37 135 35 58 64 0 20 115 139 26 15 111 30 27 84 126 136 63 151 94 119 27 12 65 191 73 46 121 35 51 67 12 82 9 24 11 134 78 32 24 104 0 69 52 49 5 103 43 46 39 88 76 82 6 88 15 11 56 86 36 148 54 64 10 0 36 0 35 116 22 119 54 64 7 82 101 9 14 0 131 69 35 79 36 0 140 56 0 40 60 92 72 72 8 89 21 182 36 0 119 165 77 21 24 100 98 75 32 113 89 41 69 147 162 57 96 56 31 0 0 39 116 36 15 24 24 52 1 5 64 59 134 77 46 89 86 0 0 120 14 10 48 42 46 0 59 0 7 74 13 8 28 4 108 38 34 56 80 94 83 110 159 36 56 77 98 20 32 136 14 41 22 40 78 64 107 0 47 54 27 4 114 70 182 68 123 56 28 10 46 18 6 0 74 135 36 97 24 136 184 
44 56 63 126 36 113 9 16 58 63 30 50 63 126 70 8 132 39 45 45 28 54 156 49 58 30 126 58 36 123 3 39 53 33 55 48 27 48 9 42 146 81 36 73 48 25 23 126 3 68 56 8 2 86 101 72 84 40 76 0 16 0 136 8 0 30 109 107 30 66 7 50 21 2 49 63 0 36 25 16 143 6 0 49 0 6 179 4 22 61 54 36 33 6 84 112 84 100 40 32 47 91 106 0 81 24 3 39 22 59 57 75 168 34 4 56 0 24 93 19 59 30 89 51 19 61 1 48 0 6 42 24 25 25 8 25 36 120 14 66 33 60 82 27 0 194 0 30 0 3 165 60 87 7 9 109 32 53 63 59 30 78 43 23 32 91 21 63 72 99 0 75 62 0 0 63 105 110 9 83 59 149 9 72 6 33 18 55 54 16 0 46 53 68 66 6 8 39 78 40 28 25 72 3 49 35 54 0 42 121 0 66 16 0 45 26 47 108 30 44 79 15 66 68 0 14 59 12 3 46 48 32 23 49 0 74 87 47 0 0 11 121 96 38 44 6 6 87 74 30 104 112 51 0 31 36 
7 90 0 59 115 26 79 46 82 28 36 31 211 62 0 32 10 95 49 44 93 8 18 0 93 29 24 69 18 11 9 178 101 136 125 27 122 22 124 76 96 195 134 69 108 78 18 227 43 143 24 0 85 58 232 30 9 79 123 82 43 42 103 31 101 9 9 83 77 85 203 125 99 119 30 95 110 21 65 93 26 90 53 157 67 2 39 17 37 25 6 27 145 93 37 29 99 72 94 54 15 56 95 74 61 40 77 120 75 67 127 69 57 24 25 7 128 152 28 72 100 46 96 109 96 15 42 17 62 180 40 94 94 111 0 75 65 121 31 44 104 158 86 63 13 206 43 70 110 111 56 12 45 123 135 154 57 65 39 69 112 129 131 100 84 66 83 0 157 28 50 52 161 41 108 0 17 32 44 37 63 76 62 94 130 38 108 36 11 115 111 126 61 24 69 215 32 30 3 15 55 108 85 39 129 66 80 92 0 48 176 49 61 68 121 0 54 32 102 102 121 133 8 36 77 63 15 203 282 71 158 185 146 180 56 30 35 126 0 81 77 78 0 77 19 91 18 66 67 61 24 0 184 99 91 204 
67 24 0 128 8 15 75 72 67 104 14 0 72 46 162 18 0 60 89 0 170 67 154 0 66 87 128 29 42 174 6 12 25 81 76 0 134 0 61 71 68 107 90 62 30 37 181 9 16 69 140 5 21 116 34 185 100 28 63 120 0 87 104 96 24 78 105 35 93 92 63 94 65 40 49 113 3 24 0 4 9 80 36 89 42 211 0 126 116 16 21 78 93 51 12 42 0 119 159 30 24 60 74 151 0 51 36 132 105 99 12 30 63 55 29 33 42 48 37 24 87 111 103 43 20 45 27 141 24 72 124 8 103 42 35 117 58 8 8 109 51 45 103 38 55 9 18 45 169 12 75 136 51 7 20 132 160 163 67 67 56 79 51 47 34 0 47 3 2 86 7 207 38 12 76 15 59 55 9 0 44 55 18 97 0 9 6 102 65 112 94 21 3 18 26 70 55 93 107 71 201 157 37 64 80 77 103 56 33 2 164 0 72 65 7 28 178 89 66 80 72 62 114 58 0 64 100 60 30 167 191 38 83 124 107 116 0 83 15 73 0 183 89 43 71 37 0 38 126 78 8 48 87 69 92 51 
0 111 43 0 77 117 24 41 20 10 63 32 59 36 16 147 75 15 0 21 52 25 110 112 101 48 80 113 5 66 15 84 62 67 79 37 17 59 42 41 19 20 57 82 87 0 127 41 42 18 26 53 14 43 71 54 45 42 54 3 72 21 18 21 18 0 108 35 0 16 38 10 82 88 17 114 88 51 35 0 49 12 77 76 88 1 53 62 30 76 6 21 12 49 55 56 117 14 83 35 4 65 83 6 6 91 71 14 128 15 21 54 36 156 30 106 18 20 52 4 99 74 45 5 101 65 110 27 49 0 39 27 123 41 70 108 42 37 87 80 10 81 30 81 23 62 27 0 96 27 21 152 12 31 0 9 36 33 36 28 26 18 9 8 64 45 83 0 98 26 59 128 54 68 141 15 128 89 35 75 45 36 27 101 9 69 81 14 68 28 107 0 19 61 72 113 66 89 0 79 83 89 81 0 55 73 8 27 229 114 0 0 0 48 159 63 33 48 109 14 32 72 65 36 47 95 53 153 100 44 58 74 78 154 117 135 45 48 98 8 37 40 28 40 24 201 28 45 49 150 69 22 71 11 8 31 
129 51 4 111 24 119 120 101 32 103 7 122 40 121 138 69 18 45 117 0 100 53 63 90 77 89 47 111 157 74 36 102 81 0 38 9 2 21 5 39 59 91 9 73 47 61 92 66 54 54 144 0 20 47 0 91 29 42 86 51 10 24 27 30 49 77 72 27 36 0 18 16 75 51 0 72 117 0 0 0 42 74 85 93 0 67 27 80 137 75 35 13 63 113 53 0 26 42 3 48 75 35 48 72 20 6 136 36 89 24 29 45 60 14 42 2 68 85 9 0 48 48 63 68 61 59 0 65 0 117 84 101 96 61 66 21 6 113 21 12 35 64 73 8 0 45 75 0 104 8 53 27 155 50 24 81 49 5 45 69 84 108 1 58 0 153 36 0 35 110 75 120 14 0 114 9 81 0 81 4 121 46 87 57 0 77 18 105 100 72 13 33 63 43 49 40 32 25 12 12 98 36 111 12 94 0 108 85 32 97 42 45 66 0 54 0 79 35 54 124 40 152 69 0 109 0 75 7 140 16 8 18 104 84 81 128 18 31 24 32 18 7 67 5 42 54 24 145 81 24 55 21 26 117 57 24 
49 180 109 159 114 28 86 35 25 54 46 98 0 148 80 40 94 97 0 33 18 27 42 45 113 44 0 59 115 0 9 74 30 111 248 0 102 198 85 21 46 37 48 123 41 28 44 54 108 222 73 49 71 108 45 64 86 56 0 0 32 61 80 0 50 81 70 77 81 38 10 42 32 107 75 191 24 4 50 52 99 106 36 27 41 51 0 104 84 27 30 39 67 217 98 2 84 99 96 87 89 181 31 0 37 0 87 68 44 37 217 34 28 64 61 0 30 88 162 29 58 54 180 10 38 42 57 6 24 24 20 105 208 123 32 49 10 89 31 50 129 60 117 32 0 59 0 120 28 45 26 0 74 35 79 286 136 125 143 76 64 136 109 20 71 41 86 104 40 27 72 39 16 33 24 54 308 97 40 42 74 31 41 18 8 165 139 239 142 52 111 0 63 71 56 21 43 74 31 52 93 151 27 0 111 37 29 0 95 64 36 27 126 74 145 0 91 42 53 105 0 105 115 0 149 35 0 0 61 46 232 73 126 38 60 0 0 70 189 24 4 81 153 61 42 24 78 14 117 0 0 72 32 49 122 85 
151 69 16 101 153 85 53 96 21 0 68 64 122 36 99 0 33 7 18 82 36 26 21 24 72 113 118 16 100 24 154 0 37 102 150 12 55 112 12 133 85 169 72 109 8 130 44 58 14 120 32 110 64 90 63 45 23 109 71 12 72 25 56 4 0 82 65 20 141 80 50 41 128 151 185 38 72 81 44 100 18 175 0 0 0 62 24 76 56 27 40 18 87 52 84 14 82 18 160 90 33 60 46 79 74 40 4 88 64 29 0 50 57 102 36 38 52 126 28 64 20 23 84 94 38 64 32 30 58 0 170 72 61 108 26 44 129 54 18 14 62 110 86 18 41 10 5 133 6 54 39 106 8 81 54 66 116 113 130 98 128 70 24 101 18 103 88 57 14 101 0 131 117 7 154 40 90 64 36 72 6 115 133 46 26 32 0 169 45 88 142 20 117 29 31 45 41 142 7 19 34 27 38 21 48 16 66 35 20 30 100 57 94 0 68 71 132 22 82 74 104 54 154 29 0 72 23 17 57 133 110 62 100 83 20 91 8 32 101 63 87 77 78 34 133 112 8 63 118 20 48 3 67 28 56 36 
60 16 75 0 21 61 42 16 49 12 43 114 78 24 111 24 76 9 52 48 49 249 40 36 9 7 25 42 0 42 3 63 84 76 129 69 53 108 0 56 116 35 85 88 88 31 27 69 4 32 12 27 13 0 25 120 14 21 27 16 1 7 107 0 5 5 0 42 0 24 0 81 56 74 0 163 9 60 91 0 25 0 22 0 30 15 80 40 63 33 23 15 46 39 16 80 28 39 72 0 96 95 28 0 80 51 0 5 29 26 24 75 72 35 0 119 14 7 64 12 1 173 64 0 12 34 24 99 25 40 138 0 4 27 76 30 27 58 21 18 112 0 129 0 63 9 22 18 46 36 95 0 101 44 0 21 0 85 51 36 99 42 11 59 35 46 41 66 62 89 19 130 107 84 9 41 28 9 31 102 62 90 12 75 21 22 11 81 61 0 100 138 0 103 46 0 16 136 171 126 131 72 3 16 0 11 59 47 45 0 20 48 0 67 41 0 59 158 0 0 0 16 63 6 40 69 89 20 50 20 35 15 50 35 0 56 45 77 0 0 33 87 18 0 0 61 3 5 39 33 34 40 182 0 72 30 
26 0 126 53 61 51 182 25 7 56 7 56 9 44 27 86 110 12 6 0 27 92 138 3 0 79 126 0 90 91 52 121 33 36 8 47 21 126 36 101 81 49 114 216 51 30 152 88 50 104 0 99 14 73 36 8 1 153 122 48 88 123 72 89 53 0 145 90 24 119 110 50 101 12 147 59 82 90 57 44 329 93 41 0 36 21 0 42 105 113 81 67 8 206 30 16 104 123 65 100 12 36 52 48 42 111 14 67 134 73 48 35 66 54 62 62 177 18 44 14 99 117 103 137 56 48 76 45 62 50 93 16 112 50 58 28 54 49 52 107 68 143 22 0 28 85 32 267 75 24 113 52 70 36 6 35 30 30 7 49 0 231 77 62 58 41 21 54 183 38 28 140 41 41 0 78 164 160 36 90 0 43 0 0 86 4 18 136 20 56 92 43 51 18 183 96 33 66 5 20 119 39 29 96 0 43 0 18 105 41 100 37 112 59 48 24 26 61 16 76 36 51 184 12 0 29 22 36 60 50 129 24 134 4 134 33 42 16 72 62 66 0 39 54 38 118 0 53 2 62 42 72 0 97 65 7 
113 35 84 0 0 105 0 10 0 99 0 0 28 77 56 75 0 72 159 20 15 117 49 44 27 21 70 63 84 48 177 114 64 60 73 31 27 32 87 44 0 13 58 153 125 32 92 13 56 23 22 16 60 22 72 0 109 118 87 48 18 40 4 13 69 24 72 10 145 111 19 172 31 208 95 36 58 21 0 4 64 7 52 62 42 43 30 0 115 99 108 51 24 0 24 2 30 67 0 64 102 42 0 9 57 54 147 106 27 27 52 2 174 30 39 47 56 0 63 63 30 20 39 0 74 63 99 27 0 112 143 68 40 0 107 0 108 0 56 61 20 47 114 0 21 16 28 105 126 129 12 9 111 32 72 16 193 14 63 0 76 136 24 124 25 65 41 79 12 72 85 0 95 56 86 0 0 47 69 35 27 18 44 84 0 151 0 75 0 0 42 88 56 95 32 26 92 97 57 241 10 62 36 137 247 66 0 77 0 113 79 0 21 0 99 18 52 98 129 128 69 48 9 49 12 58 139 109 78 12 64 117 70 49 18 54 8 129 209 118 93 145 12 58 64 93 0 128 0 86 0 56 126 0 80 50 
5 16 11 38 22 55 29 14 35 49 55 89 0 0 157 53 36 5 81 18 18 37 24 30 27 55 153 24 0 16 54 0 10 65 56 5 44 79 8 76 37 40 25 94 146 78 0 24 0 118 16 18 10 18 27 16 24 88 14 0 26 43 80 0 35 87 36 126 9 91 56 53 0 15 56 127 38 49 85 151 72 0 48 67 24 36 61 68 42 55 27 34 84 17 128 93 0 35 76 45 0 35 19 21 36 32 63 114 99 56 32 4 40 75 94 44 32 78 61 25 18 146 69 6 92 30 128 96 35 5 34 56 45 40 102 24 39 55 56 55 29 56 133 29 145 92 24 30 30 64 103 112 32 36 28 130 57 54 18 0 9 87 7 118 49 10 66 116 10 0 46 102 110 0 19 38 174 68 0 91 102 141 65 64 0 64 8 53 49 28 12 11 84 43 30 101 109 84 18 144 1 132 3 21 183 187 27 17 5 76 101 15 46 0 99 16 99 22 37 3 52 35 0 0 18 39 216 33 0 74 104 24 53 89 16 126 12 151 122 0 72 103 23 0 45 117 46 82 17 51 15 79 57 72 62 146 
135 0 0 22 99 113 14 17 54 8 196 23 4 37 143 35 49 0 1 70 36 140 0 202 120 58 117 89 25 44 63 73 42 36 100 7 9 114 134 18 55 270 31 74 54 48 63 75 118 100 3 0 27 14 15 32 83 59 24 69 79 131 158 71 32 151 137 84 49 27 57 63 108 87 16 113 59 6 95 0 53 22 26 66 107 78 97 105 127 29 66 117 48 28 8 40 96 68 72 42 20 112 81 40 56 127 155 61 10 24 94 78 29 46 121 49 46 95 105 68 27 38 27 21 84 14 31 0 35 124 111 43 13 28 80 2 75 11 75 123 24 59 91 0 26 122 63 21 37 23 69 190 42 19 2 32 76 77 0 1 15 102 18 22 60 166 108 84 25 47 71 92 146 14 58 9 89 161 49 63 106 0 64 185 54 54 0 72 48 33 106 101 15 115 12 96 113 88 42 110 90 13 35 35 46 25 58 69 87 58 124 13 63 0 8 13 97 12 42 18 44 20 60 28 40 136 108 10 87 36 81 0 88 77 0 67 49 71 69 95 7 151 46 6 43 102 40 70 74 26 61 8 138 42 64 6 
20 14 3 0 63 80 105 24 56 72 2 0 66 117 39 144 0 105 148 86 53 60 89 171 58 60 184 45 8 27 51 62 27 79 18 33 9 94 95 105 231 45 50 198 48 0 29 90 3 64 40 0 46 61 118 81 146 85 47 61 65 92 75 30 59 0 36 10 90 10 42 0 72 70 52 99 19 90 37 105 38 24 5 77 73 69 59 40 0 113 0 66 63 99 77 48 6 63 0 0 35 46 121 91 33 36 36 0 170 63 90 132 90 165 78 83 0 143 78 45 102 194 27 3 72 53 0 33 42 33 6 36 182 99 63 69 0 69 57 49 105 123 55 9 94 87 3 0 71 44 94 9 20 114 18 142 0 52 33 0 73 76 0 25 15 72 15 0 133 102 55 0 36 16 67 25 63 6 45 26 6 29 45 103 0 34 5 63 0 7 8 4 4 72 15 112 81 183 9 30 12 107 36 14 162 84 84 36 25 84 57 54 0 25 155 14 21 70 90 83 0 32 8 4 36 110 40 90 21 12 77 87 43 41 18 18 18 127 0 0 63 18 19 74 54 75 36 15 18 117 54 76 73 130 6 56 
24 33 24 25 0 44 0 0 8 129 64 116 38 30 101 9 72 75 36 25 8 60 25 0 48 0 42 14 0 72 81 192 72 127 128 69 194 76 32 0 54 133 0 86 82 24 51 29 0 97 52 67 60 22 175 0 25 151 76 102 27 8 44 80 0 27 0 37 41 153 123 80 54 72 10 63 30 112 24 0 6 54 0 145 69 18 104 0 6 0 160 75 40 24 98 64 135 121 61 0 12 57 32 21 72 0 54 55 63 68 156 86 151 40 55 71 80 56 52 14 36 81 63 51 0 102 27 0 40 2 78 0 0 44 64 18 12 99 39 72 18 61 78 24 0 39 8 4 103 32 28 57 83 18 0 23 67 65 28 0 27 119 40 72 145 19 47 0 80 62 52 36 145 20 252 68 68 28 76 117 27 42 0 200 9 0 82 22 58 0 56 155 8 81 10 27 96 66 64 27 56 0 129 24 3 140 0 57 0 28 112 0 30 73 46 28 36 87 0 56 116 16 26 45 84 65 149 52 72 0 121 56 12 69 18 64 0 212 28 84 0 43 9 3 12 8 24 0 7 52 54 8 150 0 10 120 
40 40 28 24 81 9 16 0 36 43 104 81 93 0 35 110 27 6 25 0 99 55 105 36 3 63 68 122 0 21 12 63 78 0 18 30 36 102 0 85 9 0 41 24 48 20 103 37 32 0 85 45 54 65 56 87 51 102 36 102 20 0 87 0 0 14 104 0 0 48 0 42 86 54 89 113 42 96 48 92 74 0 50 27 82 18 48 77 0 4 16 0 0 36 17 24 27 44 42 83 10 56 0 3 48 48 0 63 65 12 67 35 0 16 28 0 58 0 45 0 0 42 36 0 20 65 0 27 35 0 47 47 98 45 32 65 36 16 129 14 73 81 81 0 45 8 29 30 66 12 4 55 0 29 4 108 49 98 29 72 134 43 32 37 70 89 28 74 6 54 36 81 0 0 128 72 28 36 22 32 43 92 0 70 78 80 0 93 0 64 12 48 0 71 60 65 0 21 83 9 54 30 66 0 47 6 97 23 72 62 12 35 0 36 64 63 65 14 36 48 7 78 37 0 37 24 77 0 157 0 18 36 24 83 87 136 0 14 47 4 28 119 0 38 39 6 0 83 0 94 63 0 0 21 0 72 
74 36 172 90 0 97 27 14 99 130 66 48 69 125 172 27 174 125 19 82 33 104 11 102 13 30 171 172 27 107 37 118 93 0 227 117 177 60 86 29 261 173 118 107 90 103 106 139 35 72 148 36 49 187 123 72 17 87 54 40 152 0 185 25 0 62 8 73 118 203 50 8 127 63 183 24 141 36 181 40 137 0 42 140 54 56 80 11 137 17 111 158 90 67 40 31 56 115 16 56 90 151 36 46 99 186 76 116 33 3 62 30 249 10 127 34 148 147 46 108 91 50 189 91 127 48 184 44 80 0 194 80 48 113 84 21 60 117 31 80 96 98 54 56 0 107 101 99 21 14 169 74 69 111 12 99 113 149 209 130 95 144 197 131 12 38 44 74 144 100 40 157 50 7 165 103 2 75 87 135 232 138 112 86 45 73 32 87 45 32 26 80 8 38 51 98 49 169 155 103 100 24 149 38 75 90 186 8 72 95 61 56 48 38 92 15 87 82 26 21 42 86 23 59 30 58 79 78 162 63 86 39 92 80 108 54 140 197 80 82 7 113 111 38 39 0 30 20 91 4 123 8 276 0 27 33 
0 20 25 54 18 74 45 32 91 154 10 54 81 43 44 52 39 48 68 3 0 17 42 38 70 35 122 132 36 9 42 7 0 0 65 189 52 143 0 21 135 67 9 42 129 0 77 150 45 81 44 0 0 75 25 0 87 81 24 98 19 1 45 47 27 104 30 16 36 4 0 0 30 0 0 23 20 0 114 32 0 20 0 32 68 59 5 0 137 32 41 0 6 6 136 135 33 42 0 116 0 127 40 0 72 0 87 70 24 0 63 30 122 90 28 30 11 10 164 44 56 42 103 2 36 71 7 112 8 0 39 32 0 185 0 0 6 106 48 54 100 95 105 2 0 78 77 36 95 16 64 12 26 43 8 180 15 40 53 0 3 27 0 172 56 149 38 60 191 132 4 109 0 36 42 25 85 16 60 91 16 110 79 32 73 6 0 106 50 48 49 18 81 33 37 10 16 170 41 3 0 76 0 0 90 13 128 18 40 106 16 12 104 0 9 0 37 59 0 24 20 32 0 32 16 18 16 20 0 46 48 0 0 92 18 72 0 141 14 36 56 24 51 139 16 104 9 23 56 20 0 5 208 55 27 67 
82 54 73 66 34 35 87 126 0 0 43 134 75 42 55 42 14 97 38 2 67 81 72 58 90 69 94 90 6 16 78 250 123 58 51 16 99 132 7 27 201 46 38 134 80 42 2 18 42 64 6 37 102 111 27 115 29 91 40 8 25 31 0 91 42 28 37 44 78 7 54 58 136 167 43 21 70 94 99 42 17 99 18 50 103 0 3 21 69 36 63 9 63 35 44 91 40 165 78 76 101 43 116 39 60 90 42 22 19 60 15 29 68 76 28 131 63 59 7 106 20 124 36 36 78 90 124 137 28 24 70 8 126 151 14 156 113 64 32 1 70 84 87 0 0 89 68 16 137 22 45 0 24 92 0 72 68 164 126 36 14 139 98 68 30 42 0 24 2 48 6 150 126 8 153 143 60 3 92 67 0 118 113 80 0 92 0 20 41 65 38 62 49 29 27 80 6 41 61 33 8 45 171 12 90 12 102 96 35 21 97 33 15 93 29 1 109 18 15 33 18 106 60 164 76 46 13 63 43 88 102 68 151 90 6 78 56 27 18 34 44 84 31 0 29 42 14 90 7 3 88 25 160 68 84 47 
16 6 2 81 12 87 25 44 19 36 0 54 11 94 90 9 14 63 16 48 0 55 0 78 35 58 123 4 27 21 100 56 22 12 108 0 76 36 4 52 10 3 72 116 15 36 55 16 0 67 0 56 48 44 18 20 0 8 20 0 34 70 8 32 28 12 5 72 1 32 32 18 0 46 4 85 32 21 12 0 48 36 20 12 20 12 78 8 49 48 6 24 7 62 92 100 18 9 0 22 84 81 52 12 20 15 37 88 6 23 0 0 9 4 72 9 38 81 93 20 14 66 50 98 151 22 10 24 0 34 22 24 28 33 0 6 40 0 24 0 74 76 83 0 63 120 0 0 9 24 0 111 52 0 16 27 0 3 74 63 68 28 20 12 0 56 142 15 38 24 104 40 113 80 69 0 101 102 4 47 48 5 0 64 0 98 26 9 13 6 32 30 22 38 0 0 14 36 0 0 0 17 0 12 147 45 0 6 70 73 4 30 0 0 47 22 2 6 82 43 20 2 73 36 58 0 93 9 10 8 38 18 78 2 0 56 46 9 16 0 20 117 0 3 31 22 17 16 0 10 37 4 75 4 102 0 
240 18 18 0 0 136 49 71 159 36 6 117 12 82 90 38 0 16 88 68 8 55 52 10 156 30 75 83 30 37 99 134 0 48 6 0 51 118 6 61 71 132 32 0 66 10 340 72 9 80 26 17 102 43 121 156 0 0 27 148 36 50 23 102 70 34 169 27 120 56 3 68 159 80 30 128 41 72 101 14 140 2 140 4 106 26 15 47 78 24 32 8 64 33 25 12 25 6 112 100 0 26 222 60 0 106 63 130 88 90 27 0 0 27 126 72 30 0 18 88 66 63 14 88 5 43 0 6 56 63 135 36 89 48 177 151 93 19 0 0 18 190 60 27 84 48 10 184 95 109 189 0 29 88 0 167 64 70 43 64 88 40 87 14 65 210 17 72 51 24 45 40 60 16 218 5 82 50 12 53 223 20 58 8 47 72 18 28 39 4 80 9 93 79 16 63 54 69 8 112 14 15 46 18 66 45 62 70 117 6 136 56 84 79 48 84 64 111 26 136 73 6 16 168 60 117 76 18 76 29 56 124 42 9 136 136 0 15 62 98 47 72 10 36 45 25 28 104 97 22 48 0 14 46 90 245 
83 138 93 24 8 27 45 19 69 5 18 63 87 8 67 39 31 0 31 0 41 70 82 12 158 33 64 86 0 64 61 60 30 5 75 128 38 48 48 27 74 45 41 0 34 0 84 111 0 105 7 6 18 0 3 158 89 14 75 0 77 29 36 30 51 2 31 69 35 14 61 0 66 32 56 75 53 135 30 0 17 24 10 16 8 0 35 19 0 28 78 24 28 95 29 35 147 9 56 96 90 42 48 114 56 32 0 10 150 0 71 69 12 16 126 38 104 0 54 64 92 112 24 0 135 49 46 45 0 79 49 4 102 57 30 46 176 0 31 0 36 46 141 52 12 34 34 0 56 25 149 24 42 0 10 41 0 51 63 51 43 8 83 0 121 160 37 0 38 31 116 155 126 81 20 27 21 15 0 127 154 63 4 84 0 0 0 0 17 72 120 83 8 48 140 26 21 50 45 18 40 71 66 0 65 14 0 34 26 25 61 27 30 0 54 18 36 123 3 103 18 0 39 45 27 115 141 60 61 68 54 76 106 99 0 53 105 32 0 24 6 0 58 118 98 76 64 63 56 0 15 24 44 30 30 117 
90 87 14 116 70 56 105 45 202 32 17 309 28 27 115 86 112 177 116 104 109 9 18 35 128 28 138 95 45 190 91 80 14 84 73 44 0 21 101 0 173 149 40 107 101 36 200 77 0 130 54 121 126 69 114 236 48 90 21 204 137 270 128 56 31 61 16 139 0 0 172 106 0 99 121 142 108 128 33 44 81 218 18 90 220 147 78 74 40 82 72 57 102 23 30 3 60 142 0 51 16 13 34 60 0 48 91 75 151 72 66 135 53 21 66 56 74 134 8 127 30 62 112 155 9 140 79 70 120 23 153 42 55 95 0 75 7 98 29 125 40 220 82 0 175 81 83 27 120 9 221 4 139 54 0 90 66 220 116 9 66 142 43 97 111 155 86 105 24 108 40 134 89 48 218 6 32 105 100 117 131 240 66 157 72 53 119 91 111 115 138 44 37 79 102 0 37 138 145 66 112 205 85 2 77 51 37 12 92 103 188 82 2 69 12 93 68 178 49 108 143 150 18 156 54 103 70 57 67 20 205 208 39 87 81 72 76 113 94 82 28 145 0 92 1 145 79 131 2 33 191 113 149 44 75 129 
99 52 4 8 17 16 38 3 8 205 8 58 3 63 88 0 46 55 0 9 24 54 32 129 52 0 96 0 6 0 108 81 12 6 0 28 72 24 72 9 24 63 21 49 6 63 26 52 72 56 21 109 28 40 92 26 8 90 11 53 21 10 44 0 4 16 51 63 131 77 55 0 89 60 12 80 0 62 64 72 30 18 50 42 20 38 78 40 16 37 112 61 0 99 26 88 48 0 124 66 0 20 168 72 25 6 0 60 2 0 63 33 121 50 0 0 3 35 95 41 7 0 17 89 18 100 72 12 12 0 58 40 87 24 0 24 58 6 41 0 48 46 64 37 6 32 0 74 72 42 16 100 18 0 54 55 3 24 36 0 43 2 3 61 49 0 44 0 27 29 4 69 14 6 128 24 95 146 20 14 64 61 49 93 28 28 28 22 8 24 0 21 60 52 3 39 72 30 53 99 0 72 0 0 36 52 24 61 7 37 40 27 0 0 89 8 44 81 168 0 48 3 0 2 0 81 65 0 27 50 107 42 35 62 34 40 0 32 119 35 97 32 36 0 5 81 4 0 0 48 63 0 51 108 18 122 
114 0 24 42 58 43 45 41 12 73 72 0 62 26 175 0 103 22 85 37 58 170 143 15 154 52 48 45 0 57 12 24 21 112 0 27 84 0 83 48 36 117 43 0 21 1 171 78 0 93 49 36 72 6 93 100 159 88 78 32 8 14 58 0 23 18 91 33 82 108 48 63 90 0 211 0 80 0 33 40 53 42 18 36 4 72 0 40 34 94 75 48 48 96 9 28 75 108 6 16 80 0 0 102 48 0 30 82 2 0 75 62 27 24 18 0 112 32 97 40 74 42 23 18 30 7 35 0 0 157 125 20 20 18 54 139 35 6 43 32 12 20 32 0 0 15 0 84 118 24 16 0 81 0 94 45 0 36 40 0 59 66 103 18 16 142 0 30 0 67 72 6 9 15 132 96 8 27 0 54 49 33 9 17 0 24 0 54 19 0 78 27 38 7 10 4 40 28 0 99 6 79 116 32 80 12 46 20 35 63 72 15 66 32 0 100 27 14 0 39 48 27 0 0 0 66 36 104 72 102 0 36 66 28 6 5 0 80 72 32 48 81 109 49 102 10 16 152 87 0 51 0 66 116 72 82 
81 8 68 17 61 57 5 0 27 7 0 83 12 0 100 99 36 40 5 16 0 7 126 24 126 97 36 116 18 176 36 14 62 40 42 63 5 132 36 0 30 118 35 67 91 38 145 93 54 31 8 2 128 2 23 40 0 24 96 126 40 9 115 24 27 103 124 139 80 89 0 66 80 36 56 110 24 0 0 0 16 30 12 24 70 72 115 77 14 59 150 54 40 26 5 5 0 151 22 41 2 128 90 110 92 102 42 37 117 36 68 14 84 92 54 79 24 60 107 24 74 35 0 48 70 28 78 0 127 80 144 19 49 0 179 91 4 37 85 185 83 144 91 18 99 61 3 18 9 65 58 40 0 57 36 50 42 7 9 40 23 56 31 54 45 60 2 198 24 0 42 188 54 90 108 16 112 73 42 32 117 10 4 28 42 129 0 13 7 54 102 54 0 38 106 30 69 103 83 81 60 12 20 56 0 110 135 72 35 100 66 104 34 91 77 203 72 68 54 29 70 36 8 56 6 60 126 48 87 40 51 80 48 69 128 54 6 189 254 0 65 155 52 89 0 232 7 147 84 96 36 30 186 24 18 50 
5 26 0 0 0 108 19 3 23 33 0 35 81 3 52 91 71 0 12 15 48 31 69 89 81 35 28 15 98 113 15 44 0 42 93 101 7 0 4 66 37 48 33 169 14 30 130 63 42 7 112 51 48 32 56 40 0 75 2 46 24 6 28 0 36 28 61 56 8 35 55 24 4 28 64 4 0 6 21 24 63 5 10 12 3 26 8 12 56 49 115 0 0 5 72 61 122 69 0 60 16 55 0 16 14 10 53 0 76 88 8 30 65 111 41 63 8 88 81 14 83 49 0 40 42 71 30 45 8 14 49 12 0 58 51 55 0 18 6 121 0 69 51 4 0 69 11 3 41 0 63 0 6 21 34 54 38 71 0 49 57 73 0 1 37 95 27 0 70 0 30 48 0 31 80 32 67 0 0 0 60 0 17 37 0 51 0 77 25 112 0 14 78 6 54 74 0 140 8 0 4 24 0 14 18 42 107 30 84 38 17 58 56 37 76 0 11 16 6 42 57 32 5 62 60 0 10 0 39 66 78 18 14 43 110 141 2 54 20 0 1 6 33 74 5 80 7 61 1 63 38 56 79 40 76 0 
95 98 14 5 83 34 98 66 64 138 134 85 65 35 41 116 0 189 89 100 83 85 4 0 0 101 124 3 36 64 139 147 90 49 30 36 32 29 44 75 125 64 66 72 74 65 7 1 33 137 10 79 87 86 45 24 90 2 41 56 85 81 46 64 38 106 51 113 16 16 24 89 91 181 68 161 18 120 9 38 14 36 2 33 96 108 66 14 98 57 57 41 49 64 111 113 63 9 74 78 0 141 92 98 183 56 29 9 69 18 8 46 12 48 55 6 31 30 75 118 76 86 49 77 162 0 8 9 0 0 20 52 128 125 18 32 3 12 135 51 151 118 113 78 73 0 28 25 56 91 10 37 76 44 32 171 56 113 9 85 128 76 0 49 79 145 3 15 98 54 113 87 17 63 52 105 133 0 118 59 74 0 90 7 9 81 35 60 21 9 29 72 28 69 35 49 26 88 123 33 49 144 45 18 89 8 81 48 8 79 61 52 8 54 46 45 0 46 62 116 17 29 42 129 4 19 123 82 0 18 13 21 149 14 24 91 27 48 25 10 103 0 67 87 4 30 33 0 0 69 23 40 79 70 66 24 
126 57 62 53 68 70 42 112 49 93 42 63 62 99 120 119 145 73 95 8 3 103 123 54 72 133 171 94 165 14 113 70 32 104 36 90 54 134 8 195 239 70 51 113 67 44 102 198 36 46 66 8 69 73 136 57 168 162 41 83 180 113 70 47 54 25 67 41 27 95 40 0 78 114 97 109 186 40 18 72 270 45 8 4 145 0 129 0 56 131 220 24 29 34 115 116 364 57 27 123 56 71 134 94 56 56 82 55 182 69 151 40 58 42 162 24 40 29 241 85 158 191 32 198 97 73 25 61 54 39 91 34 0 50 0 66 73 79 52 140 196 190 56 39 73 175 148 177 73 56 137 141 28 96 2 140 77 94 90 127 74 305 163 79 96 127 54 3 208 103 224 89 88 133 68 25 100 143 72 160 100 73 30 101 186 30 0 203 88 60 70 28 122 57 166 60 40 174 38 108 6 132 59 108 51 13 105 25 146 102 167 70 75 16 40 46 20 100 19 90 27 136 99 91 36 152 92 77 15 60 126 77 42 32 101 12 54 153 6 49 71 15 42 151 36 130 58 138 27 20 42 168 74 225 36 12 
0 0 66 0 11 30 96 20 27 36 65 65 26 36 141 79 0 60 21 0 52 78 29 0 135 0 53 146 24 66 9 78 51 16 43 81 39 16 54 16 88 69 19 87 122 51 45 125 52 28 35 0 28 6 104 24 109 67 92 58 49 16 67 27 107 10 9 8 15 0 8 34 8 100 45 34 0 25 164 23 30 26 0 80 39 49 20 0 98 21 0 9 65 86 28 24 20 144 32 129 26 68 11 18 127 51 15 8 22 9 18 29 74 113 145 131 95 37 54 53 112 34 137 10 81 37 63 11 36 12 100 2 42 83 18 33 43 191 21 81 153 96 56 93 0 2 73 8 62 0 46 0 77 87 36 92 55 32 66 117 0 60 43 100 119 0 41 38 115 106 36 28 0 0 36 61 24 0 110 93 47 29 34 87 45 71 7 60 27 17 21 38 34 0 3 86 60 96 68 0 72 60 23 16 173 13 133 7 108 43 24 24 0 29 1 9 14 27 11 27 27 44 0 18 30 44 42 0 113 58 21 14 32 7 20 36 0 213 106 2 90 147 63 21 57 12 30 18 36 15 42 30 122 24 27 51 
44 38 38 57 42 67 20 15 80 0 122 92 25 81 35 65 54 125 9 28 9 43 14 57 49 91 72 89 81 50 57 86 9 44 53 137 31 39 86 24 74 202 27 49 112 127 48 67 36 63 42 66 101 30 24 12 1 26 68 32 90 43 82 82 12 3 26 100 85 0 93 121 32 48 110 26 58 5 42 16 65 68 43 2 123 88 143 10 0 20 53 12 0 59 46 28 52 49 37 34 46 128 56 0 9 48 26 11 78 24 88 77 163 97 63 32 63 63 0 32 33 0 109 73 16 90 77 0 123 15 97 63 16 48 9 81 112 77 76 17 100 181 0 52 39 63 114 118 34 71 49 57 62 3 16 32 10 63 131 0 43 35 31 94 181 48 57 0 96 61 97 115 9 23 14 90 36 16 13 39 92 16 148 48 9 92 82 28 46 98 59 39 88 0 126 30 32 53 66 74 27 0 10 25 108 24 102 0 52 26 189 48 3 20 77 17 49 6 34 10 9 44 15 6 150 124 0 18 34 14 79 111 73 51 103 4 12 146 100 21 34 2 65 12 7 127 35 65 54 77 143 0 92 57 60 80 
49 65 12 131 51 109 2 25 0 78 8 14 85 104 56 6 30 76 108 115 40 0 26 20 17 6 100 30 72 99 46 12 0 40 141 48 69 75 121 57 47 69 38 98 58 37 56 11 126 130 82 87 14 61 138 63 2 20 124 34 45 80 58 40 53 72 34 50 90 10 73 6 9 203 10 116 75 44 20 40 132 22 30 100 14 59 19 49 85 3 20 94 16 51 8 21 77 10 63 76 56 0 30 0 121 8 45 45 12 43 61 122 33 67 34 53 31 183 21 115 56 42 75 27 102 15 35 20 25 46 34 36 120 2 40 84 60 100 0 43 26 28 55 0 16 96 5 36 61 6 96 17 20 110 116 53 94 94 29 49 27 55 38 11 47 34 72 0 53 77 105 101 83 0 61 6 55 0 30 44 15 16 54 71 77 98 36 120 50 60 82 82 12 42 2 10 32 123 27 36 93 126 75 66 85 4 155 5 36 109 0 64 41 40 59 6 128 54 33 157 88 131 33 124 46 26 51 113 56 34 47 190 46 114 101 7 14 103 45 108 62 40 66 85 44 97 42 0 30 91 42 84 79 68 82 119 
3 48 12 42 4 90 34 12 71 8 32 97 86 87 79 108 84 6 90 36 234 27 95 58 183 6 54 59 36 48 7 54 46 51 9 0 63 12 0 15 42 63 59 0 22 52 51 42 0 145 42 46 8 55 36 100 90 51 149 36 86 12 72 111 9 40 0 66 32 18 56 16 16 4 112 125 36 0 95 147 62 90 92 47 12 1 102 18 4 132 8 45 128 16 93 109 30 49 82 24 119 103 81 84 9 45 0 107 20 33 28 67 62 8 90 3 0 36 102 24 32 65 34 9 91 42 85 8 0 44 73 111 131 0 49 162 108 76 98 5 108 12 38 27 0 77 86 6 41 1 80 101 21 78 0 141 3 96 7 57 44 57 28 74 54 11 87 56 52 0 54 171 0 14 18 168 116 156 0 66 135 26 63 28 6 90 18 45 69 0 9 5 136 37 15 24 72 12 9 32 1 46 78 92 81 63 18 14 75 72 64 61 12 8 49 18 84 38 0 96 48 72 45 34 61 104 128 54 43 162 42 12 97 0 88 0 3 121 47 0 40 90 90 44 171 35 15 68 9 77 111 81 62 163 28 156 
45 67 48 88 9 92 29 71 76 96 81 0 9 28 24 33 16 103 32 0 2 24 60 8 97 64 183 40 135 108 45 108 28 0 49 91 15 133 0 12 26 48 24 48 48 88 66 38 93 2 6 14 157 41 0 18 0 12 53 56 8 28 18 64 88 99 64 24 45 12 3 64 25 35 45 15 69 0 12 44 66 64 28 70 42 120 16 57 15 15 72 19 13 27 5 16 44 0 41 60 28 74 53 0 32 0 62 130 63 4 24 15 51 31 30 49 18 52 157 21 8 74 47 18 20 12 3 96 47 0 112 72 13 48 8 167 40 51 70 70 56 24 0 0 42 114 82 90 54 30 64 0 142 37 26 81 49 50 72 0 20 97 91 36 40 72 7 144 89 73 79 45 18 16 48 92 8 48 5 94 64 16 87 0 23 24 13 38 26 10 95 0 175 9 72 0 8 57 0 24 16 64 24 8 45 52 31 3 2 78 90 32 0 91 111 66 95 36 59 0 56 88 16 8 0 35 75 26 17 30 7 82 154 124 54 46 20 187 183 25 75 74 35 83 0 69 56 68 24 59 125 0 29 64 90 57 
62 106 0 24 110 7 50 41 31 48 0 18 17 151 189 0 72 8 12 0 89 86 27 30 100 32 25 14 18 4 6 0 2 63 103 50 57 44 0 162 95 93 50 6 16 90 88 42 0 196 15 43 108 0 87 0 14 8 0 98 105 81 49 21 0 57 9 7 36 0 36 20 57 51 61 86 139 63 99 216 106 0 120 41 43 93 121 9 72 100 34 86 63 63 108 93 149 18 140 62 54 26 59 144 62 0 72 160 18 81 28 0 108 0 111 74 8 72 194 44 48 47 85 0 59 47 81 6 0 81 0 18 190 92 0 63 47 27 16 63 42 46 53 3 88 110 24 27 131 25 127 123 6 72 2 75 39 9 7 56 54 177 93 56 93 1 146 36 78 69 86 28 28 90 37 0 131 67 35 8 100 3 12 65 0 17 91 56 51 32 36 59 29 69 22 67 118 108 27 63 121 203 27 75 64 5 9 0 36 60 93 0 0 8 96 49 9 98 88 98 98 42 123 27 40 105 161 5 7 100 55 43 56 7 69 18 12 67 56 72 111 134 35 9 24 75 0 12 49 23 131 36 113 236 0 139 
56 293 42 129 117 102 12 0 103 104 24 64 27 116 124 43 128 22 135 99 78 18 23 43 0 53 133 42 30 88 141 48 53 75 243 33 108 96 34 12 79 213 30 108 94 52 101 30 106 172 105 80 94 135 117 24 31 174 123 100 29 72 111 9 16 44 86 43 64 70 35 111 48 135 9 106 124 24 46 28 119 17 63 64 111 126 79 58 75 34 40 66 90 74 50 33 58 145 94 83 72 62 46 54 138 36 57 204 51 12 93 60 61 18 13 27 79 112 36 49 97 165 15 37 154 83 30 16 82 32 91 120 54 37 48 63 22 17 26 110 185 102 115 2 121 42 8 27 21 8 158 40 94 29 84 83 105 86 149 8 24 156 123 88 118 72 127 72 132 62 178 46 66 42 84 46 77 40 54 69 124 154 0 202 136 184 151 57 52 68 94 40 144 48 86 18 151 101 166 30 62 71 92 76 25 63 100 51 138 52 147 140 68 33 145 50 49 76 62 100 215 57 84 36 113 88 36 76 120 71 143 154 177 103 22 33 133 138 158 152 29 237 9 28 3 79 49 23 93 80 43 32 100 12 78 12 
10 55 74 85 86 33 100 0 27 99 144 42 99 84 153 124 54 49 63 0 118 0 80 0 144 87 60 72 32 109 54 9 19 34 0 117 94 32 74 105 165 106 12 69 45 0 5 128 45 70 41 30 45 25 0 46 53 124 72 42 57 8 91 150 0 64 135 99 0 0 72 55 40 49 109 94 34 20 79 66 15 37 12 52 0 51 42 28 177 53 0 51 92 149 97 84 67 52 25 132 55 128 0 152 203 72 0 50 80 24 50 56 140 40 56 24 25 77 112 51 85 60 206 64 70 63 77 57 16 62 20 40 77 147 36 35 110 107 56 74 82 32 168 21 0 160 45 123 82 8 40 20 28 126 34 93 20 36 19 16 100 65 17 142 76 143 33 75 180 102 2 150 0 94 121 29 45 42 0 159 45 141 30 32 75 65 40 132 43 50 78 130 54 0 56 37 43 183 28 6 135 54 60 91 60 66 69 33 76 93 64 83 48 20 34 57 0 17 29 117 15 59 30 9 48 12 82 19 55 75 110 75 123 86 50 24 50 140 77 18 0 72 41 100 106 78 0 86 36 82 63 120 116 46 27 62 
36 0 16 15 60 115 29 74 48 52 63 49 0 43 75 203 181 51 53 62 55 39 54 80 73 60 45 85 90 205 143 78 36 99 112 171 30 28 175 59 95 176 87 101 46 54 103 20 55 109 55 147 57 38 47 36 56 91 132 104 170 54 121 101 72 74 140 28 0 63 30 51 36 105 73 71 123 0 60 55 105 55 57 28 30 89 136 213 31 66 57 73 44 72 26 74 81 3 139 109 84 157 103 0 75 37 74 124 149 104 111 88 182 137 87 123 12 92 62 34 123 181 52 128 142 51 66 44 36 18 103 31 111 39 70 120 89 29 66 161 112 105 0 36 52 30 66 30 117 78 45 58 135 52 93 124 31 48 23 11 37 25 22 29 202 102 103 57 86 134 92 163 57 94 157 7 71 66 82 43 137 11 35 1 25 51 39 72 134 75 75 21 64 45 108 102 65 83 32 49 54 73 125 56 83 66 71 66 27 53 94 150 0 81 110 65 112 96 63 23 30 89 109 87 105 101 154 96 75 56 15 171 183 243 18 20 51 169 36 30 59 88 136 119 57 171 114 27 55 87 84 0 108 183 117 123 
57 18 91 113 82 48 83 94 16 32 168 53 129 28 85 50 6 72 32 33 38 96 0 118 15 113 239 79 127 20 174 58 16 48 82 56 14 128 96 201 124 117 34 153 70 177 75 138 35 0 44 10 60 158 0 158 12 81 104 0 49 87 181 59 0 72 32 24 9 46 0 24 109 86 20 21 164 72 28 52 183 142 2 109 71 70 53 49 35 3 32 44 15 56 28 66 59 100 171 18 18 164 56 16 0 0 21 88 109 57 42 131 76 2 115 51 24 117 0 61 35 49 56 49 83 15 7 56 14 18 160 134 127 163 42 89 16 117 62 54 38 56 153 88 116 4 6 173 26 24 62 49 21 63 20 55 108 56 121 89 32 108 24 62 109 129 49 95 18 136 109 95 107 56 128 0 122 0 69 159 68 63 79 48 110 111 49 99 0 9 101 118 75 161 7 83 52 60 35 52 190 58 12 36 283 64 103 17 0 87 123 35 0 0 109 63 92 98 78 91 0 166 42 86 42 114 0 0 139 47 121 22 161 69 0 12 161 167 9 47 36 89 39 56 6 0 45 26 70 15 90 67 21 63 20 15 
74 41 12 147 12 98 141 44 18 36 19 48 163 15 71 27 99 47 14 53 88 24 93 24 72 33 116 18 95 187 0 12 12 10 45 36 52 0 9 54 0 10 30 62 30 81 72 36 63 70 134 69 0 157 9 144 31 46 94 46 68 94 6 12 6 92 45 0 45 43 22 6 0 1 23 47 36 31 42 19 18 97 52 27 45 99 7 16 72 9 0 91 6 69 55 6 88 0 0 0 27 36 0 107 14 26 27 83 48 102 115 7 73 24 1 6 22 70 0 7 8 10 122 99 26 30 119 136 0 6 75 108 82 6 26 40 26 87 14 12 45 113 75 0 7 6 30 18 63 12 105 0 212 2 0 60 16 77 72 16 35 62 40 50 0 10 99 10 0 35 23 28 88 27 59 58 75 87 28 10 43 31 34 66 21 6 21 72 81 76 9 12 68 74 34 0 16 64 0 27 21 62 18 67 0 3 77 8 4 5 98 30 0 4 50 13 119 52 63 21 37 0 82 126 0 56 108 26 1 63 21 27 72 5 135 2 7 12 95 48 0 0 31 0 31 63 100 0 6 95 94 35 14 50 76 24 
81 12 35 22 10 116 10 33 19 182 40 0 64 42 118 63 0 47 54 78 52 0 63 24 111 51 138 98 81 17 99 72 24 10 63 15 129 103 0 47 45 15 87 94 43 72 70 24 0 0 21 72 0 57 39 72 90 10 147 0 0 83 12 29 0 108 0 28 133 17 65 15 85 42 72 63 31 0 27 24 18 79 36 92 54 112 56 43 58 87 64 44 30 3 20 51 41 29 127 26 119 92 49 53 63 26 55 34 24 0 35 55 15 53 30 93 18 80 83 102 65 36 0 32 27 72 40 0 15 0 36 77 48 5 32 140 37 24 84 0 111 0 89 124 53 48 96 8 64 26 44 84 54 45 94 0 69 100 4 0 31 27 27 50 128 0 15 8 20 84 54 56 68 12 23 18 181 32 20 58 82 132 113 55 24 31 25 0 13 35 8 40 18 32 88 0 30 13 72 60 60 7 41 16 109 20 0 3 45 48 80 78 0 10 165 26 0 30 72 104 15 0 69 156 39 108 81 9 48 60 0 173 234 5 40 73 12 120 55 0 16 44 177 73 126 0 0 72 0 127 45 0 15 0 6 130 
42 14 50 178 35 33 49 71 0 117 42 29 24 35 45 24 68 16 7 62 43 0 26 15 24 0 54 59 0 69 137 53 56 0 18 64 81 36 36 42 56 9 27 66 23 20 41 15 30 0 8 7 40 88 74 32 5 47 28 56 90 48 72 30 0 56 16 37 158 15 7 96 40 72 77 74 80 32 0 37 0 30 76 0 61 58 70 57 81 94 4 74 5 63 0 0 0 0 134 0 36 42 35 16 16 10 49 136 69 30 102 56 75 0 18 30 0 86 30 2 1 40 113 54 45 1 14 46 61 36 53 28 117 0 0 102 69 86 55 97 54 12 102 33 27 0 99 54 53 2 112 63 68 0 30 8 16 64 8 63 0 38 40 50 7 0 90 0 45 0 36 33 40 89 113 0 63 28 86 64 48 114 0 5 96 63 61 78 72 0 16 0 9 67 84 0 29 2 45 95 119 93 21 0 76 0 35 0 0 44 54 86 0 27 70 0 119 40 0 73 0 60 62 195 6 83 59 0 46 30 68 47 54 27 72 45 56 46 124 48 35 29 73 62 113 96 64 83 0 152 26 112 66 0 10 35 
22 20 40 40 51 16 108 83 0 46 0 47 40 0 34 20 18 0 28 32 7 89 10 0 0 12 60 28 0 20 0 46 0 15 0 9 0 45 32 2 0 31 43 81 62 72 88 36 64 56 4 51 6 38 31 24 53 45 16 12 102 0 0 42 0 24 24 26 33 54 36 14 0 19 20 63 80 76 51 4 6 0 34 54 13 24 0 0 17 2 27 40 10 96 31 4 5 3 6 0 36 50 81 68 42 20 30 96 0 13 44 0 14 85 16 43 0 72 56 10 0 0 32 6 40 46 68 34 1 14 6 54 44 0 7 8 32 32 53 12 0 8 35 90 6 6 32 56 16 4 28 86 44 9 36 91 48 11 56 124 2 10 23 7 36 0 89 0 0 0 28 28 2 0 0 80 61 110 20 12 28 80 36 37 12 42 6 2 7 0 72 37 52 40 45 40 4 28 35 58 74 46 28 0 137 26 55 33 121 0 50 18 5 0 64 9 32 42 48 0 1 4 18 48 0 20 8 0 18 30 51 8 0 8 44 9 32 50 74 6 40 32 48 12 40 94 56 0 6 40 20 20 20 68 62 13 
77 15 54 80 36 68 26 18 83 72 107 116 42 26 124 89 103 82 75 159 45 144 42 87 9 40 127 53 16 57 78 74 87 63 125 39 83 70 27 81 94 56 43 62 12 29 22 57 30 54 3 30 144 0 17 44 6 81 25 36 43 0 58 81 0 31 73 76 0 92 0 32 40 63 36 87 72 35 3 32 262 14 41 123 24 101 136 7 24 77 95 2 11 78 0 45 9 134 104 35 75 49 16 0 29 98 18 0 42 56 32 122 109 6 42 116 129 42 81 0 6 155 16 34 126 31 63 90 56 16 58 101 20 54 137 123 0 74 24 39 91 58 72 28 24 52 6 78 155 9 77 0 90 37 26 15 55 138 126 97 39 91 83 116 93 90 58 72 4 226 42 105 33 0 85 18 72 99 20 36 169 56 27 28 9 83 18 124 39 3 184 135 42 80 0 55 0 253 123 153 122 82 12 61 85 103 133 93 81 14 0 74 21 22 100 62 145 169 67 33 76 89 44 2 154 4 21 45 18 82 0 63 60 70 30 16 49 150 145 33 24 4 120 30 18 36 0 28 15 82 21 0 82 10 50 36 
44 0 20 0 0 24 9 0 86 24 71 72 61 54 78 116 10 12 42 64 75 39 14 45 9 0 20 99 0 5 24 41 18 0 102 102 67 9 48 36 40 110 110 0 23 33 7 165 16 109 0 56 20 8 53 40 15 76 59 0 40 18 55 0 153 99 0 0 35 56 36 69 6 0 24 56 40 0 78 45 0 6 30 76 9 100 27 0 0 7 39 0 80 9 0 64 0 28 45 45 85 27 64 0 73 57 111 89 0 64 23 6 32 76 16 0 25 19 147 20 26 54 20 8 2 1 182 88 0 32 63 16 0 16 8 24 30 25 21 21 9 133 60 25 0 40 52 0 5 69 40 35 74 0 87 0 67 24 0 0 0 37 0 26 121 111 64 0 81 83 0 111 56 44 0 40 90 32 73 0 8 8 75 16 9 25 0 15 72 88 39 58 47 0 56 90 45 5 1 25 0 25 0 0 14 56 27 36 5 76 25 85 0 30 16 24 42 16 30 0 42 12 0 51 0 0 0 72 0 56 0 52 90 124 20 32 8 74 9 0 73 10 86 42 9 0 27 25 20 15 49 0 90 126 40 79 
100 0 129 109 64 142 126 78 65 57 8 65 24 0 80 17 27 0 78 1 12 83 63 29 108 86 270 118 102 74 54 104 125 189 56 87 77 66 73 95 15 156 89 96 102 174 164 106 51 93 84 56 74 81 195 76 82 72 56 38 33 40 33 51 18 39 45 50 62 20 101 104 78 84 25 81 132 0 0 48 81 129 11 121 73 59 108 56 25 18 81 0 50 136 39 48 117 21 189 90 105 95 191 54 0 68 70 72 8 85 152 7 24 84 122 28 108 4 27 7 61 53 96 172 90 14 72 94 99 6 152 88 0 104 143 62 97 17 117 25 196 151 72 130 40 49 96 162 114 69 93 22 214 44 16 173 41 40 326 119 147 36 173 10 106 139 123 0 114 56 164 54 136 48 88 42 14 92 54 110 99 61 166 18 40 33 108 126 115 85 144 79 200 18 138 104 34 82 53 18 64 41 12 103 100 190 123 24 96 17 52 59 126 29 176 36 119 141 126 136 49 112 86 12 76 91 30 9 66 160 57 156 40 128 63 51 36 220 98 94 80 49 93 1 96 3 113 7 66 63 186 8 47 65 130 84 
48 0 70 54 94 0 32 66 50 60 20 31 112 90 89 61 10 66 45 5 39 65 35 24 91 33 175 24 0 13 117 125 6 21 6 40 6 64 9 58 89 75 108 161 66 50 92 85 53 111 15 36 40 96 157 95 159 216 48 98 85 87 126 73 65 55 54 18 9 87 0 70 88 8 104 146 135 108 54 45 140 16 28 69 60 96 65 0 54 30 75 33 42 45 78 100 63 21 45 81 0 29 152 41 63 86 79 76 78 18 27 59 59 113 104 0 94 38 96 20 69 2 48 5 28 92 49 10 64 29 49 26 37 25 0 123 49 73 75 58 32 157 117 3 24 82 78 72 122 20 40 93 45 64 12 67 118 15 64 79 66 122 83 0 131 118 125 9 250 84 16 85 68 20 94 25 22 150 78 30 14 83 93 154 94 42 47 95 39 15 12 115 99 124 60 97 0 130 49 54 75 24 4 4 66 33 52 25 104 55 123 46 69 48 35 24 86 147 24 42 56 12 70 74 23 51 30 18 12 83 0 35 67 48 71 50 42 25 185 175 188 117 35 157 18 56 54 15 0 5 19 7 215 104 94 169 
19 89 0 33 15 0 32 21 129 59 78 91 69 16 140 101 68 0 46 56 76 0 108 0 32 77 48 76 42 29 30 14 42 30 41 127 56 33 37 78 62 167 24 117 4 49 9 92 15 66 17 25 82 45 24 37 61 85 121 48 127 109 50 80 25 45 5 0 0 35 2 49 62 5 8 94 8 75 95 63 95 0 147 7 37 115 26 48 74 23 98 63 62 81 38 101 56 111 119 129 27 70 40 44 106 64 30 101 5 148 16 25 104 60 61 65 45 62 45 82 164 70 98 35 154 40 146 92 28 5 32 28 22 54 20 97 83 70 41 225 109 153 37 3 57 63 36 72 80 40 128 70 40 45 40 93 4 95 0 98 11 146 24 113 98 97 27 9 114 73 72 129 71 20 6 36 101 40 0 91 62 45 29 176 55 74 29 63 59 32 66 18 82 61 106 53 68 93 9 30 73 44 96 7 52 36 204 51 81 30 138 35 0 69 10 59 77 10 16 73 146 73 72 113 0 0 67 0 32 162 98 23 138 169 24 10 56 166 48 72 64 70 55 138 58 23 6 57 28 35 79 96 60 152 143 63 
18 124 14 0 0 51 59 8 88 109 23 4 128 64 59 73 9 105 84 28 192 24 71 21 30 37 67 73 73 63 32 9 0 45 28 70 0 116 84 27 143 73 30 104 3 24 5 27 100 60 83 0 0 105 0 72 63 0 6 42 33 0 24 59 16 48 45 96 3 42 37 0 38 35 38 96 32 27 69 28 62 0 46 86 54 36 84 3 163 45 16 21 83 27 53 76 0 8 5 60 83 92 48 72 79 52 43 8 83 1 28 0 64 34 9 1 30 36 20 72 65 2 97 0 56 35 42 54 0 0 52 72 59 108 0 0 0 46 42 62 158 93 14 0 1 72 79 0 0 0 12 35 18 75 30 113 15 100 0 72 87 57 46 97 83 56 24 59 142 144 92 48 48 89 54 72 47 0 28 96 26 0 22 58 50 56 10 56 62 48 111 0 56 21 12 30 9 122 24 0 63 106 16 63 59 50 35 0 0 68 0 0 37 3 18 40 24 16 40 43 0 71 22 5 57 7 151 57 41 81 0 111 24 60 0 0 14 114 40 24 49 42 18 84 17 0 32 20 47 60 30 28 107 24 24 0 
28 100 51 13 16 25 129 42 144 103 60 36 45 52 60 10 26 109 79 27 28 161 62 35 92 130 91 181 0 8 18 48 64 96 73 61 80 137 77 60 63 99 70 31 68 1 60 101 30 12 16 2 24 11 19 2 131 118 95 77 31 23 109 90 28 53 64 16 103 69 23 58 61 25 74 149 35 50 0 46 22 32 45 0 59 53 4 106 174 132 24 17 51 89 37 38 77 226 73 68 40 1 64 76 0 58 33 115 102 20 91 70 45 29 91 163 6 64 41 20 50 97 135 8 92 19 45 28 59 61 33 4 84 124 127 109 106 95 106 18 195 50 0 67 98 43 8 28 105 105 119 6 93 8 8 43 82 47 73 28 38 108 62 50 42 122 9 71 108 96 15 24 32 0 67 76 169 109 106 63 57 92 78 120 94 48 13 64 15 31 29 76 60 46 57 8 74 106 87 88 132 176 115 28 78 0 30 14 56 46 229 37 0 40 39 0 158 10 12 193 65 54 63 119 20 30 71 56 78 56 142 155 74 40 28 62 0 57 109 4 44 130 146 30 0 98 2 30 3 5 18 32 102 90 96 110 
73 40 5 0 4 15 17 0 40 58 122 64 124 0 54 9 23 11 78 7 26 38 15 48 133 0 164 158 146 7 4 93 0 94 0 85 96 163 7 73 42 73 56 101 122 100 160 111 53 4 24 32 72 24 82 16 0 80 6 150 58 90 171 34 35 30 87 30 37 129 97 30 39 8 21 173 124 85 53 52 7 63 70 61 189 31 43 160 145 0 18 23 131 92 24 39 74 0 3 4 107 0 28 2 66 42 34 50 150 59 183 147 128 72 108 87 12 56 108 16 23 56 56 21 16 56 27 37 100 35 0 136 151 97 66 21 50 39 119 42 93 20 70 83 146 0 104 29 0 119 86 64 42 38 0 184 89 115 87 32 63 116 0 94 53 91 47 178 83 70 82 35 103 90 75 56 66 29 0 68 63 84 30 85 109 10 6 30 0 93 147 56 14 33 136 7 33 39 47 121 0 104 0 59 126 26 50 62 142 82 42 83 0 41 44 0 72 0 93 45 39 60 85 12 36 22 128 118 225 36 167 145 56 123 41 48 32 101 100 54 49 216 18 31 27 45 63 66 16 36 147 48 150 35 84 76 
77 83 28 69 54 60 49 18 16 28 64 0 40 7 16 137 8 14 42 15 84 48 34 30 70 44 28 10 65 4 6 54 42 60 2 50 68 121 0 6 40 36 15 62 10 43 60 84 0 4 36 24 35 121 30 0 0 32 87 0 2 0 55 6 0 66 24 0 22 61 7 99 58 18 14 72 16 0 8 44 20 72 55 49 10 0 55 102 4 43 51 12 8 0 79 138 6 70 12 68 0 61 56 14 57 25 38 8 20 2 32 0 46 76 0 32 0 8 102 45 4 39 16 0 30 86 0 0 0 0 44 98 20 30 83 40 45 14 0 146 117 83 26 4 38 15 0 0 52 26 4 0 73 15 32 104 70 32 14 117 110 76 24 58 55 68 0 36 60 12 10 23 0 32 45 72 12 8 16 24 32 38 52 87 0 89 0 12 2 20 35 13 36 101 64 84 54 28 10 28 0 24 0 16 0 30 63 40 41 63 79 10 0 14 79 70 0 4 40 2 43 40 8 58 8 64 56 10 72 64 18 36 0 83 8 10 18 54 21 18 0 16 4 28 0 30 50 2 0 146 18 0 33 83 0 0 
109 45 0 16 74 176 77 2 60 64 52 18 57 4 69 84 21 35 153 30 36 0 38 25 45 12 77 11 42 30 30 87 0 141 63 0 16 45 42 64 0 78 59 130 63 71 10 55 64 14 12 107 58 97 24 77 24 67 64 0 10 41 100 6 37 12 36 0 12 22 50 30 40 64 44 62 109 63 18 72 50 85 54 86 63 100 51 178 55 63 64 41 144 0 0 6 46 7 130 48 52 184 0 9 44 0 51 24 123 74 24 18 0 6 30 112 10 40 8 32 5 141 39 57 155 38 0 81 0 71 93 70 161 59 63 36 55 43 74 45 72 45 13 90 157 27 16 0 0 34 88 3 100 54 0 20 39 135 124 9 32 0 6 5 64 0 78 0 4 48 86 91 107 36 21 18 64 30 3 8 2 19 4 98 24 69 9 36 68 31 0 49 76 30 27 54 13 82 21 78 8 82 0 79 87 54 9 45 45 127 0 15 21 5 100 0 73 47 144 28 0 36 0 150 10 0 231 22 87 8 93 59 56 15 26 22 18 30 20 56 57 29 14 10 36 90 10 0 64 85 148 100 32 59 42 0 
97 136 36 27 97 163 51 28 24 141 79 40 142 25 202 57 124 122 61 81 24 5 81 9 48 152 119 119 33 127 0 35 70 49 70 42 120 268 91 67 12 26 81 103 66 6 0 77 206 73 55 82 68 169 54 146 69 163 42 90 71 2 82 94 72 33 86 43 30 42 0 58 49 53 115 108 57 29 12 72 97 24 57 85 15 86 18 41 45 39 92 42 0 30 80 57 24 51 97 119 21 248 144 195 0 0 49 84 12 21 92 54 3 68 49 135 129 55 108 20 115 21 85 30 69 97 23 74 51 20 119 21 143 77 36 69 7 15 105 15 61 0 97 50 21 39 9 40 175 5 60 164 27 88 10 188 48 157 91 94 109 140 57 27 102 110 12 69 0 162 72 36 8 0 248 30 102 90 0 12 39 110 78 21 15 67 40 146 69 0 140 34 66 46 39 27 30 150 79 38 163 192 105 115 130 18 36 75 19 71 86 24 67 0 69 63 53 6 83 46 0 0 37 114 61 28 133 24 3 116 47 38 40 81 65 37 24 89 46 0 142 63 134 0 39 53 36 83 56 75 26 71 0 13 35 17 
98 161 36 92 95 108 55 43 36 0 58 8 53 81 27 135 146 98 161 18 10 117 135 10 104 160 123 125 75 19 4 8 116 100 83 40 66 172 90 64 114 82 46 159 146 58 95 41 76 76 17 40 69 60 135 99 104 19 140 72 149 14 18 58 110 93 147 27 0 108 74 118 83 174 135 138 121 28 30 32 107 56 88 113 9 72 22 34 28 101 0 54 82 10 113 90 167 66 145 90 0 93 232 9 39 50 70 66 122 38 135 99 131 83 90 128 54 52 40 30 42 64 61 77 86 50 54 63 0 35 84 37 76 24 183 190 9 16 47 76 75 58 35 72 51 59 6 149 183 9 0 77 121 80 6 120 210 70 100 61 52 79 69 86 99 90 104 4 102 84 64 6 78 72 114 65 111 192 55 48 52 56 116 50 20 58 123 96 68 25 75 102 77 77 46 112 106 91 36 215 69 142 81 181 149 120 9 58 36 40 131 15 66 88 190 50 147 151 161 65 58 36 99 85 51 27 79 209 43 59 73 103 64 102 14 16 0 119 167 126 41 89 52 81 166 124 58 98 58 129 61 0 62 0 59 99 
11 74 16 18 34 101 78 45 120 82 28 45 40 113 14 45 17 23 63 0 134 57 87 19 0 27 56 72 33 255 31 154 14 118 36 65 69 59 32 96 43 129 120 35 66 25 159 83 98 4 154 79 46 110 25 24 41 213 69 31 34 0 9 42 54 69 89 25 0 12 47 80 107 32 46 24 0 4 3 17 133 10 64 34 20 0 161 32 59 27 55 28 97 92 34 36 156 15 20 15 84 61 1 135 60 6 49 60 72 86 40 47 125 28 12 72 87 189 53 18 78 55 78 49 122 123 124 47 51 38 92 62 84 8 36 71 77 52 60 0 148 53 77 0 2 112 28 9 96 30 81 1 104 44 6 128 0 137 26 8 190 145 2 0 146 224 4 42 205 41 39 62 41 10 87 125 40 129 12 47 72 84 14 33 68 106 0 51 85 93 20 58 178 48 58 19 2 117 0 25 6 0 3 46 61 43 27 41 62 110 146 45 53 99 3 0 42 79 6 60 98 32 12 122 48 20 42 36 60 103 81 151 117 0 123 198 54 59 76 42 22 44 74 27 26 57 19 50 20 50 137 76 70 16 0 115 
0 43 40 2 9 19 33 48 64 109 60 14 15 77 124 4 0 12 86 80 91 101 0 20 131 48 69 47 72 73 3 0 0 8 12 97 94 40 0 30 43 118 5 52 49 78 24 32 88 72 43 74 32 23 0 0 20 27 42 20 30 0 117 68 43 68 0 41 48 0 50 56 35 12 2 58 15 58 74 89 93 0 58 11 40 114 28 64 49 8 110 32 132 0 50 69 73 83 150 45 0 6 38 73 0 66 0 72 38 84 0 36 116 0 45 44 48 35 48 47 13 173 28 0 0 110 72 34 70 0 48 74 14 35 94 27 54 62 30 29 66 23 120 45 90 0 64 74 113 25 142 73 67 21 54 30 20 82 48 41 17 43 9 105 163 32 44 0 44 40 5 32 33 0 0 72 62 107 8 25 2 50 32 152 56 0 8 131 14 12 36 0 15 73 56 63 137 104 3 78 12 45 18 40 34 12 17 51 20 114 81 47 0 83 24 0 9 16 96 66 116 10 0 16 20 68 108 33 29 136 136 115 77 56 48 0 14 107 28 45 75 23 129 68 0 110 20 40 21 33 58 137 35 167 8 72 
109 25 31 30 20 51 12 18 28 120 120 52 20 51 48 14 0 96 130 29 0 87 12 149 10 29 113 77 0 45 54 141 69 18 59 29 4 145 89 38 99 45 0 6 27 60 68 53 40 16 36 32 11 15 9 0 87 86 35 44 20 68 82 0 0 46 28 9 0 15 67 13 15 24 4 0 61 38 52 101 134 0 85 61 109 55 32 30 20 65 69 52 11 0 55 48 8 63 52 67 39 75 48 44 33 31 81 57 45 40 19 0 60 24 43 42 2 108 100 57 61 13 54 36 98 27 40 0 43 72 83 120 6 30 18 43 3 18 149 42 16 90 35 94 0 28 120 46 41 57 26 57 90 62 0 56 108 94 9 4 86 80 0 25 140 96 34 18 64 106 35 28 8 9 39 54 86 0 31 35 62 60 100 0 42 35 0 46 46 0 2 16 2 102 67 60 68 63 52 15 0 40 16 12 68 1 63 96 4 76 87 51 15 6 38 3 92 80 113 39 51 0 3 84 57 63 77 0 20 54 14 44 32 95 58 26 54 43 19 40 74 26 51 110 13 4 34 54 0 49 35 20 64 90 24 70 
55 127 20 80 67 89 53 56 28 25 0 106 37 5 89 50 49 28 56 55 136 70 60 60 73 123 146 178 102 187 16 108 45 49 6 120 0 128 20 45 0 128 22 161 34 74 145 37 144 17 122 35 115 34 78 72 87 44 52 54 27 10 6 81 61 76 9 82 68 18 40 72 42 25 82 9 45 77 116 142 128 5 114 51 2 75 58 35 43 65 38 33 130 75 43 45 99 8 170 62 29 74 54 74 40 84 135 54 25 148 23 45 133 15 40 69 70 180 16 15 11 88 14 94 70 9 143 20 83 93 103 75 87 108 63 94 101 94 85 6 0 77 66 32 125 0 64 2 44 23 44 49 229 38 52 87 19 100 42 30 70 21 105 45 71 115 15 36 54 120 142 44 0 24 132 0 88 20 123 95 149 7 16 39 0 78 48 69 44 102 116 53 82 60 19 49 84 114 27 114 22 229 40 86 132 0 74 51 108 85 40 74 32 0 36 0 80 10 117 105 77 20 24 56 28 51 105 24 32 162 40 0 72 24 78 68 2 77 94 6 160 34 158 0 24 125 32 73 42 30 127 70 91 182 83 110 
0 118 0 36 6 103 105 35 24 93 25 0 76 103 130 175 42 50 99 60 211 42 0 65 115 7 159 36 98 115 36 89 109 94 20 72 65 93 15 113 92 90 12 64 48 142 0 54 28 34 81 80 27 57 224 0 175 85 113 0 48 0 72 65 20 58 0 48 72 35 18 35 109 185 90 167 186 0 77 44 89 20 64 59 139 149 81 128 155 132 15 74 160 80 122 3 39 128 66 15 15 109 118 54 60 64 58 60 94 55 26 6 28 58 0 78 49 52 38 42 12 93 74 39 30 133 27 40 0 52 71 126 117 63 0 120 149 7 124 48 144 14 37 81 107 4 160 0 83 9 104 92 207 16 10 55 0 196 54 0 52 95 163 38 50 0 28 0 0 93 124 67 91 40 112 56 94 32 57 73 42 138 42 104 0 20 26 69 139 81 24 63 82 103 106 60 24 107 121 117 128 175 264 28 13 29 60 5 60 12 130 56 0 30 112 75 26 70 72 205 151 61 108 157 7 38 169 65 32 0 57 87 116 68 8 40 137 31 20 48 35 192 83 4 8 16 16 3 33 103 157 175 0 2 0 13 
154 24 12 75 12 52 45 33 10 63 45 30 39 24 60 28 34 24 43 25 76 26 111 69 70 5 2 103 6 38 96 56 13 150 75 82 16 99 54 81 115 18 72 30 21 108 63 5 12 40 82 37 23 16 3 27 65 96 32 45 69 133 142 5 27 8 126 4 112 9 0 0 99 143 66 66 36 52 0 94 112 0 46 46 97 30 79 68 33 26 60 0 133 48 18 0 66 10 107 61 59 103 56 30 14 17 65 58 26 51 50 84 0 46 95 137 44 20 100 49 23 74 0 5 18 48 87 31 40 95 24 28 50 3 64 118 132 87 68 8 56 12 122 94 78 7 140 56 3 9 86 21 45 24 0 42 24 159 16 36 38 47 49 43 144 43 62 21 91 75 18 48 48 22 60 45 75 97 31 98 103 36 114 76 93 30 6 54 77 13 55 23 9 35 90 0 52 15 9 15 92 48 0 108 92 36 16 97 31 65 58 44 65 24 12 35 36 22 127 36 37 36 49 84 0 111 149 32 59 35 29 82 20 45 72 11 3 23 42 91 63 134 20 6 29 71 2 84 14 6 127 8 164 66 14 187 
44 60 31 61 0 2 57 7 63 0 21 93 147 0 82 36 47 0 77 0 4 27 56 11 8 13 64 0 37 38 3 72 28 43 7 87 55 121 8 74 70 125 48 49 7 12 0 15 40 0 95 60 24 98 14 127 0 56 63 47 5 74 104 0 0 45 85 48 0 17 90 6 155 10 58 102 5 69 81 10 73 30 45 24 23 0 134 79 68 0 40 0 39 15 51 60 71 14 42 12 24 61 16 99 14 8 3 25 28 8 92 37 48 88 41 64 191 70 0 2 34 2 0 5 10 12 63 51 0 20 3 16 42 23 0 7 20 0 20 28 63 0 70 23 31 20 4 0 10 29 88 8 30 42 0 32 2 29 0 70 18 213 107 5 47 35 9 0 119 18 49 44 116 75 48 180 40 153 0 136 15 29 0 65 81 75 10 15 50 3 4 72 53 63 54 72 0 2 0 0 0 75 27 56 42 9 42 47 7 23 119 49 48 12 10 13 0 12 10 37 62 0 76 17 14 42 83 0 50 58 62 16 54 2 33 70 9 133 88 113 7 29 7 6 73 0 27 25 11 10 42 16 0 30 4 24 
80 65 46 36 18 30 59 56 8 16 40 0 99 0 70 0 6 35 82 44 4 7 49 24 69 14 90 2 9 96 63 43 0 38 5 0 40 76 51 51 51 65 33 72 9 8 64 37 27 93 97 31 37 103 10 69 6 78 2 12 27 50 17 45 2 0 91 3 17 30 14 12 125 118 48 24 16 90 6 16 77 27 30 60 42 30 45 32 65 0 16 19 67 30 12 18 7 51 81 56 17 59 106 89 7 87 21 8 24 4 25 6 0 25 28 0 69 14 10 83 9 16 23 45 0 30 94 53 34 10 14 20 52 128 14 54 13 45 16 33 21 86 55 97 0 27 0 83 48 8 20 25 71 0 0 102 0 97 47 41 30 105 37 0 46 87 30 0 81 63 0 20 77 11 143 45 90 64 28 40 33 14 14 49 20 4 0 18 25 1 42 20 9 99 30 2 69 8 0 4 71 25 0 35 42 1 13 65 42 1 73 32 28 4 20 23 0 0 33 74 113 43 0 47 0 28 40 8 31 88 63 43 54 21 4 14 4 94 60 70 0 6 62 9 6 28 6 27 11 5 31 7 70 7 9 0 
14 27 20 36 113 72 47 28 14 66 5 104 44 32 47 0 67 16 26 56 71 63 7 53 98 0 35 24 0 112 6 56 32 49 89 34 35 137 30 0 65 110 5 0 79 54 187 70 78 103 68 50 34 96 48 12 15 60 20 100 54 12 68 59 6 0 3 35 12 35 82 42 51 19 8 34 63 81 22 32 1 36 2 30 16 12 30 14 0 10 3 20 18 50 127 46 97 59 51 35 50 32 60 32 11 34 49 74 16 32 80 17 1 2 131 11 6 161 14 45 33 97 0 97 98 8 33 78 69 31 115 24 66 94 6 42 24 37 34 0 24 0 67 82 0 36 24 30 10 24 104 53 53 66 42 114 111 72 54 97 3 16 27 49 68 72 151 0 35 23 124 56 34 48 61 40 111 30 35 70 6 65 0 48 72 9 99 68 103 132 58 8 17 51 36 32 24 72 2 18 16 148 129 80 159 21 120 9 71 7 62 39 70 34 97 0 0 51 66 43 0 110 24 72 0 125 65 25 94 41 106 74 89 168 52 77 30 80 56 56 15 18 21 7 45 104 56 11 109 18 43 0 129 49 53 108 
38 10 0 182 83 63 1 8 9 0 73 72 112 36 41 137 87 19 50 0 51 48 117 0 52 4 0 52 9 136 36 54 18 6 65 81 131 11 45 0 36 116 21 8 18 104 62 92 133 183 16 0 7 31 225 136 0 47 101 25 65 2 12 20 40 9 91 24 76 54 79 49 20 46 32 0 86 0 27 0 43 48 24 58 3 78 27 32 16 51 51 81 16 84 73 61 69 72 14 135 66 0 46 47 26 24 77 61 24 98 139 0 36 86 20 8 40 67 103 0 28 21 0 27 32 32 72 24 8 49 112 0 89 21 7 98 32 32 8 41 4 105 68 72 0 66 2 133 187 108 53 14 103 123 32 40 17 18 76 142 16 132 56 33 42 64 112 15 38 21 35 96 49 6 0 32 4 58 27 10 16 32 48 16 40 14 62 9 134 9 72 99 70 28 90 6 40 5 22 16 54 46 28 0 20 16 40 3 69 8 16 0 38 68 126 50 30 24 0 49 77 32 89 80 85 76 49 56 0 0 21 60 48 120 0 52 35 58 36 36 103 71 8 64 46 30 0 72 48 52 38 0 84 59 51 0 
40 36 59 36 6 40 57 46 80 56 26 0 32 41 72 66 63 60 138 77 71 8 24 38 0 0 113 72 87 62 56 133 5 36 0 33 15 128 96 18 101 19 12 69 63 74 27 41 10 41 60 12 42 88 43 0 65 10 24 88 64 14 182 73 134 48 138 40 31 0 69 72 18 40 24 18 40 24 19 43 16 0 25 12 93 32 0 56 0 28 8 34 6 35 53 41 62 42 0 20 0 14 42 8 63 32 54 87 52 54 102 72 0 74 42 3 158 0 27 16 124 105 64 0 0 7 0 4 12 20 28 157 131 7 0 0 83 28 134 74 52 128 38 0 0 26 8 28 98 17 141 8 110 4 0 10 48 41 0 0 12 39 61 35 138 63 22 48 116 14 16 56 67 12 64 1 32 20 28 42 32 26 0 61 55 12 0 23 4 12 120 70 0 65 43 16 54 82 40 32 20 32 53 0 41 8 41 8 32 205 48 76 56 119 32 18 64 14 48 57 64 30 8 0 63 102 48 80 56 44 85 203 201 10 24 43 49 91 64 12 103 60 6 58 30 8 35 23 0 10 58 63 0 2 27 0 
130 87 0 11 93 58 178 113 101 88 48 45 115 127 62 185 5 42 12 5 170 235 66 96 89 9 100 117 0 108 165 172 64 128 8 91 39 136 72 66 79 86 182 120 47 34 155 35 108 70 118 73 52 80 58 70 90 227 38 55 73 61 4 55 9 15 7 56 49 185 48 40 123 32 76 85 72 171 94 40 110 60 85 121 36 41 118 6 69 8 151 0 116 152 97 73 119 182 75 37 95 137 54 0 52 28 116 36 71 72 80 79 122 92 28 79 109 87 45 56 0 53 48 0 86 192 145 64 28 107 170 26 74 127 58 88 116 60 149 36 117 20 61 135 56 83 166 23 69 97 71 44 79 152 111 65 3 205 19 24 33 91 72 130 152 23 53 63 157 163 109 97 73 21 57 14 126 165 46 115 96 117 67 130 74 16 18 18 35 139 80 45 23 240 142 86 37 194 27 142 46 174 64 57 179 151 27 106 76 47 125 9 85 35 112 8 169 75 130 136 21 28 34 212 16 112 59 108 113 22 21 117 0 164 86 117 27 107 102 54 93 102 43 120 51 48 5 87 77 42 59 0 156 28 76 184 
85 25 0 8 24 55 88 9 45 48 19 156 82 170 136 21 103 70 91 38 92 101 98 9 72 35 44 86 0 0 9 87 61 105 105 43 58 4 9 72 79 89 51 123 44 9 81 51 40 25 76 48 78 28 75 107 33 21 77 54 106 113 36 65 0 0 89 15 43 32 14 81 87 6 116 37 43 84 18 0 11 78 16 11 66 19 44 54 59 91 20 0 6 52 71 95 59 120 44 20 119 69 44 75 50 20 0 33 74 97 15 57 49 112 9 3 21 9 0 0 83 5 132 3 64 99 140 0 42 55 152 0 162 98 58 52 14 47 41 27 102 15 48 12 84 63 8 42 136 9 0 0 8 80 18 40 49 20 24 27 32 97 0 44 47 106 9 83 79 0 47 105 88 9 160 27 68 0 72 126 20 144 21 73 25 114 79 72 4 2 76 42 10 38 64 62 29 60 69 36 5 5 90 42 0 42 16 8 73 94 64 50 80 2 10 12 21 14 6 36 4 4 112 19 68 119 29 105 132 93 35 0 85 0 0 54 15 79 9 46 29 166 57 39 51 28 36 113 59 71 4 0 164 0 9 79 
50 72 27 149 25 57 128 39 57 108 6 6 36 24 56 36 54 66 52 21 97 109 78 16 102 51 150 74 14 91 66 47 96 69 178 113 114 50 25 28 18 87 12 68 16 1 61 14 94 88 0 11 24 20 153 90 40 66 42 19 121 117 24 115 9 52 0 35 81 33 19 18 94 78 41 201 68 98 49 11 71 63 3 146 0 139 51 64 36 9 36 25 102 43 32 53 30 8 0 86 21 117 74 54 34 0 12 6 95 103 55 68 127 92 43 33 75 97 52 41 41 0 122 0 55 75 61 0 10 0 86 60 193 52 32 24 24 43 18 0 15 41 83 4 21 36 74 75 119 48 73 25 26 13 54 198 13 153 128 0 130 127 72 48 62 26 15 3 12 133 25 66 0 3 94 10 28 154 90 37 83 25 111 43 0 63 7 109 40 12 45 0 24 33 81 95 48 29 15 35 35 81 40 60 164 12 76 42 4 87 0 28 94 21 16 22 118 55 84 121 30 99 65 21 45 57 12 129 48 199 116 51 48 179 32 0 0 148 48 87 56 8 47 18 10 81 55 55 24 82 72 6 96 133 64 69 
18 32 40 24 54 5 80 90 0 90 12 16 94 0 59 58 73 125 56 35 25 90 14 38 63 27 8 18 42 2 0 18 51 36 54 68 0 48 56 50 0 84 21 189 0 46 43 44 0 82 0 136 46 25 123 3 60 53 3 80 63 28 14 9 72 0 84 54 9 156 77 67 15 83 51 47 72 36 10 44 10 5 39 82 12 0 31 42 0 3 92 76 8 64 77 22 24 73 17 20 0 86 0 6 0 85 35 80 32 9 48 42 43 91 56 27 48 71 50 33 22 16 0 45 15 76 60 20 31 68 36 26 49 42 54 73 18 28 56 27 55 5 32 0 0 35 60 36 8 6 83 61 24 40 36 26 108 6 0 4 8 62 21 119 56 56 18 9 18 63 12 24 11 8 114 60 16 83 0 13 0 139 95 159 0 41 36 48 15 44 21 136 126 44 16 0 45 116 24 81 41 42 113 94 60 27 59 52 61 48 105 34 47 0 14 0 63 15 54 77 57 0 9 49 15 16 75 54 61 24 45 28 10 82 18 55 83 42 128 32 126 16 25 50 15 0 54 13 19 9 89 7 12 91 99 43 
67 93 44 36 66 43 72 21 15 117 0 95 101 123 15 58 6 57 133 18 40 158 184 21 42 49 72 73 114 98 81 93 58 28 75 42 97 110 34 96 193 6 47 27 23 34 100 60 86 14 91 0 79 91 177 12 0 135 50 113 153 81 164 87 36 15 214 99 21 12 63 34 62 93 56 30 107 12 42 68 74 48 0 48 66 32 75 113 120 14 92 30 44 86 44 14 108 27 36 127 57 126 100 80 116 42 133 88 41 21 67 74 69 60 113 64 175 112 40 84 164 81 54 68 52 74 148 26 46 26 36 48 72 92 28 33 35 47 40 40 128 121 32 8 18 87 94 193 205 35 93 70 175 9 136 82 15 69 74 30 30 95 46 8 86 0 0 94 243 72 93 163 15 31 105 86 92 148 99 47 59 82 61 14 76 54 37 44 0 56 103 95 56 39 93 122 27 82 9 0 135 9 31 42 73 0 48 4 24 30 105 98 202 45 54 115 54 46 30 93 0 0 120 120 25 96 29 72 0 132 0 178 67 64 146 30 26 171 26 67 28 27 27 36 46 10 0 48 36 34 162 4 15 259 56 47 
48 33 50 5 77 111 118 12 20 75 42 64 74 26 0 163 6 78 59 21 0 88 24 19 36 71 35 77 18 0 0 126 123 141 0 71 8 124 89 20 45 65 24 69 90 47 76 36 45 125 0 72 28 57 47 4 45 0 163 81 4 0 30 46 63 36 79 76 33 73 64 21 54 12 24 5 36 110 0 107 157 45 95 22 73 20 39 9 1 116 29 16 58 77 91 73 64 214 54 24 57 85 77 89 32 93 79 10 47 117 49 106 0 45 76 114 46 38 113 14 90 73 54 8 56 97 54 32 57 71 98 139 63 137 95 90 8 43 48 48 142 60 16 0 57 57 16 56 201 86 49 15 10 53 54 50 64 40 70 4 49 54 3 70 28 127 21 6 64 100 6 95 16 0 70 107 42 127 20 67 36 58 67 35 26 14 0 92 24 51 5 68 24 28 92 48 55 160 20 31 17 141 41 114 71 102 41 54 42 166 104 70 27 45 80 0 103 28 146 68 0 16 0 28 72 6 102 0 43 21 63 28 15 84 110 36 3 25 42 0 128 0 42 100 0 123 0 11 54 148 64 0 65 60 4 76 
38 12 65 65 42 44 0 7 41 0 56 82 137 42 40 36 24 2 148 18 120 58 145 69 92 106 117 114 1 88 3 0 25 0 90 181 45 42 104 104 77 91 44 6 74 32 94 215 45 37 32 6 14 51 62 113 48 121 65 72 0 25 143 42 8 24 0 90 49 8 72 152 74 36 93 130 95 25 91 92 35 81 18 0 41 24 36 65 20 112 2 48 129 63 12 143 21 33 18 62 64 45 98 10 6 124 62 22 26 15 0 46 35 115 40 51 109 109 146 14 79 66 24 32 101 8 42 64 85 42 91 54 54 127 0 137 41 64 81 0 18 99 68 32 161 86 32 75 74 0 64 0 157 40 42 50 8 96 45 16 8 58 85 55 30 54 28 0 117 63 4 62 0 44 42 66 72 67 0 12 9 64 144 106 0 62 8 99 20 20 28 32 97 27 44 140 16 32 15 51 20 197 63 14 83 18 37 10 133 33 0 81 0 45 9 27 9 90 7 39 5 48 13 1 0 70 106 81 130 90 216 28 200 112 20 0 9 106 36 24 7 24 180 119 93 137 21 0 46 0 5 64 133 45 106 175 
18 59 6 17 90 8 0 43 6 7 6 82 4 7 58 5 129 5 0 30 21 32 49 74 42 18 40 24 30 9 21 19 25 9 122 24 0 90 63 99 18 13 47 46 27 20 89 14 67 24 24 60 56 42 92 0 18 3 62 73 80 7 24 76 23 18 9 18 0 16 0 26 80 81 58 45 123 67 50 0 137 23 28 25 36 33 5 0 7 10 18 6 27 18 92 4 49 39 54 57 0 26 30 35 8 57 48 19 4 52 50 81 13 6 0 51 12 40 17 4 60 34 24 21 27 15 47 48 8 11 49 0 59 16 16 8 12 41 15 16 63 88 29 18 37 28 0 42 36 4 27 40 43 14 0 88 94 31 38 31 36 36 28 8 136 15 72 22 53 40 56 47 0 84 45 16 102 62 81 27 4 10 15 9 0 30 84 67 62 24 82 5 32 28 71 88 12 40 40 4 45 113 116 96 33 2 10 0 100 28 84 19 20 27 124 44 14 44 29 21 6 18 66 55 25 60 6 54 9 49 88 31 111 0 53 14 67 0 92 8 18 9 13 0 1 8 16 19 64 2 3 37 45 0 29 50 
117 88 66 0 0 165 69 180 64 5 0 46 61 119 6 73 72 74 93 121 63 144 62 136 51 24 68 156 40 1 138 49 33 88 116 16 66 63 123 20 99 62 24 125 80 39 15 110 91 102 71 0 96 0 14 79 45 27 145 97 149 95 83 81 72 15 64 30 57 63 14 0 75 200 81 9 287 183 28 80 207 2 94 42 109 150 114 16 50 142 68 18 103 78 26 48 31 153 105 32 87 6 92 82 46 83 112 72 87 184 80 215 56 25 83 149 119 36 6 110 46 136 197 0 126 61 208 100 100 63 92 116 93 137 147 69 44 231 27 76 127 176 98 11 116 23 70 85 112 49 42 4 8 41 2 123 116 108 14 62 94 103 9 90 226 40 75 24 108 103 81 102 30 32 39 0 102 90 153 30 7 154 106 160 33 136 0 36 32 26 54 56 60 39 0 153 3 136 41 80 91 96 99 137 91 116 44 143 52 142 54 93 24 31 170 46 89 73 159 69 9 76 47 30 100 65 131 77 84 111 0 39 30 66 75 19 64 110 72 79 68 38 123 31 0 127 30 108 20 98 127 0 70 60 35 53 
42 127 32 48 81 55 92 14 60 52 82 8 76 0 57 27 48 100 12 43 58 0 180 18 0 79 44 42 2 191 33 86 51 66 116 63 33 21 16 22 0 0 45 0 100 58 12 80 0 84 101 47 72 90 88 70 60 58 141 0 45 0 18 14 62 48 47 45 60 35 48 85 74 71 70 86 58 110 18 48 74 0 0 32 40 131 46 52 49 0 50 93 29 122 34 41 50 30 28 108 137 147 28 112 106 46 48 124 92 65 77 36 77 16 29 57 52 57 42 6 32 26 99 81 61 48 51 83 0 133 30 8 113 40 4 117 198 25 60 105 23 98 79 0 10 72 31 18 78 6 21 36 42 33 28 121 48 117 3 0 187 40 47 71 81 81 42 0 48 54 89 76 44 52 149 106 28 32 54 39 75 151 21 91 8 65 20 54 70 20 79 84 27 48 69 6 8 56 16 60 9 80 27 64 27 0 122 80 12 78 36 15 0 92 15 124 21 50 0 124 28 43 8 26 12 15 115 8 21 90 70 28 127 130 0 34 102 63 21 0 72 12 28 170 77 130 6 59 0 123 46 16 8 0 50 125 
93 95 36 82 36 89 12 0 6 129 56 10 35 47 24 12 56 16 55 40 9 84 25 31 59 9 251 50 69 33 36 44 21 81 108 77 107 128 0 9 37 54 113 221 82 8 61 25 123 117 84 33 39 58 52 72 130 97 21 21 36 30 95 43 18 92 133 143 143 54 105 35 38 45 131 41 102 158 9 127 21 43 56 58 49 112 150 45 77 44 24 0 134 65 147 15 169 47 69 24 243 22 63 71 54 43 82 0 139 163 115 70 21 29 82 65 0 46 121 12 33 100 101 0 81 50 99 0 0 77 43 7 165 63 103 161 12 30 61 50 141 10 72 39 30 57 83 6 85 21 49 87 96 0 36 61 4 156 9 0 49 87 70 65 38 114 152 45 60 117 104 52 156 64 82 82 3 129 30 56 148 150 42 131 66 74 33 64 91 86 59 70 189 34 96 4 104 90 77 63 40 157 46 55 53 72 51 22 44 102 152 109 0 2 122 0 134 4 152 71 17 8 0 71 7 116 144 51 54 24 80 40 27 10 19 59 36 157 57 59 27 0 104 42 27 92 50 0 23 157 171 69 64 70 90 120 
68 30 0 18 0 9 51 67 72 56 55 16 87 0 61 56 8 10 6 77 0 50 24 83 98 3 45 15 12 36 108 40 32 33 42 0 87 157 127 48 20 36 23 1 8 44 116 89 38 54 64 2 63 111 23 7 35 69 68 105 79 21 0 106 0 0 123 24 78 91 58 25 79 76 49 76 59 50 5 1 59 10 72 30 62 28 48 19 26 23 58 6 56 0 10 12 12 49 89 2 10 35 134 33 6 26 105 47 0 104 133 56 102 8 54 90 0 77 13 108 84 63 15 0 40 41 27 16 8 28 20 16 76 137 56 14 27 2 27 72 43 33 31 36 84 48 10 54 118 48 81 6 31 87 0 309 36 99 3 35 35 43 111 0 37 0 38 38 0 2 0 32 106 14 63 27 101 24 40 66 115 56 5 23 0 51 27 8 0 37 32 24 5 94 5 22 10 34 4 15 0 18 108 68 35 20 180 55 81 5 153 25 35 4 20 1 20 45 8 99 46 16 18 216 64 12 93 45 114 0 3 72 40 13 64 84 4 12 0 24 1 67 7 28 35 20 42 42 41 36 20 0 39 0 42 161 
24 27 41 18 30 62 0 87 64 0 33 130 84 36 121 103 0 81 0 0 94 42 188 1 229 99 137 0 100 31 48 72 49 76 76 28 17 51 0 112 142 6 39 2 27 12 209 18 67 38 129 6 38 88 51 106 88 78 24 8 95 99 32 114 0 62 155 0 64 14 17 30 7 10 10 4 63 103 42 42 153 81 36 94 57 64 93 63 115 16 54 24 116 48 106 40 137 121 48 76 75 108 100 194 20 12 75 65 58 56 141 78 67 100 98 12 64 67 200 5 41 56 27 53 0 39 5 106 10 85 52 10 24 96 46 6 80 73 61 0 127 52 73 11 28 123 32 79 82 55 50 61 7 124 16 113 115 150 87 0 67 222 44 34 0 108 0 61 54 48 58 48 22 0 210 6 46 76 0 208 102 14 54 63 129 140 0 48 105 0 99 20 143 51 27 0 35 69 0 13 0 33 83 113 68 114 6 0 88 23 86 78 121 0 32 24 0 72 0 119 47 76 56 6 62 92 83 20 38 79 0 18 24 49 42 88 8 35 0 36 16 55 0 20 93 22 42 70 15 76 47 94 66 114 0 36 
46 8 117 57 126 0 194 77 104 112 12 20 174 106 131 0 0 108 87 0 16 174 160 48 70 83 12 93 0 48 2 88 159 31 30 32 27 90 23 50 63 123 129 86 8 37 167 95 40 39 0 81 64 38 92 0 12 83 65 40 138 38 139 42 56 41 178 47 14 72 48 86 38 33 103 118 89 98 40 45 81 12 88 8 32 83 89 150 138 137 111 27 81 217 5 57 14 10 77 55 10 43 16 25 81 48 0 112 81 16 89 20 159 81 83 59 93 83 41 20 67 84 113 3 94 90 130 44 4 49 43 17 95 82 30 39 47 80 189 45 51 8 28 74 145 96 0 63 78 95 117 100 112 40 62 136 58 97 157 65 56 68 10 35 11 64 72 143 64 0 76 1 1 52 12 130 131 96 33 23 4 81 75 82 30 78 51 57 0 16 61 54 9 51 45 21 69 40 68 77 56 135 34 1 87 0 13 30 81 14 47 40 30 2 0 104 66 40 6 78 51 40 65 75 82 10 130 0 76 32 63 47 111 4 87 69 40 63 117 24 103 95 179 14 75 65 0 145 61 83 39 84 241 193 54 84 
74 30 35 107 0 26 90 34 40 56 76 0 54 118 51 26 3 42 6 15 70 86 57 12 28 33 140 35 83 54 0 168 8 19 128 0 137 80 42 228 90 99 29 36 20 26 21 121 80 38 25 12 123 86 35 0 6 63 53 135 8 63 130 58 80 0 45 18 77 24 64 0 172 14 0 63 181 0 123 14 87 63 51 15 63 54 65 84 71 17 24 21 73 115 38 0 85 0 45 59 54 109 54 81 0 25 91 130 118 54 170 35 98 34 24 32 89 81 17 37 71 18 84 103 50 30 172 70 0 77 114 12 152 153 36 6 102 43 30 0 97 185 194 14 28 0 30 111 41 5 0 55 29 21 14 226 99 18 3 37 22 101 102 42 63 104 67 111 44 34 0 80 71 9 99 113 156 0 25 53 129 49 40 45 123 11 0 72 0 6 159 4 84 75 5 97 2 20 59 60 0 26 12 100 77 98 37 91 0 24 171 63 127 0 24 0 47 5 21 16 89 118 3 21 0 28 37 0 124 35 219 63 120 55 96 94 56 65 0 72 15 142 56 71 30 3 0 94 71 84 53 0 43 40 70 96 
16 32 0 137 0 71 73 36 72 32 42 87 103 42 58 86 31 38 28 0 70 95 37 58 63 0 96 0 14 38 24 99 4 12 88 41 99 0 0 16 82 28 0 0 71 68 77 84 0 167 6 10 77 50 105 0 60 19 18 96 26 18 43 37 12 9 68 6 15 91 46 66 59 63 83 137 4 0 31 98 74 49 22 74 91 35 44 35 75 28 58 7 44 169 42 18 22 62 45 48 45 50 59 10 0 5 173 6 47 27 54 10 0 12 35 0 84 28 4 12 89 86 4 9 62 21 20 6 40 38 10 0 31 4 55 30 58 68 56 95 112 94 134 6 84 24 78 69 79 30 12 44 52 0 80 90 40 48 98 79 99 106 45 6 49 145 59 58 69 99 45 0 0 2 54 120 12 16 25 61 184 108 12 4 0 141 32 14 45 26 29 19 47 12 65 8 3 89 74 7 0 21 2 30 134 0 50 66 219 41 0 27 17 9 65 79 79 60 58 12 93 49 81 61 99 0 42 0 94 90 54 67 5 63 9 81 4 26 42 18 63 119 24 34 19 65 30 40 44 43 21 7 47 69 101 77 
54 21 20 25 0 50 0 45 15 62 52 63 21 42 100 98 198 36 0 76 66 0 97 35 12 118 52 90 87 88 67 74 6 56 0 28 180 104 78 81 40 46 42 63 0 87 7 116 25 62 0 18 18 55 141 27 0 57 41 42 34 45 18 12 0 12 73 18 49 98 175 74 0 36 81 60 36 2 2 19 103 18 64 117 30 75 27 4 7 50 81 69 72 68 60 91 182 66 36 0 52 17 66 42 64 72 9 5 24 84 161 87 96 32 82 120 37 22 30 50 185 0 18 55 0 72 158 36 139 2 123 64 15 101 86 52 0 127 50 56 29 27 26 32 68 161 64 137 96 0 93 48 168 21 27 3 57 17 54 102 0 90 78 42 172 32 46 45 115 0 3 111 104 0 65 42 106 78 14 42 108 42 64 18 4 42 60 18 35 30 31 73 0 36 50 0 8 44 82 48 76 107 40 52 91 0 46 16 94 68 90 53 0 106 84 9 6 40 21 63 43 16 11 62 140 98 43 120 9 58 171 64 179 85 108 48 38 115 0 0 4 69 119 18 18 81 58 151 0 47 35 61 89 0 56 82 
8 63 33 8 42 0 28 27 31 67 126 66 109 86 178 85 1 57 32 42 96 146 191 74 142 47 111 26 9 30 70 73 33 84 42 102 40 138 94 105 10 79 112 71 0 104 27 200 30 28 36 52 129 76 87 56 88 159 91 57 161 32 39 54 5 135 65 111 46 4 24 79 161 131 121 75 149 107 37 30 108 25 53 46 101 124 36 6 48 70 8 37 68 141 36 109 8 187 41 99 39 20 87 59 90 0 82 8 14 55 42 95 78 0 61 8 115 4 66 79 98 56 23 1 106 66 45 104 28 80 52 49 85 74 36 139 139 105 69 60 56 52 46 16 45 108 109 39 63 3 0 40 78 98 91 133 99 120 28 9 97 70 121 59 81 21 55 82 131 16 105 166 0 7 49 40 72 107 87 39 46 71 130 105 12 28 42 12 42 43 4 11 4 111 110 173 33 93 114 84 0 101 90 86 148 1 80 139 16 3 122 94 37 40 60 25 119 10 58 90 19 82 39 10 18 76 67 93 104 86 99 0 82 140 38 50 41 61 107 60 57 105 104 81 71 28 57 50 4 22 27 28 59 58 35 20 
5 7 10 23 36 33 19 25 58 0 15 60 28 32 80 16 48 0 4 33 48 0 9 39 8 20 42 24 2 118 15 113 17 87 46 0 3 71 47 10 47 71 2 16 12 132 135 16 12 10 12 121 7 63 24 16 0 27 6 0 49 27 56 60 7 0 45 119 3 0 38 14 6 49 28 15 50 0 65 69 29 7 80 86 0 6 81 87 20 2 0 1 19 51 30 43 50 6 115 62 16 184 40 6 0 52 28 118 107 8 49 0 101 28 43 5 17 84 59 0 83 15 0 4 136 41 64 20 6 63 80 62 99 16 0 21 9 48 25 0 95 19 37 54 0 4 26 93 32 32 32 109 66 16 0 68 0 17 64 83 50 71 10 92 0 93 74 14 53 28 20 54 13 45 57 0 24 45 0 9 123 69 8 0 11 47 22 0 52 18 98 6 93 27 48 37 63 55 79 13 10 35 12 7 57 6 154 42 70 0 44 79 7 0 48 15 15 46 50 90 70 10 9 130 16 32 73 60 64 82 22 0 106 24 18 69 37 59 0 9 110 52 24 15 15 0 18 23 30 13 17 20 60 72 52 59 
71 7 0 63 20 0 12 35 4 28 1 16 0 51 19 3 0 0 35 36 65 20 37 61 42 0 28 92 0 9 7 0 79 40 68 4 36 24 48 6 120 36 3 0 48 1 23 0 39 55 41 0 14 0 0 6 21 0 5 2 45 0 14 56 0 9 0 35 15 0 0 0 8 34 8 29 0 41 0 32 152 16 8 8 48 76 72 24 0 6 4 0 0 90 8 0 9 28 36 44 47 40 64 32 0 0 9 0 0 32 75 45 0 24 3 156 68 35 15 63 0 24 24 32 86 65 5 0 28 15 7 52 0 0 20 0 9 20 63 18 64 36 29 5 12 12 32 0 109 4 42 18 0 24 24 64 0 95 52 24 24 12 18 5 24 24 0 0 15 5 16 0 0 0 28 0 51 47 0 2 11 64 0 7 0 28 12 24 15 64 72 14 0 3 3 14 15 21 5 8 8 28 11 0 20 0 3 35 36 0 32 24 18 0 25 0 15 54 102 27 54 0 24 79 84 18 0 12 12 45 21 56 64 9 20 0 0 120 0 0 4 0 36 8 18 43 0 15 41 52 85 16 0 16 28 0 
12 33 49 46 89 54 0 0 91 0 67 0 0 0 83 55 103 48 77 19 33 68 75 79 90 85 89 26 0 50 6 3 0 130 79 71 83 137 96 0 36 121 76 20 38 47 172 6 49 68 12 44 56 25 0 102 85 58 95 4 32 92 49 71 11 41 9 6 12 14 37 84 12 31 87 136 14 0 8 15 70 36 14 97 51 21 11 59 27 74 108 33 75 47 44 56 48 18 51 95 1 19 104 0 0 153 37 90 61 33 21 118 48 86 94 77 21 86 14 75 7 91 71 14 82 60 46 44 101 65 90 7 48 63 80 62 4 45 0 20 12 11 36 0 183 34 14 7 122 15 152 45 91 64 0 48 40 137 68 51 14 24 81 22 6 18 82 0 108 44 0 117 15 32 42 5 91 30 58 26 28 102 45 101 7 95 79 64 94 73 64 6 0 24 50 7 9 69 21 57 95 104 91 9 77 54 91 14 82 10 82 27 12 8 56 50 109 48 60 63 10 119 14 28 7 54 146 54 18 46 105 28 205 119 22 40 28 105 136 1 43 97 129 24 44 72 53 60 80 0 98 85 163 81 161 67 
78 8 224 56 0 52 5 0 31 36 27 131 217 151 125 10 67 18 32 55 86 54 96 130 18 115 179 18 0 0 12 36 142 65 99 104 82 64 127 33 118 130 38 0 3 24 44 175 6 70 7 16 10 34 60 112 0 5 180 54 73 95 42 12 25 83 68 21 80 80 120 122 17 31 106 92 121 125 68 32 114 36 86 77 6 79 41 0 41 149 9 142 71 96 0 6 61 15 4 0 0 57 155 48 68 91 15 85 74 125 134 139 72 79 40 99 55 20 15 80 119 63 28 5 40 34 39 64 78 21 100 53 87 120 64 62 53 91 56 63 44 132 112 8 84 29 20 27 86 5 98 143 80 61 32 0 144 70 161 15 60 104 68 17 111 70 43 0 145 132 7 211 54 62 124 57 78 83 46 220 18 68 98 10 6 126 0 0 40 49 112 135 16 0 0 107 26 60 110 0 206 88 95 73 92 15 50 7 81 124 54 24 12 37 111 14 59 121 99 72 27 50 105 83 81 56 211 201 41 132 78 42 37 33 72 30 79 50 86 45 117 87 166 78 84 64 40 72 48 149 75 22 206 56 32 116 
76 37 54 8 33 56 12 8 3 111 79 114 60 28 154 41 72 23 0 24 0 92 66 17 60 0 56 63 28 15 109 4 8 35 84 60 44 32 10 116 53 3 8 20 142 35 46 81 40 0 56 45 31 79 44 89 0 80 24 46 37 38 104 72 6 15 40 100 63 18 32 8 142 62 24 36 0 50 46 12 8 16 0 6 108 12 8 8 86 25 18 0 0 2 87 90 39 66 54 68 4 81 102 0 14 72 71 0 36 8 40 126 8 65 63 62 24 46 15 0 86 69 48 0 130 43 36 84 0 8 112 0 0 16 28 46 89 24 110 5 46 4 76 56 8 19 0 99 61 105 62 56 43 6 11 171 48 76 105 96 28 0 0 31 45 95 42 33 0 22 0 166 54 0 12 12 45 4 63 120 37 42 51 74 0 43 0 96 0 67 92 46 74 48 44 16 43 79 80 81 124 36 29 12 26 0 121 42 93 0 0 55 31 30 76 0 108 79 0 48 20 30 26 89 65 109 45 2 63 42 42 82 160 42 0 75 42 81 95 35 101 57 65 0 2 18 25 12 61 4 0 48 43 70 163 0 
73 66 78 215 8 104 48 82 112 0 133 18 0 152 0 66 48 7 37 0 91 146 78 44 0 17 191 87 4 171 102 40 44 46 35 128 78 14 69 181 264 244 15 18 138 16 84 135 40 174 169 0 99 165 63 68 54 45 35 132 39 63 56 91 38 7 58 70 44 196 71 92 173 72 10 50 33 105 27 50 126 27 38 50 24 85 241 32 0 29 0 69 143 41 38 16 27 89 27 7 66 95 30 80 0 123 102 64 67 65 124 0 103 48 24 14 58 100 28 83 29 32 18 66 13 22 156 121 66 0 255 102 53 186 64 99 103 41 72 29 54 60 115 2 28 25 65 78 42 71 32 91 155 35 7 88 118 127 19 53 106 60 125 85 148 18 55 59 34 199 72 10 19 0 34 281 135 34 61 10 141 65 32 76 18 31 47 0 105 51 50 0 19 98 94 58 9 128 86 27 19 91 112 66 55 53 72 45 77 78 128 119 72 35 85 18 26 46 113 3 129 114 15 63 94 42 90 16 194 80 219 183 66 65 99 117 42 76 0 158 40 64 97 53 3 95 34 11 76 78 178 0 154 15 105 44 
133 58 45 0 96 32 72 44 32 24 63 24 47 54 13 56 27 124 100 40 83 70 43 99 96 24 51 22 36 65 11 0 2 79 25 129 90 52 0 122 95 52 122 123 180 81 149 36 152 43 45 65 56 0 17 20 63 59 37 12 45 28 16 12 33 70 88 40 109 119 28 40 21 151 86 63 85 126 48 230 97 62 74 8 168 30 101 0 48 8 42 0 73 56 8 37 41 32 34 24 64 24 141 72 22 37 67 0 104 100 12 49 99 93 30 100 18 62 115 0 94 18 53 49 46 171 99 42 0 104 3 37 45 12 101 109 151 90 49 72 13 75 91 0 102 103 82 60 70 82 70 73 12 105 0 90 64 203 97 28 18 185 30 90 52 66 27 56 14 113 142 31 48 0 75 15 0 52 32 117 15 9 83 52 14 40 0 10 8 44 94 58 74 53 59 0 77 22 50 170 0 112 12 128 61 21 9 0 149 76 72 10 23 74 59 57 18 132 190 8 115 24 0 56 16 4 119 117 42 8 42 27 8 40 24 50 12 72 109 102 127 78 62 56 56 84 32 42 14 40 72 63 138 108 0 24 
44 124 24 7 45 86 54 78 53 38 4 27 52 136 47 78 0 93 72 84 14 24 66 110 57 15 48 155 49 0 67 86 0 30 56 49 12 59 59 49 99 56 52 54 144 68 30 45 101 80 5 4 101 23 38 49 78 85 7 18 104 44 72 18 85 21 64 67 54 15 42 3 24 39 38 80 148 69 62 0 20 86 6 42 57 51 0 35 149 12 3 16 28 85 0 94 81 109 21 70 82 10 49 38 160 30 114 62 94 27 58 44 121 67 75 16 4 51 42 69 70 18 63 87 214 36 51 0 21 64 37 15 128 129 39 69 73 79 14 58 92 31 52 84 36 23 125 63 73 53 0 0 90 124 54 142 204 48 12 105 28 11 33 60 0 0 30 62 98 83 143 62 18 0 52 0 49 0 72 75 53 73 46 89 60 81 21 57 12 9 76 12 57 48 25 0 35 97 51 83 55 125 30 0 66 14 83 84 15 32 62 21 24 56 72 0 127 76 65 31 0 46 6 30 72 25 29 46 56 0 0 49 0 70 40 16 43 106 59 112 6 117 29 109 48 9 60 21 46 6 35 9 107 72 91 56 
4 69 0 99 85 46 50 16 31 12 155 27 18 0 18 0 30 54 0 40 68 156 74 104 149 39 88 90 24 41 0 26 202 61 61 42 29 72 77 116 118 150 9 22 103 87 36 0 51 31 14 42 0 139 107 94 19 12 111 0 61 83 35 49 12 8 55 85 0 108 87 32 29 18 114 15 22 5 0 0 53 52 5 139 81 16 93 0 0 0 36 0 4 24 9 101 78 109 100 30 0 103 104 0 51 56 25 0 59 2 32 135 150 39 96 49 69 107 30 13 6 14 118 29 119 143 108 32 11 0 89 72 57 78 44 117 6 31 42 0 61 6 153 40 6 63 18 15 54 37 0 63 0 57 0 55 0 70 122 56 0 40 80 109 62 59 86 38 36 98 2 39 58 0 24 76 57 114 37 56 93 99 27 151 30 5 0 33 21 0 113 117 0 56 0 18 53 50 56 120 32 54 32 0 16 30 106 0 72 98 62 80 56 18 0 16 207 32 35 27 100 75 0 39 67 0 50 77 88 0 27 36 104 169 90 151 0 140 110 98 47 0 53 43 36 78 0 49 71 31 110 10 97 8 6 19 
5 36 32 14 15 66 0 84 53 136 71 132 97 15 160 36 126 44 122 30 18 24 66 7 164 94 125 0 42 178 0 28 3 15 5 64 209 89 48 83 81 119 40 198 93 0 83 27 12 160 108 45 7 74 127 73 111 54 54 48 53 35 65 40 37 4 54 95 54 84 50 27 107 3 136 135 73 22 51 66 73 57 32 48 18 59 60 145 62 47 81 63 147 51 30 45 65 133 66 100 48 48 82 25 0 28 22 64 62 83 59 50 9 24 63 55 73 1 3 14 159 120 0 55 104 48 32 88 0 10 70 0 82 49 42 171 9 66 33 85 58 60 160 89 81 94 48 20 70 56 155 44 130 34 32 71 40 128 30 86 7 97 46 15 68 27 128 71 61 6 25 110 42 63 46 45 53 66 0 69 100 209 72 182 56 53 25 0 68 36 49 43 110 71 158 23 0 56 138 99 53 65 27 0 88 11 75 53 138 6 93 20 9 33 45 21 91 54 0 88 83 6 10 45 25 57 135 27 36 62 137 45 196 52 0 84 0 81 115 36 45 36 75 63 74 85 48 54 7 54 16 156 95 93 139 51 
12 28 95 85 49 25 0 35 88 32 2 0 74 9 59 8 53 64 33 8 5 45 18 42 2 12 44 0 6 77 38 0 12 49 16 53 6 0 32 27 36 24 1 54 12 0 15 22 2 24 53 0 37 45 52 9 50 59 44 50 18 14 12 16 4 56 32 16 36 35 13 8 7 10 20 4 57 12 4 36 27 0 24 8 56 16 0 20 8 64 25 6 0 28 32 3 9 81 10 21 0 7 8 29 0 0 47 30 60 0 30 10 15 12 7 0 76 28 0 28 56 40 14 30 26 0 4 24 0 24 13 55 6 1 46 0 84 30 31 56 39 56 16 0 0 23 21 40 40 17 53 4 52 8 67 28 6 24 77 12 20 62 73 37 0 66 0 46 48 18 41 28 12 32 9 32 4 4 52 0 42 9 42 32 20 14 14 50 0 0 36 36 22 27 16 0 20 54 31 67 12 33 0 0 18 0 60 35 10 35 28 25 0 0 35 44 65 19 18 12 64 56 0 5 0 31 29 0 96 28 35 18 20 62 0 2 6 74 37 4 38 28 77 36 38 62 0 29 0 4 0 0 71 57 12 35 
92 165 0 24 45 20 47 0 89 32 72 180 30 0 41 39 48 0 109 0 51 63 30 5 6 115 104 97 69 54 15 84 45 21 28 46 32 40 0 27 112 160 15 71 130 48 0 110 35 10 108 32 113 7 102 33 30 116 6 16 81 44 39 48 96 52 6 45 36 72 0 80 12 87 137 141 36 111 0 136 81 0 85 66 30 77 72 85 12 29 0 15 221 81 2 36 0 5 79 85 100 0 133 52 7 6 90 0 68 42 6 42 81 45 127 84 0 183 94 0 92 121 20 81 103 25 79 24 64 56 10 143 215 54 16 58 97 51 49 32 64 135 25 21 99 56 160 15 0 0 128 72 148 0 42 121 48 189 0 30 115 79 97 0 64 119 8 21 185 153 91 99 39 2 85 74 70 89 81 34 159 51 28 121 35 49 40 45 5 36 52 2 82 17 54 77 4 75 0 44 0 148 15 42 56 21 38 9 24 30 103 81 12 32 60 45 47 120 159 102 201 0 46 42 0 0 154 56 36 149 125 33 164 107 27 0 0 40 87 12 86 70 57 52 46 0 20 51 77 44 154 40 42 63 57 7 
59 33 81 28 36 69 40 55 108 113 12 21 84 0 139 0 70 89 65 48 4 131 83 22 53 68 240 90 111 28 57 36 50 108 64 57 45 0 24 118 142 22 61 111 60 34 202 153 36 0 72 10 63 23 148 68 24 86 72 67 60 40 45 21 41 39 156 42 171 113 46 45 68 0 30 18 32 48 9 25 8 30 17 96 30 70 68 77 51 64 122 0 63 77 20 0 28 101 132 58 139 101 166 20 18 115 103 31 6 12 86 100 27 36 88 63 143 32 91 9 50 65 125 45 0 52 87 37 15 47 156 0 91 13 61 50 114 72 52 52 42 9 77 62 48 9 16 119 154 68 144 123 102 52 40 99 165 69 158 116 12 48 72 39 56 128 147 51 6 90 20 104 18 103 25 49 34 34 153 147 70 100 0 157 0 95 0 62 0 140 137 136 0 27 108 34 110 201 64 76 104 9 9 29 163 113 90 5 14 28 11 55 75 0 34 130 28 138 72 8 81 144 46 67 0 62 49 24 177 130 128 86 16 52 85 37 45 98 90 36 20 56 72 18 106 13 28 56 69 44 30 0 30 81 96 40 
102 14 49 4 88 95 143 27 135 0 24 61 117 0 163 36 133 9 129 0 24 105 60 16 147 43 68 28 59 72 15 63 4 55 26 36 81 25 0 42 126 140 153 144 42 72 138 128 21 57 0 131 6 45 0 126 52 192 104 7 31 86 110 6 9 12 110 117 9 111 0 0 54 72 74 84 42 92 103 18 84 182 64 42 31 27 53 88 14 60 144 39 95 221 25 42 94 42 18 6 146 4 12 111 0 39 0 60 55 49 83 85 16 137 52 51 0 11 22 38 91 117 40 105 60 172 232 116 48 101 102 0 0 6 72 208 6 4 71 88 32 73 9 54 137 35 30 30 29 0 143 38 70 52 0 30 24 106 111 143 46 146 28 32 12 215 82 5 0 17 43 92 48 41 43 92 49 96 11 81 44 16 36 72 16 0 9 40 8 63 84 88 40 29 103 73 54 70 45 87 10 66 69 4 0 10 51 3 239 74 89 0 66 0 54 0 40 36 65 0 12 0 23 36 0 39 123 54 72 146 258 27 141 10 31 0 32 100 24 0 94 10 117 56 114 22 24 121 65 6 44 155 105 32 48 134 
83 0 85 55 127 36 67 36 68 95 36 75 156 0 69 66 19 0 32 0 120 107 71 9 75 63 101 141 12 91 0 101 20 8 0 80 69 16 0 68 16 21 101 126 107 55 164 101 169 60 139 20 36 116 153 32 28 65 0 34 48 43 53 66 125 81 0 22 164 52 37 108 93 10 83 121 63 117 62 265 24 5 122 72 28 122 71 20 67 0 22 0 84 4 23 90 81 142 117 86 137 82 81 168 0 54 183 77 0 168 60 0 28 27 107 78 20 192 25 30 113 42 40 6 34 45 274 12 8 132 91 47 95 20 112 21 105 66 12 1 161 25 115 87 42 42 24 64 52 107 25 149 88 55 115 49 154 136 93 118 164 26 50 76 78 82 107 85 45 60 72 167 72 20 51 84 32 100 117 34 65 73 0 75 0 46 1 54 5 140 2 58 20 49 121 65 124 102 134 91 0 181 98 99 204 3 82 57 60 130 121 52 20 83 85 28 11 22 135 40 43 0 109 125 0 88 140 20 182 102 43 78 58 248 195 58 7 4 32 0 120 123 16 0 12 85 28 53 42 60 95 56 121 225 2 161 
1 96 0 82 89 53 89 11 8 56 5 0 37 28 77 5 88 18 64 8 106 46 20 15 80 0 117 9 6 33 4 0 0 88 0 36 0 50 83 55 96 133 0 16 18 100 0 42 48 84 10 114 5 56 68 30 64 46 88 0 87 79 114 0 30 0 7 54 66 24 44 42 36 142 26 106 29 65 32 54 66 116 16 81 116 24 7 127 9 9 6 30 63 29 60 70 89 14 192 36 14 103 24 35 81 0 6 119 68 8 80 110 42 107 81 48 16 128 2 62 27 8 30 96 56 83 32 42 0 4 72 178 181 37 0 35 110 49 23 4 137 94 94 0 53 60 127 23 48 0 124 14 105 28 52 159 0 126 120 0 34 36 27 10 32 14 102 0 22 4 11 97 150 37 3 0 28 96 0 35 54 64 35 59 2 8 12 52 82 48 8 59 123 0 22 20 30 83 2 29 12 78 6 0 106 40 21 22 0 21 90 72 56 37 0 23 66 50 141 14 15 24 72 118 42 51 102 74 98 50 7 153 0 0 32 13 0 8 24 18 13 33 9 6 127 136 54 33 64 0 180 0 60 71 18 23 
79 88 0 56 0 17 47 56 16 42 7 0 40 26 109 31 60 95 39 83 83 39 50 44 64 41 68 0 63 80 240 18 0 61 19 0 25 24 93 108 60 9 15 139 9 9 8 4 0 211 24 38 33 27 0 36 82 176 44 0 44 54 220 4 9 5 98 54 34 35 14 0 104 142 0 30 70 99 30 0 147 0 0 8 86 58 117 35 51 16 63 21 35 17 4 30 91 125 87 0 24 19 0 35 78 70 62 132 28 70 59 129 14 87 72 21 68 84 66 137 64 30 0 35 0 22 6 66 15 0 24 40 6 83 24 159 29 78 30 108 102 36 131 24 16 98 2 12 26 0 231 0 0 29 13 181 0 76 61 49 3 91 16 25 64 6 15 21 25 15 0 61 69 34 63 16 132 6 34 92 4 0 5 67 87 0 69 100 40 32 83 40 41 45 115 0 20 125 9 0 156 0 0 16 26 32 13 63 49 41 40 87 40 45 5 12 79 40 60 43 36 95 0 36 54 72 69 76 112 74 84 159 32 99 32 0 66 36 56 54 0 116 8 57 71 89 54 64 9 28 18 56 134 53 64 56 
118 55 14 68 66 56 27 149 72 24 93 59 8 0 94 137 0 94 129 0 140 152 18 0 127 110 115 8 72 93 75 45 53 19 9 114 9 30 91 80 76 109 55 9 65 102 63 82 97 153 64 20 56 52 9 84 33 5 15 46 13 42 99 62 50 63 163 100 48 118 61 97 30 191 89 62 24 150 48 53 50 42 25 114 195 101 3 77 12 57 54 104 201 37 50 60 5 102 117 46 16 30 273 103 0 160 53 30 96 0 102 79 0 48 82 0 75 58 10 70 117 49 102 75 41 47 31 58 58 35 157 0 56 132 190 129 59 15 73 5 71 62 38 36 81 28 129 110 0 69 40 80 90 80 108 96 48 119 28 56 100 93 71 84 36 125 78 30 136 57 51 83 63 102 0 121 12 98 86 45 20 101 41 116 27 36 10 6 29 90 191 124 8 155 98 85 5 30 24 182 46 47 3 54 117 130 35 32 84 24 76 137 84 0 164 77 79 88 42 90 22 16 20 61 10 42 104 145 71 30 53 80 75 84 97 20 52 15 30 87 76 61 43 150 87 32 0 58 38 45 68 68 54 36 117 0 
181 21 6 12 18 7 35 0 41 61 25 103 32 45 112 21 10 43 63 51 22 12 20 65 108 3 73 24 21 74 81 6 0 0 30 39 85 23 0 4 147 202 52 15 50 0 63 170 15 63 77 70 2 54 56 35 63 59 35 114 32 0 96 14 0 42 21 21 81 70 46 0 195 63 29 58 31 42 42 29 90 40 42 51 55 20 16 112 0 59 0 62 23 15 74 12 54 89 8 89 21 64 40 107 8 58 0 26 84 0 41 0 54 42 52 59 42 24 72 16 100 56 0 18 20 39 57 7 21 49 155 116 118 9 42 126 90 38 76 52 43 112 18 29 0 8 8 72 126 54 126 75 137 71 20 56 56 0 0 79 63 42 12 0 75 119 79 15 93 36 72 101 44 10 5 157 64 89 28 36 15 0 69 36 40 71 0 68 70 0 0 0 108 69 18 0 28 123 71 0 0 17 72 4 62 53 60 0 0 87 79 0 81 57 36 7 2 92 16 63 92 0 13 32 6 146 54 45 78 15 48 128 72 93 63 28 18 139 180 135 152 20 52 97 14 60 62 56 57 22 35 0 152 36 24 35 
